order_id,actual_commission_base,standard_commission,store_ads_commission,bonus,affiliate_bonus,total_earnings,payout_date
10981,530400.0,265.2,,,,265.2,06/04/2026 17:03:45
14444,537200.0,268.59999999999997,,,,268.59999999999997,05/04/2026 13:31:24
76840,514488.0,25724.399999999998,,,,25724.399999999998,06/04/2026 17:39:26
26243,447304.0,22365.2,,,,22365.2,07/04/2026 12:12:24
14352,431800.0,215.9,,,,215.9,06/04/2026 13:19:05
06050,530400.0,,132.6,,,132.6,07/04/2026 13:04:26
82543,470900.0,,1177.25,,,1177.25,06/04/2026 17:01:40
90815,489600.0,244.79999999999998,,,,244.79999999999998,05/04/2026 13:30:37
07350,312800.0,312.8,,,,312.8,07/04/2026 12:11:49
14342,327808.45,16390.55,,,,16390.55,10/04/2026 12:19:35
52999,298248.0,2982.65,,,,2982.65,07/04/2026 13:04:33
08807,499800.0,249.9,,,,249.9,05/04/2026 13:12:10
39785,499800.0,249.9,,,,249.9,06/04/2026 18:55:19
44099,499800.0,249.9,,,,249.9,06/04/2026 13:24:47
22848,222370.19999999998,11118.85,,,,11118.85,06/04/2026 18:54:47
29887,465550.1,23277.25,,,,23277.25,07/04/2026 12:12:02
48179,329800.0,164.9,,,,164.9,07/04/2026 12:11:25
83237,222370.19999999998,11118.85,,,,11118.85,06/04/2026 15:03:44
93194,255438.6,2554.25,,,,2554.25,10/04/2026 12:10:23
62024,507996.55,25399.7,,,,25399.7,05/04/2026 13:10:58
64980,457300.0,,1143.25,,,1143.25,04/04/2026 13:33:49
47571,262650.0,262.65,,,,262.65,07/04/2026 12:12:08
34354,465800.0,232.9,,,,232.9,07/04/2026 12:11:20
83981,454846.89999999997,22742.6,,,,22742.6,05/04/2026 13:10:42
33071,499800.0,249.9,,,,249.9,07/04/2026 12:11:16
93928,295272.14999999997,14763.65,,,,14763.65,10/04/2026 12:09:20
61417,304215.0,15210.75,,,,15210.75,07/04/2026 12:12:08
81581,467355.5,23368.2,,,,23368.2,05/04/2026 13:02:11
49773,498100.0,249.04999999999998,,,,249.04999999999998,06/04/2026 13:16:23
06425,536115.4,26805.6,,,,26805.6,05/04/2026 13:07:29
16201,531938.5,26597.35,,,,26597.35,05/04/2026 13:30:08
76036,303333.55,15166.55,,,,15166.55,04/04/2026 13:38:40
11004,295715.0,14785.75,,,,14785.75,05/04/2026 12:51:59
71438,515578.55,25778.8,,,,25778.8,05/04/2026 13:18:03
64720,15792.15,1421.2,,,,1421.2,04/04/2026 07:58:30
74404,396988.25,19849.2,,,,19849.2,06/04/2026 17:09:19
49884,508300.0,254.15,,,,254.15,05/04/2026 12:49:50
67857,431889.25,21594.25,,,,21594.25,05/04/2026 12:49:11
32794,542300.0,,1355.75,,,1355.75,05/04/2026 12:52:39
38685,493051.0,24652.55,,,,24652.55,04/04/2026 13:18:21
79288,296650.0,296.65,,,,296.65,06/04/2026 16:21:04
49841,521900.0,260.95,,,,260.95,05/04/2026 12:59:46
34614,445400.0,222.7,,,,222.7,05/04/2026 12:35:48
44000,542300.0,271.15,,,,271.15,03/04/2026 14:03:44
60954,28858.35,2885.75,,,,2885.75,04/04/2026 13:11:26
41327,202303.4,101.14999999999999,,,,101.14999999999999,03/04/2026 13:41:10
92561,527002.5499999999,263.5,,,,263.5,04/04/2026 13:03:34
02268,28858.35,2885.75,,,,2885.75,05/04/2026 12:38:51
12095,302756.39999999997,3027.7,,,,3027.7,04/04/2026 13:03:53
84381,473408.35,23670.8,,,,23670.8,03/04/2026 13:58:59
84381,473409.2,23670.8,,,,23670.8,03/04/2026 13:58:59
84381,443728.05,22186.7,,,,22186.7,03/04/2026 13:58:59
84381,443727.2,22186.7,,,,22186.7,03/04/2026 13:58:59
11941,477224.0,,11930.6,,,11930.6,04/04/2026 12:56:42
49784,54583.6,5458.7,,,,5458.7,04/04/2026 13:06:32
73936,486772.05,24338.899999999998,,,,24338.899999999998,03/04/2026 13:43:11
47918,462907.45,2314.5499999999997,,,,2314.5499999999997,04/04/2026 12:55:31
11930,336515.0,16825.75,,,,16825.75,04/04/2026 12:59:35
50707,488070.0,2440.35,,,,2440.35,03/04/2026 13:07:15
12151,424864.0,21243.2,,,,21243.2,03/04/2026 13:09:41
05474,8500.0,7650.0,,,,7650.0,04/04/2026 12:45:21
12253,285600.0,285.59999999999997,,,,285.59999999999997,07/04/2026 12:18:40
33555,416500.0,208.25,,,,208.25,04/04/2026 12:54:45
18545,508300.0,254.15,,,,254.15,04/04/2026 12:30:31
46310,476224.39999999997,23811.05,,,,23811.05,04/04/2026 12:30:48
50577,58141.7,581.4,,,,581.4,04/04/2026 13:06:34
11250,28858.35,2885.75,,,,2885.75,03/04/2026 13:26:17
08189,447304.0,22365.2,,,,22365.2,03/04/2026 13:17:00
33597,14892.0,6332.5,,,,6332.5,05/04/2026 08:52:27
39992,337365.0,16868.25,,,,16868.25,04/04/2026 12:51:14
59430,457300.0,228.65,,,,228.65,04/04/2026 12:52:10
54617,308576.35,15429.199999999999,,,,15429.199999999999,03/04/2026 13:14:50
11695,462907.45,2314.5499999999997,,,,2314.5499999999997,03/04/2026 13:14:39
12756,533800.0,533.8,,,,533.8,04/04/2026 12:40:26
00705,291210.0,1456.05,,,,1456.05,03/04/2026 13:27:50
05054,28858.35,2885.75,,,,2885.75,05/04/2026 12:17:25
69865,526347.2,26317.7,,,,26317.7,05/04/2026 12:18:01
07634,530400.0,265.2,,,,265.2,03/04/2026 13:04:42
96454,535500.0,267.75,,,,267.75,05/04/2026 12:19:12
69370,447304.0,22365.2,,,,22365.2,05/04/2026 12:17:41
61640,460955.0,23047.75,,,,23047.75,03/04/2026 13:02:30
29240,16320.0,1468.8,,,,1468.8,03/04/2026 13:03:31
25833,346715.0,17335.75,,,,17335.75,04/04/2026 12:37:08
93681,298479.2,14924.3,,,,14924.3,04/04/2026 12:37:00
71124,293913.85,2939.2999999999997,,,,2939.2999999999997,03/04/2026 13:00:00
83751,445952.5,22298.05,,,,22298.05,03/04/2026 13:20:57
01455,482647.0,24132.35,,,,24132.35,03/04/2026 12:47:52
30752,304215.0,15210.75,,,,15210.75,05/04/2026 12:18:20
84089,530400.0,265.2,,,,265.2,03/04/2026 12:46:47
71891,346715.0,17335.75,,,,17335.75,06/04/2026 15:54:23
71406,528700.0,264.34999999999997,,,,264.34999999999997,03/04/2026 12:58:58
78825,507307.2,25365.7,,,,25365.7,05/04/2026 12:16:02
81302,465800.0,232.9,,,,232.9,04/04/2026 12:22:43
65837,466378.0,23318.899999999998,,,,23318.899999999998,04/04/2026 12:34:53
93068,319823.55,15991.05,,,,15991.05,04/04/2026 12:23:06
48852,440300.0,220.15,,,,220.15,04/04/2026 12:21:36
96409,542300.0,271.15,,,,271.15,03/04/2026 12:41:36
23970,518500.0,259.25,,,,259.25,13/04/2026 12:03:37
42948,294950.0,294.95,,,,294.95,05/04/2026 12:24:35
31382,491300.0,245.65,,,,245.65,04/04/2026 12:47:37
16932,448519.5,22426.399999999998,,,,22426.399999999998,05/04/2026 12:17:47
58510,355215.0,17760.75,,,,17760.75,06/04/2026 14:38:08
57456,28858.35,2885.75,,,,2885.75,05/04/2026 12:18:29
23719,532100.0,266.05,,,,266.05,04/04/2026 12:21:30
94784,28858.35,2885.75,,,,2885.75,01/04/2026 12:42:03
94380,101150.0,505.75,,,,505.75,02/04/2026 13:09:46
86301,508300.0,,1270.75,,,1270.75,02/04/2026 08:30:14
22708,338215.0,16910.75,,,,16910.75,01/04/2026 07:50:28
02856,440226.89999999997,22011.6,,,,22011.6,11/04/2026 12:31:32
88349,918079.0499999999,45903.4,,,,45903.4,02/04/2026 12:39:29
88349,430260.64999999997,21512.649999999998,,,,21512.649999999998,02/04/2026 12:39:29
33526,16320.0,1468.8,,,,1468.8,02/04/2026 12:52:14
02317,28858.35,2885.75,,,,2885.75,02/04/2026 12:34:20
85146,498100.0,249.04999999999998,,,,249.04999999999998,02/04/2026 12:32:06
04622,329715.0,16485.75,,,,16485.75,02/04/2026 09:58:42
05388,515499.5,25775.399999999998,,,,25775.399999999998,01/04/2026 07:06:43
52423,491470.0,2457.35,,,,2457.35,01/04/2026 10:40:38
11922,497636.75,24882.05,,,,24882.05,02/04/2026 09:10:41
59570,499800.0,249.9,,,,249.9,02/04/2026 12:40:12
05234,495455.64999999997,24772.399999999998,,,,24772.399999999998,13/04/2026 12:05:24
25095,294865.0,14743.25,,,,14743.25,02/04/2026 12:29:58
69298,436999.45,21850.1,,,,21850.1,02/04/2026 12:55:34
45394,432710.35,21635.899999999998,,,,21635.899999999998,02/04/2026 12:55:27
93075,490450.0,2452.25,,,,2452.25,10/04/2026 12:18:34
60572,499800.0,249.9,,,,249.9,02/04/2026 07:49:56
14429,254745.0,,6369.05,,,6369.05,01/04/2026 08:17:11
80715,420165.2,4201.55,,,,4201.55,03/04/2026 12:37:10
79442,488311.39999999997,,12207.699999999999,,,12207.699999999999,04/04/2026 12:13:09
83751,269050.5,13452.949999999999,,,,13452.949999999999,08/04/2026 13:26:59
00421,498074.5,24904.149999999998,,,,24904.149999999998,02/04/2026 08:27:51
64483,406300.0,203.15,,,,203.15,01/04/2026 10:35:36
77423,456280.0,2281.4,,,,2281.4,02/04/2026 12:55:36
80692,304215.0,15210.75,,,,15210.75,02/04/2026 07:55:27
32233,499800.0,249.9,,,,249.9,01/04/2026 08:01:34
01172,305184.0,305.15,,,,305.15,02/04/2026 12:27:16
54954,192371.15,9618.6,,,,9618.6,02/04/2026 12:45:32
17109,56363.5,5636.349999999999,,,,5636.349999999999,01/04/2026 08:25:09
98135,491300.0,245.65,,,,245.65,01/04/2026 10:28:28
64533,288150.0,288.15,,,,288.15,01/04/2026 08:10:08
27547,457300.0,228.65,,,,228.65,02/04/2026 10:00:16
39030,499800.0,249.9,,,,249.9,05/04/2026 12:24:33
35730,429607.0,4295.9,,,,4295.9,12/04/2026 12:33:42
30998,487050.0,2435.25,,,,2435.25,02/04/2026 09:38:16
45157,302515.0,15125.75,,,,15125.75,02/04/2026 12:57:52
09643,499800.0,249.9,,,,249.9,01/04/2026 10:40:05
06553,302515.0,15125.75,,,,15125.75,31/03/2026 08:50:19
27005,431345.25,21567.05,,,,21567.05,31/03/2026 08:41:35
27005,431346.1,21567.05,,,,21567.05,31/03/2026 08:41:35
44656,471002.0,23550.1,,,,23550.1,02/04/2026 12:44:55
34775,252968.5,12648.85,,,,12648.85,01/04/2026 10:26:23
67589,498100.0,249.04999999999998,,,,249.04999999999998,04/04/2026 12:12:24
01699,483157.0,24157.85,,,,24157.85,01/04/2026 10:52:27
73255,288124.5,288.15,,,,288.15,31/03/2026 10:58:05
91874,302515.0,15125.75,,,,15125.75,01/04/2026 09:11:31
38848,183627.19999999998,9181.699999999999,,,,9181.699999999999,31/03/2026 07:08:01
29069,156400.0,1094.8,,,,1094.8,01/04/2026 12:39:37
28510,416976.0,20848.8,,,,20848.8,31/03/2026 09:08:42
19316,304300.0,304.3,,,,304.3,01/04/2026 07:59:50
44554,369571.5,1847.8999999999999,,,,1847.8999999999999,01/04/2026 09:42:20
01538,498100.0,249.04999999999998,,,,249.04999999999998,31/03/2026 09:02:31
05491,187052.69999999998,9352.55,,,,9352.55,31/03/2026 10:14:59
50097,402424.0,20121.2,,,,20121.2,02/04/2026 08:47:10
63648,294865.0,14743.25,,,,14743.25,01/04/2026 07:17:38
82261,251854.15,12592.75,,,,12592.75,01/04/2026 08:19:00
27063,433840.0,4338.4,,,,4338.4,02/04/2026 10:13:19
84059,488750.0,2443.75,,,,2443.75,01/04/2026 11:04:52
63253,295088.55,14754.3,,,,14754.3,05/04/2026 12:21:26
63137,187052.69999999998,9352.55,,,,9352.55,31/03/2026 08:21:28
27403,286265.55,14313.15,,,,14313.15,03/04/2026 12:25:57
28295,354864.8,3548.75,,,,3548.75,02/04/2026 12:36:03
98492,477224.0,23861.2,,,,23861.2,31/03/2026 07:20:44
40961,189014.5,9451.15,,,,9451.15,06/04/2026 13:15:32
62072,372300.0,186.15,,,,186.15,31/03/2026 07:07:06
92819,499800.0,249.9,,,,249.9,02/04/2026 12:41:59
85887,282382.75,14119.35,,,,14119.35,01/04/2026 10:36:30
80461,414800.0,207.4,,,,207.4,01/04/2026 08:18:45
64422,484806.0,24240.3,,,,24240.3,01/04/2026 09:22:15
73049,198321.15,9916.1,,,,9916.1,31/03/2026 08:48:28
01852,443745.89999999997,22187.55,,,,22187.55,01/04/2026 07:57:44
89730,28858.35,2885.75,,,,2885.75,31/03/2026 14:04:15
36068,206567.0,10328.35,,,,10328.35,31/03/2026 07:18:37
88910,252197.55,12609.75,,,,12609.75,31/03/2026 09:23:52
20599,445587.0,22279.35,,,,22279.35,02/04/2026 10:44:02
42487,495403.8,24769.85,,,,24769.85,01/04/2026 10:52:50
53106,246713.35,12336.05,,,,12336.05,31/03/2026 09:00:13
40634,417571.0,4176.05,,,,4176.05,03/04/2026 12:35:47
78558,254745.0,12737.25,,,,12737.25,01/04/2026 09:34:33
93078,491300.0,245.65,,,,245.65,02/04/2026 09:34:39
17606,251803.15,12590.199999999999,,,,12590.199999999999,06/04/2026 13:16:12
20434,297338.5,14867.35,,,,14867.35,01/04/2026 09:32:33
93489,482647.0,24132.35,,,,24132.35,31/03/2026 08:34:11
11845,274635.0,2746.35,,,,2746.35,03/04/2026 12:25:10
17985,499800.0,249.9,,,,249.9,04/04/2026 12:34:54
99478,189266.94999999998,9463.05,,,,9463.05,01/04/2026 09:12:52
08652,6120.0,1530.0,,,,1530.0,31/03/2026 07:42:36
97971,209337.15,10466.9,,,,10466.9,02/04/2026 10:50:10
10080,208313.75,10415.9,,,,10415.9,02/04/2026 07:53:26
15361,379559.0,18977.95,,,,18977.95,31/03/2026 08:02:28
89838,457300.0,228.65,,,,228.65,01/04/2026 09:04:33
42793,457300.0,228.65,,,,228.65,31/03/2026 08:28:44
38629,295088.55,14754.3,,,,14754.3,31/03/2026 08:09:46
20798,447304.0,22365.2,,,,22365.2,31/03/2026 09:33:03
83977,175951.69999999998,879.75,,,,879.75,01/04/2026 08:18:17
50277,187052.69999999998,9352.55,,,,9352.55,31/03/2026 08:21:02
87373,181441.0,9072.05,,,,9072.05,31/03/2026 08:11:16
21214,499800.0,249.9,,,,249.9,01/04/2026 09:06:44
50572,470745.3,23537.35,,,,23537.35,01/04/2026 07:16:55
50532,205543.6,10277.35,,,,10277.35,03/04/2026 12:24:22
58405,198321.15,9916.1,,,,9916.1,01/04/2026 08:26:27
88728,265370.0,1326.85,,,,1326.85,02/04/2026 07:40:57
78773,443441.6,22172.25,,,,22172.25,01/04/2026 08:11:05
70542,478550.0,2392.75,,,,2392.75,31/03/2026 09:30:55
45032,444550.0,2222.75,,,,2222.75,31/03/2026 07:48:19
99885,185813.4,929.05,,,,929.05,01/04/2026 08:26:57
41256,477224.0,23861.2,,,,23861.2,31/03/2026 07:51:18
47104,190610.8,9530.199999999999,,,,9530.199999999999,01/04/2026 07:36:30
84568,186663.4,933.3,,,,933.3,31/03/2026 07:10:11
41805,478550.0,2392.75,,,,2392.75,02/04/2026 12:52:56
03143,254745.0,12737.25,,,,12737.25,01/04/2026 10:42:44
89133,239311.55,11965.449999999999,,,,11965.449999999999,31/03/2026 08:59:23
34183,304215.0,15210.75,,,,15210.75,02/04/2026 12:52:39
57952,208364.75,10418.449999999999,,,,10418.449999999999,01/04/2026 07:19:23
75677,225364.75,11268.449999999999,,,,11268.449999999999,02/04/2026 12:49:36
05517,467500.0,233.75,,,,233.75,31/03/2026 08:05:59
38799,189306.05,9465.6,,,,9465.6,02/04/2026 10:48:30
33290,457300.0,228.65,,,,228.65,02/04/2026 12:49:55
44161,431213.5,21561.1,,,,21561.1,01/04/2026 08:26:53
40848,237363.35,11868.55,,,,11868.55,31/03/2026 07:32:03
39274,443581.0,22179.05,,,,22179.05,01/04/2026 09:33:08
05249,245453.65,12272.3,,,,12272.3,31/03/2026 08:49:47
34908,247102.65,12354.75,,,,12354.75,01/04/2026 07:04:03
34311,478550.0,2392.75,,,,2392.75,31/03/2026 10:46:39
78403,241995.0,12099.75,,,,12099.75,31/03/2026 10:46:34
86583,304215.0,15210.75,,,,15210.75,03/04/2026 12:15:17
55511,23086.85,2308.6,,,,2308.6,01/04/2026 12:35:20
92476,249630.55,12481.4,,,,12481.4,31/03/2026 07:33:46
97085,253045.0,12652.25,,,,12652.25,31/03/2026 08:28:25
07072,247571.0,12378.55,,,,12378.55,01/04/2026 07:56:46
99368,463042.6,4630.8,,,,4630.8,03/04/2026 12:15:12
77622,196066.94999999998,9803.05,,,,9803.05,02/04/2026 09:25:40
77281,178857.85,1788.3999999999999,,,,1788.3999999999999,01/04/2026 08:28:51
72648,183627.19999999998,9181.699999999999,,,,9181.699999999999,01/04/2026 07:32:39
90439,254745.0,12737.25,,,,12737.25,01/04/2026 10:42:22
44076,247945.0,12397.25,,,,12397.25,01/04/2026 07:53:29
18905,406640.0,4066.4,,,,4066.4,02/04/2026 12:23:07
08544,241995.0,12099.75,,,,12099.75,31/03/2026 07:36:13
82759,189932.5,9497.05,,,,9497.05,01/04/2026 10:52:10
07328,476952.0,23847.6,,,,23847.6,31/03/2026 07:03:26
22592,187052.69999999998,9352.55,,,,9352.55,01/04/2026 07:13:10
74971,182545.15,9127.3,,,,9127.3,02/04/2026 12:23:09
95333,225364.75,11268.449999999999,,,,11268.449999999999,08/04/2026 13:32:23
65933,235417.69999999998,11770.8,,,,11770.8,31/03/2026 08:36:22
02344,181441.0,9072.05,,,,9072.05,01/04/2026 07:08:57
26538,185813.4,929.05,,,,929.05,31/03/2026 09:06:25
93272,17000.0,15.299999999999999,,,,15.299999999999999,01/04/2026 12:18:27
78608,254745.0,12737.25,,,,12737.25,01/04/2026 07:14:12
56836,187052.69999999998,9352.55,,,,9352.55,31/03/2026 07:37:07
35743,194830.19999999998,9741.85,,,,9741.85,03/04/2026 12:35:05
48394,178733.75,8936.9,,,,8936.9,02/04/2026 09:19:24
48394,178734.6,8936.9,,,,8936.9,02/04/2026 09:19:24
48394,235741.55,11786.949999999999,,,,11786.949999999999,02/04/2026 09:19:24
48394,707224.65,35360.85,,,,35360.85,02/04/2026 09:19:24
91503,469200.0,234.6,,,,234.6,01/04/2026 10:23:11
88926,254745.0,12737.25,,,,12737.25,02/04/2026 12:26:16
55072,259483.75,12974.4,,,,12974.4,01/04/2026 07:38:34
55277,208364.75,10418.449999999999,,,,10418.449999999999,02/04/2026 12:24:23
88524,405960.0,4059.6,,,,4059.6,01/04/2026 07:10:30
33842,187052.69999999998,9352.55,,,,9352.55,31/03/2026 09:51:04
28587,554396.35,27721.05,,,,27721.05,02/04/2026 10:23:00
28587,369598.7,18480.7,,,,18480.7,02/04/2026 10:23:00
28587,243740.9,12187.3,,,,12187.3,02/04/2026 10:23:00
23829,181441.0,9072.05,,,,9072.05,01/04/2026 08:39:53
54071,189306.05,9465.6,,,,9465.6,31/03/2026 10:45:25
81079,187052.69999999998,9352.55,,,,9352.55,01/04/2026 10:19:01
39639,180291.8,9014.25,,,,9014.25,03/04/2026 12:35:01
89264,254005.5,12700.699999999999,,,,12700.699999999999,31/03/2026 07:00:27
36124,478550.0,2392.75,,,,2392.75,05/04/2026 12:18:15
47709,191560.25,9577.8,,,,9577.8,31/03/2026 08:58:22
31496,243695.0,12184.75,,,,12184.75,02/04/2026 12:22:16
49953,255630.69999999998,12781.449999999999,,,,12781.449999999999,02/04/2026 12:17:14
23702,187052.69999999998,9352.55,,,,9352.55,01/04/2026 09:20:52
83939,478550.0,2392.75,,,,2392.75,01/04/2026 10:16:46
80256,187052.69999999998,9352.55,,,,9352.55,03/04/2026 12:34:58
84510,254592.0,12729.6,,,,12729.6,01/04/2026 09:07:51
82959,185813.4,929.05,,,,929.05,02/04/2026 12:19:11
85475,192957.65,964.75,,,,964.75,01/04/2026 10:51:48
76187,187052.69999999998,9352.55,,,,9352.55,02/04/2026 12:15:07
71590,248830.69999999998,12441.449999999999,,,,12441.449999999999,31/03/2026 09:16:11
45786,189306.05,9465.6,,,,9465.6,01/04/2026 09:39:32
62238,258603.15,12930.199999999999,,,,12930.199999999999,31/03/2026 09:49:17
75496,258603.15,12930.199999999999,,,,12930.199999999999,31/03/2026 07:34:51
93203,201872.44999999998,10093.75,,,,10093.75,31/03/2026 10:21:12
62615,181441.0,9072.05,,,,9072.05,01/04/2026 10:22:57
02764,469749.95,23487.2,,,,23487.2,02/04/2026 07:35:18
96278,478550.0,2392.75,,,,2392.75,02/04/2026 12:15:14
19734,196066.94999999998,9803.05,,,,9803.05,01/04/2026 09:53:06
99206,255605.19999999998,12780.6,,,,12780.6,31/03/2026 09:11:21
40759,253045.0,12652.25,,,,12652.25,31/03/2026 10:35:52
31730,254745.0,12737.25,,,,12737.25,31/03/2026 09:19:52
62077,245453.65,12272.3,,,,12272.3,05/04/2026 12:12:19
61480,181441.0,9072.05,,,,9072.05,01/04/2026 07:43:54
94383,177702.69999999998,8885.05,,,,8885.05,01/04/2026 10:58:22
56078,191534.75,9576.949999999999,,,,9576.949999999999,31/03/2026 09:16:28
08689,440045.0,22002.25,,,,22002.25,01/04/2026 08:58:29
07569,225420.0,1127.1,,,,1127.1,02/04/2026 08:16:54
04090,202113.85,10105.65,,,,10105.65,01/04/2026 09:45:31
02438,320104.89999999997,1600.55,,,,1600.55,01/04/2026 09:16:03
29123,405043.7,20252.1,,,,20252.1,31/03/2026 10:14:20
81676,478550.0,2392.75,,,,2392.75,02/04/2026 07:01:06
85453,192371.15,9618.6,,,,9618.6,01/04/2026 08:14:13
05034,464193.5,23210.1,,,,23210.1,01/04/2026 09:03:12
00377,280245.0,14012.25,,,,14012.25,01/04/2026 08:25:26
51332,468894.0,23444.7,,,,23444.7,01/04/2026 07:20:24
38268,208364.75,10418.449999999999,,,,10418.449999999999,02/04/2026 12:22:02
29815,478550.0,2392.75,,,,2392.75,31/03/2026 10:42:22
44240,208364.75,10418.449999999999,,,,10418.449999999999,01/04/2026 07:10:59
43637,208364.75,10418.449999999999,,,,10418.449999999999,02/04/2026 12:34:58
26262,209071.1,10453.3,,,,10453.3,31/03/2026 09:17:06
24479,258603.15,12930.199999999999,,,,12930.199999999999,03/04/2026 12:17:32
67324,187964.75,9398.449999999999,,,,9398.449999999999,07/04/2026 12:04:13
86614,196066.94999999998,9803.05,,,,9803.05,01/04/2026 09:38:20
80994,243780.0,1218.8999999999999,,,,1218.8999999999999,01/04/2026 09:27:53
09272,190184.94999999998,9508.949999999999,,,,9508.949999999999,03/04/2026 12:14:46
00159,250845.19999999998,12542.6,,,,12542.6,01/04/2026 10:57:23
69845,246713.35,12336.05,,,,12336.05,31/03/2026 08:21:14
75828,251803.15,12590.199999999999,,,,12590.199999999999,01/04/2026 07:35:24
60478,196066.94999999998,9803.05,,,,9803.05,01/04/2026 09:22:33
40508,460139.0,23006.95,,,,23006.95,01/04/2026 07:50:49
47365,224995.0,11249.75,,,,11249.75,09/04/2026 12:19:37
21399,208364.75,10418.449999999999,,,,10418.449999999999,02/04/2026 10:47:45
56659,444550.0,2222.75,,,,2222.75,01/04/2026 11:07:39
20627,280245.0,14012.25,,,,14012.25,02/04/2026 12:14:42
99652,444550.0,2222.75,,,,2222.75,02/04/2026 12:15:08
98006,406742.0,20337.1,,,,20337.1,02/04/2026 09:14:55
05085,187052.69999999998,9352.55,,,,9352.55,01/04/2026 08:50:15
81002,250845.19999999998,12542.6,,,,12542.6,03/04/2026 12:14:57
41390,189306.05,9465.6,,,,9465.6,31/03/2026 09:02:57
40272,187052.69999999998,9352.55,,,,9352.55,01/04/2026 07:13:53
95941,85.0,85.0,,,,85.0,01/04/2026 12:27:34
04031,241995.0,12099.75,,,,12099.75,01/04/2026 10:06:13
06050,254745.0,12737.25,,,,12737.25,03/04/2026 12:14:23
76727,189306.05,9465.6,,,,9465.6,02/04/2026 10:04:19
72239,253045.0,12652.25,,,,12652.25,31/03/2026 10:41:01
09086,249432.5,12472.05,,,,12472.05,31/03/2026 09:40:51
37860,254745.0,12737.25,,,,12737.25,09/04/2026 12:06:02
49678,520362.35,2601.85,,,,2601.85,06/04/2026 13:31:42
49678,487737.64999999997,2438.65,,,,2438.65,06/04/2026 13:31:42
83851,255630.69999999998,12781.449999999999,,,,12781.449999999999,31/03/2026 10:28:44
08647,189306.05,9465.6,,,,9465.6,31/03/2026 10:37:57
46982,181441.0,9072.05,,,,9072.05,31/03/2026 09:10:24
08408,181441.0,9072.05,,,,9072.05,02/04/2026 12:37:21
36084,259494.8,12974.4,,,,12974.4,31/03/2026 07:59:38
18478,253045.0,12652.25,,,,12652.25,02/04/2026 12:35:47
87890,191534.75,9576.949999999999,,,,9576.949999999999,03/04/2026 12:23:13
33725,457300.0,228.65,,,,228.65,04/04/2026 12:19:32
29931,342465.0,17123.25,,,,17123.25,02/04/2026 12:56:50
50595,191534.75,9576.949999999999,,,,9576.949999999999,01/04/2026 10:31:03
26737,181441.0,9072.05,,,,9072.05,31/03/2026 08:00:04
19636,245453.65,12272.3,,,,12272.3,07/04/2026 12:04:06
16819,250226.4,12511.15,,,,12511.15,03/04/2026 12:34:48
97306,182339.44999999998,9117.1,,,,9117.1,01/04/2026 09:45:42
38072,205695.75,102.85,,,,102.85,31/03/2026 07:32:09
04824,247102.65,12354.75,,,,12354.75,01/04/2026 07:00:15
17062,202827.85,10141.35,,,,10141.35,03/04/2026 12:34:47
16704,181441.0,9072.05,,,,9072.05,05/04/2026 12:20:40
96555,247962.0,12398.1,,,,12398.1,31/03/2026 10:18:22
10253,197177.9,9859.15,,,,9859.15,31/03/2026 08:42:29
61792,183769.15,918.85,,,,918.85,30/03/2026 07:58:23
19496,254745.0,12737.25,,,,12737.25,31/03/2026 07:58:48
72140,171277.55,8563.75,,,,8563.75,31/03/2026 07:33:25
06521,189014.5,9451.15,,,,9451.15,31/03/2026 08:37:31
72187,187052.69999999998,9352.55,,,,9352.55,31/03/2026 10:03:48
66091,191560.25,9577.8,,,,9577.8,02/04/2026 10:00:25
10943,258603.15,12930.199999999999,,,,12930.199999999999,06/04/2026 12:57:40
02924,209525.0,10476.25,,,,10476.25,30/03/2026 08:03:55
75907,253045.0,12652.25,,,,12652.25,02/04/2026 11:16:18
62084,282972.64999999997,2829.65,,,,2829.65,01/04/2026 07:26:47
87012,181441.0,9072.05,,,,9072.05,31/03/2026 07:37:15
50510,254745.0,12737.25,,,,12737.25,31/03/2026 09:42:03
36562,189014.5,9451.15,,,,9451.15,30/03/2026 09:41:17
74543,254745.0,12737.25,,,,12737.25,31/03/2026 10:09:15
19990,246245.0,12312.25,,,,12312.25,01/04/2026 09:53:22
02419,189229.55,9461.35,,,,9461.35,31/03/2026 10:22:04
30174,254222.25,12710.9,,,,12710.9,01/04/2026 09:57:28
99590,177378.85,8868.9,,,,8868.9,01/04/2026 09:32:10
63487,185813.4,929.05,,,,929.05,31/03/2026 10:55:42
07858,181441.0,9072.05,,,,9072.05,02/04/2026 09:31:33
88080,191560.25,9577.8,,,,9577.8,31/03/2026 07:20:50
33637,189306.05,9465.6,,,,9465.6,30/03/2026 08:20:54
35532,258603.15,12930.199999999999,,,,12930.199999999999,30/03/2026 07:11:47
66497,245453.65,12272.3,,,,12272.3,30/03/2026 09:07:25
94510,207335.4,10366.6,,,,10366.6,01/04/2026 09:18:06
97993,192371.15,9618.6,,,,9618.6,31/03/2026 08:24:28
02927,491300.0,245.65,,,,245.65,31/03/2026 10:18:15
11899,192371.15,9618.6,,,,9618.6,31/03/2026 10:58:08
81510,254745.0,12737.25,,,,12737.25,01/04/2026 09:45:05
17488,248830.69999999998,12441.449999999999,,,,12441.449999999999,31/03/2026 07:08:30
51188,258603.15,12930.199999999999,,,,12930.199999999999,31/03/2026 07:52:16
88316,198321.15,9916.1,,,,9916.1,01/04/2026 07:29:51
35008,254745.0,12737.25,,,,12737.25,02/04/2026 12:21:40
87847,200442.75,10022.35,,,,10022.35,01/04/2026 10:01:41
19037,253045.0,12652.25,,,,12652.25,31/03/2026 08:04:17
06973,248568.05,12428.699999999999,,,,12428.699999999999,06/04/2026 13:47:44
65347,218245.15,10912.3,,,,10912.3,30/03/2026 10:16:52
85608,420189.0,21009.45,,,,21009.45,30/03/2026 07:09:56
42273,208364.75,10418.449999999999,,,,10418.449999999999,03/04/2026 12:15:31
30915,329715.0,16485.75,,,,16485.75,31/03/2026 10:10:41
72934,247945.0,12397.25,,,,12397.25,31/03/2026 09:44:48
39127,192371.15,9618.6,,,,9618.6,30/03/2026 10:13:30
72086,451826.0,22591.3,,,,22591.3,31/03/2026 09:46:44
43581,206871.3,10343.65,,,,10343.65,30/03/2026 08:37:49
71579,208364.75,10418.449999999999,,,,10418.449999999999,30/03/2026 10:07:07
76524,498610.0,2493.0499999999997,,,,2493.0499999999997,01/04/2026 07:55:11
69868,198057.65,990.25,,,,990.25,31/03/2026 07:24:17
24811,499800.0,249.9,,,,249.9,31/03/2026 10:23:25
89510,297245.0,14862.25,,,,14862.25,01/04/2026 09:11:04
18768,208364.75,10418.449999999999,,,,10418.449999999999,30/03/2026 07:04:39
86455,385203.0,19260.149999999998,,,,19260.149999999998,30/03/2026 11:00:37
93874,247102.65,12354.75,,,,12354.75,31/03/2026 09:58:45
64490,247945.0,12397.25,,,,12397.25,05/04/2026 12:12:07
34952,491965.55,24598.149999999998,,,,24598.149999999998,30/03/2026 07:18:52
82638,196701.05,9835.35,,,,9835.35,30/03/2026 09:32:58
06324,499800.0,249.9,,,,249.9,01/04/2026 07:41:37
12614,247321.1,12365.8,,,,12365.8,30/03/2026 09:17:49
20202,246219.5,12311.4,,,,12311.4,31/03/2026 09:13:38
00892,247102.65,12354.75,,,,12354.75,01/04/2026 07:11:55
48721,254745.0,12737.25,,,,12737.25,31/03/2026 08:06:05
12254,254745.0,12737.25,,,,12737.25,30/03/2026 09:57:14
99342,206567.0,10328.35,,,,10328.35,30/03/2026 09:22:11
59292,198321.15,9916.1,,,,9916.1,30/03/2026 07:42:22
64489,225420.0,1127.1,,,,1127.1,30/03/2026 08:52:02
98058,254745.0,12737.25,,,,12737.25,31/03/2026 09:23:17
52288,183361.15,9168.1,,,,9168.1,30/03/2026 07:40:21
03344,254719.5,12736.4,,,,12736.4,31/03/2026 07:40:37
88754,254745.0,12737.25,,,,12737.25,30/03/2026 09:32:22
67186,208364.75,10418.449999999999,,,,10418.449999999999,31/03/2026 09:49:15
40124,207037.9,10352.15,,,,10352.15,03/04/2026 12:53:43
40124,273071.85,13653.55,,,,13653.55,03/04/2026 12:53:43
52118,202113.85,10105.65,,,,10105.65,31/03/2026 09:51:50
32683,202113.85,10105.65,,,,10105.65,02/04/2026 12:33:30
20498,209589.6,10479.65,,,,10479.65,31/03/2026 09:18:21
63096,243695.0,12184.75,,,,12184.75,31/03/2026 07:14:34
31079,208364.75,10418.449999999999,,,,10418.449999999999,30/03/2026 10:48:52
49966,208364.75,10418.449999999999,,,,10418.449999999999,31/03/2026 09:41:59
97669,271837.64999999997,,6795.75,,,6795.75,31/03/2026 08:19:17
97478,525300.0,262.65,,,,262.65,05/04/2026 12:08:50
04697,202113.85,10105.65,,,,10105.65,30/03/2026 08:02:44
05405,476561.0,23828.05,,,,23828.05,30/03/2026 08:27:52
22017,208364.75,10418.449999999999,,,,10418.449999999999,31/03/2026 08:11:15
24034,202113.85,10105.65,,,,10105.65,30/03/2026 09:05:42
18955,320297.0,16014.85,,,,16014.85,30/03/2026 10:52:29
11629,336685.0,16834.25,,,,16834.25,30/03/2026 08:47:17
57205,208364.75,10418.449999999999,,,,10418.449999999999,30/03/2026 08:21:57
23181,493000.0,246.5,,,,246.5,31/03/2026 08:03:15
45299,209640.6,10482.199999999999,,,,10482.199999999999,30/03/2026 10:09:31
31452,280245.0,14012.25,,,,14012.25,01/04/2026 07:15:51
96147,197755.9,9888.05,,,,9888.05,30/03/2026 10:19:19
36984,28858.35,2885.75,,,,2885.75,31/03/2026 07:52:06
50873,199524.75,9976.449999999999,,,,9976.449999999999,30/03/2026 08:40:53
17161,187052.69999999998,9352.55,,,,9352.55,30/03/2026 08:14:33
36772,175977.19999999998,8799.199999999999,,,,8799.199999999999,01/04/2026 07:37:48
78395,181441.0,9072.05,,,,9072.05,03/04/2026 12:13:39
27306,247102.65,12354.75,,,,12354.75,02/04/2026 12:13:25
09913,224175.6,11208.949999999999,,,,11208.949999999999,31/03/2026 08:37:36
45446,189306.05,9465.6,,,,9465.6,01/04/2026 09:38:23
23226,248777.15,12438.9,,,,12438.9,01/04/2026 09:07:52
01570,183916.19999999998,9196.15,,,,9196.15,31/03/2026 09:40:56
63861,191560.25,9577.8,,,,9577.8,30/03/2026 08:14:49
64622,247102.65,12354.75,,,,12354.75,31/03/2026 09:51:38
24635,255605.19999999998,12780.6,,,,12780.6,30/03/2026 10:59:51
70154,254745.0,12737.25,,,,12737.25,02/04/2026 12:12:59
74597,208364.75,10418.449999999999,,,,10418.449999999999,30/03/2026 08:18:02
52621,218245.15,10912.3,,,,10912.3,31/03/2026 08:17:13
50714,204114.75,10205.949999999999,,,,10205.949999999999,31/03/2026 09:30:04
82441,195862.94999999998,9792.85,,,,9792.85,30/03/2026 08:51:55
98744,183916.19999999998,9196.15,,,,9196.15,02/04/2026 07:02:35
25273,297245.0,14862.25,,,,14862.25,02/04/2026 12:36:55
36568,254745.0,12737.25,,,,12737.25,31/03/2026 07:01:58
02942,280245.0,14012.25,,,,14012.25,30/03/2026 09:13:43
74288,185813.4,929.05,,,,929.05,30/03/2026 07:15:46
00362,258603.15,12930.199999999999,,,,12930.199999999999,30/03/2026 09:51:14
92038,225906.19999999998,11295.65,,,,11295.65,30/03/2026 09:38:28
36781,190184.94999999998,9508.949999999999,,,,9508.949999999999,30/03/2026 08:04:34
87586,461550.0,2307.75,,,,2307.75,30/03/2026 09:51:46
66057,251803.15,12590.199999999999,,,,12590.199999999999,01/04/2026 08:39:05
65096,191212.6,9560.8,,,,9560.8,04/04/2026 12:08:49
75390,190184.94999999998,9508.949999999999,,,,9508.949999999999,01/04/2026 09:56:14
98690,463428.5,23171.85,,,,23171.85,02/04/2026 12:28:28
05361,196066.94999999998,9803.05,,,,9803.05,30/03/2026 08:40:13
04219,196066.94999999998,9803.05,,,,9803.05,01/04/2026 10:08:13
47268,196066.94999999998,9803.05,,,,9803.05,31/03/2026 07:22:02
23358,207673.69999999998,10383.6,,,,10383.6,02/04/2026 12:21:35
33927,225420.0,1127.1,,,,1127.1,30/03/2026 10:21:39
88371,196066.94999999998,9803.05,,,,9803.05,01/04/2026 10:16:50
68112,196066.94999999998,9803.05,,,,9803.05,30/03/2026 07:54:24
91543,191560.25,9577.8,,,,9577.8,31/03/2026 10:07:36
07625,185813.4,929.05,,,,929.05,31/03/2026 08:11:28
28413,254320.0,1271.6,,,,1271.6,31/03/2026 08:23:52
55840,250845.19999999998,12542.6,,,,12542.6,30/03/2026 07:04:35
23132,196066.94999999998,9803.05,,,,9803.05,01/04/2026 07:38:13
65205,297245.0,14862.25,,,,14862.25,30/03/2026 08:49:59
50388,204484.5,10224.65,,,,10224.65,30/03/2026 07:13:39
23698,253430.9,12671.8,,,,12671.8,01/04/2026 09:16:34
36212,254745.0,12737.25,,,,12737.25,30/03/2026 07:47:30
01965,208917.25,10445.65,,,,10445.65,30/03/2026 08:57:24
47768,258603.15,12930.199999999999,,,,12930.199999999999,31/03/2026 07:38:20
30136,249253.15,12462.699999999999,,,,12462.699999999999,30/03/2026 07:48:43
11987,280245.0,14012.25,,,,14012.25,01/04/2026 10:09:49
22185,254745.0,12737.25,,,,12737.25,01/04/2026 08:18:47
54136,258603.15,12930.199999999999,,,,12930.199999999999,31/03/2026 07:22:19
40715,206664.75,10333.449999999999,,,,10333.449999999999,05/04/2026 12:25:29
17753,252653.15,12632.699999999999,,,,12632.699999999999,31/03/2026 08:06:31
15498,191560.25,9577.8,,,,9577.8,30/03/2026 09:56:48
15714,258603.15,12930.199999999999,,,,12930.199999999999,01/04/2026 09:40:17
54600,196066.94999999998,9803.05,,,,9803.05,30/03/2026 07:35:32
02084,191212.6,9560.8,,,,9560.8,02/04/2026 12:21:47
46403,258603.15,12930.199999999999,,,,12930.199999999999,30/03/2026 10:33:56
06061,196066.94999999998,,4901.95,,,4901.95,30/03/2026 08:03:06
71295,258603.15,12930.199999999999,,,,12930.199999999999,31/03/2026 10:49:47
08406,254745.0,12737.25,,,,12737.25,30/03/2026 09:48:02
48711,196066.94999999998,9803.05,,,,9803.05,05/04/2026 12:18:54
11082,204219.3,10211.05,,,,10211.05,01/04/2026 09:17:03
21174,280245.0,14012.25,,,,14012.25,31/03/2026 09:28:45
27215,258603.15,12930.199999999999,,,,12930.199999999999,30/03/2026 10:57:13
27888,208364.75,10418.449999999999,,,,10418.449999999999,31/03/2026 07:45:07
20171,247102.65,,6177.8,,,6177.8,30/03/2026 10:56:36
81697,258603.15,12930.199999999999,,,,12930.199999999999,30/03/2026 08:41:50
95280,254668.5,12733.85,,,,12733.85,31/03/2026 07:38:59
09741,499800.0,249.9,,,,249.9,30/03/2026 08:19:25
63513,190184.94999999998,9508.949999999999,,,,9508.949999999999,31/03/2026 08:47:59
33300,498100.0,249.04999999999998,,,,249.04999999999998,30/03/2026 07:03:22
98502,304215.0,15210.75,,,,15210.75,03/04/2026 12:21:52
41360,7650.0,6885.0,,,,6885.0,01/04/2026 12:11:03
14317,258603.15,12930.199999999999,,,,12930.199999999999,02/04/2026 08:45:58
72831,253045.0,12652.25,,,,12652.25,30/03/2026 10:41:13
52861,190184.94999999998,9508.949999999999,,,,9508.949999999999,30/03/2026 09:13:35
03001,329800.0,164.9,,,,164.9,01/04/2026 08:03:14
10056,196066.94999999998,9803.05,,,,9803.05,05/04/2026 12:18:27
42106,190184.94999999998,9508.949999999999,,,,9508.949999999999,05/04/2026 12:21:15
62276,181623.75,9081.4,,,,9081.4,01/04/2026 08:00:00
85895,196066.94999999998,9803.05,,,,9803.05,05/04/2026 12:20:00
46325,188416.94999999998,9420.55,,,,9420.55,30/03/2026 08:42:33
62006,329715.0,16485.75,,,,16485.75,31/03/2026 09:45:52
21032,196066.94999999998,9803.05,,,,9803.05,02/04/2026 12:20:40
99716,253045.0,12652.25,,,,12652.25,31/03/2026 07:36:35
48627,192984.0,9649.199999999999,,,,9649.199999999999,30/03/2026 10:08:23
41716,196066.94999999998,9803.05,,,,9803.05,01/04/2026 07:37:49
09905,251507.35,12575.75,,,,12575.75,31/03/2026 08:07:45
71655,202113.85,10105.65,,,,10105.65,31/03/2026 10:28:27
24039,28858.35,2885.75,,,,2885.75,01/04/2026 12:11:30
23862,218245.15,10912.3,,,,10912.3,30/03/2026 09:00:50
11796,185813.4,929.05,,,,929.05,05/04/2026 12:21:35
53643,465800.0,232.9,,,,232.9,01/04/2026 10:58:38
23719,232917.0,11645.85,,,,11645.85,05/04/2026 12:23:12
79132,253045.0,12652.25,,,,12652.25,30/03/2026 07:15:52
31164,253045.0,12652.25,,,,12652.25,31/03/2026 07:16:31
57398,254745.0,12737.25,,,,12737.25,31/03/2026 09:40:14
07784,499800.0,499.8,,,,499.8,31/03/2026 07:11:28
10162,55770.2,5576.849999999999,,,,5576.849999999999,31/03/2026 09:18:41
01052,243669.5,12183.9,,,,12183.9,30/03/2026 07:10:39
94424,196066.94999999998,9803.05,,,,9803.05,31/03/2026 07:40:27
04767,501144.7,25057.149999999998,,,,25057.149999999998,04/04/2026 12:19:06
47585,196066.94999999998,9803.05,,,,9803.05,01/04/2026 08:46:13
27000,460977.1,23048.6,,,,23048.6,30/03/2026 07:32:52
19242,194353.35,9718.05,,,,9718.05,01/04/2026 09:20:16
34379,254745.0,12737.25,,,,12737.25,04/04/2026 12:18:27
39080,196066.94999999998,9803.05,,,,9803.05,31/03/2026 07:49:40
28658,191560.25,9577.8,,,,9577.8,30/03/2026 09:53:58
63467,186204.4,9310.05,,,,9310.05,30/03/2026 10:50:34
23640,248830.69999999998,12441.449999999999,,,,12441.449999999999,30/03/2026 07:55:50
79795,185016.94999999998,9250.55,,,,9250.55,31/03/2026 10:09:35
70121,183361.15,9168.1,,,,9168.1,01/04/2026 08:47:30
74464,147611.85,7380.55,,,,7380.55,30/03/2026 07:43:22
78510,191212.6,9560.8,,,,9560.8,01/04/2026 09:00:17
18621,247102.65,12354.75,,,,12354.75,31/03/2026 08:35:36
86857,196066.94999999998,9803.05,,,,9803.05,05/04/2026 12:20:19
74796,192371.15,9618.6,,,,9618.6,30/03/2026 07:54:02
90602,190520.69999999998,9525.949999999999,,,,9525.949999999999,31/03/2026 09:47:13
34454,245453.65,12272.3,,,,12272.3,30/03/2026 09:23:46
48481,187052.69999999998,9352.55,,,,9352.55,01/04/2026 08:03:14
47088,258603.15,12930.199999999999,,,,12930.199999999999,30/03/2026 07:55:45
26642,191560.25,9577.8,,,,9577.8,05/04/2026 12:21:41
16711,253045.0,12652.25,,,,12652.25,30/03/2026 10:28:26
45323,258603.15,12930.199999999999,,,,12930.199999999999,03/04/2026 12:34:26
98990,195173.6,9758.85,,,,9758.85,31/03/2026 09:49:49
63166,196066.94999999998,9803.05,,,,9803.05,30/03/2026 09:22:40
56405,279650.0,279.65,,,,279.65,31/03/2026 08:39:21
49540,192371.15,9618.6,,,,9618.6,30/03/2026 07:38:41
24285,437138.0,4371.55,,,,4371.55,31/03/2026 08:26:31
03496,254745.0,12737.25,,,,12737.25,30/03/2026 07:32:55
15896,252747.5,12637.8,,,,12637.8,01/04/2026 07:14:21
19488,246245.0,12312.25,,,,12312.25,30/03/2026 07:48:22
37131,254745.0,12737.25,,,,12737.25,05/04/2026 12:21:45
97266,190231.69999999998,951.15,,,,951.15,01/04/2026 09:07:49
04169,498100.0,249.04999999999998,,,,249.04999999999998,31/03/2026 08:49:09
33342,208364.75,10418.449999999999,,,,10418.449999999999,31/03/2026 09:24:29
99779,190184.94999999998,9508.949999999999,,,,9508.949999999999,30/03/2026 10:33:26
59792,246713.35,12336.05,,,,12336.05,04/04/2026 12:18:30
11375,196066.94999999998,9803.05,,,,9803.05,30/03/2026 10:51:56
53503,191560.25,9577.8,,,,9577.8,31/03/2026 10:21:06
93794,188391.44999999998,9419.699999999999,,,,9419.699999999999,07/04/2026 12:16:38
90558,177518.25,8875.699999999999,,,,8875.699999999999,31/03/2026 09:46:14
99228,254745.0,12737.25,,,,12737.25,31/03/2026 07:28:08
39275,177366.94999999998,8868.05,,,,8868.05,02/04/2026 10:32:37
66729,190184.94999999998,9508.949999999999,,,,9508.949999999999,01/04/2026 08:12:57
78147,255630.69999999998,12781.449999999999,,,,12781.449999999999,01/04/2026 10:03:53
23720,328100.0,164.04999999999998,,,,164.04999999999998,31/03/2026 07:56:43
95595,247894.0,12394.699999999999,,,,12394.699999999999,31/03/2026 10:01:22
62190,246245.0,12312.25,,,,12312.25,31/03/2026 09:51:21
19694,258603.15,12930.199999999999,,,,12930.199999999999,31/03/2026 09:56:14
90596,246713.35,12336.05,,,,12336.05,30/03/2026 07:20:17
75800,246713.35,12336.05,,,,12336.05,31/03/2026 07:29:23
00639,246713.35,12336.05,,,,12336.05,31/03/2026 10:56:38
77439,192371.15,9618.6,,,,9618.6,31/03/2026 10:37:33
93003,198321.15,9916.1,,,,9916.1,31/03/2026 10:25:38
03251,255630.69999999998,12781.449999999999,,,,12781.449999999999,02/04/2026 10:28:32
80027,208364.75,10418.449999999999,,,,10418.449999999999,01/04/2026 11:47:16
18291,499800.0,249.9,,,,249.9,30/03/2026 10:16:48
71728,198321.15,9916.1,,,,9916.1,31/03/2026 07:28:25
47433,198321.15,9916.1,,,,9916.1,30/03/2026 08:01:02
79159,198321.15,9916.1,,,,9916.1,05/04/2026 12:08:33
34391,483157.0,24157.85,,,,24157.85,30/03/2026 10:48:42
12392,194751.15,9737.6,,,,9737.6,31/03/2026 07:55:49
24144,198321.15,9916.1,,,,9916.1,03/04/2026 12:34:22
06537,297245.0,14862.25,,,,14862.25,31/03/2026 08:57:52
41640,261575.6,13078.949999999999,,,,13078.949999999999,31/03/2026 07:20:09
38806,28858.35,2885.75,,,,2885.75,30/03/2026 09:39:59
67030,486174.5,24309.149999999998,,,,24309.149999999998,08/04/2026 14:51:21
00906,218603.85,10930.15,,,,10930.15,30/03/2026 10:47:24
73263,192371.15,9618.6,,,,9618.6,06/04/2026 14:26:47
82448,255630.69999999998,12781.449999999999,,,,12781.449999999999,03/04/2026 12:34:20
26590,255579.69999999998,12778.9,,,,12778.9,05/04/2026 12:08:37
52250,255630.69999999998,12781.449999999999,,,,12781.449999999999,01/04/2026 09:33:18
99181,253045.0,12652.25,,,,12652.25,01/04/2026 08:06:11
60717,202113.85,10105.65,,,,10105.65,31/03/2026 08:08:18
13806,253045.0,12652.25,,,,12652.25,31/03/2026 09:30:53
77465,247102.65,12354.75,,,,12354.75,30/03/2026 09:03:30
35047,328015.0,16400.75,,,,16400.75,31/03/2026 10:18:20
79018,202113.85,10105.65,,,,10105.65,31/03/2026 09:48:39
73532,198321.15,9916.1,,,,9916.1,31/03/2026 07:20:36
96446,198321.15,9916.1,,,,9916.1,30/03/2026 09:38:34
35661,253045.0,12652.25,,,,12652.25,31/03/2026 08:54:51
64333,254745.0,12737.25,,,,12737.25,30/03/2026 08:47:55
03551,198321.15,9916.1,,,,9916.1,31/03/2026 10:15:18
98715,184438.94999999998,9221.65,,,,9221.65,30/03/2026 12:17:07
13627,184438.94999999998,9221.65,,,,9221.65,03/04/2026 12:13:02
52935,488801.85,24440.05,,,,24440.05,01/04/2026 10:55:50
56347,174522.85,8726.1,,,,8726.1,30/03/2026 10:33:26
97493,198321.15,9916.1,,,,9916.1,01/04/2026 08:39:48
41675,246245.0,12312.25,,,,12312.25,01/04/2026 10:42:04
28774,198321.15,9916.1,,,,9916.1,31/03/2026 09:33:21
63865,254745.0,12737.25,,,,12737.25,30/03/2026 08:47:17
51743,490892.0,24544.6,,,,24544.6,02/04/2026 12:14:08
56310,253045.0,12652.25,,,,12652.25,31/03/2026 09:39:56
89603,225420.0,1127.1,,,,1127.1,30/03/2026 10:10:10
98439,196066.94999999998,9803.05,,,,9803.05,31/03/2026 10:29:41
72777,491580.5,24579.45,,,,24579.45,31/03/2026 08:47:32
25519,192371.15,9618.6,,,,9618.6,30/03/2026 10:18:34
95927,225394.5,11270.15,,,,11270.15,30/03/2026 10:16:43
01755,253045.0,12652.25,,,,12652.25,31/03/2026 10:34:34
29768,465800.0,232.9,,,,232.9,01/04/2026 07:28:26
83587,247102.65,12354.75,,,,12354.75,31/03/2026 10:19:13
71155,187241.4,9361.9,,,,9361.9,30/03/2026 10:08:45
81078,171277.55,8563.75,,,,8563.75,31/03/2026 09:59:43
83716,192371.15,9618.6,,,,9618.6,31/03/2026 07:46:25
71266,250845.19999999998,12542.6,,,,12542.6,03/04/2026 12:12:56
01387,255630.69999999998,12781.449999999999,,,,12781.449999999999,30/03/2026 10:15:46
24825,198321.15,9916.1,,,,9916.1,03/04/2026 12:12:47
76164,254745.0,12737.25,,,,12737.25,30/03/2026 07:49:07
57114,414047.75,20702.6,,,,20702.6,31/03/2026 09:00:25
86471,222053.15,11102.699999999999,,,,11102.699999999999,30/03/2026 11:02:38
18279,253045.0,12652.25,,,,12652.25,31/03/2026 10:34:55
68683,198321.15,9916.1,,,,9916.1,30/03/2026 10:45:42
48719,247902.5,12395.55,,,,12395.55,31/03/2026 10:13:18
54885,243695.0,12184.75,,,,12184.75,31/03/2026 08:11:52
67539,253045.0,12652.25,,,,12652.25,31/03/2026 10:07:16
49565,468167.25,23408.149999999998,,,,23408.149999999998,31/03/2026 08:36:41
41065,258603.15,12930.199999999999,,,,12930.199999999999,30/03/2026 08:42:07
37132,198321.15,9916.1,,,,9916.1,30/03/2026 07:07:28
55059,433462.6,21673.3,,,,21673.3,31/03/2026 10:05:25
55121,243542.0,12177.1,,,,12177.1,30/03/2026 08:16:15
56370,198321.15,9916.1,,,,9916.1,30/03/2026 09:31:54
00793,279650.0,279.65,,,,279.65,31/03/2026 08:49:03
14823,255630.69999999998,12781.449999999999,,,,12781.449999999999,31/03/2026 10:40:48
08190,253045.0,12652.25,,,,12652.25,30/03/2026 09:21:23
01109,297245.0,14862.25,,,,14862.25,31/03/2026 08:01:04
53939,192371.15,9618.6,,,,9618.6,31/03/2026 10:34:26
37104,194034.6,9701.9,,,,9701.9,31/03/2026 07:16:05
19336,192371.15,9618.6,,,,9618.6,30/03/2026 07:06:19
43233,178488.94999999998,8924.15,,,,8924.15,30/03/2026 08:32:22
44534,218657.4,10932.699999999999,,,,10932.699999999999,30/03/2026 10:38:56
57503,183964.65,9197.85,,,,9197.85,02/04/2026 10:14:27
08731,178488.94999999998,8924.15,,,,8924.15,01/04/2026 10:59:26
60722,198321.15,9916.1,,,,9916.1,30/03/2026 09:53:36
38013,196216.55,9810.699999999999,,,,9810.699999999999,31/03/2026 08:23:11
03616,304300.0,304.3,,,,304.3,31/03/2026 07:38:00
51367,198321.15,9916.1,,,,9916.1,31/03/2026 10:42:23
33965,254745.0,12737.25,,,,12737.25,31/03/2026 08:49:04
43143,198321.15,9916.1,,,,9916.1,31/03/2026 10:46:18
14460,181441.0,9072.05,,,,9072.05,01/04/2026 07:22:28
35187,193239.85,9661.949999999999,,,,9661.949999999999,30/03/2026 10:59:01
55437,250845.19999999998,12542.6,,,,12542.6,03/04/2026 12:14:40
18740,258871.75,12943.8,,,,12943.8,30/03/2026 07:54:15
92394,212955.6,10647.949999999999,,,,10647.949999999999,30/03/2026 09:30:51
86343,174883.25,8743.949999999999,,,,8743.949999999999,02/04/2026 10:53:38
07507,208364.75,10418.449999999999,,,,10418.449999999999,30/03/2026 10:34:39
87417,253045.0,12652.25,,,,12652.25,30/03/2026 08:17:58
94689,198321.15,9916.1,,,,9916.1,31/03/2026 08:22:06
39459,247945.0,12397.25,,,,12397.25,01/04/2026 10:24:02
64157,208364.75,10418.449999999999,,,,10418.449999999999,04/04/2026 12:08:42
20877,246219.5,12311.4,,,,12311.4,31/03/2026 08:42:18
76131,250549.4,12527.3,,,,12527.3,01/04/2026 10:44:55
39107,192371.15,9618.6,,,,9618.6,31/03/2026 10:16:58
90708,329800.0,329.8,,,,329.8,03/04/2026 12:12:44
46636,280245.0,14012.25,,,,14012.25,31/03/2026 07:05:42
07152,198321.15,9916.1,,,,9916.1,31/03/2026 07:08:43
10091,248152.4,12407.449999999999,,,,12407.449999999999,31/03/2026 10:37:05
11996,198321.15,9916.1,,,,9916.1,30/03/2026 07:36:15
35349,195862.94999999998,9792.85,,,,9792.85,31/03/2026 08:36:03
10642,192371.15,9618.6,,,,9618.6,01/04/2026 09:13:16
97216,198321.15,9916.1,,,,9916.1,30/03/2026 07:26:38
57915,198321.15,9916.1,,,,9916.1,31/03/2026 10:04:52
80936,317722.35,1588.6499999999999,,,,1588.6499999999999,03/04/2026 12:12:48
38524,208364.75,10418.449999999999,,,,10418.449999999999,31/03/2026 07:53:10
98215,247962.0,12398.1,,,,12398.1,31/03/2026 10:22:27
36197,247893.15,12394.699999999999,,,,12394.699999999999,01/04/2026 08:30:32
13924,198321.15,9916.1,,,,9916.1,31/03/2026 07:16:10
88639,464719.64999999997,23235.6,,,,23235.6,31/03/2026 10:04:24
99641,198321.15,9916.1,,,,9916.1,05/04/2026 12:07:59
00796,192371.15,9618.6,,,,9618.6,31/03/2026 07:16:46
65762,251203.9,12560.449999999999,,,,12560.449999999999,30/03/2026 09:36:58
66305,253045.0,12652.25,,,,12652.25,30/03/2026 08:29:03
44076,208364.75,10418.449999999999,,,,10418.449999999999,30/03/2026 07:03:50
03693,279650.0,279.65,,,,279.65,01/04/2026 08:13:22
14519,253045.0,12652.25,,,,12652.25,31/03/2026 10:33:42
48995,253045.0,12652.25,,,,12652.25,02/04/2026 10:07:24
79305,189306.05,9465.6,,,,9465.6,31/03/2026 08:53:23
27150,181441.0,9072.05,,,,9072.05,30/03/2026 09:08:05
96468,187052.69999999998,9352.55,,,,9352.55,31/03/2026 07:23:36
31780,208364.75,10418.449999999999,,,,10418.449999999999,30/03/2026 07:27:15
09395,191560.25,9577.8,,,,9577.8,01/04/2026 10:34:05
74838,248830.69999999998,12441.449999999999,,,,12441.449999999999,01/04/2026 09:19:01
34150,181441.0,9072.05,,,,9072.05,31/03/2026 09:39:09
03901,254745.0,12737.25,,,,12737.25,30/03/2026 09:01:48
61402,187052.69999999998,9352.55,,,,9352.55,31/03/2026 09:30:32
36111,280245.0,14012.25,,,,14012.25,31/03/2026 10:39:33
36564,256818.15,12840.949999999999,,,,12840.949999999999,02/04/2026 12:34:21
93496,228878.65,11443.55,,,,11443.55,02/04/2026 07:49:56
54520,187052.69999999998,9352.55,,,,9352.55,31/03/2026 07:16:16
28467,230661.94999999998,11532.8,,,,11532.8,31/03/2026 10:32:36
60572,189306.05,9465.6,,,,9465.6,31/03/2026 07:42:15
60928,280245.0,14012.25,,,,14012.25,31/03/2026 07:21:16
45201,247962.0,12398.1,,,,12398.1,31/03/2026 08:23:46
30379,175977.19999999998,8799.199999999999,,,,8799.199999999999,31/03/2026 10:31:01
11120,187052.69999999998,9352.55,,,,9352.55,02/04/2026 12:38:10
94083,225339.25,11266.75,,,,11266.75,31/03/2026 10:48:25
71160,189306.05,9465.6,,,,9465.6,01/04/2026 07:52:24
59793,191560.25,9577.8,,,,9577.8,31/03/2026 08:22:01
78695,181441.0,9072.05,,,,9072.05,01/04/2026 10:37:48
10185,193813.6,9690.85,,,,9690.85,31/03/2026 08:18:45
32044,248007.05,12400.65,,,,12400.65,30/03/2026 07:24:15
40619,493426.7,24672.1,,,,24672.1,30/03/2026 10:58:34
40619,246713.35,12336.05,,,,12336.05,30/03/2026 10:58:34
71205,180291.8,9014.25,,,,9014.25,31/03/2026 08:54:03
26450,187052.69999999998,9352.55,,,,9352.55,31/03/2026 09:17:19
08686,247102.65,12354.75,,,,12354.75,03/04/2026 12:53:09
68573,247962.0,12398.1,,,,12398.1,02/04/2026 12:33:54
70217,200855.85,10042.75,,,,10042.75,31/03/2026 08:38:33
55090,187999.6,9400.15,,,,9400.15,31/03/2026 09:31:37
90177,181441.0,9072.05,,,,9072.05,31/03/2026 08:10:29
78390,181441.0,9072.05,,,,9072.05,30/03/2026 09:08:48
47318,27993.05,2799.0499999999997,,,,2799.0499999999997,30/03/2026 09:12:54
32480,193813.6,9690.85,,,,9690.85,31/03/2026 07:24:06
90908,187052.69999999998,9352.55,,,,9352.55,05/04/2026 12:14:48
65063,208364.75,10418.449999999999,,,,10418.449999999999,30/03/2026 10:50:53
56486,187606.05,9380.6,,,,9380.6,01/04/2026 09:14:36
93739,189306.05,9465.6,,,,9465.6,30/03/2026 10:25:09
66418,201115.1,1005.55,,,,1005.55,31/03/2026 09:49:37
65229,246194.0,12309.699999999999,,,,12309.699999999999,31/03/2026 08:55:52
33812,185813.4,929.05,,,,929.05,31/03/2026 07:20:03
53876,183627.19999999998,9181.699999999999,,,,9181.699999999999,30/03/2026 07:32:02
03022,245453.65,12272.3,,,,12272.3,31/03/2026 09:43:16
64245,181441.0,9072.05,,,,9072.05,01/04/2026 08:28:25
98096,250989.69999999998,12549.4,,,,12549.4,30/03/2026 07:04:41
46664,235169.5,11758.9,,,,11758.9,31/03/2026 07:53:54
18285,237796.0,11889.8,,,,11889.8,04/04/2026 12:08:27
97275,180291.8,9014.25,,,,9014.25,31/03/2026 10:38:38
51636,180291.8,9014.25,,,,9014.25,30/03/2026 07:52:54
41582,180291.8,9014.25,,,,9014.25,31/03/2026 09:32:43
22266,253045.0,12652.25,,,,12652.25,31/03/2026 09:43:14
57615,208325.65,10415.9,,,,10415.9,30/03/2026 10:01:39
93507,254745.0,12737.25,,,,12737.25,30/03/2026 10:12:41
75054,258603.15,12930.199999999999,,,,12930.199999999999,04/04/2026 12:08:26
06352,257685.15,12884.3,,,,12884.3,30/03/2026 07:19:59
85296,183476.75,9174.05,,,,9174.05,30/03/2026 08:00:53
88498,196066.94999999998,9803.05,,,,9803.05,31/03/2026 09:28:48
01838,28858.35,2885.75,,,,2885.75,30/03/2026 09:53:23
79887,229443.05,11472.449999999999,,,,11472.449999999999,31/03/2026 10:27:29
95309,207335.4,10366.6,,,,10366.6,30/03/2026 08:54:29
91536,196066.94999999998,9803.05,,,,9803.05,03/04/2026 12:21:15
96339,181441.0,9072.05,,,,9072.05,01/04/2026 10:37:55
76382,254745.0,12737.25,,,,12737.25,30/03/2026 09:02:39
28182,253045.0,12652.25,,,,12652.25,31/03/2026 09:57:56
74870,181441.0,9072.05,,,,9072.05,31/03/2026 09:19:43
03521,462907.45,2314.5499999999997,,,,2314.5499999999997,01/04/2026 08:06:19
23374,189306.05,9465.6,,,,9465.6,30/03/2026 09:47:12
24519,328695.0,16434.75,,,,16434.75,30/03/2026 10:08:35
00371,225364.75,11268.449999999999,,,,11268.449999999999,31/03/2026 10:23:03
41600,191560.25,9577.8,,,,9577.8,01/04/2026 07:42:46
77172,181441.0,9072.05,,,,9072.05,30/03/2026 07:57:08
21550,297245.0,14862.25,,,,14862.25,02/04/2026 09:28:21
74246,196066.94999999998,9803.05,,,,9803.05,31/03/2026 09:52:34
16410,191560.25,9577.8,,,,9577.8,30/03/2026 10:21:24
27097,187999.6,9400.15,,,,9400.15,04/04/2026 12:08:28
31442,196066.94999999998,9803.05,,,,9803.05,31/03/2026 09:17:59
70040,205695.75,102.85,,,,102.85,30/03/2026 07:12:29
40297,187052.69999999998,9352.55,,,,9352.55,30/03/2026 08:27:16
20976,190065.94999999998,950.3,,,,950.3,05/04/2026 12:11:07
84432,190184.94999999998,9508.949999999999,,,,9508.949999999999,30/03/2026 07:11:14
33485,196066.94999999998,9803.05,,,,9803.05,02/04/2026 12:36:46
72124,187052.69999999998,9352.55,,,,9352.55,30/03/2026 07:12:35
23049,193813.6,9690.85,,,,9690.85,30/03/2026 08:59:33
62283,187052.69999999998,9352.55,,,,9352.55,30/03/2026 10:21:24
91015,499774.5,24989.149999999998,,,,24989.149999999998,31/03/2026 10:46:25
73709,187052.69999999998,9352.55,,,,9352.55,30/03/2026 08:04:47
83294,181441.0,9072.05,,,,9072.05,31/03/2026 09:19:21
19384,294272.55,1471.35,,,,1471.35,05/04/2026 12:07:27
69751,187052.69999999998,9352.55,,,,9352.55,31/03/2026 10:54:42
03966,187052.69999999998,9352.55,,,,9352.55,30/03/2026 09:38:54
78407,189953.75,9497.9,,,,9497.9,31/03/2026 10:33:11
21899,499800.0,249.9,,,,249.9,31/03/2026 10:35:27
95432,214613.1,10730.4,,,,10730.4,31/03/2026 07:46:01
61982,464100.0,232.04999999999998,,,,232.04999999999998,31/03/2026 09:18:27
45907,189306.05,9465.6,,,,9465.6,31/03/2026 10:09:57
46058,203264.75,10163.449999999999,,,,10163.449999999999,30/03/2026 09:45:32
04829,187052.69999999998,9352.55,,,,9352.55,01/04/2026 08:40:04
52828,27992.2,2799.0499999999997,,,,2799.0499999999997,01/04/2026 12:20:56
64063,191560.25,9577.8,,,,9577.8,01/04/2026 10:03:05
35842,185858.44999999998,9293.05,,,,9293.05,30/03/2026 09:58:51
00844,187052.69999999998,9352.55,,,,9352.55,30/03/2026 07:43:12
96254,304215.0,15210.75,,,,15210.75,01/04/2026 09:34:26
75296,181441.0,9072.05,,,,9072.05,31/03/2026 07:47:21
44983,188224.0,9411.199999999999,,,,9411.199999999999,01/04/2026 10:04:21
51650,196066.94999999998,9803.05,,,,9803.05,01/04/2026 09:51:40
47550,180323.25,9015.949999999999,,,,9015.949999999999,31/03/2026 09:29:00
99632,196066.94999999998,9803.05,,,,9803.05,30/03/2026 07:34:52
17503,225420.0,1127.1,,,,1127.1,31/03/2026 10:28:26
02520,254745.0,12737.25,,,,12737.25,01/04/2026 07:05:20
92194,237796.0,11889.8,,,,11889.8,28/03/2026 09:22:37
63791,181441.0,9072.05,,,,9072.05,30/03/2026 10:15:53
21646,189306.05,9465.6,,,,9465.6,30/03/2026 09:45:57
21281,191560.25,9577.8,,,,9577.8,31/03/2026 08:24:31
38946,187052.69999999998,9352.55,,,,9352.55,01/04/2026 09:28:53
13510,187052.69999999998,9352.55,,,,9352.55,31/03/2026 09:17:30
76347,190184.94999999998,9508.949999999999,,,,9508.949999999999,31/03/2026 10:54:21
01230,189306.05,9465.6,,,,9465.6,30/03/2026 09:31:08
33211,190184.94999999998,9508.949999999999,,,,9508.949999999999,01/04/2026 10:35:53
74793,253045.0,12652.25,,,,12652.25,31/03/2026 08:17:41
13054,440674.0,22033.7,,,,22033.7,31/03/2026 09:18:23
83689,251280.4,12563.85,,,,12563.85,05/04/2026 12:10:45
45438,181441.0,9072.05,,,,9072.05,31/03/2026 09:11:09
05486,465800.0,232.9,,,,232.9,02/04/2026 09:42:26
04257,187052.69999999998,9352.55,,,,9352.55,01/04/2026 08:56:55
79140,406300.0,203.15,,,,203.15,31/03/2026 07:28:57
38696,188303.05,9415.449999999999,,,,9415.449999999999,31/03/2026 07:55:57
34748,189306.05,9465.6,,,,9465.6,05/04/2026 12:11:18
24224,190184.94999999998,9508.949999999999,,,,9508.949999999999,31/03/2026 07:58:01
42976,196066.94999999998,9803.05,,,,9803.05,31/03/2026 07:33:54
55742,253045.0,12652.25,,,,12652.25,31/03/2026 09:22:22
34708,254745.0,12737.25,,,,12737.25,31/03/2026 07:49:26
40762,191560.25,9577.8,,,,9577.8,01/04/2026 09:19:27
95848,187052.69999999998,9352.55,,,,9352.55,30/03/2026 07:50:13
41169,187052.69999999998,9352.55,,,,9352.55,31/03/2026 08:31:08
50471,187052.69999999998,9352.55,,,,9352.55,31/03/2026 10:17:01
97228,196066.94999999998,9803.05,,,,9803.05,01/04/2026 07:12:42
49514,196066.94999999998,9803.05,,,,9803.05,31/03/2026 09:23:52
99811,168347.6,8417.55,,,,8417.55,31/03/2026 10:56:53
05010,210631.69999999998,1053.1499999999999,,,,1053.1499999999999,30/03/2026 09:14:26
05010,210630.85,1053.1499999999999,,,,1053.1499999999999,30/03/2026 09:14:26
40890,296869.3,14843.55,,,,14843.55,05/04/2026 12:21:01
61495,253045.0,12652.25,,,,12652.25,30/03/2026 10:50:35
36619,190407.65,95.2,,,,95.2,30/03/2026 10:15:41
78224,185352.69999999998,9267.55,,,,9267.55,09/04/2026 12:04:55
56084,181441.0,9072.05,,,,9072.05,31/03/2026 07:44:15
06540,189306.05,9465.6,,,,9465.6,30/03/2026 07:47:13
44275,187052.69999999998,9352.55,,,,9352.55,30/03/2026 11:15:28
96040,254745.0,12737.25,,,,12737.25,01/04/2026 07:27:48
86926,254745.0,12737.25,,,,12737.25,31/03/2026 09:29:33
61842,181441.0,9072.05,,,,9072.05,31/03/2026 09:09:57
68755,181761.44999999998,9088.199999999999,,,,9088.199999999999,02/04/2026 12:15:31
67148,253045.0,12652.25,,,,12652.25,01/04/2026 07:43:32
85085,181441.0,9072.05,,,,9072.05,31/03/2026 08:31:11
79770,249253.15,12462.699999999999,,,,12462.699999999999,30/03/2026 09:42:07
30808,255630.69999999998,12781.449999999999,,,,12781.449999999999,01/04/2026 07:31:47
86749,196066.94999999998,9803.05,,,,9803.05,31/03/2026 08:39:28
47906,189306.05,9465.6,,,,9465.6,31/03/2026 09:55:46
11161,248959.9,12448.25,,,,12448.25,31/03/2026 08:38:11
29349,254745.0,12737.25,,,,12737.25,31/03/2026 08:20:11
98696,185736.05,9287.1,,,,9287.1,30/03/2026 07:45:49
35388,181441.0,9072.05,,,,9072.05,31/03/2026 07:28:42
56836,257661.35,12883.449999999999,,,,12883.449999999999,30/03/2026 07:14:02
45149,196066.94999999998,9803.05,,,,9803.05,02/04/2026 12:13:38
73910,196066.94999999998,9803.05,,,,9803.05,30/03/2026 09:26:07
02826,245369.5,12268.9,,,,12268.9,31/03/2026 09:50:46
93690,258603.15,12930.199999999999,,,,12930.199999999999,07/04/2026 12:04:20
30881,251162.25,12557.9,,,,12557.9,31/03/2026 08:13:49
16875,181441.0,9072.05,,,,9072.05,31/03/2026 10:35:30
28529,171252.05,8562.9,,,,8562.9,31/03/2026 08:19:09
06469,190231.69999999998,951.15,,,,951.15,31/03/2026 08:43:53
88122,181441.0,9072.05,,,,9072.05,31/03/2026 09:06:52
64937,254745.0,12737.25,,,,12737.25,31/03/2026 08:59:13
57608,225364.75,11268.449999999999,,,,11268.449999999999,07/04/2026 12:03:59
85729,190184.94999999998,9508.949999999999,,,,9508.949999999999,31/03/2026 08:47:05
78978,27992.2,2799.0499999999997,,,,2799.0499999999997,31/03/2026 12:22:40
63178,251803.15,12590.199999999999,,,,12590.199999999999,03/04/2026 12:13:05
04179,181441.0,9072.05,,,,9072.05,31/03/2026 10:58:37
52258,253045.0,12652.25,,,,12652.25,31/03/2026 09:38:59
13552,189266.94999999998,9463.05,,,,9463.05,31/03/2026 07:07:22
47835,196066.94999999998,9803.05,,,,9803.05,31/03/2026 10:23:55
58467,253045.0,12652.25,,,,12652.25,31/03/2026 10:05:22
97831,190184.94999999998,9508.949999999999,,,,9508.949999999999,02/04/2026 12:12:25
52927,181441.0,9072.05,,,,9072.05,30/03/2026 10:06:02
96508,196041.44999999998,9802.199999999999,,,,9802.199999999999,01/04/2026 07:06:25
07903,254517.19999999998,12726.199999999999,,,,12726.199999999999,30/03/2026 10:40:25
66866,183627.19999999998,9181.699999999999,,,,9181.699999999999,01/04/2026 09:53:24
50686,181441.0,9072.05,,,,9072.05,31/03/2026 09:07:06
45573,254745.0,12737.25,,,,12737.25,31/03/2026 08:32:39
09068,196066.94999999998,9803.05,,,,9803.05,02/04/2026 12:12:25
54231,249653.5,12483.1,,,,12483.1,31/03/2026 10:04:27
17971,208364.75,10418.449999999999,,,,10418.449999999999,30/03/2026 10:49:13
83365,187052.69999999998,9352.55,,,,9352.55,31/03/2026 08:39:57
24101,253045.0,12652.25,,,,12652.25,31/03/2026 08:00:22
16499,258603.15,12930.199999999999,,,,12930.199999999999,31/03/2026 10:24:44
09196,186314.9,931.6,,,,931.6,31/03/2026 07:33:33
12851,187052.69999999998,9352.55,,,,9352.55,01/04/2026 10:01:30
24329,189306.05,9465.6,,,,9465.6,31/03/2026 08:04:37
01742,196066.94999999998,9803.05,,,,9803.05,31/03/2026 09:15:37
12334,191560.25,9577.8,,,,9577.8,31/03/2026 09:21:38
44988,189306.05,9465.6,,,,9465.6,31/03/2026 07:16:35
21659,254745.0,12737.25,,,,12737.25,31/03/2026 11:14:07
68777,196066.94999999998,9803.05,,,,9803.05,31/03/2026 08:40:01
07427,187001.69999999998,93.5,,,,93.5,30/03/2026 10:14:27
38098,243695.0,12184.75,,,,12184.75,31/03/2026 09:50:05
86106,499800.0,499.8,,,,499.8,30/03/2026 09:51:18
12551,171612.44999999998,8580.75,,,,8580.75,30/03/2026 10:56:15
54884,246245.0,12312.25,,,,12312.25,31/03/2026 07:35:28
12081,196066.94999999998,9803.05,,,,9803.05,31/03/2026 08:10:41
97964,171456.05,8573.1,,,,8573.1,30/03/2026 07:45:11
22929,189306.05,9465.6,,,,9465.6,01/04/2026 08:28:42
08259,251777.65,1258.85,,,,1258.85,30/03/2026 10:51:04
70751,253045.0,12652.25,,,,12652.25,30/03/2026 10:55:26
95305,237425.4,11871.1,,,,11871.1,06/04/2026 13:30:54
71957,499800.0,249.9,,,,249.9,02/04/2026 12:13:59
04512,185813.4,929.05,,,,929.05,31/03/2026 07:49:21
90396,187052.69999999998,9352.55,,,,9352.55,30/03/2026 07:51:40
60874,183627.19999999998,9181.699999999999,,,,9181.699999999999,01/04/2026 09:38:54
75278,184619.15,923.1,,,,923.1,31/03/2026 09:55:42
25863,193238.15,9661.949999999999,,,,9661.949999999999,31/03/2026 10:15:44
56328,189306.05,9465.6,,,,9465.6,30/03/2026 07:10:12
08670,253045.0,12652.25,,,,12652.25,30/03/2026 10:27:04
48693,191560.25,9577.8,,,,9577.8,31/03/2026 08:45:33
38139,253045.0,12652.25,,,,12652.25,30/03/2026 10:41:18
44435,193813.6,9690.85,,,,9690.85,31/03/2026 10:20:26
79810,189306.05,9465.6,,,,9465.6,30/03/2026 09:51:53
46819,181441.0,9072.05,,,,9072.05,31/03/2026 10:34:36
14003,189280.55,9463.9,,,,9463.9,31/03/2026 10:51:30
47021,253045.0,12652.25,,,,12652.25,02/04/2026 12:12:35
78212,175804.65,8789.85,,,,8789.85,31/03/2026 07:05:24
89887,187052.69999999998,9352.55,,,,9352.55,31/03/2026 10:03:39
24120,248119.25,12405.75,,,,12405.75,31/03/2026 07:47:41
29752,247945.0,12397.25,,,,12397.25,30/03/2026 07:55:18
11303,236475.1,,5911.75,,,5911.75,30/03/2026 10:36:06
13222,193813.6,9690.85,,,,9690.85,03/04/2026 12:12:44
88016,201115.1,1005.55,,,,1005.55,31/03/2026 07:02:20
37588,177700.15,8885.05,,,,8885.05,31/03/2026 07:11:09
58622,258603.15,12930.199999999999,,,,12930.199999999999,31/03/2026 09:18:43
06547,182407.44999999998,912.05,,,,912.05,31/03/2026 10:00:18
48528,178256.05,8913.1,,,,8913.1,31/03/2026 07:38:48
44001,191560.25,9577.8,,,,9577.8,30/03/2026 08:00:50
92426,179956.05,8998.1,,,,8998.1,30/03/2026 09:44:15
88459,177077.94999999998,8853.6,,,,8853.6,03/04/2026 12:12:42
33444,254745.0,12737.25,,,,12737.25,30/03/2026 07:03:21
78710,253045.0,12652.25,,,,12652.25,31/03/2026 09:14:08
28464,245453.65,12272.3,,,,12272.3,31/03/2026 07:35:56
87748,187052.69999999998,9352.55,,,,9352.55,31/03/2026 07:46:02
68767,247945.0,12397.25,,,,12397.25,31/03/2026 10:48:21
58874,465800.0,232.9,,,,232.9,31/03/2026 09:12:50
00867,176002.69999999998,8800.05,,,,8800.05,30/03/2026 10:47:26
62958,191881.55,9593.949999999999,,,,9593.949999999999,02/04/2026 12:16:26
21775,254745.0,12737.25,,,,12737.25,30/03/2026 10:53:56
29442,253045.0,12652.25,,,,12652.25,01/04/2026 09:02:10
39899,182291.85,9114.55,,,,9114.55,31/03/2026 10:22:09
02393,245453.65,12272.3,,,,12272.3,31/03/2026 08:27:48
75668,188803.69999999998,9440.1,,,,9440.1,01/04/2026 07:44:27
95810,188686.4,9434.15,,,,9434.15,30/03/2026 09:53:30
11490,234345.0,11717.25,,,,11717.25,31/03/2026 09:31:58
58940,247685.75,1238.45,,,,1238.45,05/04/2026 12:21:13
62063,254745.0,12737.25,,,,12737.25,01/04/2026 10:23:41
73424,245453.65,12272.3,,,,12272.3,03/04/2026 12:12:15
07462,187052.69999999998,9352.55,,,,9352.55,30/03/2026 09:50:31
00347,48042.0,4804.2,,,,4804.2,31/03/2026 10:47:14
06081,187052.69999999998,9352.55,,,,9352.55,31/03/2026 12:11:37
52413,186253.69999999998,9312.6,,,,9312.6,31/03/2026 08:31:40
03793,253045.0,12652.25,,,,12652.25,01/04/2026 08:29:12
28462,166120.6,8306.199999999999,,,,8306.199999999999,01/04/2026 09:32:55
76492,190184.94999999998,9508.949999999999,,,,9508.949999999999,01/04/2026 07:28:45
65929,172404.65,8619.85,,,,8619.85,30/03/2026 08:17:58
63287,249730.85,1248.6499999999999,,,,1248.6499999999999,30/03/2026 10:10:15
30960,189306.05,9465.6,,,,9465.6,02/04/2026 07:32:07
40445,187052.69999999998,9352.55,,,,9352.55,31/03/2026 08:57:55
40746,194830.19999999998,9741.85,,,,9741.85,02/04/2026 09:54:44
17883,250845.19999999998,12542.6,,,,12542.6,01/04/2026 10:51:42
42166,247102.65,12354.75,,,,12354.75,01/04/2026 09:47:22
82496,246219.5,12311.4,,,,12311.4,30/03/2026 07:50:28
51754,225420.0,1127.1,,,,1127.1,30/03/2026 09:41:39
96206,187052.69999999998,9352.55,,,,9352.55,30/03/2026 09:08:16
96455,258603.15,12930.199999999999,,,,12930.199999999999,31/03/2026 10:04:12
22904,185813.4,929.05,,,,929.05,30/03/2026 07:12:32
29454,182545.15,9127.3,,,,9127.3,03/04/2026 12:12:51
24557,187052.69999999998,9352.55,,,,9352.55,31/03/2026 08:29:51
69608,185813.4,929.05,,,,929.05,31/03/2026 07:43:27
30070,203738.19999999998,10187.25,,,,10187.25,30/03/2026 09:54:35
30070,268721.55,13435.949999999999,,,,13435.949999999999,30/03/2026 09:54:35
57855,193031.6,9651.75,,,,9651.75,30/03/2026 10:37:05
58407,253045.0,12652.25,,,,12652.25,30/03/2026 10:47:46
86270,189306.05,9465.6,,,,9465.6,31/03/2026 09:49:13
75891,247102.65,12354.75,,,,12354.75,31/03/2026 10:46:24
52793,169202.69999999998,8460.05,,,,8460.05,01/04/2026 08:21:46
83203,183627.19999999998,9181.699999999999,,,,9181.699999999999,31/03/2026 10:20:59
75708,187999.6,9400.15,,,,9400.15,31/03/2026 07:19:23
78060,193813.6,9690.85,,,,9690.85,31/03/2026 07:21:01
59098,181441.0,9072.05,,,,9072.05,04/04/2026 12:32:26
82607,254745.0,12737.25,,,,12737.25,30/03/2026 10:42:44
50166,190184.94999999998,9508.949999999999,,,,9508.949999999999,30/03/2026 09:43:11
98206,254745.0,12737.25,,,,12737.25,02/04/2026 09:49:02
21173,264095.0,13204.75,,,,13204.75,02/04/2026 08:07:03
31497,245453.65,12272.3,,,,12272.3,02/04/2026 12:35:47
48747,196066.94999999998,9803.05,,,,9803.05,30/03/2026 10:48:51
69105,254745.0,12737.25,,,,12737.25,30/03/2026 08:39:35
72167,196066.94999999998,9803.05,,,,9803.05,04/04/2026 12:34:06
34610,253045.0,12652.25,,,,12652.25,30/03/2026 09:16:07
45822,255630.69999999998,12781.449999999999,,,,12781.449999999999,05/04/2026 12:22:53
37467,255630.69999999998,12781.449999999999,,,,12781.449999999999,01/04/2026 10:58:27
84937,251883.9,12594.449999999999,,,,12594.449999999999,31/03/2026 08:03:53
11965,196066.94999999998,9803.05,,,,9803.05,01/04/2026 08:23:51
66530,196066.94999999998,9803.05,,,,9803.05,01/04/2026 09:40:31
48349,250876.65,12543.449999999999,,,,12543.449999999999,31/03/2026 08:00:35
74720,186716.94999999998,9335.55,,,,9335.55,01/04/2026 07:53:56
36110,250845.19999999998,12542.6,,,,12542.6,01/04/2026 09:17:39
80907,254745.0,12737.25,,,,12737.25,30/03/2026 10:32:42
22486,196066.94999999998,9803.05,,,,9803.05,30/03/2026 09:03:35
86114,251803.15,12590.199999999999,,,,12590.199999999999,06/04/2026 12:46:20
80485,196066.94999999998,9803.05,,,,9803.05,31/03/2026 08:14:03
71980,247102.65,12354.75,,,,12354.75,31/03/2026 07:40:39
18955,499800.0,249.9,,,,249.9,05/04/2026 12:31:55
41148,194251.35,9712.949999999999,,,,9712.949999999999,31/03/2026 07:22:51
54261,225364.75,11268.449999999999,,,,11268.449999999999,07/04/2026 12:03:55
25664,190184.94999999998,9508.949999999999,,,,9508.949999999999,01/04/2026 07:13:34
12251,190184.94999999998,9508.949999999999,,,,9508.949999999999,01/04/2026 10:17:25
04119,196066.94999999998,9803.05,,,,9803.05,02/04/2026 12:12:05
01881,196066.94999999998,9803.05,,,,9803.05,31/03/2026 08:10:40
32882,254745.0,12737.25,,,,12737.25,30/03/2026 10:45:15
88118,173315.85,8665.75,,,,8665.75,30/03/2026 09:38:45
46828,204219.3,10211.05,,,,10211.05,30/03/2026 07:59:06
71704,196066.94999999998,9803.05,,,,9803.05,31/03/2026 07:45:11
44613,190184.94999999998,9508.949999999999,,,,9508.949999999999,31/03/2026 08:24:03
87346,258603.15,12930.199999999999,,,,12930.199999999999,01/04/2026 09:46:58
05546,196066.94999999998,9803.05,,,,9803.05,01/04/2026 09:40:14
59016,196066.94999999998,9803.05,,,,9803.05,31/03/2026 07:03:06
96641,304215.0,15210.75,,,,15210.75,01/04/2026 08:21:58
38332,196066.94999999998,9803.05,,,,9803.05,31/03/2026 07:08:40
13660,196066.94999999998,9803.05,,,,9803.05,02/04/2026 12:12:02
78541,210535.65,10526.4,,,,10526.4,30/03/2026 08:36:30
99014,191313.75,9565.9,,,,9565.9,31/03/2026 09:00:43
91373,16320.0,1468.8,,,,1468.8,31/03/2026 08:22:05
63772,254745.0,12737.25,,,,12737.25,02/04/2026 12:39:29
82794,196066.94999999998,9803.05,,,,9803.05,02/04/2026 09:29:25
61015,190184.94999999998,9508.949999999999,,,,9508.949999999999,31/03/2026 11:03:05
59764,251803.15,12590.199999999999,,,,12590.199999999999,31/03/2026 07:54:38
90130,249356.0,12467.8,,,,12467.8,01/04/2026 09:43:25
60156,195148.94999999998,9757.15,,,,9757.15,31/03/2026 07:26:23
36964,190184.94999999998,9508.949999999999,,,,9508.949999999999,31/03/2026 07:42:38
15634,857865.9,42893.549999999996,,,,42893.549999999996,30/03/2026 09:23:02
28019,181441.0,9072.05,,,,9072.05,30/03/2026 10:56:10
35993,241944.0,12097.199999999999,,,,12097.199999999999,30/03/2026 08:10:34
41769,249650.1,12482.25,,,,12482.25,30/03/2026 08:32:55
86592,254745.0,12737.25,,,,12737.25,30/03/2026 07:53:05
19782,247102.65,12354.75,,,,12354.75,31/03/2026 09:33:04
98344,176460.0,882.3,,,,882.3,30/03/2026 07:50:46
71459,182545.15,9127.3,,,,9127.3,01/04/2026 10:42:11
53380,196066.94999999998,9803.05,,,,9803.05,03/04/2026 12:12:19
38718,254745.0,12737.25,,,,12737.25,30/03/2026 09:58:41
87767,245453.65,12272.3,,,,12272.3,30/03/2026 10:48:26
17755,254745.0,12737.25,,,,12737.25,02/04/2026 10:08:30
36449,254745.0,12737.25,,,,12737.25,01/04/2026 08:59:45
78636,193813.6,9690.85,,,,9690.85,31/03/2026 07:10:15
18107,193813.6,9690.85,,,,9690.85,31/03/2026 10:18:53
67612,499800.0,249.9,,,,249.9,30/03/2026 07:45:27
06651,255630.69999999998,12781.449999999999,,,,12781.449999999999,30/03/2026 10:50:23
10090,253045.0,12652.25,,,,12652.25,01/04/2026 09:39:09
95515,255630.69999999998,12781.449999999999,,,,12781.449999999999,30/03/2026 10:20:47
93809,193813.6,9690.85,,,,9690.85,31/03/2026 08:13:39
68602,255630.69999999998,12781.449999999999,,,,12781.449999999999,30/03/2026 09:23:50
92306,189937.6,9497.05,,,,9497.05,30/03/2026 09:37:39
02389,254745.0,12737.25,,,,12737.25,31/03/2026 08:14:57
28092,254745.0,12737.25,,,,12737.25,30/03/2026 07:56:40
10483,247102.65,12354.75,,,,12354.75,31/03/2026 10:27:50
27281,193813.6,9690.85,,,,9690.85,30/03/2026 08:02:06
14622,28858.35,2885.75,,,,2885.75,31/03/2026 09:58:32
39489,292293.75,14614.9,,,,14614.9,30/03/2026 08:30:48
33938,254745.0,12737.25,,,,12737.25,30/03/2026 09:56:54
63982,189306.05,9465.6,,,,9465.6,30/03/2026 09:46:56
17858,253045.0,12652.25,,,,12652.25,31/03/2026 09:02:53
68827,247945.0,12397.25,,,,12397.25,30/03/2026 10:31:18
39529,255630.69999999998,12781.449999999999,,,,12781.449999999999,03/04/2026 12:20:41
37336,193813.6,9690.85,,,,9690.85,31/03/2026 07:31:33
19726,187999.6,9400.15,,,,9400.15,30/03/2026 09:30:50
02959,190955.9,9548.05,,,,9548.05,30/03/2026 10:28:23
10502,208115.69999999998,10405.699999999999,,,,10405.699999999999,31/03/2026 09:32:51
50309,183627.19999999998,9181.699999999999,,,,9181.699999999999,02/04/2026 08:29:43
14744,483157.0,24157.85,,,,24157.85,02/04/2026 12:20:49
52873,279650.0,279.65,,,,279.65,30/03/2026 08:34:19
43571,187999.6,9400.15,,,,9400.15,30/03/2026 10:59:53
41207,254745.0,12737.25,,,,12737.25,30/03/2026 10:18:16
93828,254518.9,12726.199999999999,,,,12726.199999999999,02/04/2026 07:25:31
67982,255630.69999999998,12781.449999999999,,,,12781.449999999999,30/03/2026 09:38:45
56721,255630.69999999998,12781.449999999999,,,,12781.449999999999,31/03/2026 08:34:34
31604,254745.0,12737.25,,,,12737.25,02/04/2026 07:44:50
12923,207813.1,10390.4,,,,10390.4,30/03/2026 10:30:56
00678,185813.4,929.05,,,,929.05,30/03/2026 09:45:12
63233,247962.0,12398.1,,,,12398.1,30/03/2026 08:36:36
92421,200855.85,10042.75,,,,10042.75,09/04/2026 12:19:45
43399,253056.05,12653.1,,,,12653.1,30/03/2026 11:44:46
95753,254745.0,12737.25,,,,12737.25,01/04/2026 08:42:33
50152,439695.64999999997,21984.399999999998,,,,21984.399999999998,31/03/2026 07:35:18
51072,187052.69999999998,9352.55,,,,9352.55,30/03/2026 07:32:11
81766,253045.0,12652.25,,,,12652.25,03/04/2026 12:20:41
54978,208115.69999999998,10405.699999999999,,,,10405.699999999999,31/03/2026 09:14:22
78664,254672.75,12733.85,,,,12733.85,31/03/2026 07:22:54
24172,184302.94999999998,9214.85,,,,9214.85,31/03/2026 07:38:29
04886,466378.0,23318.899999999998,,,,23318.899999999998,31/03/2026 09:00:10
08734,253045.0,12652.25,,,,12652.25,31/03/2026 09:57:30
38289,205695.75,102.85,,,,102.85,02/04/2026 12:21:26
30216,247962.0,12398.1,,,,12398.1,30/03/2026 07:21:27
06750,247945.0,12397.25,,,,12397.25,31/03/2026 09:40:14
96123,171846.19999999998,8592.65,,,,8592.65,31/03/2026 10:15:14
02501,181441.0,9072.05,,,,9072.05,31/03/2026 08:41:54
78373,245453.65,12272.3,,,,12272.3,30/03/2026 08:27:23
12654,191560.25,9577.8,,,,9577.8,31/03/2026 09:51:45
04588,182554.5,9128.15,,,,9128.15,31/03/2026 07:26:01
33686,179956.05,8998.1,,,,8998.1,09/04/2026 12:18:13
09174,192190.94999999998,9609.25,,,,9609.25,31/03/2026 09:48:40
91644,254745.0,12737.25,,,,12737.25,30/03/2026 07:37:00
49370,218603.85,10930.15,,,,10930.15,31/03/2026 09:23:39
42537,187052.69999999998,9352.55,,,,9352.55,30/03/2026 08:14:56
15687,255630.69999999998,12781.449999999999,,,,12781.449999999999,04/04/2026 12:18:20
54308,187999.6,9400.15,,,,9400.15,31/03/2026 07:26:24
68631,191560.25,9577.8,,,,9577.8,01/04/2026 10:42:43
61795,254745.0,12737.25,,,,12737.25,31/03/2026 10:33:15
19486,186552.05,9327.9,,,,9327.9,05/04/2026 12:19:54
16257,183934.9,919.6999999999999,,,,919.6999999999999,02/04/2026 12:20:13
98339,191560.25,9577.8,,,,9577.8,01/04/2026 10:28:59
84179,379389.0,18969.45,,,,18969.45,30/03/2026 10:22:45
48021,187052.69999999998,9352.55,,,,9352.55,31/03/2026 08:55:48
06895,233393.0,11669.65,,,,11669.65,30/03/2026 10:30:21
77475,247962.0,12398.1,,,,12398.1,31/03/2026 10:57:45
54914,192905.8,9644.949999999999,,,,9644.949999999999,30/03/2026 09:21:59
35923,208364.75,10418.449999999999,,,,10418.449999999999,31/03/2026 10:56:44
74085,254745.0,12737.25,,,,12737.25,30/03/2026 08:19:37
36783,254745.0,12737.25,,,,12737.25,31/03/2026 10:44:00
91522,189306.05,9465.6,,,,9465.6,30/03/2026 09:12:24
60036,187052.69999999998,9352.55,,,,9352.55,04/04/2026 12:08:23
84489,176002.69999999998,8800.05,,,,8800.05,02/04/2026 12:27:37
78450,253045.0,12652.25,,,,12652.25,31/03/2026 09:06:42
58387,242880.69999999998,12143.949999999999,,,,12143.949999999999,30/03/2026 10:04:44
67460,181441.0,9072.05,,,,9072.05,30/03/2026 07:21:02
64482,255630.69999999998,12781.449999999999,,,,12781.449999999999,31/03/2026 09:26:23
96160,253045.0,12652.25,,,,12652.25,31/03/2026 07:43:57
71410,253045.0,12652.25,,,,12652.25,31/03/2026 09:16:03
47752,253045.0,12652.25,,,,12652.25,31/03/2026 07:47:31
32343,181441.0,9072.05,,,,9072.05,30/03/2026 10:41:14
34475,188917.6,9446.05,,,,9446.05,30/03/2026 10:26:45
38610,194830.19999999998,9741.85,,,,9741.85,30/03/2026 09:58:00
57554,254745.0,12737.25,,,,12737.25,04/04/2026 12:08:04
44649,254745.0,12737.25,,,,12737.25,31/03/2026 08:41:16
81093,491300.0,245.65,,,,245.65,31/03/2026 08:57:17
60705,205870.0,1029.35,,,,1029.35,02/04/2026 12:20:27
42898,253045.0,12652.25,,,,12652.25,30/03/2026 09:29:11
72637,254745.0,12737.25,,,,12737.25,31/03/2026 08:38:00
80218,189306.05,9465.6,,,,9465.6,30/03/2026 09:31:48
47137,254745.0,12737.25,,,,12737.25,02/04/2026 12:23:54
25052,499800.0,249.9,,,,249.9,31/03/2026 07:24:50
27396,204114.75,10205.949999999999,,,,10205.949999999999,03/04/2026 12:33:53
01808,181441.0,9072.05,,,,9072.05,30/03/2026 07:13:11
75971,253045.0,12652.25,,,,12652.25,30/03/2026 10:35:17
16630,187052.69999999998,9352.55,,,,9352.55,01/04/2026 09:22:35
94575,247102.65,12354.75,,,,12354.75,31/03/2026 10:10:26
20413,191560.25,9577.8,,,,9577.8,31/03/2026 08:49:26
39550,254745.0,12737.25,,,,12737.25,30/03/2026 09:04:41
37128,241995.0,12099.75,,,,12099.75,30/03/2026 07:48:33
08162,187052.69999999998,9352.55,,,,9352.55,30/03/2026 09:21:31
00760,477224.0,23861.2,,,,23861.2,30/03/2026 07:05:56
24078,255630.69999999998,12781.449999999999,,,,12781.449999999999,31/03/2026 09:38:49
04544,187052.69999999998,9352.55,,,,9352.55,31/03/2026 07:56:22
10868,182395.55,9119.65,,,,9119.65,31/03/2026 07:32:32
67809,255630.69999999998,12781.449999999999,,,,12781.449999999999,01/04/2026 08:57:31
83437,55176.9,5517.349999999999,,,,5517.349999999999,29/03/2026 09:06:37
30985,200430.85,1002.15,,,,1002.15,31/03/2026 08:06:05
81589,254745.0,12737.25,,,,12737.25,01/04/2026 08:36:34
44468,191560.25,9577.8,,,,9577.8,02/04/2026 12:12:02
61210,183897.5,9195.3,,,,9195.3,31/03/2026 09:17:46
83494,254745.0,12737.25,,,,12737.25,30/03/2026 09:11:29
51571,254745.0,12737.25,,,,12737.25,31/03/2026 10:21:35
05403,184438.94999999998,9221.65,,,,9221.65,30/03/2026 10:30:41
74939,190184.94999999998,9508.949999999999,,,,9508.949999999999,30/03/2026 11:04:52
50422,464100.0,232.04999999999998,,,,232.04999999999998,31/03/2026 09:29:28
18280,181441.0,9072.05,,,,9072.05,31/03/2026 07:52:40
40043,183627.19999999998,9181.699999999999,,,,9181.699999999999,31/03/2026 10:20:06
98966,453050.0,2265.25,,,,2265.25,31/03/2026 09:40:55
36084,254745.0,12737.25,,,,12737.25,30/03/2026 07:34:22
63678,254745.0,12737.25,,,,12737.25,31/03/2026 09:54:31
73067,280245.0,14012.25,,,,14012.25,31/03/2026 10:49:44
73988,245453.65,12272.3,,,,12272.3,30/03/2026 07:15:38
35515,187052.69999999998,9352.55,,,,9352.55,31/03/2026 10:41:39
12883,166139.3,8307.05,,,,8307.05,01/04/2026 10:34:49
95349,187052.69999999998,9352.55,,,,9352.55,30/03/2026 08:40:13
03178,254745.0,12737.25,,,,12737.25,30/03/2026 09:18:43
15069,191560.25,9577.8,,,,9577.8,31/03/2026 08:14:28
43459,187052.69999999998,9352.55,,,,9352.55,03/04/2026 12:33:49
76005,464100.0,232.04999999999998,,,,232.04999999999998,31/03/2026 08:06:47
65941,240768.44999999998,12038.55,,,,12038.55,01/04/2026 08:18:40
07549,254745.0,12737.25,,,,12737.25,30/03/2026 08:20:09
49366,246245.0,12312.25,,,,12312.25,01/04/2026 09:44:56
31395,196838.75,9842.15,,,,9842.15,02/04/2026 10:04:12
71552,250759.35,12538.35,,,,12538.35,30/03/2026 07:00:45
43361,205695.75,102.85,,,,102.85,30/03/2026 08:13:39
44086,191560.25,9577.8,,,,9577.8,30/03/2026 09:23:45
56778,189860.25,9492.8,,,,9492.8,03/04/2026 12:33:50
80860,181441.0,9072.05,,,,9072.05,30/03/2026 07:56:55
85504,190184.94999999998,9508.949999999999,,,,9508.949999999999,01/04/2026 07:55:44
60586,297245.0,14862.25,,,,14862.25,31/03/2026 09:38:09
15674,240108.0,12005.4,,,,12005.4,31/03/2026 09:50:44
96478,499800.0,249.9,,,,249.9,31/03/2026 09:10:31
39468,447304.0,22365.2,,,,22365.2,31/03/2026 07:57:27
89598,179571.0,8978.55,,,,8978.55,31/03/2026 09:27:30
64248,241995.0,12099.75,,,,12099.75,30/03/2026 07:09:06
71468,251919.6,12596.15,,,,12596.15,30/03/2026 07:16:51
79789,181441.0,9072.05,,,,9072.05,01/04/2026 08:43:39
38569,279650.0,279.65,,,,279.65,30/03/2026 08:53:32
86015,187052.69999999998,9352.55,,,,9352.55,31/03/2026 10:51:08
04750,237955.8,11897.449999999999,,,,11897.449999999999,30/03/2026 09:31:59
82697,253521.0,12676.05,,,,12676.05,02/04/2026 08:36:39
10354,356306.39999999997,17815.149999999998,,,,17815.149999999998,31/03/2026 09:14:18
32850,187052.69999999998,9352.55,,,,9352.55,30/03/2026 09:53:53
35567,238119.0,11905.949999999999,,,,11905.949999999999,02/04/2026 10:58:21
04574,191560.25,9577.8,,,,9577.8,01/04/2026 09:47:44
24473,253045.0,12652.25,,,,12652.25,30/03/2026 08:38:09
22824,187052.69999999998,9352.55,,,,9352.55,31/03/2026 07:12:04
51713,247102.65,12354.75,,,,12354.75,01/04/2026 08:09:07
93951,253045.0,12652.25,,,,12652.25,31/03/2026 10:27:55
57976,208064.69999999998,10403.15,,,,10403.15,05/04/2026 12:07:42
12763,182210.25,9110.3,,,,9110.3,30/03/2026 11:12:51
21649,181441.0,9072.05,,,,9072.05,31/03/2026 08:30:34
86751,207463.75,10373.4,,,,10373.4,30/03/2026 10:39:33
36190,187052.69999999998,9352.55,,,,9352.55,30/03/2026 09:26:04
42947,254745.0,12737.25,,,,12737.25,01/04/2026 10:28:47
01033,191560.25,9577.8,,,,9577.8,31/03/2026 08:15:58
68447,181441.0,9072.05,,,,9072.05,30/03/2026 10:20:18
23076,181982.44999999998,9099.25,,,,9099.25,01/04/2026 07:25:17
66503,253045.0,12652.25,,,,12652.25,30/03/2026 10:38:12
87789,187125.8,9355.949999999999,,,,9355.949999999999,31/03/2026 08:50:16
31467,255630.69999999998,12781.449999999999,,,,12781.449999999999,02/04/2026 12:12:19
23655,359635.0,17981.75,,,,17981.75,03/04/2026 12:33:40
31156,297245.0,14862.25,,,,14862.25,30/03/2026 07:02:27
81634,254745.0,12737.25,,,,12737.25,30/03/2026 09:57:10
55283,189306.05,9465.6,,,,9465.6,30/03/2026 11:06:41
83598,203275.8,10163.449999999999,,,,10163.449999999999,30/03/2026 09:42:38
09929,247945.0,12397.25,,,,12397.25,30/03/2026 08:19:17
90365,242278.9,12114.199999999999,,,,12114.199999999999,03/04/2026 12:33:38
46302,243669.5,12183.9,,,,12183.9,01/04/2026 09:04:07
42883,254745.0,12737.25,,,,12737.25,30/03/2026 11:21:45
35126,254745.0,12737.25,,,,12737.25,31/03/2026 09:01:27
88955,200855.85,10042.75,,,,10042.75,30/03/2026 10:14:20
99818,205695.75,102.85,,,,102.85,31/03/2026 09:18:25
46727,258603.15,12930.199999999999,,,,12930.199999999999,01/04/2026 10:07:02
59310,204114.75,10205.949999999999,,,,10205.949999999999,04/04/2026 12:07:57
82322,181474.15,9073.75,,,,9073.75,31/03/2026 09:10:25
86964,203275.8,10163.449999999999,,,,10163.449999999999,30/03/2026 07:47:10
91709,243669.5,12183.9,,,,12183.9,30/03/2026 08:20:37
51744,202113.85,10105.65,,,,10105.65,02/04/2026 07:21:30
47984,245453.65,12272.3,,,,12272.3,01/04/2026 07:11:33
47237,203190.8,10159.199999999999,,,,10159.199999999999,30/03/2026 08:36:49
69998,182421.05,9121.35,,,,9121.35,31/03/2026 09:49:05
04849,297245.0,14862.25,,,,14862.25,30/03/2026 08:53:39
29907,196066.94999999998,9803.05,,,,9803.05,31/03/2026 10:18:30
17020,183627.19999999998,9181.699999999999,,,,9181.699999999999,30/03/2026 07:27:39
83645,189306.05,9465.6,,,,9465.6,03/04/2026 12:33:40
03185,254745.0,12737.25,,,,12737.25,31/03/2026 08:55:26
08414,194830.19999999998,9741.85,,,,9741.85,01/04/2026 09:47:13
32293,525257.5,26263.3,,,,26263.3,31/03/2026 08:30:39
66264,189306.05,9465.6,,,,9465.6,31/03/2026 07:25:16
92849,297245.0,14862.25,,,,14862.25,31/03/2026 08:48:49
69500,280245.0,14012.25,,,,14012.25,01/04/2026 07:04:09
90241,219850.8,10992.199999999999,,,,10992.199999999999,31/03/2026 08:35:03
70584,266665.39999999997,13333.1,,,,13333.1,30/03/2026 07:52:33
16131,261507.6,13075.55,,,,13075.55,30/03/2026 10:27:44
58187,208364.75,10418.449999999999,,,,10418.449999999999,30/03/2026 10:52:06
05493,202577.1,10128.6,,,,10128.6,29/03/2026 08:54:51
02858,270895.0,13544.75,,,,13544.75,30/03/2026 09:11:50
96920,497787.2,24889.7,,,,24889.7,29/03/2026 07:20:12
13872,198321.15,9916.1,,,,9916.1,29/03/2026 07:31:21
43111,197314.75,9865.949999999999,,,,9865.949999999999,31/03/2026 10:51:47
27294,271837.64999999997,1359.1499999999999,,,,1359.1499999999999,29/03/2026 09:50:16
30373,280245.0,14012.25,,,,14012.25,01/04/2026 08:07:42
72426,218603.85,10930.15,,,,10930.15,30/03/2026 09:43:44
50037,27415.05,2741.25,,,,2741.25,29/03/2026 08:36:42
40823,280245.0,,7006.55,,,7006.55,29/03/2026 10:14:20
98418,280245.0,14012.25,,,,14012.25,29/03/2026 09:10:14
61382,187052.69999999998,9352.55,,,,9352.55,01/04/2026 09:33:42
75092,202113.85,10105.65,,,,10105.65,30/03/2026 07:19:47
14778,280245.0,14012.25,,,,14012.25,02/04/2026 12:14:18
03091,270895.0,13544.75,,,,13544.75,29/03/2026 10:39:49
96950,442245.64999999997,22111.899999999998,,,,22111.899999999998,29/03/2026 10:28:48
08049,146841.75,1468.8,,,,1468.8,31/03/2026 08:39:42
81469,246713.35,12336.05,,,,12336.05,30/03/2026 08:15:38
89785,208364.75,10418.449999999999,,,,10418.449999999999,30/03/2026 08:42:47
97845,208364.75,10418.449999999999,,,,10418.449999999999,31/03/2026 08:55:40
37848,280245.0,14012.25,,,,14012.25,29/03/2026 07:02:30
94734,208364.75,10418.449999999999,,,,10418.449999999999,31/03/2026 09:58:17
39758,208364.75,10418.449999999999,,,,10418.449999999999,30/03/2026 09:40:30
95327,280245.0,14012.25,,,,14012.25,30/03/2026 10:33:26
77752,261575.6,13078.949999999999,,,,13078.949999999999,29/03/2026 07:27:39
86890,280245.0,14012.25,,,,14012.25,29/03/2026 09:14:35
11225,228878.65,11443.55,,,,11443.55,30/03/2026 08:25:17
07395,205082.05,10254.4,,,,10254.4,29/03/2026 10:28:49
40752,208339.25,10416.75,,,,10416.75,01/04/2026 07:22:52
36731,280245.0,14012.25,,,,14012.25,29/03/2026 10:30:29
80651,195869.75,9793.699999999999,,,,9793.699999999999,30/03/2026 10:02:03
96683,280245.0,14012.25,,,,14012.25,29/03/2026 10:21:38
78761,269195.0,13459.75,,,,13459.75,30/03/2026 08:10:27
27854,199014.75,9950.949999999999,,,,9950.949999999999,29/03/2026 09:07:31
54647,261575.6,13078.949999999999,,,,13078.949999999999,04/04/2026 12:17:54
53278,180291.8,9014.25,,,,9014.25,29/03/2026 09:19:48
30750,271837.64999999997,1359.1499999999999,,,,1359.1499999999999,30/03/2026 09:57:57
75923,456399.0,22819.95,,,,22819.95,30/03/2026 10:48:45
03691,28858.35,2885.75,,,,2885.75,29/03/2026 10:52:54
69264,225420.0,1127.1,,,,1127.1,30/03/2026 07:16:40
40254,228878.65,11443.55,,,,11443.55,29/03/2026 09:59:47
83290,186626.85,9331.3,,,,9331.3,30/03/2026 09:28:06
35537,208364.75,10418.449999999999,,,,10418.449999999999,29/03/2026 08:57:07
60545,208364.75,10418.449999999999,,,,10418.449999999999,31/03/2026 08:34:14
11548,225420.0,1127.1,,,,1127.1,31/03/2026 07:30:54
50587,202113.85,10105.65,,,,10105.65,30/03/2026 10:13:30
13965,215938.25,10796.699999999999,,,,10796.699999999999,30/03/2026 08:38:26
94166,208420.0,1042.1,,,,1042.1,29/03/2026 09:18:35
08191,209589.6,10479.65,,,,10479.65,02/04/2026 12:20:26
68343,202113.85,10105.65,,,,10105.65,30/03/2026 10:48:15
50284,280219.5,14011.4,,,,14011.4,02/04/2026 07:21:07
63588,193499.94999999998,9674.699999999999,,,,9674.699999999999,01/04/2026 07:21:53
63297,271382.05,13569.4,,,,13569.4,29/03/2026 08:07:31
45926,280245.0,14012.25,,,,14012.25,30/03/2026 09:06:32
58284,208364.75,10418.449999999999,,,,10418.449999999999,30/03/2026 07:53:16
52991,261575.6,13078.949999999999,,,,13078.949999999999,31/03/2026 10:04:39
57935,274652.85,13732.6,,,,13732.6,30/03/2026 10:10:16
75681,198295.65,9914.4,,,,9914.4,30/03/2026 08:53:22
34329,177378.85,8868.9,,,,8868.9,30/03/2026 08:47:28
11058,222856.4,11142.65,,,,11142.65,30/03/2026 09:56:16
63782,208364.75,10418.449999999999,,,,10418.449999999999,31/03/2026 09:07:04
07596,183361.15,9168.1,,,,9168.1,30/03/2026 07:32:23
50734,275830.95,13791.25,,,,13791.25,30/03/2026 09:48:18
14138,280245.0,14012.25,,,,14012.25,30/03/2026 09:25:42
70985,279410.3,13970.6,,,,13970.6,30/03/2026 08:19:05
50807,202113.85,10105.65,,,,10105.65,29/03/2026 10:27:07
19401,280245.0,14012.25,,,,14012.25,29/03/2026 09:32:00
62822,280245.0,14012.25,,,,14012.25,29/03/2026 09:31:32
39150,193813.6,9690.85,,,,9690.85,31/03/2026 09:23:35
82232,208364.75,10418.449999999999,,,,10418.449999999999,30/03/2026 07:34:42
84848,208364.75,10418.449999999999,,,,10418.449999999999,29/03/2026 07:14:38
41193,202113.85,10105.65,,,,10105.65,29/03/2026 08:11:32
08707,208364.75,10418.449999999999,,,,10418.449999999999,30/03/2026 10:11:50
50052,292264.0,14613.199999999999,,,,14613.199999999999,31/03/2026 07:18:23
46414,204232.05,10211.9,,,,10211.9,31/03/2026 09:13:54
20821,202113.85,10105.65,,,,10105.65,30/03/2026 08:35:40
19333,208364.75,10418.449999999999,,,,10418.449999999999,31/03/2026 08:05:10
98240,280245.0,14012.25,,,,14012.25,30/03/2026 08:01:06
24790,208364.75,10418.449999999999,,,,10418.449999999999,30/03/2026 09:52:35
76390,208364.75,10418.449999999999,,,,10418.449999999999,01/04/2026 09:21:55
19620,346715.0,17335.75,,,,17335.75,29/03/2026 07:33:52
08626,273465.39999999997,13673.1,,,,13673.1,03/04/2026 12:11:41
65779,208364.75,10418.449999999999,,,,10418.449999999999,29/03/2026 10:27:16
17577,240649.44999999998,12032.6,,,,12032.6,30/03/2026 08:02:12
92648,239311.55,11965.449999999999,,,,11965.449999999999,30/03/2026 07:50:02
47668,181441.0,9072.05,,,,9072.05,29/03/2026 07:50:52
51377,246713.35,12336.05,,,,12336.05,01/04/2026 08:04:52
34560,234322.9,11716.4,,,,11716.4,29/03/2026 07:30:37
23085,274683.45,13734.3,,,,13734.3,29/03/2026 08:43:16
48060,280245.0,14012.25,,,,14012.25,01/04/2026 07:26:29
24069,542300.0,271.15,,,,271.15,29/03/2026 08:19:15
32409,187237.15,9361.9,,,,9361.9,30/03/2026 09:47:29
29546,198321.15,9916.1,,,,9916.1,31/03/2026 09:50:29
72576,28858.35,2885.75,,,,2885.75,31/03/2026 12:10:48
65439,261575.6,13078.949999999999,,,,13078.949999999999,31/03/2026 10:40:17
40387,187052.69999999998,9352.55,,,,9352.55,29/03/2026 10:41:28
31171,183537.94999999998,9176.6,,,,9176.6,29/03/2026 10:38:52
84822,215934.0,10796.699999999999,,,,10796.699999999999,29/03/2026 09:17:10
00832,51866.15,5186.7,,,,5186.7,30/03/2026 07:51:51
75706,178150.65,8907.15,,,,8907.15,30/03/2026 10:05:58
36498,472480.14999999997,23624.05,,,,23624.05,30/03/2026 10:46:51
48242,447965.3,22398.35,,,,22398.35,30/03/2026 09:36:14
59178,185813.4,929.05,,,,929.05,29/03/2026 09:10:09
31410,445876.0,22293.8,,,,22293.8,30/03/2026 09:29:01
31790,472600.0,236.29999999999998,,,,236.29999999999998,30/03/2026 09:43:08
11782,401675.14999999997,20083.8,,,,20083.8,30/03/2026 09:01:55
71515,253045.0,12652.25,,,,12652.25,31/03/2026 10:59:16
44904,175951.69999999998,879.75,,,,879.75,01/04/2026 07:29:45
44320,253045.0,12652.25,,,,12652.25,30/03/2026 07:12:08
42334,255630.69999999998,12781.449999999999,,,,12781.449999999999,29/03/2026 10:11:24
88934,254745.0,12737.25,,,,12737.25,02/04/2026 12:19:49
53332,194986.6,974.9499999999999,,,,974.9499999999999,29/03/2026 07:02:11
95921,51673.2,5167.15,,,,5167.15,31/03/2026 08:34:16
21812,203066.69999999998,10153.25,,,,10153.25,29/03/2026 07:24:01
39059,199524.75,9976.449999999999,,,,9976.449999999999,30/03/2026 10:20:31
46091,196066.94999999998,9803.05,,,,9803.05,30/03/2026 10:36:47
57840,204017.0,10200.85,,,,10200.85,30/03/2026 07:07:18
16070,187052.69999999998,9352.55,,,,9352.55,29/03/2026 09:00:19
06089,189306.05,9465.6,,,,9465.6,30/03/2026 09:00:36
60131,247102.65,12354.75,,,,12354.75,31/03/2026 10:39:51
48549,191560.25,9577.8,,,,9577.8,30/03/2026 08:28:10
62193,253045.0,12652.25,,,,12652.25,31/03/2026 08:27:16
84192,254745.0,12737.25,,,,12737.25,30/03/2026 07:13:35
84078,181441.0,9072.05,,,,9072.05,30/03/2026 09:34:43
58910,247102.65,12354.75,,,,12354.75,30/03/2026 09:34:01
50033,189003.44999999998,9450.3,,,,9450.3,29/03/2026 08:38:21
52207,216864.75,10843.449999999999,,,,10843.449999999999,30/03/2026 10:36:27
32568,216864.75,10843.449999999999,,,,10843.449999999999,29/03/2026 07:54:25
09565,288719.5,14436.4,,,,14436.4,30/03/2026 08:25:05
36223,191560.25,9577.8,,,,9577.8,29/03/2026 10:21:44
49431,216864.75,10843.449999999999,,,,10843.449999999999,29/03/2026 10:35:06
57790,216839.25,10841.75,,,,10841.75,30/03/2026 09:52:46
02927,281622.0,14081.1,,,,14081.1,30/03/2026 10:56:24
19443,185813.4,929.05,,,,929.05,31/03/2026 10:26:18
75045,200464.85,10023.199999999999,,,,10023.199999999999,31/03/2026 08:11:19
79045,296650.0,296.65,,,,296.65,05/04/2026 12:20:08
18790,216864.75,10843.449999999999,,,,10843.449999999999,01/04/2026 09:45:46
41526,191560.25,9577.8,,,,9577.8,30/03/2026 10:17:51
50174,171277.55,8563.75,,,,8563.75,29/03/2026 09:33:01
30679,292995.0,14649.75,,,,14649.75,10/04/2026 12:04:08
47827,288745.0,14437.25,,,,14437.25,31/03/2026 10:19:21
16917,292995.0,14649.75,,,,14649.75,29/03/2026 08:11:22
58339,191560.25,9577.8,,,,9577.8,29/03/2026 10:39:57
73380,247945.0,12397.25,,,,12397.25,31/03/2026 07:21:24
57263,191560.25,9577.8,,,,9577.8,30/03/2026 11:11:51
25001,191560.25,9577.8,,,,9577.8,29/03/2026 08:59:19
54101,191560.25,9577.8,,,,9577.8,29/03/2026 08:19:08
53720,191560.25,9577.8,,,,9577.8,29/03/2026 07:14:16
87609,180484.75,9024.449999999999,,,,9024.449999999999,30/03/2026 08:29:04
19942,185813.4,929.05,,,,929.05,29/03/2026 09:00:13
46824,182210.25,9110.3,,,,9110.3,29/03/2026 07:13:35
36536,254745.0,12737.25,,,,12737.25,31/03/2026 07:34:56
81844,247102.65,12354.75,,,,12354.75,31/03/2026 07:52:10
17390,205695.75,102.85,,,,102.85,30/03/2026 09:44:46
52085,191560.25,9577.8,,,,9577.8,30/03/2026 08:54:02
23411,247945.0,12397.25,,,,12397.25,30/03/2026 08:04:19
28176,191560.25,9577.8,,,,9577.8,30/03/2026 07:39:04
15443,247824.3,12391.3,,,,12391.3,30/03/2026 11:09:30
78985,191560.25,9577.8,,,,9577.8,30/03/2026 09:36:49
58709,185813.4,929.05,,,,929.05,30/03/2026 08:16:31
71150,465800.0,232.9,,,,232.9,29/03/2026 09:35:13
79232,247102.65,12354.75,,,,12354.75,29/03/2026 07:39:42
62098,254745.0,12737.25,,,,12737.25,30/03/2026 09:24:39
74711,214070.8,10703.199999999999,,,,10703.199999999999,30/03/2026 10:14:39
57519,191560.25,9577.8,,,,9577.8,30/03/2026 10:42:08
88069,185813.4,929.05,,,,929.05,29/03/2026 08:31:18
18443,239337.05,11967.15,,,,11967.15,02/04/2026 12:44:31
79625,254745.0,12737.25,,,,12737.25,31/03/2026 08:10:35
66392,224175.6,11208.949999999999,,,,11208.949999999999,29/03/2026 07:37:59
18556,191560.25,9577.8,,,,9577.8,29/03/2026 07:32:16
34130,182184.75,9109.449999999999,,,,9109.449999999999,30/03/2026 10:36:25
99669,188968.6,9448.6,,,,9448.6,30/03/2026 09:01:06
53015,191560.25,9577.8,,,,9577.8,30/03/2026 10:56:41
86156,191560.25,9577.8,,,,9577.8,30/03/2026 07:56:16
35639,187729.3,9386.55,,,,9386.55,30/03/2026 10:17:49
24673,185813.4,929.05,,,,929.05,30/03/2026 08:52:50
08913,254745.0,12737.25,,,,12737.25,31/03/2026 08:54:50
32833,247102.65,12354.75,,,,12354.75,29/03/2026 08:11:43
47229,191560.25,9577.8,,,,9577.8,30/03/2026 09:52:38
14916,238765.0,11938.25,,,,11938.25,30/03/2026 07:43:07
87783,254745.0,,6369.05,,,6369.05,29/03/2026 10:12:20
59333,27992.2,2799.0499999999997,,,,2799.0499999999997,29/03/2026 08:12:06
85406,247102.65,12354.75,,,,12354.75,30/03/2026 09:42:29
31876,254745.0,12737.25,,,,12737.25,29/03/2026 07:55:36
46274,191560.25,9577.8,,,,9577.8,01/04/2026 09:28:14
99669,200826.94999999998,10041.05,,,,10041.05,02/04/2026 12:38:03
99669,264879.55,13243.85,,,,13243.85,02/04/2026 12:38:03
18540,191560.25,9577.8,,,,9577.8,30/03/2026 07:12:52
97968,191560.25,9577.8,,,,9577.8,01/04/2026 07:57:41
71532,191560.25,9577.8,,,,9577.8,30/03/2026 07:29:59
52342,180510.25,9025.3,,,,9025.3,29/03/2026 09:54:29
19483,254745.0,12737.25,,,,12737.25,30/03/2026 10:50:10
72563,185813.4,929.05,,,,929.05,03/04/2026 12:11:44
34371,251908.55,12595.3,,,,12595.3,01/04/2026 10:19:59
77308,255630.69999999998,12781.449999999999,,,,12781.449999999999,30/03/2026 07:03:30
53062,191560.25,9577.8,,,,9577.8,30/03/2026 09:31:02
21471,186776.44999999998,9338.949999999999,,,,9338.949999999999,01/04/2026 10:22:43
18062,247102.65,12354.75,,,,12354.75,30/03/2026 09:31:28
32359,191560.25,9577.8,,,,9577.8,30/03/2026 10:34:36
59660,191560.25,9577.8,,,,9577.8,29/03/2026 07:41:25
31857,247102.65,12354.75,,,,12354.75,30/03/2026 08:38:20
94647,180510.25,9025.3,,,,9025.3,29/03/2026 11:01:45
77469,185813.4,929.05,,,,929.05,05/04/2026 12:19:42
66779,191560.25,9577.8,,,,9577.8,29/03/2026 10:32:31
22573,180510.25,9025.3,,,,9025.3,30/03/2026 08:10:01
04571,252195.0,12609.75,,,,12609.75,29/03/2026 10:21:48
17645,191560.25,9577.8,,,,9577.8,29/03/2026 08:22:55
27124,257480.3,12874.1,,,,12874.1,30/03/2026 07:26:06
09494,191560.25,9577.8,,,,9577.8,29/03/2026 09:11:35
20139,191560.25,9577.8,,,,9577.8,30/03/2026 10:53:27
47734,185813.4,929.05,,,,929.05,29/03/2026 09:35:49
60726,254745.0,12737.25,,,,12737.25,31/03/2026 09:39:13
90152,191560.25,9577.8,,,,9577.8,31/03/2026 07:46:31
29577,168572.85,8428.6,,,,8428.6,29/03/2026 08:26:50
17729,254745.0,12737.25,,,,12737.25,04/04/2026 12:07:30
97051,191560.25,9577.8,,,,9577.8,30/03/2026 10:20:45
06801,254745.0,12737.25,,,,12737.25,01/04/2026 08:08:07
66390,254745.0,12737.25,,,,12737.25,29/03/2026 09:31:32
20082,455610.2,22780.85,,,,22780.85,30/03/2026 09:11:54
75345,191560.25,9577.8,,,,9577.8,29/03/2026 08:06:15
21332,254745.0,12737.25,,,,12737.25,30/03/2026 07:32:45
51960,185813.4,929.05,,,,929.05,29/03/2026 07:16:28
21233,191560.25,9577.8,,,,9577.8,29/03/2026 08:58:24
34971,254745.0,12737.25,,,,12737.25,31/03/2026 10:30:46
74747,254745.0,12737.25,,,,12737.25,31/03/2026 10:21:44
99057,225420.0,1127.1,,,,1127.1,03/04/2026 12:11:45
21908,254745.0,12737.25,,,,12737.25,02/04/2026 07:05:39
18141,201955.75,1009.8,,,,1009.8,29/03/2026 08:14:23
16507,247102.65,12354.75,,,,12354.75,29/03/2026 10:13:14
69741,178150.65,8907.15,,,,8907.15,30/03/2026 08:35:32
05820,254745.0,12737.25,,,,12737.25,31/03/2026 07:12:48
05141,185813.4,929.05,,,,929.05,29/03/2026 08:24:56
84562,254745.0,12737.25,,,,12737.25,30/03/2026 09:15:00
46516,252717.75,12636.1,,,,12636.1,31/03/2026 07:23:34
34748,254745.0,12737.25,,,,12737.25,29/03/2026 07:46:39
46110,252090.44999999998,12604.65,,,,12604.65,30/03/2026 09:05:06
74670,185813.4,929.05,,,,929.05,04/04/2026 12:07:59
27576,236895.0,11844.75,,,,11844.75,30/03/2026 07:31:17
72342,191560.25,9577.8,,,,9577.8,29/03/2026 09:15:39
01221,254745.0,12737.25,,,,12737.25,29/03/2026 08:46:10
16901,253045.0,12652.25,,,,12652.25,29/03/2026 08:02:30
64631,254745.0,12737.25,,,,12737.25,29/03/2026 10:17:29
18845,53990.299999999996,5399.2,,,,5399.2,30/03/2026 09:11:50
89826,191560.25,9577.8,,,,9577.8,02/04/2026 12:36:44
84754,186816.4,9340.65,,,,9340.65,29/03/2026 09:04:30
37430,180459.25,9022.75,,,,9022.75,30/03/2026 09:18:59
78067,254745.0,12737.25,,,,12737.25,31/03/2026 10:23:02
28741,191560.25,9577.8,,,,9577.8,30/03/2026 08:10:12
44657,254745.0,12737.25,,,,12737.25,30/03/2026 08:26:08
62970,254745.0,12737.25,,,,12737.25,30/03/2026 09:29:32
61934,191560.25,9577.8,,,,9577.8,29/03/2026 09:30:27
56579,27992.2,2799.0499999999997,,,,2799.0499999999997,30/03/2026 10:54:35
70549,254745.0,12737.25,,,,12737.25,30/03/2026 08:54:24
44502,221114.75,11055.949999999999,,,,11055.949999999999,02/04/2026 12:37:16
99361,254745.0,12737.25,,,,12737.25,30/03/2026 08:33:14
16976,191560.25,9577.8,,,,9577.8,30/03/2026 07:57:51
95125,187999.6,9400.15,,,,9400.15,29/03/2026 08:10:09
61013,171277.55,8563.75,,,,8563.75,30/03/2026 08:16:44
94298,191560.25,9577.8,,,,9577.8,30/03/2026 09:20:06
55620,193813.6,9690.85,,,,9690.85,29/03/2026 07:38:45
06551,191560.25,9577.8,,,,9577.8,29/03/2026 10:27:38
79488,248194.05,124.1,,,,124.1,31/03/2026 07:06:20
94709,254745.0,12737.25,,,,12737.25,30/03/2026 08:47:43
52086,205695.75,102.85,,,,102.85,30/03/2026 09:53:30
34005,247945.0,12397.25,,,,12397.25,30/03/2026 08:05:47
88341,191235.55,9561.65,,,,9561.65,31/03/2026 08:28:35
71809,254745.0,12737.25,,,,12737.25,31/03/2026 08:03:10
33729,249464.8,12472.9,,,,12472.9,05/04/2026 12:19:51
44470,254745.0,12737.25,,,,12737.25,30/03/2026 09:48:14
85414,252477.19999999998,12624.199999999999,,,,12624.199999999999,01/04/2026 09:54:32
67043,242007.75,12100.6,,,,12100.6,30/03/2026 10:40:28
51183,247102.65,12354.75,,,,12354.75,30/03/2026 10:02:24
59185,205695.75,102.85,,,,102.85,29/03/2026 08:41:13
37916,185813.4,929.05,,,,929.05,29/03/2026 07:39:14
52331,254745.0,12737.25,,,,12737.25,29/03/2026 10:21:17
79418,191228.75,9561.65,,,,9561.65,30/03/2026 10:00:05
37285,254745.0,12737.25,,,,12737.25,30/03/2026 08:02:43
59834,185813.4,929.05,,,,929.05,01/04/2026 09:32:33
87420,205695.75,102.85,,,,102.85,30/03/2026 07:25:46
91397,191560.25,9577.8,,,,9577.8,29/03/2026 08:26:23
68562,27992.2,2799.0499999999997,,,,2799.0499999999997,29/03/2026 09:52:47
07255,185813.4,929.05,,,,929.05,29/03/2026 10:04:34
48164,254745.0,12737.25,,,,12737.25,29/03/2026 08:04:10
11547,247102.65,12354.75,,,,12354.75,30/03/2026 10:17:51
57460,191560.25,9577.8,,,,9577.8,31/03/2026 07:55:37
23081,191560.25,9577.8,,,,9577.8,29/03/2026 08:02:49
27574,199758.5,9988.35,,,,9988.35,30/03/2026 09:38:05
30239,253045.0,12652.25,,,,12652.25,30/03/2026 11:08:50
58908,255605.19999999998,12780.6,,,,12780.6,30/03/2026 07:30:45
79731,191560.25,9577.8,,,,9577.8,30/03/2026 10:20:13
40081,191560.25,9577.8,,,,9577.8,29/03/2026 08:41:12
17468,189014.5,9451.15,,,,9451.15,02/04/2026 07:31:45
67988,185813.4,929.05,,,,929.05,31/03/2026 07:47:23
97321,190326.05,9516.6,,,,9516.6,29/03/2026 08:16:14
17000,185813.4,929.05,,,,929.05,29/03/2026 07:05:41
46752,191560.25,9577.8,,,,9577.8,01/04/2026 07:57:44
42301,254745.0,12737.25,,,,12737.25,30/03/2026 08:13:14
28901,185813.4,929.05,,,,929.05,01/04/2026 08:25:14
45057,191560.25,9577.8,,,,9577.8,29/03/2026 08:42:34
78219,247102.65,12354.75,,,,12354.75,01/04/2026 10:31:32
17842,292995.0,14649.75,,,,14649.75,30/03/2026 09:23:21
81137,253895.0,12694.75,,,,12694.75,30/03/2026 08:07:21
80903,248149.0,12407.449999999999,,,,12407.449999999999,31/03/2026 10:45:03
77892,191560.25,9577.8,,,,9577.8,29/03/2026 08:00:04
51812,186083.69999999998,9304.1,,,,9304.1,31/03/2026 07:19:59
98462,28858.35,2885.75,,,,2885.75,29/03/2026 09:14:21
53715,241995.0,12099.75,,,,12099.75,30/03/2026 10:56:41
75681,247102.65,12354.75,,,,12354.75,30/03/2026 09:15:38
36415,189834.75,9491.949999999999,,,,9491.949999999999,29/03/2026 10:33:23
97952,191560.25,9577.8,,,,9577.8,29/03/2026 07:27:54
25046,189482.0,9474.1,,,,9474.1,30/03/2026 09:13:47
19467,185813.4,929.05,,,,929.05,29/03/2026 10:48:58
82907,191560.25,9577.8,,,,9577.8,02/04/2026 12:34:45
77429,251277.0,12563.85,,,,12563.85,29/03/2026 08:31:02
08752,191560.25,9577.8,,,,9577.8,29/03/2026 07:59:59
41119,247102.65,12354.75,,,,12354.75,29/03/2026 11:21:33
50220,185813.4,929.05,,,,929.05,30/03/2026 07:48:47
62469,227386.05,11369.6,,,,11369.6,29/03/2026 08:27:30
26452,253150.4,12657.35,,,,12657.35,30/03/2026 07:11:13
30561,247102.65,12354.75,,,,12354.75,29/03/2026 08:59:04
02406,191441.25,9571.85,,,,9571.85,29/03/2026 09:19:40
70985,254745.0,12737.25,,,,12737.25,30/03/2026 08:14:34
78638,182022.4,9100.949999999999,,,,9100.949999999999,29/03/2026 10:18:35
13681,273071.85,13653.55,,,,13653.55,04/04/2026 01:33:35
63812,254745.0,12737.25,,,,12737.25,30/03/2026 07:04:55
01771,200944.25,1004.6999999999999,,,,1004.6999999999999,29/03/2026 11:11:56
29493,254745.0,12737.25,,,,12737.25,31/03/2026 08:35:56
54213,166139.3,8307.05,,,,8307.05,30/03/2026 08:09:24
48956,297245.0,14862.25,,,,14862.25,30/03/2026 07:53:07
41349,190370.25,9518.3,,,,9518.3,29/03/2026 08:23:30
94030,251502.25,12574.9,,,,12574.9,29/03/2026 09:55:46
27164,254745.0,12737.25,,,,12737.25,29/03/2026 07:36:46
40753,53990.299999999996,5399.2,,,,5399.2,30/03/2026 08:58:17
85075,465800.0,232.9,,,,232.9,30/03/2026 10:27:36
42487,245395.0,12269.75,,,,12269.75,31/03/2026 10:02:57
70936,185813.4,929.05,,,,929.05,29/03/2026 07:57:02
72850,248117.55,12405.75,,,,12405.75,01/04/2026 09:15:12
21341,235744.94999999998,11786.949999999999,,,,11786.949999999999,29/03/2026 08:12:37
93627,267520.5,13376.449999999999,,,,13376.449999999999,29/03/2026 10:59:11
43244,191560.25,9577.8,,,,9577.8,01/04/2026 07:16:11
76641,465800.0,232.9,,,,232.9,30/03/2026 08:28:32
17001,247102.65,12354.75,,,,12354.75,30/03/2026 08:51:20
09421,254745.0,12737.25,,,,12737.25,31/03/2026 08:53:11
50736,191560.25,9577.8,,,,9577.8,29/03/2026 07:13:57
00377,255630.69999999998,12781.449999999999,,,,12781.449999999999,30/03/2026 08:43:55
43823,205695.75,102.85,,,,102.85,29/03/2026 10:18:07
30952,261575.6,13078.949999999999,,,,13078.949999999999,01/04/2026 07:08:42
84850,254745.0,12737.25,,,,12737.25,30/03/2026 09:18:26
47880,254745.0,12737.25,,,,12737.25,01/04/2026 07:20:33
55344,234541.35,11727.449999999999,,,,11727.449999999999,30/03/2026 08:15:28
61349,185813.4,929.05,,,,929.05,30/03/2026 08:17:46
25260,254745.0,12737.25,,,,12737.25,30/03/2026 07:23:02
61641,247851.5,1239.3,,,,1239.3,30/03/2026 08:26:48
16040,255630.69999999998,12781.449999999999,,,,12781.449999999999,30/03/2026 07:32:44
60655,237057.35,11853.25,,,,11853.25,29/03/2026 10:39:01
48690,247988.35,12399.8,,,,12399.8,29/03/2026 09:19:01
54067,247102.65,12354.75,,,,12354.75,29/03/2026 10:52:46
24715,254745.0,12737.25,,,,12737.25,29/03/2026 10:17:55
05137,191560.25,9577.8,,,,9577.8,30/03/2026 08:30:05
43289,254745.0,12737.25,,,,12737.25,30/03/2026 08:01:40
67384,185813.4,929.05,,,,929.05,29/03/2026 07:52:17
68919,254745.0,12737.25,,,,12737.25,29/03/2026 10:25:23
08931,254745.0,12737.25,,,,12737.25,31/03/2026 10:05:12
56072,254719.5,12736.4,,,,12736.4,30/03/2026 07:01:51
98472,254745.0,12737.25,,,,12737.25,30/03/2026 07:54:41
13106,191167.55,9558.25,,,,9558.25,30/03/2026 09:42:05
27649,191560.25,9577.8,,,,9577.8,30/03/2026 08:46:22
85066,254745.0,12737.25,,,,12737.25,29/03/2026 09:10:09
89632,191560.25,9577.8,,,,9577.8,30/03/2026 08:01:31
02391,186816.4,9340.65,,,,9340.65,31/03/2026 10:24:39
05841,199524.75,9976.449999999999,,,,9976.449999999999,29/03/2026 08:28:22
14262,191560.25,9577.8,,,,9577.8,30/03/2026 09:33:24
47625,186127.9,9306.65,,,,9306.65,30/03/2026 08:38:42
23680,254745.0,12737.25,,,,12737.25,29/03/2026 07:09:28
96542,191607.0,9580.35,,,,9580.35,30/03/2026 09:54:01
89706,185813.4,929.05,,,,929.05,30/03/2026 09:48:29
96438,273465.39999999997,13673.1,,,,13673.1,30/03/2026 09:21:29
77663,185813.4,929.05,,,,929.05,02/04/2026 12:32:22
66622,200574.5,10029.15,,,,10029.15,31/03/2026 09:43:43
66622,264548.05,13227.699999999999,,,,13227.699999999999,31/03/2026 09:43:43
62313,236895.0,11844.75,,,,11844.75,04/04/2026 12:33:31
67139,185813.4,929.05,,,,929.05,30/03/2026 10:35:49
92386,205695.75,102.85,,,,102.85,31/03/2026 09:18:53
33195,254745.0,12737.25,,,,12737.25,29/03/2026 10:08:19
15896,184734.75,9236.949999999999,,,,9236.949999999999,30/03/2026 07:08:26
86201,191560.25,9577.8,,,,9577.8,30/03/2026 08:31:15
43952,180484.75,9024.449999999999,,,,9024.449999999999,29/03/2026 07:08:54
49532,247102.65,12354.75,,,,12354.75,31/03/2026 07:36:45
94047,225364.75,11268.449999999999,,,,11268.449999999999,01/04/2026 10:35:06
47148,254745.0,12737.25,,,,12737.25,30/03/2026 07:18:15
53488,225271.25,11263.35,,,,11263.35,29/03/2026 07:18:54
18192,191560.25,9577.8,,,,9577.8,30/03/2026 07:31:33
62279,245395.0,12269.75,,,,12269.75,01/04/2026 11:19:36
36844,254745.0,12737.25,,,,12737.25,30/03/2026 07:08:58
76562,247102.65,12354.75,,,,12354.75,29/03/2026 09:56:35
33904,199524.75,9976.449999999999,,,,9976.449999999999,31/03/2026 07:43:41
44620,189010.25,9450.3,,,,9450.3,31/03/2026 07:34:41
48978,182382.8,9118.8,,,,9118.8,05/04/2026 12:20:24
04148,185813.4,929.05,,,,929.05,29/03/2026 07:40:56
16088,191560.25,9577.8,,,,9577.8,29/03/2026 07:55:46
36442,254745.0,12737.25,,,,12737.25,30/03/2026 09:03:58
91454,254745.0,12737.25,,,,12737.25,29/03/2026 09:47:06
68064,255630.69999999998,12781.449999999999,,,,12781.449999999999,31/03/2026 07:27:11
57768,247945.0,12397.25,,,,12397.25,04/04/2026 12:32:34
82440,199524.75,9976.449999999999,,,,9976.449999999999,02/04/2026 07:10:41
48873,253045.0,12652.25,,,,12652.25,30/03/2026 08:17:18
11535,254745.0,12737.25,,,,12737.25,31/03/2026 10:58:32
47490,254745.0,12737.25,,,,12737.25,29/03/2026 09:30:19
97038,451826.0,22591.3,,,,22591.3,31/03/2026 09:22:21
78955,254745.0,12737.25,,,,12737.25,29/03/2026 10:01:38
58675,247102.65,12354.75,,,,12354.75,29/03/2026 10:49:07
59976,172404.65,8619.85,,,,8619.85,29/03/2026 07:51:20
66152,254745.0,12737.25,,,,12737.25,30/03/2026 08:00:29
74162,254745.0,12737.25,,,,12737.25,29/03/2026 09:14:06
68611,185813.4,929.05,,,,929.05,29/03/2026 10:27:20
32494,465800.0,232.9,,,,232.9,29/03/2026 09:48:43
54481,247102.65,12354.75,,,,12354.75,29/03/2026 08:19:21
35452,191560.25,9577.8,,,,9577.8,30/03/2026 07:45:42
55327,247102.65,12354.75,,,,12354.75,31/03/2026 10:49:05
04535,191560.25,9577.8,,,,9577.8,04/04/2026 12:31:55
16821,181211.5,906.1,,,,906.1,31/03/2026 08:11:34
31949,185813.4,929.05,,,,929.05,30/03/2026 08:34:52
58316,185813.4,929.05,,,,929.05,29/03/2026 07:51:23
10159,247102.65,12354.75,,,,12354.75,30/03/2026 11:19:19
36226,254745.0,12737.25,,,,12737.25,30/03/2026 09:53:50
46415,254745.0,12737.25,,,,12737.25,30/03/2026 10:48:25
39625,185813.4,929.05,,,,929.05,29/03/2026 08:47:52
32208,251254.9,1256.3,,,,1256.3,29/03/2026 07:33:38
10112,173378.75,8669.15,,,,8669.15,30/03/2026 07:18:39
15228,237065.0,11853.25,,,,11853.25,29/03/2026 07:15:22
96111,191560.25,9577.8,,,,9577.8,01/04/2026 10:01:52
00876,254745.0,12737.25,,,,12737.25,30/03/2026 07:58:03
88479,50193.35,5019.25,,,,5019.25,01/04/2026 10:50:45
65444,297245.0,14862.25,,,,14862.25,30/03/2026 07:52:04
00566,205695.75,102.85,,,,102.85,30/03/2026 09:30:41
23553,247945.0,12397.25,,,,12397.25,31/03/2026 08:46:35
13722,189408.05,9470.699999999999,,,,9470.699999999999,31/03/2026 09:26:04
03803,191560.25,9577.8,,,,9577.8,29/03/2026 11:53:25
52276,191560.25,9577.8,,,,9577.8,04/04/2026 12:31:46
31612,191560.25,9577.8,,,,9577.8,29/03/2026 07:51:34
81490,191560.25,9577.8,,,,9577.8,31/03/2026 09:02:54
57199,233545.15,11677.3,,,,11677.3,29/03/2026 10:49:05
91314,251873.69999999998,12593.6,,,,12593.6,01/04/2026 09:30:17
70308,250294.4,12514.55,,,,12514.55,30/03/2026 07:46:42
57324,451826.0,22591.3,,,,22591.3,29/03/2026 07:15:11
42245,199524.75,9976.449999999999,,,,9976.449999999999,30/03/2026 08:42:11
05845,254745.0,12737.25,,,,12737.25,02/04/2026 12:33:53
43959,253980.0,1269.8999999999999,,,,1269.8999999999999,29/03/2026 10:31:44
37134,254745.0,12737.25,,,,12737.25,31/03/2026 09:35:15
86356,254745.0,12737.25,,,,12737.25,30/03/2026 07:42:36
53444,224175.6,11208.949999999999,,,,11208.949999999999,29/03/2026 07:29:06
40716,182210.25,9110.3,,,,9110.3,02/04/2026 12:43:46
30653,181012.6,9050.8,,,,9050.8,30/03/2026 08:48:10
28096,499800.0,249.9,,,,249.9,30/03/2026 07:24:49
31466,179867.65,899.3,,,,899.3,29/03/2026 09:38:45
24907,254745.0,12737.25,,,,12737.25,02/04/2026 10:05:36
65006,254609.0,12730.449999999999,,,,12730.449999999999,29/03/2026 09:29:01
42188,191560.25,9577.8,,,,9577.8,04/04/2026 12:32:25
73058,254745.0,12737.25,,,,12737.25,29/03/2026 10:01:53
22894,172404.65,8619.85,,,,8619.85,29/03/2026 09:15:22
83564,254745.0,12737.25,,,,12737.25,30/03/2026 07:36:02
22235,205695.75,102.85,,,,102.85,29/03/2026 10:30:06
39137,254745.0,12737.25,,,,12737.25,30/03/2026 08:21:43
44744,254745.0,12737.25,,,,12737.25,29/03/2026 07:31:53
97287,191560.25,9577.8,,,,9577.8,29/03/2026 10:55:13
48836,243695.0,12184.75,,,,12184.75,29/03/2026 07:50:50
52384,191560.25,9577.8,,,,9577.8,29/03/2026 07:57:19
33439,383718.05,3836.9,,,,3836.9,30/03/2026 10:55:01
95403,225420.0,1127.1,,,,1127.1,30/03/2026 10:46:18
33634,185813.4,929.05,,,,929.05,29/03/2026 09:06:25
29820,254745.0,12737.25,,,,12737.25,30/03/2026 07:45:12
56803,178382.69999999998,8919.05,,,,8919.05,30/03/2026 10:32:22
85765,247921.19999999998,12396.4,,,,12396.4,29/03/2026 08:57:08
55165,247945.0,12397.25,,,,12397.25,29/03/2026 08:48:23
32994,251466.55,12573.199999999999,,,,12573.199999999999,29/03/2026 09:45:23
65318,185813.4,929.05,,,,929.05,30/03/2026 09:27:43
42594,191560.25,9577.8,,,,9577.8,30/03/2026 09:39:11
47812,254745.0,12737.25,,,,12737.25,30/03/2026 07:59:07
78634,243298.9,12165.199999999999,,,,12165.199999999999,29/03/2026 09:09:32
04336,254745.0,12737.25,,,,12737.25,30/03/2026 08:00:29
59346,254745.0,12737.25,,,,12737.25,29/03/2026 09:25:09
63278,297245.0,14862.25,,,,14862.25,29/03/2026 09:04:38
10446,185813.4,929.05,,,,929.05,05/04/2026 12:20:14
09001,243695.0,12184.75,,,,12184.75,29/03/2026 08:34:21
32130,199524.75,9976.449999999999,,,,9976.449999999999,30/03/2026 09:38:18
10938,198321.15,9916.1,,,,9916.1,04/04/2026 12:31:54
18375,191560.25,9577.8,,,,9577.8,05/04/2026 12:19:34
45560,191560.25,9577.8,,,,9577.8,29/03/2026 07:34:18
19004,191560.25,9577.8,,,,9577.8,29/03/2026 07:06:29
40168,247102.65,12354.75,,,,12354.75,29/03/2026 07:28:46
00966,191560.25,9577.8,,,,9577.8,30/03/2026 10:44:15
17869,253564.35,12678.6,,,,12678.6,30/03/2026 08:22:45
05216,253728.4,12686.25,,,,12686.25,30/03/2026 07:13:51
83644,191560.25,9577.8,,,,9577.8,29/03/2026 07:42:52
98448,168572.85,8428.6,,,,8428.6,29/03/2026 07:42:16
14516,254745.0,12737.25,,,,12737.25,30/03/2026 07:19:40
83323,191560.25,9577.8,,,,9577.8,29/03/2026 10:54:59
69735,247102.65,12354.75,,,,12354.75,30/03/2026 11:16:56
46537,191560.25,9577.8,,,,9577.8,29/03/2026 08:51:01
85588,464193.5,23210.1,,,,23210.1,29/03/2026 07:38:51
28905,254745.0,12737.25,,,,12737.25,30/03/2026 08:41:36
35487,185813.4,929.05,,,,929.05,04/04/2026 12:31:50
26929,191560.25,9577.8,,,,9577.8,29/03/2026 08:26:28
14657,243669.5,12183.9,,,,12183.9,31/03/2026 08:04:21
57469,254694.0,12734.699999999999,,,,12734.699999999999,30/03/2026 08:04:41
42565,249182.6,12459.3,,,,12459.3,29/03/2026 08:32:08
67850,180066.55,9003.199999999999,,,,9003.199999999999,29/03/2026 09:05:58
52806,191296.75,9565.05,,,,9565.05,29/03/2026 09:46:42
50547,245395.0,12269.75,,,,12269.75,30/03/2026 10:27:25
49584,254626.0,12731.3,,,,12731.3,01/04/2026 07:26:29
44034,187990.25,9399.3,,,,9399.3,30/03/2026 09:24:07
53099,208115.69999999998,10405.699999999999,,,,10405.699999999999,30/03/2026 10:00:58
29608,254745.0,12737.25,,,,12737.25,30/03/2026 07:54:55
81642,185813.4,929.05,,,,929.05,30/03/2026 10:29:23
36861,226669.5,11333.9,,,,11333.9,29/03/2026 08:12:04
82499,218790.0,1093.95,,,,1093.95,30/03/2026 10:54:10
12508,191560.25,9577.8,,,,9577.8,29/03/2026 07:43:33
35593,185813.4,929.05,,,,929.05,31/03/2026 08:16:49
18741,254745.0,12737.25,,,,12737.25,29/03/2026 09:40:14
24824,254745.0,12737.25,,,,12737.25,29/03/2026 07:02:31
19768,255630.69999999998,12781.449999999999,,,,12781.449999999999,31/03/2026 07:38:31
36328,247102.65,12354.75,,,,12354.75,31/03/2026 07:43:40
29496,184760.25,9237.8,,,,9237.8,31/03/2026 07:04:12
73433,247102.65,12354.75,,,,12354.75,30/03/2026 08:54:16
08494,191560.25,9577.8,,,,9577.8,29/03/2026 09:03:44
31768,254745.0,12737.25,,,,12737.25,31/03/2026 07:04:35
59485,254745.0,12737.25,,,,12737.25,01/04/2026 08:42:04
34838,189014.5,9451.15,,,,9451.15,30/03/2026 09:23:53
87752,224175.6,11208.949999999999,,,,11208.949999999999,30/03/2026 07:21:31
09675,465800.0,232.9,,,,232.9,29/03/2026 11:09:32
62196,248830.69999999998,12441.449999999999,,,,12441.449999999999,05/04/2026 12:20:06
01768,191560.25,9577.8,,,,9577.8,03/04/2026 12:33:28
25001,191560.25,9577.8,,,,9577.8,30/03/2026 08:57:42
12856,254745.0,12737.25,,,,12737.25,31/03/2026 07:11:26
70315,182116.75,9106.05,,,,9106.05,31/03/2026 10:38:15
82793,254745.0,12737.25,,,,12737.25,30/03/2026 09:41:23
74854,261575.6,13078.949999999999,,,,13078.949999999999,29/03/2026 09:06:15
89917,180066.55,9003.199999999999,,,,9003.199999999999,29/03/2026 08:29:56
93002,185813.4,929.05,,,,929.05,30/03/2026 09:14:31
69810,191560.25,9577.8,,,,9577.8,30/03/2026 09:59:01
94000,191560.25,9577.8,,,,9577.8,30/03/2026 07:37:45
34780,182210.25,9110.3,,,,9110.3,08/04/2026 14:00:58
27670,504050.0,2520.25,,,,2520.25,29/03/2026 09:05:12
93275,254745.0,12737.25,,,,12737.25,29/03/2026 10:29:04
37685,191560.25,9577.8,,,,9577.8,30/03/2026 08:38:43
21819,247945.0,,6199.05,,,6199.05,29/03/2026 10:40:52
13615,191560.25,9577.8,,,,9577.8,29/03/2026 10:13:01
67932,191560.25,9577.8,,,,9577.8,31/03/2026 07:34:17
66044,254745.0,12737.25,,,,12737.25,30/03/2026 07:07:40
75794,189860.25,9492.8,,,,9492.8,30/03/2026 09:53:17
73060,247102.65,12354.75,,,,12354.75,30/03/2026 07:54:21
92500,296650.0,296.65,,,,296.65,01/04/2026 07:43:48
72970,191534.75,9576.949999999999,,,,9576.949999999999,01/04/2026 09:05:24
00375,182210.25,9110.3,,,,9110.3,29/03/2026 10:04:21
74503,185813.4,929.05,,,,929.05,30/03/2026 10:15:47
17357,406640.0,4066.4,,,,4066.4,29/03/2026 08:15:20
02741,247102.65,12354.75,,,,12354.75,30/03/2026 08:37:57
76988,254745.0,12737.25,,,,12737.25,30/03/2026 07:22:29
51415,254745.0,12737.25,,,,12737.25,30/03/2026 10:29:08
40091,438634.0,21931.7,,,,21931.7,30/03/2026 10:25:08
15143,191560.25,9577.8,,,,9577.8,30/03/2026 10:07:49
76910,191560.25,9577.8,,,,9577.8,29/03/2026 09:45:44
98664,191560.25,9577.8,,,,9577.8,29/03/2026 07:06:11
90363,247102.65,12354.75,,,,12354.75,30/03/2026 10:01:33
38190,191560.25,9577.8,,,,9577.8,30/03/2026 09:52:09
84722,247102.65,12354.75,,,,12354.75,29/03/2026 09:20:11
21513,185813.4,929.05,,,,929.05,29/03/2026 08:53:57
44985,168572.85,8428.6,,,,8428.6,31/03/2026 08:37:35
42414,191560.25,9577.8,,,,9577.8,29/03/2026 09:59:43
46643,181211.5,906.1,,,,906.1,29/03/2026 10:10:51
16946,247490.25,12374.3,,,,12374.3,30/03/2026 09:55:49
30177,182210.25,9110.3,,,,9110.3,29/03/2026 08:27:35
19488,191560.25,9577.8,,,,9577.8,30/03/2026 07:34:27
07748,185813.4,929.05,,,,929.05,30/03/2026 07:40:43
45425,247102.65,12354.75,,,,12354.75,02/04/2026 12:38:55
24615,254745.0,12737.25,,,,12737.25,30/03/2026 10:11:54
43503,191560.25,9577.8,,,,9577.8,29/03/2026 10:27:45
75561,247102.65,12354.75,,,,12354.75,30/03/2026 08:05:33
44530,254745.0,12737.25,,,,12737.25,30/03/2026 09:15:45
93978,191560.25,9577.8,,,,9577.8,30/03/2026 09:58:41
17588,185813.4,929.05,,,,929.05,30/03/2026 07:07:58
94939,193813.6,9690.85,,,,9690.85,29/03/2026 10:42:18
85403,188789.25,9439.25,,,,9439.25,29/03/2026 11:05:13
99519,421479.3,4215.15,,,,4215.15,30/03/2026 10:37:13
09067,247102.65,12354.75,,,,12354.75,30/03/2026 10:24:33
55584,191560.25,9577.8,,,,9577.8,30/03/2026 07:47:39
04646,191560.25,9577.8,,,,9577.8,30/03/2026 09:17:25
09779,243695.0,12184.75,,,,12184.75,30/03/2026 10:08:33
79685,252518.0,12625.9,,,,12625.9,29/03/2026 08:43:00
98370,393781.2,3938.0499999999997,,,,3938.0499999999997,31/03/2026 09:29:46
56300,191560.25,9577.8,,,,9577.8,31/03/2026 07:05:42
70909,15111.3,13.6,,,,13.6,30/03/2026 08:46:31
12369,191560.25,9577.8,,,,9577.8,30/03/2026 08:54:37
25111,252167.8,12608.05,,,,12608.05,29/03/2026 10:36:50
46175,247102.65,12354.75,,,,12354.75,01/04/2026 10:36:45
97253,254745.0,12737.25,,,,12737.25,30/03/2026 08:40:55
89374,247945.0,12397.25,,,,12397.25,01/04/2026 09:08:46
68895,433160.0,4331.599999999999,,,,4331.599999999999,01/04/2026 11:15:54
82941,185813.4,929.05,,,,929.05,30/03/2026 08:49:56
18549,126610.05,126.64999999999999,,,,126.64999999999999,31/03/2026 08:45:40
31558,191560.25,9577.8,,,,9577.8,03/04/2026 12:33:17
13337,188558.05,9428.199999999999,,,,9428.199999999999,30/03/2026 08:15:01
98289,174560.25,8727.8,,,,8727.8,01/04/2026 08:54:54
04065,617968.7,30898.35,,,,30898.35,01/04/2026 08:53:09
47808,182210.25,9110.3,,,,9110.3,29/03/2026 08:00:07
90884,191560.25,9577.8,,,,9577.8,29/03/2026 07:38:35
65403,358509.6,17924.8,,,,17924.8,30/03/2026 10:34:30
65403,358510.45,17924.8,,,,17924.8,30/03/2026 10:34:30
65403,179255.65,8962.4,,,,8962.4,30/03/2026 10:34:30
20871,191560.25,9577.8,,,,9577.8,30/03/2026 10:00:13
25153,182210.25,9110.3,,,,9110.3,09/04/2026 12:04:35
67834,254745.0,12737.25,,,,12737.25,30/03/2026 09:16:20
81331,191560.25,9577.8,,,,9577.8,30/03/2026 11:14:00
72540,243695.0,12184.75,,,,12184.75,29/03/2026 07:32:07
43290,249850.69999999998,12492.449999999999,,,,12492.449999999999,29/03/2026 09:06:51
25335,254745.0,12737.25,,,,12737.25,30/03/2026 10:35:26
22185,185813.4,929.05,,,,929.05,29/03/2026 08:07:01
16413,185813.4,929.05,,,,929.05,02/04/2026 12:38:13
53307,176235.6,8811.949999999999,,,,8811.949999999999,31/03/2026 10:20:17
34002,188821.55,9440.949999999999,,,,9440.949999999999,29/03/2026 09:53:42
52675,254745.0,12737.25,,,,12737.25,29/03/2026 10:02:52
78834,172404.65,8619.85,,,,8619.85,31/03/2026 09:23:03
08053,183910.25,9195.3,,,,9195.3,30/03/2026 08:27:36
74469,191560.25,9577.8,,,,9577.8,31/03/2026 08:37:58
83330,247102.65,12354.75,,,,12354.75,31/03/2026 09:19:10
07006,185813.4,929.05,,,,929.05,31/03/2026 09:18:32
26492,191560.25,9577.8,,,,9577.8,31/03/2026 07:45:14
80983,187999.6,9400.15,,,,9400.15,29/03/2026 10:10:10
31997,191560.25,9577.8,,,,9577.8,30/03/2026 08:46:51
39829,261575.6,13078.949999999999,,,,13078.949999999999,29/03/2026 09:04:49
55734,254745.0,,6369.05,,,6369.05,31/03/2026 09:25:09
84454,225420.0,1127.1,,,,1127.1,30/03/2026 09:19:17
61249,247102.65,12354.75,,,,12354.75,31/03/2026 08:07:06
48239,191560.25,9577.8,,,,9577.8,29/03/2026 11:09:23
16882,191560.25,9577.8,,,,9577.8,30/03/2026 09:11:49
10773,254745.0,12737.25,,,,12737.25,31/03/2026 08:53:18
82226,191560.25,9577.8,,,,9577.8,30/03/2026 09:29:07
68479,182210.25,9110.3,,,,9110.3,30/03/2026 10:29:00
69057,369597.85,18480.7,,,,18480.7,30/03/2026 08:20:33
69057,184799.35,9240.35,,,,9240.35,30/03/2026 08:20:33
60167,191560.25,9577.8,,,,9577.8,30/03/2026 11:02:13
97365,191560.25,9577.8,,,,9577.8,30/03/2026 08:20:06
12678,191560.25,9577.8,,,,9577.8,30/03/2026 09:49:49
03601,369597.85,18480.7,,,,18480.7,30/03/2026 08:38:35
03601,369598.7,18480.7,,,,18480.7,30/03/2026 08:38:35
03601,184799.35,9240.35,,,,9240.35,30/03/2026 08:38:35
11142,247102.65,12354.75,,,,12354.75,29/03/2026 09:16:33
52983,182210.25,9110.3,,,,9110.3,29/03/2026 10:45:29
79967,254745.0,12737.25,,,,12737.25,30/03/2026 10:30:40
03751,185813.4,929.05,,,,929.05,30/03/2026 11:05:48
47400,254368.44999999998,,6358.849999999999,,,6358.849999999999,01/04/2026 07:26:38
32418,185813.4,929.05,,,,929.05,29/03/2026 09:35:11
31643,420824.8,4208.349999999999,,,,4208.349999999999,01/04/2026 10:11:38
11037,187052.69999999998,9352.55,,,,9352.55,29/03/2026 08:57:54
26061,205695.75,102.85,,,,102.85,29/03/2026 08:39:32
20686,185813.4,929.05,,,,929.05,30/03/2026 09:26:50
44535,247102.65,,6177.8,,,6177.8,30/03/2026 10:54:51
93841,252920.9,12646.3,,,,12646.3,01/04/2026 08:41:04
57448,185813.4,929.05,,,,929.05,29/03/2026 07:46:51
24918,247945.0,12397.25,,,,12397.25,29/03/2026 09:26:08
44215,185813.4,929.05,,,,929.05,29/03/2026 10:58:18
15849,185813.4,929.05,,,,929.05,29/03/2026 08:37:30
11724,170555.9,8528.05,,,,8528.05,29/03/2026 07:26:16
77555,191560.25,9577.8,,,,9577.8,31/03/2026 10:27:37
53286,254745.0,12737.25,,,,12737.25,30/03/2026 09:20:23
37912,185813.4,929.05,,,,929.05,31/03/2026 07:36:26
99700,250495.0,12524.75,,,,12524.75,29/03/2026 07:27:55
86342,250624.19999999998,12531.55,,,,12531.55,31/03/2026 09:25:41
75883,185813.4,929.05,,,,929.05,29/03/2026 10:41:42
72449,188908.25,9445.199999999999,,,,9445.199999999999,30/03/2026 08:11:01
34696,172404.65,8619.85,,,,8619.85,31/03/2026 07:53:01
56817,176813.6,8840.85,,,,8840.85,31/03/2026 08:51:46
59857,193404.75,9670.449999999999,,,,9670.449999999999,29/03/2026 08:03:46
25837,185813.4,929.05,,,,929.05,29/03/2026 08:13:25
58272,191560.25,9577.8,,,,9577.8,01/04/2026 07:19:59
80356,247102.65,12354.75,,,,12354.75,29/03/2026 07:30:19
46978,247102.65,12354.75,,,,12354.75,30/03/2026 11:02:22
54458,191560.25,9577.8,,,,9577.8,31/03/2026 09:34:51
37876,168572.85,8428.6,,,,8428.6,31/03/2026 07:51:37
38516,191560.25,9577.8,,,,9577.8,29/03/2026 07:32:24
62124,180306.25,9015.1,,,,9015.1,31/03/2026 07:08:54
31729,187999.6,9400.15,,,,9400.15,29/03/2026 08:08:02
19414,187999.6,9400.15,,,,9400.15,30/03/2026 09:33:02
62056,247102.65,12354.75,,,,12354.75,29/03/2026 07:14:58
61133,185813.4,929.05,,,,929.05,30/03/2026 08:05:22
77293,456450.0,2282.25,,,,2282.25,29/03/2026 08:06:38
43457,190514.75,9525.949999999999,,,,9525.949999999999,29/03/2026 08:11:19
74321,185813.4,929.05,,,,929.05,29/03/2026 08:52:32
88979,179255.65,8962.4,,,,8962.4,01/04/2026 10:51:24
96782,189545.75,947.75,,,,947.75,29/03/2026 09:58:41
74862,185813.4,929.05,,,,929.05,31/03/2026 09:25:16
34876,191560.25,9577.8,,,,9577.8,29/03/2026 07:34:43
78000,191560.25,9577.8,,,,9577.8,29/03/2026 07:46:41
83593,254745.0,12737.25,,,,12737.25,30/03/2026 08:34:44
76698,185813.4,929.05,,,,929.05,02/04/2026 12:12:27
83270,254745.0,12737.25,,,,12737.25,29/03/2026 09:22:23
18929,185813.4,929.05,,,,929.05,30/03/2026 08:16:10
92553,191560.25,9577.8,,,,9577.8,30/03/2026 08:23:13
04765,248115.0,12405.75,,,,12405.75,29/03/2026 08:31:41
77758,402186.0,4022.2,,,,4022.2,31/03/2026 09:59:00
61809,189860.25,9492.8,,,,9492.8,29/03/2026 08:42:35
08262,191560.25,9577.8,,,,9577.8,04/04/2026 12:33:34
99269,185813.4,929.05,,,,929.05,01/04/2026 08:15:04
01453,191560.25,9577.8,,,,9577.8,30/03/2026 08:41:07
10591,247102.65,12354.75,,,,12354.75,29/03/2026 10:44:19
34993,254745.0,12737.25,,,,12737.25,01/04/2026 08:52:04
83216,191560.25,9577.8,,,,9577.8,29/03/2026 07:43:24
67945,180484.75,9024.449999999999,,,,9024.449999999999,29/03/2026 08:56:14
44339,225420.0,1127.1,,,,1127.1,30/03/2026 10:28:29
18651,185813.4,929.05,,,,929.05,31/03/2026 10:20:55
76958,499800.0,249.9,,,,249.9,01/04/2026 09:40:04
07770,185813.4,929.05,,,,929.05,30/03/2026 09:28:01
90757,191560.25,9577.8,,,,9577.8,29/03/2026 08:07:17
15003,254745.0,12737.25,,,,12737.25,31/03/2026 10:06:58
96760,205695.75,102.85,,,,102.85,01/04/2026 07:02:08
48444,191560.25,9577.8,,,,9577.8,31/03/2026 07:17:28
92505,191560.25,9577.8,,,,9577.8,30/03/2026 08:38:17
48629,176354.6,8817.9,,,,8817.9,29/03/2026 08:47:22
91725,191560.25,9577.8,,,,9577.8,30/03/2026 08:52:30
04398,182985.44999999998,9149.4,,,,9149.4,31/03/2026 09:33:37
79565,185813.4,929.05,,,,929.05,29/03/2026 08:07:29
17717,208364.75,10418.449999999999,,,,10418.449999999999,29/03/2026 08:51:51
78086,237780.69999999998,11888.949999999999,,,,11888.949999999999,29/03/2026 09:44:47
93476,247102.65,12354.75,,,,12354.75,30/03/2026 07:16:40
18164,433840.0,4338.4,,,,4338.4,30/03/2026 08:02:25
53431,191560.25,9577.8,,,,9577.8,31/03/2026 10:52:57
36750,254745.0,12737.25,,,,12737.25,29/03/2026 09:22:16
74244,394440.8,394.4,,,,394.4,31/03/2026 07:48:30
15033,185813.4,929.05,,,,929.05,30/03/2026 08:56:33
09094,254745.0,12737.25,,,,12737.25,29/03/2026 09:13:09
88711,185813.4,929.05,,,,929.05,31/03/2026 10:37:40
58652,185813.4,929.05,,,,929.05,30/03/2026 08:00:26
86624,192371.15,9618.6,,,,9618.6,30/03/2026 07:07:29
27803,185813.4,929.05,,,,929.05,29/03/2026 11:00:44
89161,185813.4,929.05,,,,929.05,29/03/2026 08:07:49
80650,254745.0,12737.25,,,,12737.25,29/03/2026 09:15:22
40304,247102.65,12354.75,,,,12354.75,31/03/2026 07:00:50
53539,191560.25,9577.8,,,,9577.8,30/03/2026 10:50:14
65734,191560.25,9577.8,,,,9577.8,01/04/2026 09:41:05
20781,254745.0,12737.25,,,,12737.25,29/03/2026 08:27:34
28197,199524.75,9976.449999999999,,,,9976.449999999999,30/03/2026 08:46:32
55861,251851.6,12592.75,,,,12592.75,29/03/2026 08:20:41
27471,254745.0,12737.25,,,,12737.25,31/03/2026 10:13:09
22076,178783.05,8939.449999999999,,,,8939.449999999999,30/03/2026 07:41:30
45228,202784.5,10139.65,,,,10139.65,29/03/2026 07:50:59
95172,405960.0,4059.6,,,,4059.6,01/04/2026 07:19:58
30670,186816.4,9340.65,,,,9340.65,31/03/2026 09:54:48
10778,176235.6,8811.949999999999,,,,8811.949999999999,01/04/2026 09:18:44
25482,183410.44999999998,9170.65,,,,9170.65,29/03/2026 09:58:39
73046,188571.65,9428.199999999999,,,,9428.199999999999,30/03/2026 09:31:23
76696,191560.25,9577.8,,,,9577.8,31/03/2026 07:26:42
27421,199524.75,9976.449999999999,,,,9976.449999999999,29/03/2026 08:49:26
84931,254700.8,12734.699999999999,,,,12734.699999999999,30/03/2026 10:00:22
78104,254745.0,12737.25,,,,12737.25,29/03/2026 07:06:25
42630,166139.3,8307.05,,,,8307.05,30/03/2026 09:08:12
75116,218603.85,10930.15,,,,10930.15,29/03/2026 07:45:38
57376,199524.75,9976.449999999999,,,,9976.449999999999,29/03/2026 07:50:58
56457,248864.69999999998,12443.15,,,,12443.15,29/03/2026 08:24:42
88018,185813.4,929.05,,,,929.05,09/04/2026 12:04:33
21960,254745.0,12737.25,,,,12737.25,30/03/2026 07:24:15
35690,247102.65,12354.75,,,,12354.75,05/04/2026 12:18:07
24461,191521.15,9576.1,,,,9576.1,29/03/2026 08:18:34
05209,254745.0,12737.25,,,,12737.25,29/03/2026 08:36:08
81632,191560.25,9577.8,,,,9577.8,29/03/2026 07:53:59
20257,254745.0,12737.25,,,,12737.25,29/03/2026 08:26:54
98883,199524.75,9976.449999999999,,,,9976.449999999999,30/03/2026 10:55:34
57236,187999.6,9400.15,,,,9400.15,31/03/2026 07:49:03
15599,187999.6,9400.15,,,,9400.15,30/03/2026 10:14:37
60629,182545.15,9127.3,,,,9127.3,30/03/2026 08:54:31
84492,254745.0,12737.25,,,,12737.25,30/03/2026 07:10:38
43784,193813.6,9690.85,,,,9690.85,30/03/2026 07:43:47
11152,255630.69999999998,12781.449999999999,,,,12781.449999999999,31/03/2026 07:33:50
64911,253930.69999999998,12696.449999999999,,,,12696.449999999999,03/04/2026 12:11:23
40925,433840.0,4338.4,,,,4338.4,30/03/2026 08:33:48
73905,191560.25,9577.8,,,,9577.8,29/03/2026 08:12:48
48027,254780.69999999998,12738.949999999999,,,,12738.949999999999,30/03/2026 11:14:56
56195,189014.5,9451.15,,,,9451.15,30/03/2026 10:49:23
22232,193813.6,9690.85,,,,9690.85,30/03/2026 07:44:09
84167,255630.69999999998,12781.449999999999,,,,12781.449999999999,31/03/2026 10:24:15
64604,247962.0,12398.1,,,,12398.1,30/03/2026 07:43:46
73972,191875.6,9593.949999999999,,,,9593.949999999999,30/03/2026 08:17:22
14129,187999.6,9400.15,,,,9400.15,30/03/2026 08:35:58
51342,254745.0,12737.25,,,,12737.25,29/03/2026 09:25:06
04465,187999.6,9400.15,,,,9400.15,29/03/2026 08:59:45
92608,186143.19999999998,930.75,,,,930.75,30/03/2026 07:26:40
92765,199524.75,9976.449999999999,,,,9976.449999999999,31/03/2026 08:24:38
46350,247962.0,12398.1,,,,12398.1,29/03/2026 09:57:50
74562,255630.69999999998,12781.449999999999,,,,12781.449999999999,29/03/2026 09:27:24
46434,187999.6,9400.15,,,,9400.15,30/03/2026 09:52:11
54537,193813.6,9690.85,,,,9690.85,31/03/2026 08:36:13
44744,203371.85,10168.55,,,,10168.55,29/03/2026 07:50:21
44744,268237.89999999997,13412.15,,,,13412.15,29/03/2026 07:50:21
76112,208364.75,10418.449999999999,,,,10418.449999999999,29/03/2026 07:48:14
78929,241995.0,12099.75,,,,12099.75,31/03/2026 08:56:17
48657,253971.5,1269.8999999999999,,,,1269.8999999999999,30/03/2026 09:10:38
56962,253045.0,12652.25,,,,12652.25,29/03/2026 09:42:35
10066,208364.75,10418.449999999999,,,,10418.449999999999,29/03/2026 09:24:13
63066,225364.75,11268.449999999999,,,,11268.449999999999,01/04/2026 09:42:12
32710,212614.75,10630.949999999999,,,,10630.949999999999,29/03/2026 09:53:46
10754,263245.0,13162.25,,,,13162.25,29/03/2026 09:50:07
22145,508300.0,254.15,,,,254.15,29/03/2026 08:06:05
17393,230422.25,11520.9,,,,11520.9,30/03/2026 08:25:07
24234,203573.3,10178.75,,,,10178.75,29/03/2026 09:45:53
12634,256445.0,12822.25,,,,12822.25,30/03/2026 09:46:09
25941,202113.85,10105.65,,,,10105.65,31/03/2026 08:37:06
74305,212614.75,10630.949999999999,,,,10630.949999999999,29/03/2026 08:51:32
96533,477224.0,23861.2,,,,23861.2,30/03/2026 08:55:01
05839,253045.0,12652.25,,,,12652.25,30/03/2026 10:12:36
11254,256445.0,12822.25,,,,12822.25,30/03/2026 09:01:38
56939,208364.75,10418.449999999999,,,,10418.449999999999,30/03/2026 10:48:44
81142,256445.0,12822.25,,,,12822.25,03/04/2026 12:11:01
10893,245453.65,12272.3,,,,12272.3,29/03/2026 08:36:48
23710,253045.0,12652.25,,,,12652.25,29/03/2026 09:25:43
87408,208364.75,10418.449999999999,,,,10418.449999999999,29/03/2026 07:24:47
62179,245453.65,12272.3,,,,12272.3,30/03/2026 10:58:57
96411,498100.0,249.04999999999998,,,,249.04999999999998,30/03/2026 10:12:59
13651,256445.0,12822.25,,,,12822.25,31/03/2026 10:17:16
32272,317310.95,15865.25,,,,15865.25,30/03/2026 07:14:41
10497,255347.65,1276.7,,,,1276.7,31/03/2026 08:47:37
28021,208364.75,10418.449999999999,,,,10418.449999999999,05/04/2026 12:27:54
11858,161451.55,8072.45,,,,8072.45,30/03/2026 09:53:46
14100,243622.75,12181.35,,,,12181.35,29/03/2026 07:06:45
20610,256445.0,12822.25,,,,12822.25,29/03/2026 09:36:09
97185,208364.75,10418.449999999999,,,,10418.449999999999,30/03/2026 08:41:02
29498,255347.65,1276.7,,,,1276.7,29/03/2026 09:58:27
57126,208364.75,10418.449999999999,,,,10418.449999999999,29/03/2026 09:55:41
41707,261575.6,13078.949999999999,,,,13078.949999999999,30/03/2026 10:52:57
74024,208364.75,10418.449999999999,,,,10418.449999999999,29/03/2026 07:30:23
71007,245453.65,12272.3,,,,12272.3,31/03/2026 10:19:27
57865,256445.0,12822.25,,,,12822.25,29/03/2026 08:36:44
46769,263245.0,13162.25,,,,13162.25,31/03/2026 08:05:12
00713,617253.0,6172.7,,,,6172.7,30/03/2026 08:44:43
62594,255347.65,1276.7,,,,1276.7,29/03/2026 09:24:52
36052,218603.85,10930.15,,,,10930.15,29/03/2026 07:19:41
87338,253045.0,12652.25,,,,12652.25,29/03/2026 09:38:18
14527,208364.75,10418.449999999999,,,,10418.449999999999,29/03/2026 10:32:21
62263,253045.0,12652.25,,,,12652.25,29/03/2026 10:57:45
76639,245773.25,12288.449999999999,,,,12288.449999999999,29/03/2026 10:14:08
86200,285345.0,14267.25,,,,14267.25,29/03/2026 07:42:45
95339,249619.5,12481.4,,,,12481.4,30/03/2026 10:15:32
99685,253728.4,12686.25,,,,12686.25,29/03/2026 09:15:58
26432,215606.75,10780.55,,,,10780.55,31/03/2026 07:39:14
62600,196015.94999999998,980.05,,,,980.05,29/03/2026 07:44:05
34646,208795.69999999998,10439.699999999999,,,,10439.699999999999,29/03/2026 09:41:55
48220,208364.75,10418.449999999999,,,,10418.449999999999,30/03/2026 07:18:31
56241,202113.85,10105.65,,,,10105.65,29/03/2026 08:39:05
50106,225420.0,1127.1,,,,1127.1,31/03/2026 09:58:13
40529,297245.0,14862.25,,,,14862.25,29/03/2026 08:47:21
27452,278519.5,13926.4,,,,13926.4,30/03/2026 07:40:56
23929,297245.0,14862.25,,,,14862.25,29/03/2026 08:02:33
56391,202113.85,10105.65,,,,10105.65,29/03/2026 10:19:08
22020,261575.6,13078.949999999999,,,,13078.949999999999,29/03/2026 07:50:31
26729,297245.0,14862.25,,,,14862.25,29/03/2026 08:34:18
03985,225420.0,1127.1,,,,1127.1,29/03/2026 08:06:18
51899,198321.15,9916.1,,,,9916.1,29/03/2026 10:45:29
51899,261575.6,13078.949999999999,,,,13078.949999999999,29/03/2026 10:45:29
09651,209214.75,10460.949999999999,,,,10460.949999999999,29/03/2026 10:56:01
23056,243669.5,12183.9,,,,12183.9,29/03/2026 07:10:30
34632,202113.85,10105.65,,,,10105.65,30/03/2026 07:21:06
65522,471750.0,2358.75,,,,2358.75,29/03/2026 09:40:52
98495,287045.0,14352.25,,,,14352.25,29/03/2026 10:44:46
24762,208364.75,10418.449999999999,,,,10418.449999999999,04/04/2026 12:17:38
96457,216864.75,10843.449999999999,,,,10843.449999999999,29/03/2026 08:50:27
67680,288327.64999999997,1441.6,,,,1441.6,30/03/2026 07:18:58
42809,219027.15,10951.4,,,,10951.4,31/03/2026 08:20:26
73945,297245.0,14862.25,,,,14862.25,01/04/2026 08:37:43
11734,209589.6,10479.65,,,,10479.65,01/04/2026 09:37:52
25577,450177.0,22508.85,,,,22508.85,30/03/2026 08:57:50
75053,245807.25,12290.15,,,,12290.15,29/03/2026 08:14:47
23581,259471.0,12973.55,,,,12973.55,30/03/2026 08:31:52
37243,225364.75,11268.449999999999,,,,11268.449999999999,29/03/2026 10:24:36
40365,208364.75,10418.449999999999,,,,10418.449999999999,29/03/2026 08:54:04
91713,288327.64999999997,1441.6,,,,1441.6,30/03/2026 08:21:00
94616,223959.69999999998,11197.9,,,,11197.9,30/03/2026 08:03:55
69271,208709.85,10435.449999999999,,,,10435.449999999999,30/03/2026 11:47:38
22166,208845.0,10442.25,,,,10442.25,29/03/2026 09:52:43
07933,297245.0,14862.25,,,,14862.25,04/04/2026 12:17:28
42205,248496.65,12424.449999999999,,,,12424.449999999999,30/03/2026 08:34:43
09570,273911.64999999997,13695.199999999999,,,,13695.199999999999,04/04/2026 12:17:38
70687,297245.0,14862.25,,,,14862.25,30/03/2026 10:23:34
42898,218603.85,10930.15,,,,10930.15,29/03/2026 09:44:23
00165,225364.75,11268.449999999999,,,,11268.449999999999,29/03/2026 08:10:22
58778,503200.0,251.6,,,,251.6,31/03/2026 09:29:15
11830,218603.85,10930.15,,,,10930.15,31/03/2026 09:05:46
13736,212955.6,10647.949999999999,,,,10647.949999999999,01/04/2026 07:03:51
73752,202113.85,10105.65,,,,10105.65,30/03/2026 07:22:46
53220,213464.75,10673.449999999999,,,,10673.449999999999,29/03/2026 07:03:24
20696,225364.75,11268.449999999999,,,,11268.449999999999,30/03/2026 08:20:55
17597,225364.75,11268.449999999999,,,,11268.449999999999,30/03/2026 09:50:41
35790,261119.15,1305.6,,,,1305.6,29/03/2026 09:40:57
12220,225364.75,11268.449999999999,,,,11268.449999999999,31/03/2026 07:39:09
87939,297245.0,14862.25,,,,14862.25,30/03/2026 10:21:45
15198,182545.15,9127.3,,,,9127.3,29/03/2026 09:34:24
52217,253045.0,12652.25,,,,12652.25,29/03/2026 08:41:27
82694,287869.5,14393.9,,,,14393.9,03/04/2026 12:19:45
67153,297245.0,14862.25,,,,14862.25,31/03/2026 08:21:13
26172,256445.0,12822.25,,,,12822.25,29/03/2026 07:39:36
65946,225364.75,11268.449999999999,,,,11268.449999999999,30/03/2026 09:41:57
27802,484500.0,242.25,,,,242.25,31/03/2026 09:25:49
49384,171252.05,8562.9,,,,8562.9,30/03/2026 07:56:21
66119,225364.75,11268.449999999999,,,,11268.449999999999,29/03/2026 10:43:23
50573,271837.64999999997,1359.1499999999999,,,,1359.1499999999999,30/03/2026 08:03:14
85485,353878.8,17693.6,,,,17693.6,29/03/2026 08:30:50
41858,208364.75,10418.449999999999,,,,10418.449999999999,29/03/2026 10:25:26
44295,288327.64999999997,1441.6,,,,1441.6,30/03/2026 10:36:43
95879,56397.5,5640.599999999999,,,,5640.599999999999,30/03/2026 10:42:50
89836,248638.6,12432.1,,,,12432.1,31/03/2026 07:07:22
03613,208364.75,10418.449999999999,,,,10418.449999999999,29/03/2026 08:55:56
32847,218603.85,10930.15,,,,10930.15,04/04/2026 12:17:35
35758,171277.55,8563.75,,,,8563.75,30/03/2026 10:02:04
52549,207060.85,1035.3,,,,1035.3,29/03/2026 08:17:47
63174,56397.5,5640.599999999999,,,,5640.599999999999,03/04/2026 12:19:45
90398,218603.85,10930.15,,,,10930.15,29/03/2026 09:22:19
39345,288745.0,14437.25,,,,14437.25,30/03/2026 08:42:42
74881,260695.0,13034.75,,,,13034.75,29/03/2026 08:45:37
16216,218603.85,10930.15,,,,10930.15,30/03/2026 07:44:19
23023,208364.75,10418.449999999999,,,,10418.449999999999,30/03/2026 10:52:07
19454,208364.75,10418.449999999999,,,,10418.449999999999,29/03/2026 10:51:37
44934,225364.75,11268.449999999999,,,,11268.449999999999,29/03/2026 09:12:26
42224,208709.85,10435.449999999999,,,,10435.449999999999,03/04/2026 12:19:37
91624,225364.75,11268.449999999999,,,,11268.449999999999,29/03/2026 07:26:59
52498,208364.75,10418.449999999999,,,,10418.449999999999,29/03/2026 09:26:45
47136,202113.85,10105.65,,,,10105.65,30/03/2026 07:54:46
24846,225364.75,11268.449999999999,,,,11268.449999999999,30/03/2026 09:54:44
09535,225420.0,1127.1,,,,1127.1,30/03/2026 11:12:21
50793,225364.75,11268.449999999999,,,,11268.449999999999,05/04/2026 12:07:36
35221,210358.85,10517.9,,,,10517.9,31/03/2026 08:55:14
92410,268212.39999999997,13410.449999999999,,,,13410.449999999999,29/03/2026 09:13:59
04297,240700.44999999998,12035.15,,,,12035.15,29/03/2026 08:53:44
43154,219856.75,10993.05,,,,10993.05,30/03/2026 09:48:43
99978,207335.4,10366.6,,,,10366.6,29/03/2026 09:29:17
81793,263245.0,13162.25,,,,13162.25,31/03/2026 08:07:23
29393,192371.15,9618.6,,,,9618.6,29/03/2026 08:07:57
12843,225364.75,11268.449999999999,,,,11268.449999999999,01/04/2026 10:06:11
08749,185895.0,9294.75,,,,9294.75,03/04/2026 12:19:37
35545,240295.0,12014.75,,,,12014.75,30/03/2026 09:15:40
30356,225364.75,11268.449999999999,,,,11268.449999999999,31/03/2026 07:51:50
63798,225364.75,11268.449999999999,,,,11268.449999999999,01/04/2026 09:09:53
20449,225364.75,11268.449999999999,,,,11268.449999999999,29/03/2026 08:45:30
88430,297245.0,14862.25,,,,14862.25,04/04/2026 12:17:35
87529,225364.75,11268.449999999999,,,,11268.449999999999,29/03/2026 08:08:12
63077,192371.15,9618.6,,,,9618.6,29/03/2026 08:37:18
90747,263298.55,2633.2999999999997,,,,2633.2999999999997,31/03/2026 10:41:57
27190,211764.75,10588.449999999999,,,,10588.449999999999,30/03/2026 09:27:42
21380,297245.0,14862.25,,,,14862.25,31/03/2026 07:07:15
46500,234735.15,11736.8,,,,11736.8,29/03/2026 07:33:51
95906,447304.0,22365.2,,,,22365.2,30/03/2026 10:30:13
45550,255347.65,1276.7,,,,1276.7,29/03/2026 09:37:46
43061,225313.75,11265.9,,,,11265.9,30/03/2026 08:26:38
50360,245453.65,12272.3,,,,12272.3,29/03/2026 07:41:17
46569,225364.75,11268.449999999999,,,,11268.449999999999,29/03/2026 08:52:34
82443,218603.85,10930.15,,,,10930.15,29/03/2026 10:58:22
32265,273465.39999999997,13673.1,,,,13673.1,29/03/2026 08:25:05
75063,225420.0,1127.1,,,,1127.1,30/03/2026 10:56:39
06903,436492.0,21824.6,,,,21824.6,31/03/2026 10:20:37
14337,208364.75,10418.449999999999,,,,10418.449999999999,30/03/2026 08:01:16
55334,279395.0,13969.75,,,,13969.75,29/03/2026 09:24:08
01167,208709.85,10435.449999999999,,,,10435.449999999999,29/03/2026 10:26:48
60191,216014.75,10800.949999999999,,,,10800.949999999999,29/03/2026 10:29:11
55111,297245.0,14862.25,,,,14862.25,30/03/2026 10:52:57
48323,263245.0,13162.25,,,,13162.25,30/03/2026 10:29:31
23406,297245.0,14862.25,,,,14862.25,31/03/2026 09:09:45
57455,192371.15,9618.6,,,,9618.6,30/03/2026 10:39:08
57455,206567.0,10328.35,,,,10328.35,30/03/2026 10:39:08
25446,241995.0,12099.75,,,,12099.75,01/04/2026 09:26:43
44081,208364.75,10418.449999999999,,,,10418.449999999999,30/03/2026 08:23:09
44676,214314.75,10715.949999999999,,,,10715.949999999999,29/03/2026 07:00:18
09059,230095.0,11504.75,,,,11504.75,29/03/2026 10:38:45
92098,201115.1,1005.55,,,,1005.55,30/03/2026 09:42:07
42790,268224.3,13411.3,,,,13411.3,30/03/2026 09:47:42
84801,297245.0,14862.25,,,,14862.25,29/03/2026 08:04:15
77577,253045.0,12652.25,,,,12652.25,29/03/2026 08:27:32
39564,471276.55,23563.7,,,,23563.7,01/04/2026 07:54:24
73820,290445.0,14522.25,,,,14522.25,30/03/2026 07:37:18
91699,255347.65,1276.7,,,,1276.7,29/03/2026 10:25:25
15765,225364.75,11268.449999999999,,,,11268.449999999999,30/03/2026 09:53:30
50500,477224.0,23861.2,,,,23861.2,29/03/2026 07:23:38
94692,273465.39999999997,13673.1,,,,13673.1,29/03/2026 07:53:12
95278,261575.6,13078.949999999999,,,,13078.949999999999,30/03/2026 09:46:22
39188,273465.39999999997,13673.1,,,,13673.1,30/03/2026 07:45:33
37365,218564.75,10928.449999999999,,,,10928.449999999999,30/03/2026 08:40:33
75615,285345.0,14267.25,,,,14267.25,29/03/2026 10:37:15
15790,225364.75,11268.449999999999,,,,11268.449999999999,30/03/2026 09:48:57
61063,198321.15,9916.1,,,,9916.1,29/03/2026 10:44:37
53090,211043.1,10551.9,,,,10551.9,30/03/2026 09:50:53
94049,225364.75,11268.449999999999,,,,11268.449999999999,29/03/2026 08:20:59
43222,202113.85,10105.65,,,,10105.65,30/03/2026 09:27:46
86974,252874.15,12643.75,,,,12643.75,29/03/2026 09:47:08
81787,207335.4,10366.6,,,,10366.6,30/03/2026 10:33:11
65753,260695.0,13034.75,,,,13034.75,29/03/2026 08:37:10
85341,192371.15,9618.6,,,,9618.6,30/03/2026 08:52:48
85779,213520.0,1067.6,,,,1067.6,29/03/2026 10:16:42
44029,225364.75,11268.449999999999,,,,11268.449999999999,30/03/2026 08:57:43
85022,222223.15,11111.199999999999,,,,11111.199999999999,30/03/2026 09:37:46
05443,253045.0,12652.25,,,,12652.25,29/03/2026 10:04:29
00941,198321.15,9916.1,,,,9916.1,29/03/2026 08:48:01
20796,285345.0,14267.25,,,,14267.25,29/03/2026 07:06:17
66853,288327.64999999997,1441.6,,,,1441.6,29/03/2026 08:05:46
76739,503200.0,251.6,,,,251.6,29/03/2026 10:15:33
77151,225364.75,11268.449999999999,,,,11268.449999999999,29/03/2026 10:12:02
59769,202113.85,10105.65,,,,10105.65,29/03/2026 09:08:01
95525,499800.0,249.9,,,,249.9,29/03/2026 08:54:00
71752,225364.75,11268.449999999999,,,,11268.449999999999,30/03/2026 07:22:45
50233,225364.75,11268.449999999999,,,,11268.449999999999,30/03/2026 08:40:10
06246,269195.0,13459.75,,,,13459.75,31/03/2026 09:24:30
85043,239839.4,11991.8,,,,11991.8,05/04/2026 12:08:16
64160,188971.15,9448.6,,,,9448.6,29/03/2026 07:55:11
71501,225364.75,11268.449999999999,,,,11268.449999999999,29/03/2026 08:32:19
52900,297245.0,14862.25,,,,14862.25,30/03/2026 08:01:11
55726,198321.15,9916.1,,,,9916.1,30/03/2026 09:16:31
99917,297245.0,14862.25,,,,14862.25,29/03/2026 08:48:05
13303,198321.15,9916.1,,,,9916.1,04/04/2026 12:07:23
00801,225364.75,11268.449999999999,,,,11268.449999999999,31/03/2026 08:06:20
57274,225364.75,11268.449999999999,,,,11268.449999999999,29/03/2026 09:26:00
32576,225364.75,11268.449999999999,,,,11268.449999999999,30/03/2026 07:12:14
18334,202113.85,10105.65,,,,10105.65,30/03/2026 09:35:41
92560,212614.75,10630.949999999999,,,,10630.949999999999,31/03/2026 07:07:44
38147,207309.9,10365.75,,,,10365.75,30/03/2026 10:52:51
36178,261575.6,13078.949999999999,,,,13078.949999999999,29/03/2026 09:53:18
41047,212614.75,10630.949999999999,,,,10630.949999999999,30/03/2026 10:12:22
97773,225364.75,11268.449999999999,,,,11268.449999999999,30/03/2026 08:57:02
64931,202113.85,10105.65,,,,10105.65,30/03/2026 10:48:45
09110,225364.75,11268.449999999999,,,,11268.449999999999,29/03/2026 09:11:24
04582,517140.0,2585.7,,,,2585.7,30/03/2026 09:47:38
39533,220264.75,11013.449999999999,,,,11013.449999999999,29/03/2026 08:33:43
71659,218603.85,10930.15,,,,10930.15,29/03/2026 10:30:46
15427,180471.15,9023.6,,,,9023.6,31/03/2026 10:13:49
06221,283143.5,14157.6,,,,14157.6,29/03/2026 08:31:43
09322,297245.0,14862.25,,,,14862.25,29/03/2026 09:07:29
77268,254065.0,12703.25,,,,12703.25,31/03/2026 07:28:23
69570,208364.75,10418.449999999999,,,,10418.449999999999,30/03/2026 09:45:00
75615,255039.1,12751.699999999999,,,,12751.699999999999,29/03/2026 10:47:02
84949,192371.15,9618.6,,,,9618.6,29/03/2026 08:43:16
14906,207335.4,10366.6,,,,10366.6,30/03/2026 09:40:20
10489,433885.05,4339.25,,,,4339.25,02/04/2026 08:47:27
39382,208364.75,10418.449999999999,,,,10418.449999999999,30/03/2026 09:52:40
65783,278545.0,13927.25,,,,13927.25,29/03/2026 10:04:58
51858,201115.1,1005.55,,,,1005.55,29/03/2026 09:15:30
81067,198321.15,9916.1,,,,9916.1,29/03/2026 10:55:20
12645,218603.85,10930.15,,,,10930.15,29/03/2026 08:05:27
57032,225364.75,11268.449999999999,,,,11268.449999999999,30/03/2026 07:18:50
82569,197961.6,9898.25,,,,9898.25,31/03/2026 08:36:45
92748,260695.0,13034.75,,,,13034.75,29/03/2026 07:45:52
13645,218169.5,10908.9,,,,10908.9,30/03/2026 08:47:04
70987,278769.39999999997,13938.3,,,,13938.3,31/03/2026 10:32:15
71220,218564.75,10928.449999999999,,,,10928.449999999999,31/03/2026 07:57:03
95101,27992.2,2799.0499999999997,,,,2799.0499999999997,30/03/2026 08:47:13
99199,248751.65,12437.199999999999,,,,12437.199999999999,30/03/2026 10:53:44
72870,253045.0,12652.25,,,,12652.25,29/03/2026 09:58:58
41907,198215.75,991.1,,,,991.1,31/03/2026 10:42:08
64386,208709.85,10435.449999999999,,,,10435.449999999999,30/03/2026 09:22:46
01167,528942.25,26446.899999999998,,,,26446.899999999998,30/03/2026 10:42:59
26128,202113.85,10105.65,,,,10105.65,29/03/2026 07:16:18
50975,225364.75,11268.449999999999,,,,11268.449999999999,04/04/2026 12:06:57
45778,261575.6,13078.949999999999,,,,13078.949999999999,31/03/2026 09:06:23
64764,253045.0,12652.25,,,,12652.25,31/03/2026 07:23:28
08149,225364.75,11268.449999999999,,,,11268.449999999999,29/03/2026 08:38:16
06834,290105.0,14505.25,,,,14505.25,30/03/2026 09:21:27
70575,467500.0,233.75,,,,233.75,31/03/2026 10:59:40
56504,291300.1,14564.75,,,,14564.75,30/03/2026 07:29:31
14755,253728.4,12686.25,,,,12686.25,30/03/2026 10:26:28
62221,207040.44999999998,10352.15,,,,10352.15,30/03/2026 08:07:00
43193,263245.0,13162.25,,,,13162.25,30/03/2026 08:48:26
74380,225364.75,11268.449999999999,,,,11268.449999999999,30/03/2026 07:55:38
51972,253045.0,12652.25,,,,12652.25,30/03/2026 07:39:24
97000,225364.75,11268.449999999999,,,,11268.449999999999,03/04/2026 12:19:23
62221,297245.0,14862.25,,,,14862.25,30/03/2026 08:42:06
28534,297245.0,14862.25,,,,14862.25,05/04/2026 12:08:16
92077,225364.75,11268.449999999999,,,,11268.449999999999,29/03/2026 08:42:45
14194,225364.75,11268.449999999999,,,,11268.449999999999,29/03/2026 09:17:59
66570,213894.0,10694.699999999999,,,,10694.699999999999,31/03/2026 09:16:52
53630,187271.15,9363.6,,,,9363.6,30/03/2026 09:54:02
86327,208364.75,10418.449999999999,,,,10418.449999999999,30/03/2026 10:48:37
78678,215164.75,10758.449999999999,,,,10758.449999999999,29/03/2026 09:44:46
68866,263245.0,13162.25,,,,13162.25,01/04/2026 09:46:30
54842,204445.4,10222.1,,,,10222.1,29/03/2026 09:27:12
35256,183361.15,9168.1,,,,9168.1,30/03/2026 07:03:23
09448,297245.0,14862.25,,,,14862.25,29/03/2026 07:34:08
06394,204243.1,10211.9,,,,10211.9,29/03/2026 09:42:40
78170,237796.0,11889.8,,,,11889.8,31/03/2026 09:41:19
71095,240768.44999999998,12038.55,,,,12038.55,29/03/2026 11:25:12
01434,202113.85,10105.65,,,,10105.65,29/03/2026 09:18:05
32323,187787.94999999998,9389.1,,,,9389.1,07/04/2026 12:16:36
63333,180291.8,9014.25,,,,9014.25,05/04/2026 12:07:13
41560,192371.15,9618.6,,,,9618.6,29/03/2026 07:04:35
63332,213464.75,10673.449999999999,,,,10673.449999999999,29/03/2026 07:54:07
84603,197314.75,9865.949999999999,,,,9865.949999999999,29/03/2026 10:01:33
66322,225364.75,11268.449999999999,,,,11268.449999999999,31/03/2026 09:30:42
63864,174883.25,8743.949999999999,,,,8743.949999999999,30/03/2026 07:58:20
94358,174883.25,8743.949999999999,,,,8743.949999999999,29/03/2026 09:38:38
89420,218603.85,10930.15,,,,10930.15,31/03/2026 07:45:00
93433,211842.94999999998,10591.85,,,,10591.85,29/03/2026 08:51:31
10108,215164.75,10758.449999999999,,,,10758.449999999999,30/03/2026 07:24:14
40921,201413.44999999998,10070.8,,,,10070.8,30/03/2026 09:09:13
27743,207060.85,1035.3,,,,1035.3,29/03/2026 10:29:33
12478,259875.6,12993.949999999999,,,,12993.949999999999,29/03/2026 09:53:37
18434,267665.0,13383.25,,,,13383.25,29/03/2026 09:10:02
33625,210861.19999999998,10543.4,,,,10543.4,30/03/2026 09:04:39
97905,224434.0,11221.699999999999,,,,11221.699999999999,30/03/2026 08:59:50
16971,225339.25,11266.75,,,,11266.75,29/03/2026 10:15:44
25049,208364.75,10418.449999999999,,,,10418.449999999999,29/03/2026 08:48:05
68861,223165.8,11157.949999999999,,,,11157.949999999999,29/03/2026 08:17:34
68861,294343.95,14716.9,,,,14716.9,29/03/2026 08:17:34
60285,263245.0,13162.25,,,,13162.25,02/04/2026 12:24:44
03403,256394.0,12819.699999999999,,,,12819.699999999999,31/03/2026 10:03:12
06608,200714.75,10035.949999999999,,,,10035.949999999999,30/03/2026 07:45:57
76282,180291.8,9014.25,,,,9014.25,30/03/2026 09:52:30
79064,208364.75,10418.449999999999,,,,10418.449999999999,29/03/2026 07:45:37
89936,202113.85,10105.65,,,,10105.65,31/03/2026 07:11:57
92316,288327.64999999997,1441.6,,,,1441.6,29/03/2026 07:10:08
90469,225364.75,11268.449999999999,,,,11268.449999999999,30/03/2026 08:39:00
19038,180291.8,9014.25,,,,9014.25,29/03/2026 09:37:01
65586,216864.75,10843.449999999999,,,,10843.449999999999,31/03/2026 09:18:50
41443,230661.94999999998,11532.8,,,,11532.8,30/03/2026 10:23:42
53056,225364.75,11268.449999999999,,,,11268.449999999999,29/03/2026 07:04:44
74945,241995.0,12099.75,,,,12099.75,30/03/2026 08:42:08
52701,297245.0,14862.25,,,,14862.25,29/03/2026 08:51:43
85328,225364.75,11268.449999999999,,,,11268.449999999999,29/03/2026 07:43:10
05627,205082.05,10254.4,,,,10254.4,29/03/2026 10:21:07
99227,253045.0,12652.25,,,,12652.25,29/03/2026 10:39:41
75487,187787.94999999998,9389.1,,,,9389.1,29/03/2026 10:17:12
34849,237796.0,11889.8,,,,11889.8,29/03/2026 08:16:54
23569,260695.0,13034.75,,,,13034.75,30/03/2026 08:53:00
67655,237796.0,11889.8,,,,11889.8,01/04/2026 10:24:52
36361,230661.94999999998,11532.8,,,,11532.8,30/03/2026 08:21:56
73740,276784.64999999997,13838.85,,,,13838.85,29/03/2026 07:36:05
79675,180291.8,9014.25,,,,9014.25,31/03/2026 10:28:37
45715,225364.75,11268.449999999999,,,,11268.449999999999,30/03/2026 10:16:21
47305,297245.0,14862.25,,,,14862.25,29/03/2026 08:30:38
76329,219946.0,10997.3,,,,10997.3,29/03/2026 08:14:36
18280,260695.0,13034.75,,,,13034.75,31/03/2026 07:41:13
02178,253045.0,12652.25,,,,12652.25,30/03/2026 09:33:30
88742,180291.8,9014.25,,,,9014.25,30/03/2026 09:19:28
05471,252225.6,12611.449999999999,,,,12611.449999999999,29/03/2026 10:42:26
73833,180291.8,9014.25,,,,9014.25,30/03/2026 08:44:30
41752,226270.0,1131.35,,,,1131.35,30/03/2026 07:48:08
86338,237796.0,11889.8,,,,11889.8,01/04/2026 09:42:44
56187,212955.6,10647.949999999999,,,,10647.949999999999,31/03/2026 10:18:29
55088,180291.8,9014.25,,,,9014.25,30/03/2026 07:43:37
31974,180291.8,9014.25,,,,9014.25,31/03/2026 09:44:11
97918,529538.95,529.55,,,,529.55,29/03/2026 09:13:25
15560,253163.15,12658.199999999999,,,,12658.199999999999,02/04/2026 12:21:38
84139,256445.0,12822.25,,,,12822.25,30/03/2026 10:20:44
24692,222635.4,11131.6,,,,11131.6,29/03/2026 07:20:30
24754,225364.75,11268.449999999999,,,,11268.449999999999,29/03/2026 09:59:33
51113,297245.0,14862.25,,,,14862.25,30/03/2026 08:34:28
84845,202113.85,10105.65,,,,10105.65,31/03/2026 08:45:01
81651,494792.64999999997,24739.25,,,,24739.25,29/03/2026 10:50:16
07982,224907.44999999998,1124.55,,,,1124.55,29/03/2026 09:58:07
10546,288327.64999999997,1441.6,,,,1441.6,30/03/2026 09:47:01
82248,225364.75,11268.449999999999,,,,11268.449999999999,01/04/2026 07:55:50
79444,260695.0,13034.75,,,,13034.75,30/03/2026 07:57:29
73078,297245.0,14862.25,,,,14862.25,29/03/2026 09:34:03
15830,280245.0,,7006.55,,,7006.55,29/03/2026 09:36:47
46659,290445.0,14522.25,,,,14522.25,31/03/2026 10:38:03
07874,288327.64999999997,1441.6,,,,1441.6,03/04/2026 12:19:23
05962,208364.75,10418.449999999999,,,,10418.449999999999,30/03/2026 09:09:52
87699,438005.0,21900.25,,,,21900.25,29/03/2026 10:15:35
52670,190709.4,9535.3,,,,9535.3,30/03/2026 09:57:26
44663,204556.75,10228.05,,,,10228.05,29/03/2026 10:24:07
58194,297245.0,14862.25,,,,14862.25,29/03/2026 09:25:03
80218,260695.0,13034.75,,,,13034.75,29/03/2026 09:15:20
54437,208364.75,10418.449999999999,,,,10418.449999999999,29/03/2026 08:37:07
51650,280075.0,14003.75,,,,14003.75,01/04/2026 09:40:52
99623,225364.75,11268.449999999999,,,,11268.449999999999,29/03/2026 10:02:37
77754,225364.75,11268.449999999999,,,,11268.449999999999,29/03/2026 09:50:57
89371,188405.05,9420.55,,,,9420.55,30/03/2026 10:42:41
38375,171277.55,8563.75,,,,8563.75,29/03/2026 10:14:07
84911,216014.75,10800.949999999999,,,,10800.949999999999,29/03/2026 10:18:50
83484,225364.75,11268.449999999999,,,,11268.449999999999,30/03/2026 07:32:20
38121,225420.0,1127.1,,,,1127.1,29/03/2026 08:10:04
22603,223111.4,11155.4,,,,11155.4,30/03/2026 10:53:23
67102,225364.75,11268.449999999999,,,,11268.449999999999,01/04/2026 09:19:03
64596,218603.85,10930.15,,,,10930.15,07/04/2026 12:16:25
84073,207335.4,10366.6,,,,10366.6,05/04/2026 12:08:38
61480,255347.65,1276.7,,,,1276.7,31/03/2026 07:41:33
87049,180471.15,9023.6,,,,9023.6,30/03/2026 08:59:25
42158,297245.0,14862.25,,,,14862.25,29/03/2026 09:59:31
58129,206236.35,10312.199999999999,,,,10312.199999999999,30/03/2026 09:33:04
20279,285345.0,14267.25,,,,14267.25,02/04/2026 12:10:55
80512,254702.5,12735.55,,,,12735.55,01/04/2026 07:02:27
71253,248751.65,,6218.599999999999,,,6218.599999999999,02/04/2026 12:10:39
34228,208709.85,10435.449999999999,,,,10435.449999999999,29/03/2026 07:46:54
83756,212007.85,10600.35,,,,10600.35,30/03/2026 07:32:43
61821,263219.5,13161.4,,,,13161.4,30/03/2026 08:55:19
48030,261575.6,13078.949999999999,,,,13078.949999999999,29/03/2026 09:35:27
17510,202113.85,10105.65,,,,10105.65,30/03/2026 09:40:17
13963,198321.15,9916.1,,,,9916.1,30/03/2026 10:38:11
69267,206236.35,10312.199999999999,,,,10312.199999999999,30/03/2026 10:39:23
67848,218603.85,10930.15,,,,10930.15,30/03/2026 07:46:01
13243,261549.25,13077.25,,,,13077.25,31/03/2026 10:17:55
21888,200464.85,10023.199999999999,,,,10023.199999999999,29/03/2026 07:17:06
18755,218603.85,10930.15,,,,10930.15,29/03/2026 10:46:55
97227,280430.3,14021.6,,,,14021.6,30/03/2026 10:25:45
64978,276207.5,276.25,,,,276.25,30/03/2026 09:33:28
66823,202113.85,10105.65,,,,10105.65,29/03/2026 10:37:09
84623,195512.75,9775.85,,,,9775.85,01/04/2026 10:45:24
39240,166139.3,8307.05,,,,8307.05,30/03/2026 07:47:00
61805,224995.0,11249.75,,,,11249.75,29/03/2026 08:55:36
36226,225364.75,11268.449999999999,,,,11268.449999999999,29/03/2026 09:30:47
94846,253045.0,12652.25,,,,12652.25,31/03/2026 09:19:18
84803,261575.6,13078.949999999999,,,,13078.949999999999,30/03/2026 10:13:50
22899,225420.0,1127.1,,,,1127.1,29/03/2026 10:37:50
23046,218603.85,10930.15,,,,10930.15,30/03/2026 09:06:31
92470,259870.5,12993.949999999999,,,,12993.949999999999,29/03/2026 09:25:51
26259,285345.0,14267.25,,,,14267.25,29/03/2026 10:24:54
86455,208709.85,10435.449999999999,,,,10435.449999999999,29/03/2026 10:11:30
42134,218603.85,10930.15,,,,10930.15,30/03/2026 09:12:21
19825,241995.0,12099.75,,,,12099.75,29/03/2026 08:10:38
94386,212614.75,10630.949999999999,,,,10630.949999999999,29/03/2026 09:27:38
43912,218603.85,10930.15,,,,10930.15,29/03/2026 07:05:33
56255,284495.0,14224.75,,,,14224.75,31/03/2026 10:35:22
94304,204114.75,10205.949999999999,,,,10205.949999999999,29/03/2026 07:53:23
11926,229245.0,11462.25,,,,11462.25,01/04/2026 09:24:42
61582,241969.5,12098.9,,,,12098.9,29/03/2026 09:02:24
34619,225364.75,11268.449999999999,,,,11268.449999999999,29/03/2026 10:13:56
38544,211842.94999999998,10591.85,,,,10591.85,31/03/2026 07:50:13
92122,212007.85,10600.35,,,,10600.35,30/03/2026 09:23:39
72723,239311.55,11965.449999999999,,,,11965.449999999999,30/03/2026 10:58:19
92445,235195.0,11759.75,,,,11759.75,29/03/2026 08:23:03
85871,225364.75,11268.449999999999,,,,11268.449999999999,29/03/2026 10:23:24
65913,225364.75,11268.449999999999,,,,11268.449999999999,30/03/2026 08:39:16
83742,202113.85,10105.65,,,,10105.65,30/03/2026 09:51:17
41274,292145.0,14607.25,,,,14607.25,11/04/2026 12:19:48
41414,215164.75,10758.449999999999,,,,10758.449999999999,30/03/2026 09:51:48
45288,215956.1,10797.55,,,,10797.55,31/03/2026 07:29:51
76190,223664.75,11183.449999999999,,,,11183.449999999999,30/03/2026 09:00:42
47535,207514.75,10375.949999999999,,,,10375.949999999999,29/03/2026 10:00:42
37761,202113.85,10105.65,,,,10105.65,29/03/2026 08:49:02
80933,194895.65,9744.4,,,,9744.4,30/03/2026 08:16:05
35658,194877.8,9743.55,,,,9743.55,29/03/2026 09:30:36
35658,194878.65,9743.55,,,,9743.55,29/03/2026 09:30:36
35658,514068.95,2570.4,,,,2570.4,29/03/2026 09:30:36
35658,257034.05,1285.2,,,,1285.2,29/03/2026 09:30:36
80854,208364.75,10418.449999999999,,,,10418.449999999999,29/03/2026 09:18:01
83234,297245.0,14862.25,,,,14862.25,29/03/2026 09:29:17
89344,206664.75,10333.449999999999,,,,10333.449999999999,29/03/2026 07:57:25
05260,225420.0,1127.1,,,,1127.1,31/03/2026 07:48:33
31768,225364.75,11268.449999999999,,,,11268.449999999999,29/03/2026 07:25:12
08379,225364.75,11268.449999999999,,,,11268.449999999999,29/03/2026 10:48:49
37813,207335.4,10366.6,,,,10366.6,29/03/2026 08:50:18
09299,288327.64999999997,1441.6,,,,1441.6,30/03/2026 11:20:39
79470,297245.0,14862.25,,,,14862.25,29/03/2026 09:30:49
50700,190514.75,9525.949999999999,,,,9525.949999999999,30/03/2026 07:56:15
62146,206664.75,10333.449999999999,,,,10333.449999999999,29/03/2026 09:39:18
66843,26690.0,266.9,,,,266.9,30/03/2026 10:02:19
84396,225364.75,11268.449999999999,,,,11268.449999999999,29/03/2026 07:58:54
03018,207335.4,10366.6,,,,10366.6,30/03/2026 09:23:11
55520,256445.0,12822.25,,,,12822.25,29/03/2026 07:39:01
16279,208364.75,10418.449999999999,,,,10418.449999999999,30/03/2026 10:46:22
30303,218603.85,10930.15,,,,10930.15,30/03/2026 10:44:48
32177,256445.0,12822.25,,,,12822.25,29/03/2026 08:37:27
27360,220857.19999999998,11043.199999999999,,,,11043.199999999999,29/03/2026 07:38:28
84424,208420.0,1042.1,,,,1042.1,29/03/2026 07:11:23
60071,191321.4,9565.9,,,,9565.9,04/04/2026 12:17:32
24291,259845.0,,6496.55,,,6496.55,30/03/2026 10:58:57
57062,263245.0,13162.25,,,,13162.25,29/03/2026 09:12:48
16074,198321.15,9916.1,,,,9916.1,30/03/2026 09:29:39
33793,225364.75,11268.449999999999,,,,11268.449999999999,31/03/2026 08:33:53
72325,215164.75,10758.449999999999,,,,10758.449999999999,29/03/2026 08:54:04
43417,253045.0,12652.25,,,,12652.25,30/03/2026 08:53:57
24482,208364.75,10418.449999999999,,,,10418.449999999999,30/03/2026 09:14:21
47542,297245.0,14862.25,,,,14862.25,29/03/2026 09:12:09
64156,253045.0,12652.25,,,,12652.25,31/03/2026 07:15:32
81622,218603.85,10930.15,,,,10930.15,29/03/2026 09:55:53
80924,248751.65,12437.199999999999,,,,12437.199999999999,04/04/2026 12:17:22
41786,202113.85,10105.65,,,,10105.65,29/03/2026 09:30:30
03701,208364.75,10418.449999999999,,,,10418.449999999999,29/03/2026 08:08:09
14800,281642.39999999997,14081.949999999999,,,,14081.949999999999,29/03/2026 07:11:29
80433,208364.75,10418.449999999999,,,,10418.449999999999,30/03/2026 08:48:52
57859,241054.05,1205.3,,,,1205.3,29/03/2026 11:24:33
83824,208364.75,10418.449999999999,,,,10418.449999999999,30/03/2026 07:30:27
64974,202061.15,10103.1,,,,10103.1,30/03/2026 09:15:39
64974,266509.0,13325.449999999999,,,,13325.449999999999,30/03/2026 09:15:39
13518,236920.5,11846.449999999999,,,,11846.449999999999,04/04/2026 12:17:57
90172,204386.75,10219.55,,,,10219.55,29/03/2026 07:56:14
77229,292697.5,2927.4,,,,2927.4,30/03/2026 08:47:55
76614,253844.0,12692.199999999999,,,,12692.199999999999,29/03/2026 09:25:03
25831,227541.6,11377.25,,,,11377.25,31/03/2026 10:40:06
62840,208364.75,10418.449999999999,,,,10418.449999999999,29/03/2026 07:18:40
50855,207309.9,10365.75,,,,10365.75,29/03/2026 10:55:11
72778,253045.0,12652.25,,,,12652.25,29/03/2026 09:18:25
74717,245453.65,12272.3,,,,12272.3,31/03/2026 08:44:31
77507,213464.75,10673.449999999999,,,,10673.449999999999,29/03/2026 10:17:48
41808,225364.75,11268.449999999999,,,,11268.449999999999,30/03/2026 07:44:29
03524,202113.85,10105.65,,,,10105.65,29/03/2026 07:03:00
78304,225364.75,11268.449999999999,,,,11268.449999999999,29/03/2026 07:34:05
58922,204114.75,10205.949999999999,,,,10205.949999999999,30/03/2026 09:52:10
29172,218603.85,10930.15,,,,10930.15,29/03/2026 07:07:37
91341,225364.75,11268.449999999999,,,,11268.449999999999,31/03/2026 08:31:52
56275,294516.5,14726.25,,,,14726.25,30/03/2026 10:56:27
18398,245453.65,12272.3,,,,12272.3,30/03/2026 09:16:56
47026,188462.0,9423.1,,,,9423.1,01/04/2026 09:46:49
10286,202113.85,10105.65,,,,10105.65,29/03/2026 09:12:16
49857,297245.0,14862.25,,,,14862.25,30/03/2026 08:08:39
45142,188241.85,9412.05,,,,9412.05,29/03/2026 09:06:58
57191,253045.0,12652.25,,,,12652.25,31/03/2026 10:42:08
70813,222679.6,11134.15,,,,11134.15,30/03/2026 08:32:40
81303,202726.69999999998,10136.25,,,,10136.25,30/03/2026 10:48:36
66442,194990.0,974.9499999999999,,,,974.9499999999999,29/03/2026 09:04:09
66442,514364.75,25717.6,,,,25717.6,29/03/2026 09:04:09
84088,255347.65,1276.7,,,,1276.7,30/03/2026 07:35:37
83379,208420.0,1042.1,,,,1042.1,31/03/2026 10:23:30
29105,225364.75,11268.449999999999,,,,11268.449999999999,30/03/2026 08:00:34
33482,207335.4,10366.6,,,,10366.6,29/03/2026 09:01:41
51922,271745.0,13587.25,,,,13587.25,30/03/2026 10:53:32
79784,260695.0,13034.75,,,,13034.75,30/03/2026 07:06:33
31589,263245.0,13162.25,,,,13162.25,29/03/2026 08:48:31
13909,256445.0,,6411.55,,,6411.55,31/03/2026 08:19:34
95735,247095.0,12354.75,,,,12354.75,29/03/2026 10:09:12
54094,219784.5,10989.65,,,,10989.65,30/03/2026 09:21:47
67320,297245.0,14862.25,,,,14862.25,30/03/2026 07:03:30
95536,239311.55,11965.449999999999,,,,11965.449999999999,30/03/2026 07:57:36
79308,457300.0,228.65,,,,228.65,29/03/2026 07:08:48
23115,180291.8,,4507.55,,,4507.55,30/03/2026 10:36:22
04769,246713.35,12336.05,,,,12336.05,29/03/2026 08:43:35
84277,185648.5,9282.85,,,,9282.85,30/03/2026 08:32:44
16001,187052.69999999998,9352.55,,,,9352.55,29/03/2026 08:58:50
35917,252450.0,252.45,,,,252.45,01/04/2026 08:25:59
29520,208364.75,10418.449999999999,,,,10418.449999999999,31/03/2026 07:15:36
27896,190463.75,9523.4,,,,9523.4,29/03/2026 07:23:36
66826,243740.9,12187.3,,,,12187.3,29/03/2026 09:23:52
66826,487481.8,24374.6,,,,24374.6,29/03/2026 09:23:52
21870,245453.65,12272.3,,,,12272.3,29/03/2026 09:49:59
26265,237333.6,11866.85,,,,11866.85,06/04/2026 14:39:35
23652,187052.69999999998,9352.55,,,,9352.55,29/03/2026 07:12:08
78989,181441.0,9072.05,,,,9072.05,30/03/2026 08:04:38
77906,187027.19999999998,9351.699999999999,,,,9351.699999999999,30/03/2026 09:51:31
89362,246713.35,12336.05,,,,12336.05,30/03/2026 09:05:21
83697,275969.5,13798.9,,,,13798.9,31/03/2026 08:34:58
73581,260695.0,13034.75,,,,13034.75,29/03/2026 08:48:48
73321,253045.0,12652.25,,,,12652.25,31/03/2026 08:07:06
35590,263245.0,13162.25,,,,13162.25,29/03/2026 09:29:59
12890,263245.0,13162.25,,,,13162.25,01/04/2026 09:57:06
09671,297245.0,14862.25,,,,14862.25,30/03/2026 10:51:20
78489,275991.6,13799.75,,,,13799.75,29/03/2026 08:02:08
04927,252994.0,12649.699999999999,,,,12649.699999999999,29/03/2026 11:00:11
71510,263592.64999999997,13179.25,,,,13179.25,31/03/2026 09:47:59
34836,241723.0,12086.15,,,,12086.15,31/03/2026 07:33:07
36010,189903.6,9495.35,,,,9495.35,29/03/2026 09:31:16
36010,189904.44999999998,9495.35,,,,9495.35,29/03/2026 09:31:16
36010,203917.55,10195.75,,,,10195.75,29/03/2026 09:31:16
36010,250474.6,12523.9,,,,12523.9,29/03/2026 09:31:16
00571,254694.0,12734.699999999999,,,,12734.699999999999,29/03/2026 10:43:27
07682,208364.75,10418.449999999999,,,,10418.449999999999,29/03/2026 09:53:24
36893,227541.6,11377.25,,,,11377.25,01/04/2026 08:58:41
26106,192384.75,9619.449999999999,,,,9619.449999999999,31/03/2026 09:35:58
91346,246245.0,12312.25,,,,12312.25,30/03/2026 09:48:35
37971,197289.25,9864.25,,,,9864.25,01/04/2026 10:22:49
48080,208364.75,10418.449999999999,,,,10418.449999999999,29/03/2026 07:20:56
23406,255630.69999999998,12781.449999999999,,,,12781.449999999999,29/03/2026 09:23:11
93512,253019.5,,6325.7,,,6325.7,31/03/2026 07:40:55
55229,202113.85,10105.65,,,,10105.65,30/03/2026 08:54:14
24721,246245.0,12312.25,,,,12312.25,29/03/2026 08:19:37
42279,253758.15,12687.949999999999,,,,12687.949999999999,30/03/2026 10:40:41
56208,253045.0,12652.25,,,,12652.25,29/03/2026 07:30:06
99109,257703.0,12885.15,,,,12885.15,30/03/2026 08:57:55
36743,224995.0,11249.75,,,,11249.75,29/03/2026 10:18:01
25049,248943.75,12447.4,,,,12447.4,29/03/2026 08:01:09
29145,246245.0,12312.25,,,,12312.25,29/03/2026 08:47:29
70904,225364.75,11268.449999999999,,,,11268.449999999999,30/03/2026 07:44:38
04285,202113.85,10105.65,,,,10105.65,29/03/2026 08:42:30
91895,208420.0,1042.1,,,,1042.1,30/03/2026 10:11:22
25898,218564.75,10928.449999999999,,,,10928.449999999999,30/03/2026 09:49:07
06193,248751.65,12437.199999999999,,,,12437.199999999999,30/03/2026 08:21:54
73608,249645.0,12482.25,,,,12482.25,04/04/2026 12:18:03
24184,224008.15,11200.449999999999,,,,11200.449999999999,30/03/2026 07:33:07
30833,255347.65,1276.7,,,,1276.7,29/03/2026 08:49:12
49266,208364.75,10418.449999999999,,,,10418.449999999999,30/03/2026 09:27:16
12373,253045.0,12652.25,,,,12652.25,02/04/2026 12:10:16
30669,202446.19999999998,10122.65,,,,10122.65,31/03/2026 08:11:49
11282,208007.75,10400.6,,,,10400.6,29/03/2026 09:52:22
63968,223664.75,11183.449999999999,,,,11183.449999999999,30/03/2026 07:04:51
74963,297245.0,14862.25,,,,14862.25,29/03/2026 10:21:12
08281,263245.0,13162.25,,,,13162.25,29/03/2026 08:45:20
99675,263592.64999999997,13179.25,,,,13179.25,31/03/2026 10:33:24
16443,202113.85,10105.65,,,,10105.65,31/03/2026 10:32:07
85315,202113.85,10105.65,,,,10105.65,29/03/2026 11:36:17
44977,253045.0,12652.25,,,,12652.25,29/03/2026 08:40:25
77046,330950.89999999997,16547.8,,,,16547.8,05/04/2026 12:12:20
34580,208364.75,10418.449999999999,,,,10418.449999999999,31/03/2026 07:54:46
64146,218564.75,10928.449999999999,,,,10928.449999999999,29/03/2026 09:00:58
27647,253045.0,12652.25,,,,12652.25,31/03/2026 10:39:54
58013,254507.0,12725.35,,,,12725.35,29/03/2026 08:51:05
10892,246219.5,12311.4,,,,12311.4,29/03/2026 07:51:19
16055,253045.0,12652.25,,,,12652.25,29/03/2026 10:32:23
00815,253045.0,12652.25,,,,12652.25,30/03/2026 10:21:03
21669,206662.19999999998,10333.449999999999,,,,10333.449999999999,30/03/2026 08:30:45
93177,205435.65,10271.4,,,,10271.4,31/03/2026 08:33:39
92984,187271.15,9363.6,,,,9363.6,29/03/2026 07:44:18
54842,477224.0,23861.2,,,,23861.2,31/03/2026 09:14:16
72939,208364.75,10418.449999999999,,,,10418.449999999999,29/03/2026 11:01:12
44017,269195.0,13459.75,,,,13459.75,31/03/2026 08:17:36
42108,253045.0,12652.25,,,,12652.25,31/03/2026 07:57:38
23979,488230.64999999997,24411.149999999998,,,,24411.149999999998,30/03/2026 10:46:03
54947,187271.15,9363.6,,,,9363.6,30/03/2026 10:48:35
95434,253045.0,12652.25,,,,12652.25,29/03/2026 09:40:22
13156,208364.75,10418.449999999999,,,,10418.449999999999,30/03/2026 07:16:53
45671,263117.5,13156.3,,,,13156.3,31/03/2026 10:21:00
79554,208364.75,10418.449999999999,,,,10418.449999999999,31/03/2026 09:33:51
39026,212614.75,10630.949999999999,,,,10630.949999999999,29/03/2026 09:19:58
89234,198321.15,9916.1,,,,9916.1,30/03/2026 09:49:04
65292,208364.75,10418.449999999999,,,,10418.449999999999,02/04/2026 12:10:38
51624,256445.0,12822.25,,,,12822.25,30/03/2026 07:17:29
64924,182864.75,9143.449999999999,,,,9143.449999999999,29/03/2026 07:46:49
97676,201734.75,10086.949999999999,,,,10086.949999999999,30/03/2026 07:57:23
45253,253045.0,12652.25,,,,12652.25,30/03/2026 08:54:21
08418,225364.75,11268.449999999999,,,,11268.449999999999,29/03/2026 09:14:26
94427,467500.0,233.75,,,,233.75,30/03/2026 11:06:37
78670,202113.85,10105.65,,,,10105.65,29/03/2026 09:44:36
74500,253045.0,12652.25,,,,12652.25,30/03/2026 07:17:51
63403,208364.75,10418.449999999999,,,,10418.449999999999,29/03/2026 10:46:37
84364,245453.65,12272.3,,,,12272.3,30/03/2026 07:48:43
93287,204038.25,10201.699999999999,,,,10201.699999999999,30/03/2026 11:39:13
44806,26690.0,266.9,,,,266.9,28/03/2026 09:13:39
04677,246219.5,2462.45,,,,2462.45,28/03/2026 08:40:06
89195,393278.0,19663.899999999998,,,,19663.899999999998,30/03/2026 11:15:09
95814,508300.0,254.15,,,,254.15,29/03/2026 09:51:59
99998,357935.0,17896.75,,,,17896.75,30/03/2026 09:59:47
72065,334789.5,16739.899999999998,,,,16739.899999999998,01/04/2026 08:31:26
15935,478550.0,2392.75,,,,2392.75,29/03/2026 10:45:04
28693,244876.5,2448.85,,,,2448.85,31/03/2026 08:09:51
66795,346800.0,173.4,,,,173.4,30/03/2026 10:11:24
05743,330553.95,16527.399999999998,,,,16527.399999999998,29/03/2026 10:45:23
82215,260009.9,2600.15,,,,2600.15,28/03/2026 11:23:27
17160,255850.0,255.85,,,,255.85,30/03/2026 07:58:14
22513,508300.0,254.15,,,,254.15,28/03/2026 08:36:05
51473,252450.0,252.45,,,,252.45,28/03/2026 08:17:33
88561,302600.0,151.29999999999998,,,,151.29999999999998,29/03/2026 08:11:15
40631,482800.0,482.8,,,,482.8,30/03/2026 10:51:49
28651,497071.5,2485.4,,,,2485.4,28/03/2026 10:43:55
42245,306765.0,15338.25,,,,15338.25,30/03/2026 08:35:08
38967,287750.5,2877.25,,,,2877.25,28/03/2026 10:05:20
26921,488070.0,2440.35,,,,2440.35,30/03/2026 09:06:36
59608,516800.0,258.4,,,,258.4,03/04/2026 12:08:56
10340,457300.0,,1143.25,,,1143.25,01/04/2026 07:46:02
12225,230200.4,2301.7999999999997,,,,2301.7999999999997,30/03/2026 08:26:58
05598,150697.35,6028.2,,,,6028.2,29/03/2026 09:05:17
62680,497250.0,2486.25,,,,2486.25,29/03/2026 07:28:41
90407,447304.0,22365.2,,,,22365.2,28/03/2026 10:42:05
33031,321555.0,16077.75,,,,16077.75,30/03/2026 10:14:42
01416,491470.0,2457.35,,,,2457.35,30/03/2026 07:45:14
30406,498100.0,498.09999999999997,,,,498.09999999999997,29/03/2026 09:55:37
75645,480683.5,24034.6,,,,24034.6,29/03/2026 08:30:59
97374,431800.0,,107.95,,,107.95,29/03/2026 09:06:08
38193,430338.0,21516.899999999998,,,,21516.899999999998,31/03/2026 07:17:23
93099,495568.7,24778.35,,,,24778.35,28/03/2026 10:12:39
40718,445578.5,22279.35,,,,22279.35,07/04/2026 12:03:36
43326,353592.35,176.79999999999998,,,,176.79999999999998,29/03/2026 09:11:25
73204,49300.0,4930.0,,,,4930.0,29/03/2026 07:19:40
94857,301288.45,15064.55,,,,15064.55,29/03/2026 08:15:35
86676,410116.5,4101.25,,,,4101.25,30/03/2026 07:29:38
72964,317050.0,1585.25,,,,1585.25,29/03/2026 07:10:13
05882,477224.0,4771.9,,,,4771.9,30/03/2026 09:25:02
16190,464100.0,232.04999999999998,,,,232.04999999999998,30/03/2026 09:08:20
29458,277372.0,13868.6,,,,13868.6,31/03/2026 09:43:30
09371,462907.45,,11572.75,,,11572.75,28/03/2026 10:18:18
70947,423300.0,211.65,,,,211.65,29/03/2026 10:49:36
65461,457300.0,228.65,,,,228.65,30/03/2026 10:00:26
33813,435453.3,21772.75,,,,21772.75,29/03/2026 08:57:25
26121,532950.0,2664.75,,,,2664.75,01/04/2026 08:55:33
75358,476986.0,23849.3,,,,23849.3,28/03/2026 09:13:51
40205,447304.0,22365.2,,,,22365.2,29/03/2026 08:31:27
70685,27992.2,2799.0499999999997,,,,2799.0499999999997,03/04/2026 12:18:21
39216,488750.0,,12218.75,,,12218.75,30/03/2026 07:10:06
58997,400707.0,20035.35,,,,20035.35,30/03/2026 09:09:28
39022,502521.7,2512.6,,,,2512.6,30/03/2026 09:31:16
37403,535500.0,,1338.75,,,1338.75,30/03/2026 10:16:00
88700,498100.0,249.04999999999998,,,,249.04999999999998,29/03/2026 07:15:29
92299,508300.0,254.15,,,,254.15,29/03/2026 10:57:06
97472,466378.0,23318.899999999998,,,,23318.899999999998,29/03/2026 07:53:08
51278,342108.0,17105.399999999998,,,,17105.399999999998,04/04/2026 12:33:58
23471,467636.0,23381.8,,,,23381.8,10/04/2026 12:03:08
94964,498074.5,24904.149999999998,,,,24904.149999999998,28/03/2026 07:31:31
21043,370413.0,18520.649999999998,,,,18520.649999999998,02/04/2026 10:25:12
07862,324585.25,16229.05,,,,16229.05,28/03/2026 09:41:28
90573,477224.0,,11930.6,,,11930.6,28/03/2026 08:25:20
28794,516800.0,258.4,,,,258.4,01/04/2026 09:08:21
16732,542300.0,271.15,,,,271.15,30/03/2026 07:05:39
32419,492226.5,4922.349999999999,,,,4922.349999999999,29/03/2026 10:52:55
92969,296650.0,296.65,,,,296.65,28/03/2026 08:27:18
34077,424864.0,21243.2,,,,21243.2,30/03/2026 09:16:08
46847,482800.0,241.4,,,,241.4,28/03/2026 10:26:14
56929,517843.8,25891.85,,,,25891.85,29/03/2026 08:00:11
56135,542300.0,271.15,,,,271.15,29/03/2026 10:51:37
24491,328068.55,16403.3,,,,16403.3,30/03/2026 10:50:10
85813,525300.0,262.65,,,,262.65,29/03/2026 08:07:33
92240,507450.0,507.45,,,,507.45,30/03/2026 07:58:27
55526,481508.0,24075.399999999998,,,,24075.399999999998,29/03/2026 09:39:32
23708,443989.0,4439.55,,,,4439.55,29/03/2026 07:28:34
20036,423274.5,21164.149999999998,,,,21164.149999999998,29/03/2026 07:11:04
86887,502887.2,25144.7,,,,25144.7,30/03/2026 10:44:20
29542,457300.0,228.65,,,,228.65,28/03/2026 09:10:28
55129,457300.0,228.65,,,,228.65,29/03/2026 08:06:52
65540,17315.35,1731.45,,,,1731.45,29/03/2026 07:04:44
38859,429330.75,21466.75,,,,21466.75,28/03/2026 10:03:55
38859,292848.8,14642.1,,,,14642.1,28/03/2026 10:03:55
90561,447002.25,22349.899999999998,,,,22349.899999999998,28/03/2026 08:45:56
20811,459379.95,22968.7,,,,22968.7,28/03/2026 10:14:54
61103,498100.0,249.04999999999998,,,,249.04999999999998,29/03/2026 10:43:47
74607,457300.0,228.65,,,,228.65,30/03/2026 10:03:21
21219,296020.14999999997,2960.5499999999997,,,,2960.5499999999997,28/03/2026 10:11:17
27047,542300.0,271.15,,,,271.15,29/03/2026 10:26:29
93554,456450.0,456.45,,,,456.45,29/03/2026 09:58:20
11855,49702.9,4969.95,,,,4969.95,28/03/2026 10:09:29
89817,508300.0,254.15,,,,254.15,30/03/2026 08:46:59
28529,277372.0,13868.6,,,,13868.6,28/03/2026 08:15:37
20268,456773.0,22838.649999999998,,,,22838.649999999998,27/03/2026 07:12:06
42755,395068.1,19753.149999999998,,,,19753.149999999998,03/04/2026 12:31:47
69188,416806.0,20840.3,,,,20840.3,28/03/2026 07:13:34
09469,423300.0,211.65,,,,211.65,28/03/2026 08:17:12
40699,477224.0,23861.2,,,,23861.2,27/03/2026 10:39:30
49237,423300.0,211.65,,,,211.65,28/03/2026 08:46:23
14421,532100.0,266.05,,,,266.05,27/03/2026 08:42:47
61208,532100.0,266.05,,,,266.05,27/03/2026 07:12:50
32369,416806.0,20840.3,,,,20840.3,28/03/2026 08:57:58
32759,467126.0,4671.599999999999,,,,4671.599999999999,28/03/2026 11:20:10
18050,492014.0,24600.7,,,,24600.7,29/03/2026 09:19:21
36958,429006.05,21450.6,,,,21450.6,31/03/2026 09:50:01
03556,537200.0,268.59999999999997,,,,268.59999999999997,30/03/2026 07:58:30
14365,476476.0,4765.099999999999,,,,4765.099999999999,29/03/2026 08:38:07
51222,497126.75,24856.55,,,,24856.55,28/03/2026 09:56:32
22318,530400.0,265.2,,,,265.2,27/03/2026 09:41:12
09748,542300.0,,1355.75,,,1355.75,28/03/2026 07:05:37
97977,480369.0,24018.45,,,,24018.45,28/03/2026 08:38:39
31223,262650.0,262.65,,,,262.65,29/03/2026 10:39:53
31262,407507.0,20375.35,,,,20375.35,28/03/2026 09:03:41
02310,474900.95,23744.75,,,,23744.75,27/03/2026 09:30:22
02310,303699.05,15185.25,,,,15185.25,27/03/2026 09:30:22
88177,453738.5,4537.3,,,,4537.3,30/03/2026 08:59:25
72639,457300.0,457.3,,,,457.3,29/03/2026 11:14:31
37235,308938.45,15447.05,,,,15447.05,29/03/2026 10:48:56
35459,238833.0,238.85,,,,238.85,31/03/2026 10:51:51
84494,423300.0,,1058.25,,,1058.25,28/03/2026 09:10:44
48435,422450.0,422.45,,,,422.45,29/03/2026 10:26:00
84509,457300.0,228.65,,,,228.65,28/03/2026 08:57:17
13943,280973.45,14048.8,,,,14048.8,28/03/2026 10:04:33
07697,449369.5,22468.899999999998,,,,22468.899999999998,29/03/2026 08:41:49
79803,453016.0,453.05,,,,453.05,29/03/2026 10:29:42
74929,456450.0,456.45,,,,456.45,28/03/2026 08:47:54
21483,238833.0,238.85,,,,238.85,30/03/2026 11:02:48
79066,410601.0,20530.05,,,,20530.05,28/03/2026 09:19:56
76774,457300.0,457.3,,,,457.3,31/03/2026 09:25:45
87969,447950.0,2239.75,,,,2239.75,29/03/2026 08:29:37
15498,410601.0,4106.349999999999,,,,4106.349999999999,29/03/2026 09:08:40
79836,457300.0,228.65,,,,228.65,27/03/2026 07:30:03
29150,498100.0,249.04999999999998,,,,249.04999999999998,28/03/2026 09:38:28
53299,255850.0,255.85,,,,255.85,28/03/2026 10:30:19
17932,27992.2,2799.0499999999997,,,,2799.0499999999997,28/03/2026 07:00:08
51194,421829.5,21091.899999999998,,,,21091.899999999998,27/03/2026 09:41:19
41303,286450.0,286.45,,,,286.45,30/03/2026 10:47:15
67129,309009.0,3089.75,,,,3089.75,07/04/2026 12:03:09
74275,191882.4,1918.45,,,,1918.45,30/03/2026 10:34:59
10411,416500.0,208.25,,,,208.25,29/03/2026 10:01:28
01241,421721.55,21085.95,,,,21085.95,27/03/2026 08:55:03
40960,457274.5,457.3,,,,457.3,03/04/2026 12:08:56
97253,423300.0,211.65,,,,211.65,27/03/2026 08:24:11
44595,246219.5,2462.45,,,,2462.45,28/03/2026 10:25:57
34924,423300.0,211.65,,,,211.65,30/03/2026 07:36:56
27572,457300.0,228.65,,,,228.65,27/03/2026 07:26:45
45757,493051.0,24652.55,,,,24652.55,29/03/2026 08:50:52
10243,444425.05,22221.55,,,,22221.55,30/03/2026 10:37:00
29517,286821.45,14341.199999999999,,,,14341.199999999999,27/03/2026 08:48:25
52968,308938.45,15447.05,,,,15447.05,29/03/2026 07:02:44
89297,423274.5,423.3,,,,423.3,29/03/2026 09:44:29
53817,457300.0,457.3,,,,457.3,28/03/2026 08:10:34
14116,287773.45,14388.8,,,,14388.8,28/03/2026 07:41:57
23943,423300.0,211.65,,,,211.65,29/03/2026 10:51:21
65099,423300.0,211.65,,,,211.65,27/03/2026 10:05:49
29994,423300.0,211.65,,,,211.65,30/03/2026 09:35:13
72604,344707.3,3446.75,,,,3446.75,28/03/2026 07:52:10
96637,280123.45,14006.3,,,,14006.3,27/03/2026 08:38:52
08373,457300.0,,1143.25,,,1143.25,27/03/2026 08:05:04
84277,416667.45,2083.35,,,,2083.35,28/03/2026 08:34:13
17915,678215.0,33910.75,,,,33910.75,28/03/2026 10:50:56
61494,414918.14999999997,20745.95,,,,20745.95,29/03/2026 09:52:43
63267,422450.0,422.45,,,,422.45,28/03/2026 10:45:43
14837,412250.0,2061.25,,,,2061.25,28/03/2026 08:06:07
58433,423300.0,211.65,,,,211.65,28/03/2026 08:24:49
18750,370183.5,18509.6,,,,18509.6,27/03/2026 09:11:35
56565,246219.5,2462.45,,,,2462.45,28/03/2026 08:09:13
50045,456450.0,456.45,,,,456.45,01/04/2026 08:04:06
46512,423300.0,211.65,,,,211.65,27/03/2026 07:45:19
41399,457300.0,228.65,,,,228.65,28/03/2026 10:53:29
54647,246219.5,2462.45,,,,2462.45,29/03/2026 11:02:20
69573,456450.0,456.45,,,,456.45,29/03/2026 08:21:04
02536,414001.0,20700.05,,,,20700.05,30/03/2026 07:59:38
74225,457300.0,228.65,,,,228.65,28/03/2026 08:52:09
52327,446250.0,446.25,,,,446.25,29/03/2026 10:55:10
17137,335475.45,3354.95,,,,3354.95,28/03/2026 08:11:25
31904,239394.0,2393.6,,,,2393.6,28/03/2026 07:57:14
35186,457257.5,22863.3,,,,22863.3,28/03/2026 09:48:05
61407,244519.5,2445.45,,,,2445.45,30/03/2026 10:12:27
03063,279783.45,13989.3,,,,13989.3,28/03/2026 10:37:17
96379,457300.0,228.65,,,,228.65,30/03/2026 11:01:19
42347,457300.0,228.65,,,,228.65,27/03/2026 10:04:26
82738,266679.0,13333.949999999999,,,,13333.949999999999,28/03/2026 09:17:36
87439,246219.5,2462.45,,,,2462.45,30/03/2026 10:50:08
87044,495550.0,2477.75,,,,2477.75,27/03/2026 07:53:24
08209,61880.0,618.8,,,,618.8,28/03/2026 08:38:06
26075,235169.5,2351.95,,,,2351.95,28/03/2026 10:37:20
30186,423300.0,211.65,,,,211.65,29/03/2026 09:34:49
85603,423278.75,21164.149999999998,,,,21164.149999999998,29/03/2026 10:16:57
13825,27992.2,2799.0499999999997,,,,2799.0499999999997,27/03/2026 08:15:04
53828,308576.35,15429.199999999999,,,,15429.199999999999,29/03/2026 07:20:10
57010,448001.85,22400.05,,,,22400.05,27/03/2026 09:12:28
67274,320240.89999999997,16012.3,,,,16012.3,27/03/2026 09:46:29
94954,244876.5,2448.85,,,,2448.85,29/03/2026 09:52:30
19370,416500.0,208.25,,,,208.25,29/03/2026 09:54:41
46434,508300.0,254.15,,,,254.15,28/03/2026 09:56:10
46475,489600.0,244.79999999999998,,,,244.79999999999998,02/04/2026 10:50:10
81402,532100.0,266.05,,,,266.05,27/03/2026 09:08:22
60875,498916.0,,12472.9,,,12472.9,27/03/2026 10:28:56
16727,393278.0,19663.899999999998,,,,19663.899999999998,27/03/2026 10:04:41
83361,734808.0,1469.6499999999999,,,,1469.6499999999999,28/03/2026 08:59:23
58264,302515.0,15125.75,,,,15125.75,27/03/2026 07:39:47
36536,457300.0,457.3,,,,457.3,29/03/2026 07:11:25
82828,246219.5,2462.45,,,,2462.45,29/03/2026 07:53:59
07681,474300.0,,1185.75,,,1185.75,29/03/2026 08:05:35
61516,535500.0,267.75,,,,267.75,27/03/2026 07:45:25
02038,488183.05,24409.45,,,,24409.45,03/04/2026 12:17:14
91369,462907.45,2314.5499999999997,,,,2314.5499999999997,27/03/2026 08:01:30
00029,319823.55,15991.05,,,,15991.05,28/03/2026 08:08:21
94948,477224.0,23861.2,,,,23861.2,03/04/2026 12:07:49
47432,527000.0,263.5,,,,263.5,27/03/2026 07:42:39
14757,423300.0,211.65,,,,211.65,28/03/2026 08:07:38
72681,457274.5,22864.149999999998,,,,22864.149999999998,30/03/2026 08:41:43
59894,443700.0,,1109.25,,,1109.25,31/03/2026 09:23:19
75325,287773.45,14388.8,,,,14388.8,28/03/2026 08:51:04
03209,245973.0,2459.9,,,,2459.9,28/03/2026 08:08:26
33969,155509.19999999998,155.54999999999998,,,,155.54999999999998,02/04/2026 12:16:58
07667,457300.0,,1143.25,,,1143.25,27/03/2026 10:36:17
79802,287773.45,14388.8,,,,14388.8,30/03/2026 09:33:48
04507,269897.95,13494.6,,,,13494.6,27/03/2026 10:51:47
51395,443581.0,4436.15,,,,4436.15,31/03/2026 10:23:32
16909,446224.5,22311.649999999998,,,,22311.649999999998,27/03/2026 08:45:43
09372,457300.0,228.65,,,,228.65,27/03/2026 07:54:46
57429,436186.0,21809.3,,,,21809.3,28/03/2026 09:04:15
02061,423300.0,211.65,,,,211.65,27/03/2026 08:33:29
02075,457300.0,228.65,,,,228.65,28/03/2026 10:26:40
06389,453196.2,4532.2,,,,4532.2,28/03/2026 08:38:58
44260,144415.0,7220.75,,,,7220.75,26/03/2026 07:56:45
48461,477224.0,23861.2,,,,23861.2,29/03/2026 08:01:15
39832,488264.64999999997,24412.85,,,,24412.85,28/03/2026 07:51:21
83475,1254248.95,62712.15,,,,62712.15,27/03/2026 10:06:47
83475,442594.14999999997,22129.75,,,,22129.75,27/03/2026 10:06:47
52002,422450.0,422.45,,,,422.45,28/03/2026 09:51:09
53829,28858.35,2885.75,,,,2885.75,27/03/2026 08:48:46
00760,530400.0,265.2,,,,265.2,27/03/2026 07:03:47
24896,477224.0,23861.2,,,,23861.2,28/03/2026 07:11:41
71752,530400.0,265.2,,,,265.2,27/03/2026 07:23:30
30120,536157.0499999999,26808.149999999998,,,,26808.149999999998,28/03/2026 07:44:14
78759,481582.8,24078.8,,,,24078.8,28/03/2026 10:16:50
65750,487080.6,24354.2,,,,24354.2,26/03/2026 09:48:08
10269,471638.64999999997,23581.55,,,,23581.55,25/03/2026 08:48:37
51181,284511.14999999997,14225.6,,,,14225.6,27/03/2026 08:59:24
40454,242751.5,2427.6,,,,2427.6,29/03/2026 09:43:25
93375,452710.0,4527.099999999999,,,,4527.099999999999,29/03/2026 10:09:59
26759,375021.7,1875.1,,,,1875.1,26/03/2026 10:42:00
47308,245956.0,2459.9,,,,2459.9,28/03/2026 07:50:52
00565,344707.3,3446.75,,,,3446.75,28/03/2026 08:54:40
50970,396328.64999999997,19816.05,,,,19816.05,26/03/2026 09:53:26
18390,457300.0,228.65,,,,228.65,25/03/2026 09:13:33
40113,286450.0,286.45,,,,286.45,28/03/2026 08:30:14
01775,443581.0,22179.05,,,,22179.05,26/03/2026 10:26:42
76052,369969.3,18498.55,,,,18498.55,26/03/2026 07:14:58
27606,443581.0,22179.05,,,,22179.05,29/03/2026 09:11:16
84918,554880.0,11097.6,,,,11097.6,29/03/2026 09:32:58
66236,276723.45,13836.3,,,,13836.3,25/03/2026 07:49:43
08427,279140.0,1395.7,,,,1395.7,29/03/2026 10:08:42
92374,423300.0,,1058.25,,,1058.25,26/03/2026 09:58:18
54860,496400.0,248.2,,,,248.2,25/03/2026 07:35:34
37987,423300.0,211.65,,,,211.65,25/03/2026 10:24:33
41176,416500.0,41.65,,,,41.65,31/03/2026 07:30:48
50823,246219.5,2462.45,,,,2462.45,29/03/2026 10:52:18
72259,257720.85,1288.6,,,,1288.6,03/04/2026 12:06:37
99909,399024.0,19951.2,,,,19951.2,31/03/2026 08:13:29
28022,308938.45,15447.05,,,,15447.05,27/03/2026 09:05:05
95881,444147.95,22207.1,,,,22207.1,26/03/2026 08:10:07
77525,28858.35,2885.75,,,,2885.75,30/03/2026 08:22:50
30140,411872.6,4119.099999999999,,,,4119.099999999999,03/04/2026 12:03:41
85605,379559.0,18977.95,,,,18977.95,27/03/2026 08:04:01
88074,423300.0,211.65,,,,211.65,28/03/2026 09:29:37
50609,457300.0,457.3,,,,457.3,28/03/2026 08:22:42
81643,398800.45,19940.149999999998,,,,19940.149999999998,28/03/2026 11:12:32
85003,254150.0,254.15,,,,254.15,29/03/2026 10:23:21
19562,280973.45,14048.8,,,,14048.8,29/03/2026 09:59:33
06769,423300.0,211.65,,,,211.65,25/03/2026 08:01:45
56896,287773.45,14388.8,,,,14388.8,25/03/2026 07:20:16
12038,265691.3,13284.65,,,,13284.65,25/03/2026 09:07:32
93419,201441.5,1007.25,,,,1007.25,26/03/2026 10:47:59
53369,453169.0,4531.349999999999,,,,4531.349999999999,23/03/2026 08:08:30
43442,410601.0,20530.05,,,,20530.05,28/03/2026 09:09:07
60597,413950.0,413.95,,,,413.95,26/03/2026 08:05:10
52811,457300.0,228.65,,,,228.65,25/03/2026 10:11:53
48040,279140.0,1395.7,,,,1395.7,30/03/2026 07:01:35
85789,450500.0,225.25,,,,225.25,24/03/2026 08:09:35
66928,53380.0,533.8,,,,533.8,27/03/2026 07:04:50
47995,423300.0,423.3,,,,423.3,24/03/2026 10:04:02
70859,280973.45,14048.8,,,,14048.8,27/03/2026 10:13:26
38240,454750.0,454.75,,,,454.75,27/03/2026 07:40:54
11667,457300.0,228.65,,,,228.65,26/03/2026 10:23:39
46102,279140.0,1395.7,,,,1395.7,24/03/2026 09:43:37
70206,372607.7,18630.3,,,,18630.3,28/03/2026 09:44:43
26937,52598.0,5259.8,,,,5259.8,24/03/2026 08:12:50
26006,516961.5,5169.7,,,,5169.7,23/03/2026 09:39:09
46142,422450.0,422.45,,,,422.45,28/03/2026 09:11:44
84323,266594.0,2665.6,,,,2665.6,30/03/2026 12:02:13
84323,487356.0,4873.9,,,,4873.9,30/03/2026 12:02:13
72180,480080.0,2400.4,,,,2400.4,03/04/2026 12:06:34
72180,306935.0,15346.75,,,,15346.75,03/04/2026 12:06:34
15620,287773.45,14388.8,,,,14388.8,26/03/2026 07:25:12
86037,457300.0,228.65,,,,228.65,26/03/2026 08:58:35
90926,423300.0,423.3,,,,423.3,23/03/2026 09:34:43
71929,442756.5,4427.65,,,,4427.65,23/03/2026 08:21:11
20146,449650.0,449.65,,,,449.65,23/03/2026 09:29:33
06728,410601.0,20530.05,,,,20530.05,25/03/2026 07:58:39
71011,457300.0,228.65,,,,228.65,26/03/2026 10:02:43
38998,293561.95,14677.8,,,,14677.8,30/03/2026 09:58:40
96995,421212.39999999997,4211.75,,,,4211.75,23/03/2026 10:50:30
89488,417571.0,20878.55,,,,20878.55,25/03/2026 07:11:10
57097,283116.3,14155.9,,,,14155.9,27/03/2026 08:59:51
34360,447074.5,447.09999999999997,,,,447.09999999999997,23/03/2026 07:44:03
22799,246219.5,2462.45,,,,2462.45,23/03/2026 10:27:35
08781,278423.45,13921.3,,,,13921.3,26/03/2026 08:44:57
58562,223312.85,11165.6,,,,11165.6,26/03/2026 09:59:47
08392,201441.5,1007.25,,,,1007.25,25/03/2026 07:21:55
60167,201441.5,1007.25,,,,1007.25,26/03/2026 10:17:26
13318,265691.3,13284.65,,,,13284.65,26/03/2026 09:32:31
19336,195398.0,9769.9,,,,9769.9,26/03/2026 07:41:43
43031,242700.5,12135.449999999999,,,,12135.449999999999,25/03/2026 10:03:25
22892,201441.5,1007.25,,,,1007.25,28/03/2026 07:51:47
95527,456450.0,456.45,,,,456.45,26/03/2026 10:46:56
35119,190391.5,95.2,,,,95.2,26/03/2026 10:59:27
08553,201441.5,1007.25,,,,1007.25,26/03/2026 08:59:11
46756,195398.0,9769.9,,,,9769.9,25/03/2026 07:49:22
36462,201441.5,1007.25,,,,1007.25,24/03/2026 09:05:52
34650,457300.0,228.65,,,,228.65,25/03/2026 09:15:54
45032,201441.5,1007.25,,,,1007.25,26/03/2026 07:08:47
10480,193740.5,9687.449999999999,,,,9687.449999999999,26/03/2026 07:56:35
91038,265648.8,13282.1,,,,13282.1,25/03/2026 09:55:27
75641,201441.5,1007.25,,,,1007.25,25/03/2026 08:22:29
24647,195398.85,9769.9,,,,9769.9,25/03/2026 10:59:08
24647,195398.0,9769.9,,,,9769.9,25/03/2026 10:59:08
25296,265691.3,13284.65,,,,13284.65,26/03/2026 07:57:08
51766,195398.0,9769.9,,,,9769.9,25/03/2026 09:42:59
58787,195398.0,9769.9,,,,9769.9,25/03/2026 10:01:53
76160,195398.0,9769.9,,,,9769.9,27/03/2026 07:51:24
98122,201441.5,1007.25,,,,1007.25,29/03/2026 09:11:42
39275,201441.5,1007.25,,,,1007.25,26/03/2026 10:36:28
84338,201441.5,1007.25,,,,1007.25,26/03/2026 09:20:32
34896,195432.0,9771.6,,,,9771.6,26/03/2026 07:48:29
09568,257720.85,1288.6,,,,1288.6,26/03/2026 07:10:34
55663,457300.0,457.3,,,,457.3,23/03/2026 10:41:51
54990,257720.85,1288.6,,,,1288.6,25/03/2026 09:19:02
04674,265691.3,13284.65,,,,13284.65,25/03/2026 09:46:49
60205,211877.8,10593.55,,,,10593.55,26/03/2026 08:31:46
94582,201441.5,1007.25,,,,1007.25,25/03/2026 09:14:27
10100,344707.3,3446.75,,,,3446.75,23/03/2026 07:45:20
70423,201441.5,1007.25,,,,1007.25,26/03/2026 10:43:31
78311,242760.0,1213.8,,,,1213.8,27/03/2026 10:21:37
45428,224188.35,11209.8,,,,11209.8,25/03/2026 07:01:46
25058,457300.0,228.65,,,,228.65,28/03/2026 09:03:21
90424,195398.0,9769.9,,,,9769.9,25/03/2026 07:36:51
07309,195398.0,9769.9,,,,9769.9,26/03/2026 08:31:35
43355,201441.5,1007.25,,,,1007.25,27/03/2026 10:16:50
25664,201441.5,1007.25,,,,1007.25,25/03/2026 07:38:43
59732,257720.85,1288.6,,,,1288.6,28/03/2026 07:13:53
69750,200771.69999999998,1003.85,,,,1003.85,25/03/2026 09:31:33
24338,249541.3,12477.15,,,,12477.15,26/03/2026 09:54:10
90569,575501.0,5755.349999999999,,,,5755.349999999999,26/03/2026 08:23:07
64435,201441.5,1007.25,,,,1007.25,26/03/2026 10:54:46
13622,235900.5,11795.449999999999,,,,11795.449999999999,25/03/2026 09:54:30
21381,192091.5,96.05,,,,96.05,26/03/2026 08:06:18
97876,201441.5,1007.25,,,,1007.25,26/03/2026 07:36:18
96020,201441.5,1007.25,,,,1007.25,26/03/2026 07:15:31
04383,183591.5,91.8,,,,91.8,26/03/2026 10:21:55
02270,257720.85,1288.6,,,,1288.6,28/03/2026 09:54:34
40270,257720.85,1288.6,,,,1288.6,31/03/2026 09:36:14
63372,401178.75,401.2,,,,401.2,03/04/2026 12:16:43
75854,423300.0,423.3,,,,423.3,23/03/2026 09:50:35
91215,216306.3,10815.4,,,,10815.4,03/04/2026 12:16:32
74689,201441.5,1007.25,,,,1007.25,25/03/2026 08:56:27
21637,201441.5,1007.25,,,,1007.25,26/03/2026 08:59:56
68016,201441.5,1007.25,,,,1007.25,26/03/2026 07:08:39
48469,246219.5,2462.45,,,,2462.45,24/03/2026 08:12:47
40743,195398.0,9769.9,,,,9769.9,25/03/2026 10:48:26
81972,201441.5,1007.25,,,,1007.25,26/03/2026 07:06:57
34542,192091.5,96.05,,,,96.05,25/03/2026 07:34:35
85111,201441.5,1007.25,,,,1007.25,27/03/2026 10:48:07
44658,265691.3,13284.65,,,,13284.65,27/03/2026 09:21:22
32145,201441.5,1007.25,,,,1007.25,25/03/2026 08:56:35
32168,201441.5,1007.25,,,,1007.25,26/03/2026 07:07:25
83305,265691.3,13284.65,,,,13284.65,25/03/2026 08:55:41
23233,230800.5,11540.449999999999,,,,11540.449999999999,25/03/2026 08:43:12
98860,231121.8,11555.75,,,,11555.75,27/03/2026 07:55:58
36440,195398.0,9769.9,,,,9769.9,26/03/2026 07:46:45
37118,402754.64999999997,20137.35,,,,20137.35,27/03/2026 09:14:40
75821,201441.5,1007.25,,,,1007.25,25/03/2026 08:48:46
85968,257720.85,1288.6,,,,1288.6,25/03/2026 07:42:19
72232,265691.3,13284.65,,,,13284.65,25/03/2026 07:45:53
37902,456450.0,456.45,,,,456.45,31/03/2026 09:33:53
02926,308938.45,15447.05,,,,15447.05,26/03/2026 09:50:31
48642,201441.5,1007.25,,,,1007.25,25/03/2026 09:09:11
52314,446250.0,2231.25,,,,2231.25,25/03/2026 09:16:39
84421,201441.5,1007.25,,,,1007.25,25/03/2026 08:42:07
27348,246219.5,2462.45,,,,2462.45,27/03/2026 07:02:48
54135,265691.3,13284.65,,,,13284.65,25/03/2026 10:45:23
19345,195398.0,9769.9,,,,9769.9,25/03/2026 08:28:24
77091,265691.3,13284.65,,,,13284.65,26/03/2026 10:29:10
50070,315010.0,1575.05,,,,1575.05,29/03/2026 09:43:05
83071,199399.8,9969.65,,,,9969.65,28/03/2026 10:15:25
60908,201441.5,1007.25,,,,1007.25,31/03/2026 07:55:21
09922,258891.3,12944.65,,,,12944.65,26/03/2026 09:42:54
86770,235419.4,11770.8,,,,11770.8,27/03/2026 09:29:48
41334,201441.5,1007.25,,,,1007.25,25/03/2026 09:26:36
12468,265691.3,13284.65,,,,13284.65,27/03/2026 07:11:57
97172,267752.55,1338.75,,,,1338.75,29/03/2026 07:34:58
97172,267751.7,1338.75,,,,1338.75,29/03/2026 07:34:58
58111,258891.3,12944.65,,,,12944.65,26/03/2026 11:00:53
84168,294501.2,14725.4,,,,14725.4,25/03/2026 07:03:45
00825,201441.5,1007.25,,,,1007.25,26/03/2026 08:57:04
97234,155509.19999999998,155.54999999999998,,,,155.54999999999998,29/03/2026 09:26:29
73313,265691.3,13284.65,,,,13284.65,25/03/2026 08:37:50
66440,209817.4,10490.699999999999,,,,10490.699999999999,27/03/2026 07:00:15
79027,196939.9,9847.25,,,,9847.25,27/03/2026 10:38:14
43721,265691.3,13284.65,,,,13284.65,26/03/2026 08:36:12
82299,265691.3,13284.65,,,,13284.65,26/03/2026 10:27:57
75505,265691.3,13284.65,,,,13284.65,25/03/2026 08:35:25
10411,276723.45,13836.3,,,,13836.3,26/03/2026 10:54:08
62232,265691.3,13284.65,,,,13284.65,26/03/2026 07:53:50
64923,216306.3,10815.4,,,,10815.4,27/03/2026 10:20:01
45251,246219.5,2462.45,,,,2462.45,26/03/2026 10:28:54
80063,265691.3,13284.65,,,,13284.65,26/03/2026 10:27:56
67167,195398.0,9769.9,,,,9769.9,28/03/2026 10:04:23
79578,265691.3,13284.65,,,,13284.65,03/04/2026 12:16:32
90497,313310.0,1566.55,,,,1566.55,28/03/2026 08:13:13
90371,257720.85,1288.6,,,,1288.6,25/03/2026 10:47:54
84517,265691.3,13284.65,,,,13284.65,02/04/2026 12:05:06
21485,201441.5,1007.25,,,,1007.25,26/03/2026 08:10:39
71655,258891.3,12944.65,,,,12944.65,26/03/2026 10:51:47
69329,201441.5,1007.25,,,,1007.25,25/03/2026 08:08:30
10085,423300.0,211.65,,,,211.65,25/03/2026 08:27:00
58166,195398.0,9769.9,,,,9769.9,27/03/2026 09:01:11
15899,301410.0,1507.05,,,,1507.05,27/03/2026 10:22:43
32027,477224.0,23861.2,,,,23861.2,27/03/2026 10:30:06
65637,183591.5,91.8,,,,91.8,26/03/2026 08:13:58
21054,201441.5,1007.25,,,,1007.25,24/03/2026 09:46:48
34474,265691.3,13284.65,,,,13284.65,26/03/2026 09:02:33
91348,201441.5,1007.25,,,,1007.25,26/03/2026 07:59:19
83896,257720.85,1288.6,,,,1288.6,26/03/2026 07:03:19
66787,281696.8,1408.45,,,,1408.45,25/03/2026 10:20:25
35595,457300.0,228.65,,,,228.65,26/03/2026 10:14:20
13387,201441.5,1007.25,,,,1007.25,24/03/2026 10:55:43
31113,200001.6,10000.25,,,,10000.25,25/03/2026 08:10:15
74877,201441.5,1007.25,,,,1007.25,31/03/2026 08:13:10
89997,201365.0,10068.25,,,,10068.25,25/03/2026 08:34:40
32942,200180.94999999998,10008.75,,,,10008.75,27/03/2026 09:16:11
32942,264029.55,13201.35,,,,13201.35,27/03/2026 09:16:11
50807,224467.15,11223.4,,,,11223.4,25/03/2026 10:52:39
13864,265691.3,13284.65,,,,13284.65,25/03/2026 07:48:15
68242,265691.3,13284.65,,,,13284.65,27/03/2026 09:23:11
26401,258763.8,12937.85,,,,12937.85,26/03/2026 08:57:37
12218,201441.5,1007.25,,,,1007.25,28/03/2026 09:03:20
53162,201441.5,1007.25,,,,1007.25,28/03/2026 09:24:23
67100,265691.3,13284.65,,,,13284.65,25/03/2026 07:17:45
22004,265691.3,13284.65,,,,13284.65,28/03/2026 07:50:56
19294,201441.5,1007.25,,,,1007.25,26/03/2026 09:05:44
65047,246219.5,2462.45,,,,2462.45,29/03/2026 10:35:27
67071,423300.0,211.65,,,,211.65,26/03/2026 10:24:36
27346,454688.8,22734.1,,,,22734.1,26/03/2026 09:43:08
48473,308938.45,15447.05,,,,15447.05,26/03/2026 08:39:54
18982,265691.3,13284.65,,,,13284.65,28/03/2026 09:01:38
63408,267632.7,13381.55,,,,13381.55,10/04/2026 12:01:47
76037,192091.5,96.05,,,,96.05,25/03/2026 07:26:14
55911,265691.3,13284.65,,,,13284.65,26/03/2026 10:11:50
42137,201441.5,1007.25,,,,1007.25,25/03/2026 08:13:02
25301,190391.5,95.2,,,,95.2,26/03/2026 08:26:10
41937,280083.5,2800.75,,,,2800.75,29/03/2026 08:55:11
66015,201441.5,1007.25,,,,1007.25,25/03/2026 10:06:17
35564,265691.3,13284.65,,,,13284.65,27/03/2026 07:28:09
91619,195398.0,9769.9,,,,9769.9,26/03/2026 10:02:04
44895,195398.0,9769.9,,,,9769.9,26/03/2026 10:26:22
97842,249541.3,12477.15,,,,12477.15,26/03/2026 09:59:32
73152,196587.15,9829.4,,,,9829.4,26/03/2026 07:18:45
59319,260293.8,13014.35,,,,13014.35,26/03/2026 10:51:18
06460,265691.3,13284.65,,,,13284.65,27/03/2026 07:21:56
68818,201441.5,1007.25,,,,1007.25,26/03/2026 09:42:19
58514,193080.9,19307.75,,,,19307.75,28/03/2026 09:36:44
58514,180833.25,18083.75,,,,18083.75,28/03/2026 09:36:44
42254,368662.0,18433.1,,,,18433.1,26/03/2026 09:33:49
42254,263094.55,13154.6,,,,13154.6,26/03/2026 09:33:49
08982,237886.94999999998,11894.05,,,,11894.05,26/03/2026 09:06:41
08982,313760.5,15688.449999999999,,,,15688.449999999999,26/03/2026 09:06:41
80364,200747.05,10037.65,,,,10037.65,26/03/2026 07:16:56
59665,265691.3,13284.65,,,,13284.65,26/03/2026 08:20:25
28954,201416.0,10070.8,,,,10070.8,23/03/2026 09:27:33
48317,201441.5,1007.25,,,,1007.25,26/03/2026 08:46:40
28111,423300.0,211.65,,,,211.65,23/03/2026 10:07:10
42501,265691.3,13284.65,,,,13284.65,28/03/2026 08:58:15
49137,195398.0,9769.9,,,,9769.9,26/03/2026 08:13:45
20888,237660.0,1188.3,,,,1188.3,30/03/2026 07:41:11
78783,257720.85,1288.6,,,,1288.6,25/03/2026 10:31:19
73733,265691.3,13284.65,,,,13284.65,26/03/2026 08:47:02
57796,344707.3,3446.75,,,,3446.75,23/03/2026 07:02:23
59608,201441.5,1007.25,,,,1007.25,23/03/2026 07:29:43
87020,265691.3,13284.65,,,,13284.65,28/03/2026 07:34:56
54928,257720.85,1288.6,,,,1288.6,26/03/2026 07:09:03
31989,207527.5,10376.8,,,,10376.8,23/03/2026 08:08:58
59619,457300.0,457.3,,,,457.3,02/04/2026 10:11:43
78388,195398.0,9769.9,,,,9769.9,23/03/2026 07:30:42
48879,195398.0,9769.9,,,,9769.9,25/03/2026 10:17:25
76497,257720.85,1288.6,,,,1288.6,26/03/2026 08:24:22
78413,265614.8,13280.4,,,,13280.4,24/03/2026 08:31:07
12850,195398.0,9769.9,,,,9769.9,23/03/2026 09:59:48
06352,309910.0,1549.55,,,,1549.55,27/03/2026 07:21:09
97833,265691.3,13284.65,,,,13284.65,26/03/2026 08:28:23
69598,265691.3,13284.65,,,,13284.65,23/03/2026 09:44:18
91631,257720.85,1288.6,,,,1288.6,26/03/2026 10:48:54
12361,197165.15,9858.3,,,,9858.3,26/03/2026 08:26:23
77772,195398.0,9769.9,,,,9769.9,25/03/2026 07:44:55
35102,265691.3,13284.65,,,,13284.65,27/03/2026 09:28:24
84988,201441.5,1007.25,,,,1007.25,26/03/2026 07:34:19
31101,246219.5,2462.45,,,,2462.45,26/03/2026 08:30:19
04053,417571.0,4176.05,,,,4176.05,28/03/2026 08:08:54
95897,451605.85,4516.05,,,,4516.05,29/03/2026 08:38:04
06895,423300.0,,1058.25,,,1058.25,24/03/2026 10:17:48
20666,413498.64999999997,20674.55,,,,20674.55,26/03/2026 09:13:00
85718,261298.5,13065.35,,,,13065.35,24/03/2026 09:05:42
41127,265266.3,13263.4,,,,13263.4,27/03/2026 10:36:10
04709,450066.5,22503.75,,,,22503.75,27/03/2026 08:23:39
65527,195398.0,9769.9,,,,9769.9,28/03/2026 10:25:38
42860,423257.5,21163.3,,,,21163.3,23/03/2026 07:19:38
09902,457300.0,228.65,,,,228.65,26/03/2026 09:04:55
72369,201441.5,1007.25,,,,1007.25,24/03/2026 08:02:45
02796,261122.55,1305.6,,,,1305.6,23/03/2026 07:42:43
29813,193227.94999999998,1932.05,,,,1932.05,23/03/2026 08:51:50
87237,200017.75,10001.1,,,,10001.1,26/03/2026 08:06:44
39592,265691.3,13284.65,,,,13284.65,26/03/2026 07:52:10
17618,257720.85,1288.6,,,,1288.6,25/03/2026 09:43:47
26218,201441.5,1007.25,,,,1007.25,23/03/2026 09:30:10
02319,258865.8,12942.949999999999,,,,12942.949999999999,28/03/2026 10:33:52
90603,265691.3,,6641.9,,,6641.9,25/03/2026 10:09:36
12004,257720.85,1288.6,,,,1288.6,26/03/2026 07:07:02
74844,265691.3,13284.65,,,,13284.65,23/03/2026 07:46:35
51081,265691.3,13284.65,,,,13284.65,26/03/2026 08:08:16
85553,201441.5,1007.25,,,,1007.25,27/03/2026 08:06:43
87376,265691.3,13284.65,,,,13284.65,23/03/2026 07:34:05
22129,258891.3,12944.65,,,,12944.65,25/03/2026 08:54:04
58123,383086.5,3830.95,,,,3830.95,24/03/2026 10:12:42
03114,453031.3,22651.649999999998,,,,22651.649999999998,26/03/2026 09:10:45
41596,265691.3,13284.65,,,,13284.65,25/03/2026 07:37:15
42795,195398.0,9769.9,,,,9769.9,23/03/2026 10:39:09
82941,246484.69999999998,12324.15,,,,12324.15,26/03/2026 08:56:13
42932,197562.1,9877.85,,,,9877.85,29/03/2026 07:47:53
68928,265691.3,13284.65,,,,13284.65,23/03/2026 07:40:01
66358,201441.5,1007.25,,,,1007.25,23/03/2026 09:49:18
04445,265691.3,13284.65,,,,13284.65,23/03/2026 08:28:14
23685,265691.3,13284.65,,,,13284.65,24/03/2026 08:52:23
69648,400724.0,20036.2,,,,20036.2,26/03/2026 07:22:44
10121,265691.3,13284.65,,,,13284.65,27/03/2026 08:14:33
41817,258891.3,12944.65,,,,12944.65,23/03/2026 08:36:41
55184,301879.2,15094.3,,,,15094.3,26/03/2026 07:46:03
69265,265691.3,13284.65,,,,13284.65,03/04/2026 12:16:25
68080,265691.3,13284.65,,,,13284.65,26/03/2026 07:17:58
54211,265691.3,13284.65,,,,13284.65,23/03/2026 10:16:44
49871,201306.35,10065.699999999999,,,,10065.699999999999,26/03/2026 10:43:08
30991,201441.5,1007.25,,,,1007.25,24/03/2026 10:21:56
53417,201441.5,1007.25,,,,1007.25,23/03/2026 08:11:09
09195,344707.3,3446.75,,,,3446.75,25/03/2026 10:01:44
83721,256341.3,12817.15,,,,12817.15,26/03/2026 08:09:57
93312,195795.8,9789.449999999999,,,,9789.449999999999,24/03/2026 07:35:05
92051,201441.5,1007.25,,,,1007.25,23/03/2026 10:22:42
90718,195398.0,9769.9,,,,9769.9,23/03/2026 09:22:55
58416,261044.35,13052.6,,,,13052.6,28/03/2026 07:22:10
17895,308938.45,15447.05,,,,15447.05,27/03/2026 10:13:40
87695,257720.85,1288.6,,,,1288.6,23/03/2026 10:45:11
48207,260817.4,13040.699999999999,,,,13040.699999999999,26/03/2026 10:30:30
41869,183541.35,9177.449999999999,,,,9177.449999999999,24/03/2026 08:26:25
13697,265691.3,13284.65,,,,13284.65,25/03/2026 08:27:34
95548,220857.19999999998,11043.199999999999,,,,11043.199999999999,23/03/2026 07:11:23
49817,201441.5,1007.25,,,,1007.25,23/03/2026 08:16:59
53448,216306.3,10815.4,,,,10815.4,23/03/2026 07:50:14
48236,199265.5,9963.699999999999,,,,9963.699999999999,23/03/2026 07:49:01
54812,230800.5,11540.449999999999,,,,11540.449999999999,23/03/2026 07:41:34
19434,196497.05,9825.15,,,,9825.15,23/03/2026 09:22:51
24503,201441.5,1007.25,,,,1007.25,23/03/2026 10:42:56
26383,423300.0,423.3,,,,423.3,24/03/2026 10:31:26
50925,203113.44999999998,10155.8,,,,10155.8,26/03/2026 08:59:07
50925,267897.05,13395.15,,,,13395.15,26/03/2026 08:59:07
35855,257720.85,1288.6,,,,1288.6,03/04/2026 12:16:26
00128,201441.5,1007.25,,,,1007.25,27/03/2026 07:38:10
67144,201441.5,1007.25,,,,1007.25,23/03/2026 07:03:36
89515,257720.85,1288.6,,,,1288.6,27/03/2026 10:21:39
59095,423300.0,211.65,,,,211.65,26/03/2026 10:01:39
83145,258725.55,12936.15,,,,12936.15,26/03/2026 08:18:01
59239,265691.3,13284.65,,,,13284.65,27/03/2026 10:41:24
41503,201441.5,1007.25,,,,1007.25,26/03/2026 10:13:48
53720,257720.85,1288.6,,,,1288.6,23/03/2026 07:38:49
37586,196948.4,9847.25,,,,9847.25,27/03/2026 09:10:27
07686,593215.0,29660.75,,,,29660.75,25/03/2026 09:07:40
54391,195398.0,9769.9,,,,9769.9,27/03/2026 10:30:52
96126,223876.4,11193.65,,,,11193.65,23/03/2026 09:06:26
37228,257720.85,1288.6,,,,1288.6,25/03/2026 07:51:31
14773,265691.3,13284.65,,,,13284.65,27/03/2026 08:31:25
30474,265691.3,13284.65,,,,13284.65,23/03/2026 09:42:00
48434,150843.55,1508.75,,,,1508.75,29/03/2026 09:03:33
27374,216306.3,10815.4,,,,10815.4,25/03/2026 09:33:02
72467,192066.0,9603.3,,,,9603.3,26/03/2026 10:35:08
47297,265691.3,13284.65,,,,13284.65,26/03/2026 08:47:48
30912,201441.5,1007.25,,,,1007.25,24/03/2026 07:54:03
23313,224000.5,11200.449999999999,,,,11200.449999999999,30/03/2026 08:05:39
32933,199741.5,998.75,,,,998.75,26/03/2026 08:57:22
72077,200863.5,10043.6,,,,10043.6,23/03/2026 08:21:52
63583,265691.3,13284.65,,,,13284.65,26/03/2026 10:53:55
24680,228823.4,1144.1,,,,1144.1,26/03/2026 07:18:48
73527,260610.0,1303.05,,,,1303.05,26/03/2026 10:12:54
96691,447304.0,22365.2,,,,22365.2,26/03/2026 10:00:54
86142,195398.0,9769.9,,,,9769.9,23/03/2026 09:53:41
88772,423300.0,423.3,,,,423.3,23/03/2026 07:22:54
31282,17000.0,15.299999999999999,,,,15.299999999999999,26/03/2026 09:54:21
62835,223352.8,11167.3,,,,11167.3,27/03/2026 10:48:55
31250,256281.8,12813.75,,,,12813.75,26/03/2026 09:36:06
32362,195398.0,9769.9,,,,9769.9,26/03/2026 09:53:33
62526,201441.5,1007.25,,,,1007.25,23/03/2026 09:58:56
87662,238833.0,238.85,,,,238.85,26/03/2026 09:13:19
96021,265691.3,13284.65,,,,13284.65,26/03/2026 08:41:21
59872,197395.5,9870.199999999999,,,,9870.199999999999,29/03/2026 07:05:01
39745,195398.0,9769.9,,,,9769.9,23/03/2026 08:34:13
76787,265691.3,13284.65,,,,13284.65,26/03/2026 10:42:26
61532,190336.25,9516.6,,,,9516.6,28/03/2026 07:19:25
57111,443581.0,22179.05,,,,22179.05,28/03/2026 10:51:09
86290,201093.0,10054.65,,,,10054.65,24/03/2026 09:13:13
46356,234200.5,11710.449999999999,,,,11710.449999999999,26/03/2026 07:21:10
40426,265691.3,13284.65,,,,13284.65,23/03/2026 09:14:34
42460,265691.3,13284.65,,,,13284.65,23/03/2026 07:11:37
34066,199252.75,9962.85,,,,9962.85,26/03/2026 09:09:44
99751,201441.5,1007.25,,,,1007.25,23/03/2026 10:40:36
87106,231121.8,11555.75,,,,11555.75,29/03/2026 09:12:54
34206,195398.0,9769.9,,,,9769.9,24/03/2026 09:10:13
51771,201441.5,1007.25,,,,1007.25,24/03/2026 10:02:37
57553,279310.0,1396.55,,,,1396.55,25/03/2026 08:10:50
56615,190391.5,95.2,,,,95.2,26/03/2026 10:52:29
84817,422450.0,422.45,,,,422.45,30/03/2026 08:43:28
14437,184452.55,922.25,,,,922.25,25/03/2026 08:35:49
59876,216306.3,10815.4,,,,10815.4,25/03/2026 07:52:31
41033,239419.5,2394.45,,,,2394.45,23/03/2026 08:45:37
91621,457300.0,228.65,,,,228.65,23/03/2026 08:32:33
53320,201390.5,10069.949999999999,,,,10069.949999999999,26/03/2026 07:04:01
50392,265691.3,13284.65,,,,13284.65,26/03/2026 07:39:04
07708,234200.5,11710.449999999999,,,,11710.449999999999,23/03/2026 07:25:29
27642,231121.8,11555.75,,,,11555.75,24/03/2026 09:56:35
75077,257720.85,1288.6,,,,1288.6,28/03/2026 08:36:21
61533,201441.5,1007.25,,,,1007.25,25/03/2026 08:03:09
08714,187841.5,939.25,,,,939.25,24/03/2026 09:53:25
01058,265691.3,13284.65,,,,13284.65,26/03/2026 09:13:26
60887,265691.3,13284.65,,,,13284.65,24/03/2026 10:17:09
79796,258891.3,12944.65,,,,12944.65,23/03/2026 07:50:15
53236,265691.3,13284.65,,,,13284.65,25/03/2026 07:49:37
17592,258145.0,12907.25,,,,12907.25,23/03/2026 07:59:54
12142,265691.3,13284.65,,,,13284.65,28/03/2026 09:56:05
42350,195398.0,9769.9,,,,9769.9,23/03/2026 09:55:04
65881,201441.5,1007.25,,,,1007.25,27/03/2026 08:59:48
77148,422450.0,422.45,,,,422.45,26/03/2026 07:04:02
54854,257720.85,1288.6,,,,1288.6,25/03/2026 09:25:11
41171,265691.3,13284.65,,,,13284.65,29/03/2026 10:46:57
10216,344554.3,3445.9,,,,3445.9,26/03/2026 07:13:20
92510,250868.15,2508.35,,,,2508.35,23/03/2026 09:28:02
06107,201441.5,1007.25,,,,1007.25,25/03/2026 10:00:52
46574,238833.0,238.85,,,,238.85,29/03/2026 09:53:39
46726,201441.5,1007.25,,,,1007.25,26/03/2026 09:55:04
73655,231121.8,11555.75,,,,11555.75,26/03/2026 10:11:42
01669,199860.5,9993.449999999999,,,,9993.449999999999,26/03/2026 08:46:07
10514,297712.5,14886.05,,,,14886.05,26/03/2026 09:31:25
29899,195398.0,9769.9,,,,9769.9,23/03/2026 10:19:53
38596,201441.5,1007.25,,,,1007.25,23/03/2026 07:46:01
79455,216306.3,10815.4,,,,10815.4,26/03/2026 10:59:21
53775,196587.15,9829.4,,,,9829.4,05/04/2026 12:05:08
36697,265691.3,13284.65,,,,13284.65,23/03/2026 08:12:45
93102,190391.5,95.2,,,,95.2,26/03/2026 09:02:29
55761,423300.0,423.3,,,,423.3,05/04/2026 12:03:18
18632,209817.4,10490.699999999999,,,,10490.699999999999,28/03/2026 07:26:27
91776,195398.0,9769.9,,,,9769.9,23/03/2026 07:49:12
55826,258891.3,12944.65,,,,12944.65,26/03/2026 09:24:47
97306,201441.5,1007.25,,,,1007.25,26/03/2026 09:36:59
42561,201441.5,1007.25,,,,1007.25,26/03/2026 08:32:10
19914,254641.3,12732.15,,,,12732.15,26/03/2026 09:57:30
81307,195466.0,9773.3,,,,9773.3,28/03/2026 10:26:02
55898,201441.5,1007.25,,,,1007.25,23/03/2026 09:06:55
69634,195398.0,9769.9,,,,9769.9,24/03/2026 09:34:11
68595,258232.55,1291.1499999999999,,,,1291.1499999999999,23/03/2026 10:08:46
02623,195398.0,9769.9,,,,9769.9,28/03/2026 11:01:14
07263,265691.3,13284.65,,,,13284.65,24/03/2026 10:25:14
55467,265691.3,13284.65,,,,13284.65,26/03/2026 10:19:35
21952,196564.19999999998,9828.55,,,,9828.55,26/03/2026 07:22:43
18621,265691.3,13284.65,,,,13284.65,23/03/2026 08:34:14
69845,308210.0,1541.05,,,,1541.05,23/03/2026 08:22:37
44783,423300.0,,1058.25,,,1058.25,27/03/2026 10:40:56
80995,183934.9,919.6999999999999,,,,919.6999999999999,26/03/2026 10:11:45
86961,201288.5,10064.85,,,,10064.85,26/03/2026 08:06:39
13922,201441.5,1007.25,,,,1007.25,23/03/2026 09:21:40
28132,194675.5,9734.199999999999,,,,9734.199999999999,23/03/2026 07:08:04
16716,195398.0,9769.9,,,,9769.9,23/03/2026 07:13:51
78366,196418.0,9820.9,,,,9820.9,23/03/2026 09:13:40
17029,201441.5,1007.25,,,,1007.25,23/03/2026 08:54:59
14171,201441.5,1007.25,,,,1007.25,26/03/2026 10:58:33
90265,201441.5,1007.25,,,,1007.25,24/03/2026 08:36:16
43378,200897.5,10045.3,,,,10045.3,26/03/2026 09:30:05
86953,256341.3,12817.15,,,,12817.15,28/03/2026 08:25:45
55853,265691.3,13284.65,,,,13284.65,23/03/2026 08:09:40
99620,258891.3,12944.65,,,,12944.65,26/03/2026 07:47:55
42788,410601.0,4106.349999999999,,,,4106.349999999999,26/03/2026 07:20:34
33047,197519.6,9876.15,,,,9876.15,23/03/2026 10:55:22
94105,423300.0,211.65,,,,211.65,23/03/2026 08:46:00
54295,195398.0,9769.9,,,,9769.9,23/03/2026 10:35:48
17313,196089.9,9804.75,,,,9804.75,25/03/2026 08:44:32
72149,265691.3,13284.65,,,,13284.65,23/03/2026 08:52:12
91695,411865.8,20592.95,,,,20592.95,27/03/2026 10:37:10
31993,194641.5,973.25,,,,973.25,25/03/2026 08:14:09
23074,259442.94999999998,,6486.349999999999,,,6486.349999999999,26/03/2026 09:40:00
56794,201441.5,1007.25,,,,1007.25,29/03/2026 09:04:01
49211,265691.3,13284.65,,,,13284.65,27/03/2026 10:32:25
35540,197699.8,9884.65,,,,9884.65,23/03/2026 07:24:21
05794,400724.0,20036.2,,,,20036.2,23/03/2026 09:19:33
98983,201441.5,1007.25,,,,1007.25,26/03/2026 10:26:31
45743,241359.19999999998,241.4,,,,241.4,23/03/2026 10:26:42
79987,195398.0,9769.9,,,,9769.9,01/04/2026 10:56:19
71778,192091.5,96.05,,,,96.05,26/03/2026 09:08:28
04491,242700.5,12135.449999999999,,,,12135.449999999999,27/03/2026 10:21:34
24407,190391.5,95.2,,,,95.2,25/03/2026 10:28:54
85991,258891.3,12944.65,,,,12944.65,26/03/2026 10:23:01
94202,335357.3,3353.25,,,,3353.25,25/03/2026 09:42:21
73228,457300.0,228.65,,,,228.65,27/03/2026 07:58:41
98045,201441.5,1007.25,,,,1007.25,29/03/2026 08:59:57
84525,258865.8,12942.949999999999,,,,12942.949999999999,26/03/2026 08:38:56
58963,193791.5,96.89999999999999,,,,96.89999999999999,26/03/2026 10:30:43
75186,258926.15,12946.35,,,,12946.35,26/03/2026 09:58:05
25554,230472.4,11523.449999999999,,,,11523.449999999999,26/03/2026 09:55:53
92485,457300.0,457.3,,,,457.3,23/03/2026 08:52:53
75740,265691.3,13284.65,,,,13284.65,27/03/2026 07:41:34
76672,216306.3,10815.4,,,,10815.4,26/03/2026 07:38:55
24951,263034.2,13152.05,,,,13152.05,27/03/2026 10:13:07
01935,230800.5,11540.449999999999,,,,11540.449999999999,23/03/2026 10:57:53
04302,248169.4,12408.3,,,,12408.3,27/03/2026 09:16:27
48443,288150.0,288.15,,,,288.15,27/03/2026 10:12:48
21753,201441.5,1007.25,,,,1007.25,23/03/2026 08:37:45
79879,410601.0,20530.05,,,,20530.05,23/03/2026 10:06:40
37574,195398.0,9769.9,,,,9769.9,26/03/2026 09:48:46
72820,258865.8,12942.949999999999,,,,12942.949999999999,26/03/2026 07:13:32
68106,257840.69999999998,2578.0499999999997,,,,2578.0499999999997,29/03/2026 09:39:14
37034,441801.95,,11044.9,,,11044.9,23/03/2026 09:53:30
94931,195398.0,9769.9,,,,9769.9,26/03/2026 10:46:29
53211,260264.05,1301.35,,,,1301.35,27/03/2026 10:12:50
42715,184452.55,922.25,,,,922.25,26/03/2026 10:46:07
69392,212804.3,10640.3,,,,10640.3,26/03/2026 07:53:07
72017,195398.85,9769.9,,,,9769.9,27/03/2026 08:03:48
72017,195398.0,9769.9,,,,9769.9,27/03/2026 08:03:48
63990,201441.5,1007.25,,,,1007.25,26/03/2026 09:10:31
56764,201441.5,1007.25,,,,1007.25,26/03/2026 07:06:19
67070,195398.0,9769.9,,,,9769.9,25/03/2026 09:08:23
73492,418071.64999999997,20903.2,,,,20903.2,23/03/2026 07:46:06
84751,446088.5,4460.8,,,,4460.8,28/03/2026 10:58:37
47110,209817.4,10490.699999999999,,,,10490.699999999999,26/03/2026 09:20:04
25239,257720.85,1288.6,,,,1288.6,23/03/2026 10:14:46
27117,201441.5,1007.25,,,,1007.25,24/03/2026 08:12:41
93252,265691.3,13284.65,,,,13284.65,23/03/2026 07:23:31
78594,293853.5,14693.1,,,,14693.1,23/03/2026 09:48:15
88689,201441.5,1007.25,,,,1007.25,23/03/2026 08:25:36
80925,201441.5,1007.25,,,,1007.25,26/03/2026 08:18:54
24027,279208.85,2792.25,,,,2792.25,26/03/2026 10:51:49
68929,184452.55,922.25,,,,922.25,23/03/2026 08:30:59
20051,247093.3,12354.75,,,,12354.75,28/03/2026 11:09:24
13283,310760.0,1553.8,,,,1553.8,23/03/2026 10:37:48
98170,201441.5,1007.25,,,,1007.25,26/03/2026 09:27:51
78766,265691.3,13284.65,,,,13284.65,27/03/2026 09:49:52
98274,195398.0,9769.9,,,,9769.9,23/03/2026 09:48:49
54628,201263.0,10063.15,,,,10063.15,27/03/2026 07:17:43
61174,195398.0,9769.9,,,,9769.9,23/03/2026 09:15:37
67165,344707.3,3446.75,,,,3446.75,23/03/2026 08:52:36
69605,195398.0,9769.9,,,,9769.9,23/03/2026 08:18:11
99073,201441.5,1007.25,,,,1007.25,26/03/2026 08:15:56
25769,201441.5,1007.25,,,,1007.25,24/03/2026 08:37:56
12677,210618.1,10530.65,,,,10530.65,27/03/2026 08:23:54
30399,246151.5,2461.6,,,,2461.6,28/03/2026 10:34:02
75598,279996.8,1399.95,,,,1399.95,25/03/2026 09:59:05
20321,265691.3,13284.65,,,,13284.65,23/03/2026 08:14:51
45181,205081.19999999998,10254.4,,,,10254.4,29/03/2026 08:03:35
45181,205080.35,10254.4,,,,10254.4,29/03/2026 08:03:35
45181,270492.1,13524.35,,,,13524.35,29/03/2026 08:03:35
19504,453550.64999999997,22677.149999999998,,,,22677.149999999998,26/03/2026 07:23:18
42162,201441.5,1007.25,,,,1007.25,25/03/2026 09:29:54
92431,201441.5,1007.25,,,,1007.25,28/03/2026 10:47:55
98211,241762.1,12087.85,,,,12087.85,23/03/2026 10:17:08
49512,183158.0,9157.9,,,,9157.9,27/03/2026 07:37:53
47200,415650.0,2078.25,,,,2078.25,23/03/2026 07:50:40
59769,236869.5,2368.95,,,,2368.95,26/03/2026 08:06:45
94232,209817.4,10490.699999999999,,,,10490.699999999999,23/03/2026 07:12:01
14617,423300.0,211.65,,,,211.65,24/03/2026 08:08:31
89105,195398.0,9769.9,,,,9769.9,27/03/2026 08:07:33
17035,265661.55,13282.949999999999,,,,13282.949999999999,24/03/2026 10:10:15
28413,193936.85,9696.8,,,,9696.8,26/03/2026 08:18:35
40188,216306.3,10815.4,,,,10815.4,24/03/2026 07:11:06
78832,189626.5,9481.75,,,,9481.75,26/03/2026 07:09:04
11341,195398.0,9769.9,,,,9769.9,24/03/2026 08:13:31
54079,257720.85,1288.6,,,,1288.6,28/03/2026 10:04:41
26180,196892.3,9844.699999999999,,,,9844.699999999999,23/03/2026 07:13:16
22892,216306.3,10815.4,,,,10815.4,24/03/2026 07:07:59
03032,252410.9,12620.8,,,,12620.8,27/03/2026 07:31:42
27755,257720.85,1288.6,,,,1288.6,26/03/2026 10:35:28
80812,423300.0,211.65,,,,211.65,26/03/2026 07:01:24
25750,248504.3,12425.3,,,,12425.3,26/03/2026 09:51:35
36391,201441.5,1007.25,,,,1007.25,23/03/2026 10:00:12
00214,201441.5,1007.25,,,,1007.25,23/03/2026 09:10:56
44246,242760.0,1213.8,,,,1213.8,24/03/2026 09:26:52
66119,195398.0,9769.9,,,,9769.9,23/03/2026 10:41:17
39759,195398.0,9769.9,,,,9769.9,26/03/2026 10:24:40
74468,190366.0,9518.3,,,,9518.3,26/03/2026 07:17:28
24792,201441.5,1007.25,,,,1007.25,25/03/2026 07:54:40
34206,195556.94999999998,9777.55,,,,9777.55,26/03/2026 09:25:22
95305,258891.3,12944.65,,,,12944.65,23/03/2026 08:20:40
23752,257901.05,12895.35,,,,12895.35,30/03/2026 07:55:35
86092,320110.0,1600.55,,,,1600.55,26/03/2026 07:29:16
38874,227174.4,11358.55,,,,11358.55,23/03/2026 09:34:51
61940,265691.3,13284.65,,,,13284.65,23/03/2026 07:12:55
06278,265691.3,13284.65,,,,13284.65,26/03/2026 09:06:52
90135,457300.0,457.3,,,,457.3,23/03/2026 10:28:04
56496,457300.0,228.65,,,,228.65,27/03/2026 07:54:03
77490,201441.5,1007.25,,,,1007.25,23/03/2026 09:09:28
41074,265691.3,13284.65,,,,13284.65,27/03/2026 09:53:18
03578,450881.64999999997,4508.4,,,,4508.4,23/03/2026 09:54:27
01918,261521.19999999998,13076.4,,,,13076.4,24/03/2026 09:31:31
00737,193236.44999999998,1932.05,,,,1932.05,24/03/2026 08:38:26
36537,256341.3,12817.15,,,,12817.15,27/03/2026 08:10:07
89876,246219.5,2462.45,,,,2462.45,28/03/2026 07:49:25
55080,448154.0,22407.7,,,,22407.7,23/03/2026 07:35:36
64400,209817.4,10490.699999999999,,,,10490.699999999999,27/03/2026 07:18:53
28466,195398.0,9769.9,,,,9769.9,24/03/2026 09:56:52
02831,210602.8,10529.8,,,,10529.8,26/03/2026 10:37:00
83663,265691.3,13284.65,,,,13284.65,23/03/2026 10:56:29
62921,457300.0,228.65,,,,228.65,23/03/2026 08:03:37
82910,265691.3,13284.65,,,,13284.65,23/03/2026 09:14:33
45610,457300.0,228.65,,,,228.65,26/03/2026 09:23:06
67879,201441.5,1007.25,,,,1007.25,26/03/2026 10:19:20
52392,368172.39999999997,18408.45,,,,18408.45,26/03/2026 07:45:24
25170,201441.5,1007.25,,,,1007.25,24/03/2026 09:07:42
38311,201441.5,1007.25,,,,1007.25,23/03/2026 10:33:17
06270,257720.85,1288.6,,,,1288.6,23/03/2026 09:39:39
24275,262933.05,13146.949999999999,,,,13146.949999999999,27/03/2026 10:47:15
44402,456450.0,456.45,,,,456.45,24/03/2026 09:03:20
17121,308938.45,15447.05,,,,15447.05,27/03/2026 08:01:29
12835,257720.85,1288.6,,,,1288.6,23/03/2026 10:01:01
43512,265691.3,13284.65,,,,13284.65,27/03/2026 07:28:43
24832,201441.5,1007.25,,,,1007.25,23/03/2026 07:31:24
04739,195398.0,9769.9,,,,9769.9,23/03/2026 10:34:47
37333,201441.5,1007.25,,,,1007.25,23/03/2026 08:22:42
98941,215078.05,10754.199999999999,,,,10754.199999999999,23/03/2026 08:42:55
69142,442756.5,4427.65,,,,4427.65,26/03/2026 09:30:57
59624,211453.65,10572.3,,,,10572.3,23/03/2026 07:17:07
02263,201441.5,1007.25,,,,1007.25,28/03/2026 10:24:52
78003,265691.3,13284.65,,,,13284.65,24/03/2026 10:21:36
07671,265691.3,13284.65,,,,13284.65,23/03/2026 10:14:43
87044,201441.5,1007.25,,,,1007.25,26/03/2026 07:03:27
83639,230800.5,11540.449999999999,,,,11540.449999999999,25/03/2026 10:03:39
61530,265691.3,13284.65,,,,13284.65,26/03/2026 09:57:52
47357,508300.0,508.3,,,,508.3,24/03/2026 08:22:19
80005,265691.3,13284.65,,,,13284.65,25/03/2026 08:42:35
12091,335331.8,3353.25,,,,3353.25,23/03/2026 10:28:02
97439,202776.0,10138.8,,,,10138.8,23/03/2026 10:14:40
03994,260842.05,,6521.2,,,6521.2,31/03/2026 09:35:59
57626,265640.3,13282.1,,,,13282.1,26/03/2026 09:53:15
79343,457300.0,457.3,,,,457.3,26/03/2026 10:01:15
05248,265691.3,13284.65,,,,13284.65,26/03/2026 07:45:28
46838,201441.5,1007.25,,,,1007.25,02/04/2026 12:15:54
42642,421651.85,4216.849999999999,,,,4216.849999999999,26/03/2026 09:50:03
38997,258891.3,12944.65,,,,12944.65,23/03/2026 08:16:09
99024,257720.85,1288.6,,,,1288.6,25/03/2026 07:42:46
33321,224188.35,11209.8,,,,11209.8,27/03/2026 08:28:07
06513,201407.5,10070.8,,,,10070.8,27/03/2026 08:56:52
40995,210389.44999999998,2103.75,,,,2103.75,24/03/2026 10:46:31
59808,201441.5,1007.25,,,,1007.25,26/03/2026 07:21:58
75065,201441.5,1007.25,,,,1007.25,26/03/2026 08:56:02
57070,265691.3,13284.65,,,,13284.65,27/03/2026 09:26:03
55655,265691.3,13284.65,,,,13284.65,23/03/2026 10:54:13
47146,258891.3,12944.65,,,,12944.65,24/03/2026 09:18:43
30934,185266.0,9263.3,,,,9263.3,24/03/2026 09:08:50
14172,423300.0,,1058.25,,,1058.25,26/03/2026 07:37:37
11630,195398.0,9769.9,,,,9769.9,28/03/2026 09:31:29
14964,423300.0,,1058.25,,,1058.25,23/03/2026 07:25:39
52122,191369.0,9568.449999999999,,,,9568.449999999999,26/03/2026 09:19:21
19368,235900.5,11795.449999999999,,,,11795.449999999999,26/03/2026 07:53:29
43783,216306.3,10815.4,,,,10815.4,23/03/2026 10:19:00
17547,209817.4,10490.699999999999,,,,10490.699999999999,26/03/2026 10:32:22
39608,258585.3,12929.35,,,,12929.35,28/03/2026 07:13:27
28520,265691.3,13284.65,,,,13284.65,23/03/2026 07:02:44
51220,201390.5,10069.949999999999,,,,10069.949999999999,26/03/2026 07:26:09
77993,442799.0,4427.65,,,,4427.65,27/03/2026 08:01:53
23639,195398.0,9769.9,,,,9769.9,23/03/2026 10:35:40
64400,195398.0,9769.9,,,,9769.9,23/03/2026 07:48:33
13995,195398.0,9769.9,,,,9769.9,26/03/2026 10:36:38
71831,265691.3,13284.65,,,,13284.65,23/03/2026 10:13:55
92897,211094.1,10554.449999999999,,,,10554.449999999999,23/03/2026 08:49:51
62917,419262.5,20963.55,,,,20963.55,23/03/2026 08:54:42
24535,195398.0,9769.9,,,,9769.9,27/03/2026 10:52:42
33666,265691.3,13284.65,,,,13284.65,25/03/2026 09:31:33
30747,265691.3,13284.65,,,,13284.65,23/03/2026 10:17:50
76087,264510.64999999997,13225.15,,,,13225.15,25/03/2026 10:35:16
98891,438600.0,219.29999999999998,,,,219.29999999999998,25/03/2026 10:31:14
41252,246219.5,2462.45,,,,2462.45,27/03/2026 07:48:25
45672,257720.85,1288.6,,,,1288.6,26/03/2026 07:52:45
49123,201441.5,1007.25,,,,1007.25,26/03/2026 10:40:08
15034,191845.0,9592.25,,,,9592.25,26/03/2026 09:30:24
52200,457300.0,228.65,,,,228.65,23/03/2026 07:16:01
44950,265665.8,13282.949999999999,,,,13282.949999999999,26/03/2026 09:02:37
83190,195398.0,9769.9,,,,9769.9,23/03/2026 09:25:52
62978,498100.0,498.09999999999997,,,,498.09999999999997,26/03/2026 09:24:06
83757,258891.3,12944.65,,,,12944.65,27/03/2026 08:17:54
02581,201441.5,1007.25,,,,1007.25,23/03/2026 08:46:27
28171,265691.3,13284.65,,,,13284.65,23/03/2026 10:45:55
90964,258687.3,12934.449999999999,,,,12934.449999999999,23/03/2026 07:31:42
98531,195398.0,9769.9,,,,9769.9,26/03/2026 10:52:07
34904,265691.3,13284.65,,,,13284.65,28/03/2026 07:38:16
92518,446250.0,2231.25,,,,2231.25,23/03/2026 09:58:07
17938,183128.25,9156.199999999999,,,,9156.199999999999,26/03/2026 09:18:46
51729,212637.69999999998,2126.7,,,,2126.7,03/04/2026 12:16:26
77048,265691.3,13284.65,,,,13284.65,25/03/2026 07:18:53
62096,263182.95,13158.85,,,,13158.85,23/03/2026 07:45:17
13561,192091.5,96.05,,,,96.05,23/03/2026 08:15:36
36868,242700.5,12135.449999999999,,,,12135.449999999999,25/03/2026 07:30:58
56571,201441.5,1007.25,,,,1007.25,24/03/2026 10:16:17
62908,422450.0,422.45,,,,422.45,23/03/2026 07:20:59
11154,201441.5,1007.25,,,,1007.25,23/03/2026 09:50:34
00919,201441.5,1007.25,,,,1007.25,23/03/2026 10:07:57
28518,265691.3,13284.65,,,,13284.65,23/03/2026 09:26:40
01080,195398.0,9769.9,,,,9769.9,26/03/2026 07:03:55
99714,183737.69999999998,9186.8,,,,9186.8,27/03/2026 09:01:04
18465,414494.0,20724.7,,,,20724.7,25/03/2026 08:31:52
16732,249311.8,12465.25,,,,12465.25,23/03/2026 07:30:16
43172,193236.44999999998,1932.05,,,,1932.05,27/03/2026 07:44:28
90340,412250.0,412.25,,,,412.25,23/03/2026 07:32:48
23168,265691.3,13284.65,,,,13284.65,27/03/2026 07:20:48
95837,286110.0,1430.55,,,,1430.55,26/03/2026 08:34:15
17644,201441.5,1007.25,,,,1007.25,28/03/2026 07:53:06
11323,195398.0,9769.9,,,,9769.9,25/03/2026 10:04:20
73626,257720.85,1288.6,,,,1288.6,24/03/2026 09:41:43
26003,413950.0,2069.75,,,,2069.75,23/03/2026 10:19:32
27827,238833.0,238.85,,,,238.85,25/03/2026 10:24:21
48581,265691.3,13284.65,,,,13284.65,23/03/2026 08:14:13
54412,233990.55,11699.4,,,,11699.4,23/03/2026 07:01:28
01838,249515.8,12475.449999999999,,,,12475.449999999999,27/03/2026 09:32:20
74527,201441.5,1007.25,,,,1007.25,23/03/2026 10:54:32
93546,265691.3,13284.65,,,,13284.65,26/03/2026 09:35:21
88342,265691.3,13284.65,,,,13284.65,23/03/2026 09:38:58
73277,265691.3,13284.65,,,,13284.65,24/03/2026 08:41:23
12783,200004.15,10000.25,,,,10000.25,23/03/2026 10:59:42
24272,239122.0,11956.1,,,,11956.1,26/03/2026 07:09:11
19051,195398.0,9769.9,,,,9769.9,27/03/2026 10:56:16
62694,265691.3,13284.65,,,,13284.65,25/03/2026 09:43:07
41868,216306.3,10815.4,,,,10815.4,23/03/2026 07:28:03
81308,452633.5,4526.25,,,,4526.25,23/03/2026 07:34:48
73409,419350.89999999997,20967.8,,,,20967.8,26/03/2026 08:06:45
32228,196674.69999999998,9833.65,,,,9833.65,28/03/2026 07:33:45
52495,261434.5,13072.15,,,,13072.15,23/03/2026 10:54:07
46653,257720.85,1288.6,,,,1288.6,23/03/2026 08:09:38
33162,177268.35,8863.8,,,,8863.8,26/03/2026 09:20:56
14896,263217.8,13160.55,,,,13160.55,23/03/2026 07:59:01
47299,265691.3,13284.65,,,,13284.65,23/03/2026 10:03:18
43555,195398.0,9769.9,,,,9769.9,23/03/2026 10:46:30
62468,259743.0,12987.15,,,,12987.15,25/03/2026 07:34:21
28027,201441.5,1007.25,,,,1007.25,26/03/2026 10:58:34
51819,195398.0,9769.9,,,,9769.9,26/03/2026 10:07:45
21139,457300.0,457.3,,,,457.3,26/03/2026 10:05:17
85734,195398.0,9769.9,,,,9769.9,26/03/2026 09:44:44
48501,265691.3,13284.65,,,,13284.65,26/03/2026 08:24:54
67274,279310.0,1396.55,,,,1396.55,26/03/2026 09:21:39
28639,238833.0,238.85,,,,238.85,24/03/2026 10:49:33
23205,223051.9,11152.85,,,,11152.85,26/03/2026 08:48:52
01461,508300.0,508.3,,,,508.3,24/03/2026 08:08:33
80054,201441.5,1007.25,,,,1007.25,29/03/2026 09:08:55
98426,201441.5,1007.25,,,,1007.25,26/03/2026 09:57:42
68836,414800.0,207.4,,,,207.4,26/03/2026 07:58:54
55472,195737.15,9786.9,,,,9786.9,26/03/2026 07:40:03
40496,238833.0,238.85,,,,238.85,25/03/2026 07:19:44
02382,216306.3,10815.4,,,,10815.4,25/03/2026 09:55:59
52904,453182.6,4532.2,,,,4532.2,26/03/2026 07:38:49
63297,299670.05,14983.8,,,,14983.8,23/03/2026 08:36:58
52719,224188.35,11209.8,,,,11209.8,26/03/2026 10:09:24
55384,265691.3,13284.65,,,,13284.65,23/03/2026 07:19:58
73559,410601.0,20530.05,,,,20530.05,27/03/2026 10:09:40
65227,231121.8,11555.75,,,,11555.75,27/03/2026 10:56:14
90158,201441.5,1007.25,,,,1007.25,23/03/2026 09:36:52
88349,195398.0,9769.9,,,,9769.9,23/03/2026 08:11:28
46139,344707.3,3446.75,,,,3446.75,29/03/2026 11:01:13
83524,216306.3,10815.4,,,,10815.4,23/03/2026 07:29:09
66573,201441.5,1007.25,,,,1007.25,23/03/2026 08:45:02
83569,199540.9,9977.3,,,,9977.3,23/03/2026 08:33:39
99137,201441.5,1007.25,,,,1007.25,27/03/2026 08:52:45
04155,201441.5,1007.25,,,,1007.25,26/03/2026 10:31:23
69313,216306.3,10815.4,,,,10815.4,23/03/2026 08:07:25
38930,265691.3,13284.65,,,,13284.65,23/03/2026 09:35:33
17231,195398.0,9769.9,,,,9769.9,23/03/2026 10:21:49
68289,201441.5,1007.25,,,,1007.25,26/03/2026 08:16:17
22789,201441.5,1007.25,,,,1007.25,23/03/2026 08:53:02
35599,246219.5,2462.45,,,,2462.45,28/03/2026 10:22:52
38225,201441.5,1007.25,,,,1007.25,27/03/2026 08:28:08
81334,195398.0,9769.9,,,,9769.9,25/03/2026 09:34:54
26573,254641.3,12732.15,,,,12732.15,25/03/2026 08:03:46
46330,246219.5,2462.45,,,,2462.45,28/03/2026 09:10:24
06359,195398.0,9769.9,,,,9769.9,25/03/2026 10:03:58
58610,212637.69999999998,2126.7,,,,2126.7,26/03/2026 09:55:22
05322,231121.8,11555.75,,,,11555.75,23/03/2026 09:06:25
66665,201441.5,1007.25,,,,1007.25,23/03/2026 08:40:42
36273,201441.5,1007.25,,,,1007.25,23/03/2026 08:00:25
00501,209817.4,10490.699999999999,,,,10490.699999999999,03/04/2026 12:16:24
68776,201441.5,1007.25,,,,1007.25,25/03/2026 07:34:00
02917,248174.5,248.2,,,,248.2,23/03/2026 08:53:20
77732,195398.0,9769.9,,,,9769.9,27/03/2026 07:49:47
24864,212637.69999999998,2126.7,,,,2126.7,27/03/2026 07:12:12
94327,236536.3,11826.9,,,,11826.9,25/03/2026 10:37:44
29921,201416.0,10070.8,,,,10070.8,24/03/2026 08:37:02
47616,201441.5,1007.25,,,,1007.25,27/03/2026 07:53:34
03041,190295.44999999998,1903.1499999999999,,,,1903.1499999999999,25/03/2026 08:42:21
52562,201441.5,1007.25,,,,1007.25,24/03/2026 09:27:03
52562,242700.5,12135.449999999999,,,,12135.449999999999,24/03/2026 09:27:03
45715,265691.3,13284.65,,,,13284.65,23/03/2026 10:21:13
07955,200088.3,1000.4499999999999,,,,1000.4499999999999,26/03/2026 10:58:04
49892,265691.3,13284.65,,,,13284.65,26/03/2026 07:10:24
06327,201441.5,1007.25,,,,1007.25,23/03/2026 10:59:10
76987,221746.3,11087.4,,,,11087.4,25/03/2026 10:49:24
43701,238833.0,238.85,,,,238.85,29/03/2026 08:26:25
63450,197134.55,9856.6,,,,9856.6,24/03/2026 09:23:58
50477,195398.0,9769.9,,,,9769.9,25/03/2026 08:21:30
40779,201441.5,1007.25,,,,1007.25,26/03/2026 10:14:26
29441,195398.85,9769.9,,,,9769.9,27/03/2026 08:56:37
29441,195398.0,9769.9,,,,9769.9,27/03/2026 08:56:37
55915,258865.8,12942.949999999999,,,,12942.949999999999,23/03/2026 10:50:39
34533,194641.5,973.25,,,,973.25,27/03/2026 08:30:11
69418,265691.3,13284.65,,,,13284.65,26/03/2026 09:05:23
58933,189355.35,9468.15,,,,9468.15,25/03/2026 08:56:33
38399,457300.0,228.65,,,,228.65,23/03/2026 10:50:21
63625,265691.3,13284.65,,,,13284.65,26/03/2026 08:01:23
15287,265691.3,13284.65,,,,13284.65,23/03/2026 10:38:08
04526,246219.5,2462.45,,,,2462.45,30/03/2026 09:54:15
70823,190366.0,9518.3,,,,9518.3,28/03/2026 11:03:25
90433,201441.5,1007.25,,,,1007.25,23/03/2026 08:00:16
72557,201441.5,1007.25,,,,1007.25,26/03/2026 08:06:44
20578,256341.3,12817.15,,,,12817.15,28/03/2026 09:19:12
85937,230860.0,1154.3,,,,1154.3,23/03/2026 08:48:30
72835,187841.5,939.25,,,,939.25,27/03/2026 10:47:42
92817,195398.0,9769.9,,,,9769.9,30/03/2026 09:37:15
43704,195398.0,9769.9,,,,9769.9,24/03/2026 07:55:17
76269,190689.85,9534.449999999999,,,,9534.449999999999,31/03/2026 08:32:42
20030,265691.3,13284.65,,,,13284.65,24/03/2026 09:40:28
25036,201441.5,1007.25,,,,1007.25,26/03/2026 07:09:31
92013,320110.0,1600.55,,,,1600.55,23/03/2026 08:43:05
25108,150843.55,1508.75,,,,1508.75,31/03/2026 07:54:20
11102,201441.5,1007.25,,,,1007.25,29/03/2026 09:03:28
14672,201441.5,1007.25,,,,1007.25,23/03/2026 07:33:38
98481,195398.0,9769.9,,,,9769.9,24/03/2026 08:02:02
06384,195398.0,9769.9,,,,9769.9,25/03/2026 07:06:44
49267,201441.5,1007.25,,,,1007.25,23/03/2026 10:40:13
49085,422450.0,422.45,,,,422.45,26/03/2026 08:46:04
61462,265691.3,13284.65,,,,13284.65,26/03/2026 09:51:32
17752,201441.5,1007.25,,,,1007.25,24/03/2026 07:18:01
56279,189355.35,9468.15,,,,9468.15,23/03/2026 10:15:44
47711,258891.3,12944.65,,,,12944.65,26/03/2026 10:12:55
52781,262088.15,13104.449999999999,,,,13104.449999999999,26/03/2026 08:16:56
38954,201441.5,1007.25,,,,1007.25,23/03/2026 09:48:23
93823,195398.0,9769.9,,,,9769.9,27/03/2026 10:13:33
26023,360859.0,14434.699999999999,,,,14434.699999999999,23/03/2026 10:40:48
99602,195398.0,9769.9,,,,9769.9,25/03/2026 09:09:58
09593,195398.0,9769.9,,,,9769.9,27/03/2026 08:05:26
31630,177268.35,8863.8,,,,8863.8,25/03/2026 09:20:10
84976,199741.5,998.75,,,,998.75,26/03/2026 07:44:48
60662,230800.5,11540.449999999999,,,,11540.449999999999,26/03/2026 09:18:52
18924,201441.5,1007.25,,,,1007.25,27/03/2026 07:47:53
21992,244700.55,2447.15,,,,2447.15,25/03/2026 07:36:31
09557,201441.5,1007.25,,,,1007.25,26/03/2026 08:27:51
22913,419254.0,20962.7,,,,20962.7,23/03/2026 08:23:44
90903,259670.75,12983.75,,,,12983.75,23/03/2026 10:51:03
27021,190366.0,9518.3,,,,9518.3,25/03/2026 08:54:52
71979,423300.0,423.3,,,,423.3,23/03/2026 10:21:12
30758,195398.0,9769.9,,,,9769.9,23/03/2026 09:09:43
82140,193236.44999999998,1932.05,,,,1932.05,26/03/2026 07:53:19
02938,201441.5,1007.25,,,,1007.25,23/03/2026 09:51:29
62567,201441.5,1007.25,,,,1007.25,23/03/2026 10:23:35
83032,216306.3,10815.4,,,,10815.4,27/03/2026 07:07:57
53518,192091.5,96.05,,,,96.05,26/03/2026 09:24:23
71462,259436.15,12971.85,,,,12971.85,24/03/2026 09:07:35
88931,265691.3,13284.65,,,,13284.65,23/03/2026 10:06:37
67877,196775.0,9838.75,,,,9838.75,24/03/2026 08:55:45
84047,257720.85,1288.6,,,,1288.6,26/03/2026 10:08:34
80442,201441.5,1007.25,,,,1007.25,25/03/2026 09:48:22
58787,201441.5,1007.25,,,,1007.25,27/03/2026 11:02:45
34885,231121.8,11555.75,,,,11555.75,28/03/2026 08:04:36
95971,199841.8,9991.75,,,,9991.75,24/03/2026 10:34:18
52627,265691.3,13284.65,,,,13284.65,27/03/2026 10:31:15
36395,195398.0,9769.9,,,,9769.9,26/03/2026 10:56:47
77380,265487.3,13274.449999999999,,,,13274.449999999999,26/03/2026 07:53:52
39988,201441.5,1007.25,,,,1007.25,25/03/2026 07:49:05
95632,195398.0,9769.9,,,,9769.9,24/03/2026 07:52:57
30411,201441.5,1007.25,,,,1007.25,26/03/2026 10:53:49
62365,201441.5,1007.25,,,,1007.25,26/03/2026 08:25:01
48359,182455.9,9123.05,,,,9123.05,24/03/2026 10:49:55
84680,201441.5,1007.25,,,,1007.25,24/03/2026 07:39:02
05285,201441.5,1007.25,,,,1007.25,28/03/2026 08:28:44
30688,201441.5,1007.25,,,,1007.25,23/03/2026 07:31:25
57539,201441.5,1007.25,,,,1007.25,27/03/2026 10:33:08
79852,257720.85,1288.6,,,,1288.6,23/03/2026 07:35:29
36996,195398.0,9769.9,,,,9769.9,23/03/2026 07:08:47
23193,265691.3,13284.65,,,,13284.65,23/03/2026 08:46:01
49135,246219.5,2462.45,,,,2462.45,28/03/2026 10:08:36
62322,265691.3,13284.65,,,,13284.65,26/03/2026 09:04:29
66850,201441.5,1007.25,,,,1007.25,23/03/2026 09:25:49
41451,201441.5,1007.25,,,,1007.25,26/03/2026 10:56:40
56376,201441.5,1007.25,,,,1007.25,25/03/2026 07:33:48
46193,201441.5,1007.25,,,,1007.25,26/03/2026 08:37:10
47995,238833.0,238.85,,,,238.85,23/03/2026 10:02:37
67353,200118.9,10006.199999999999,,,,10006.199999999999,23/03/2026 08:06:24
83020,265691.3,13284.65,,,,13284.65,26/03/2026 07:30:37
75806,201441.5,1007.25,,,,1007.25,26/03/2026 09:32:32
57548,201441.5,1007.25,,,,1007.25,23/03/2026 07:25:46
60744,194590.5,9729.949999999999,,,,9729.949999999999,23/03/2026 07:32:17
67725,201441.5,1007.25,,,,1007.25,30/03/2026 08:11:13
60837,242760.0,1213.8,,,,1213.8,26/03/2026 08:09:39
68695,201441.5,1007.25,,,,1007.25,26/03/2026 10:43:50
26067,197055.5,9853.199999999999,,,,9853.199999999999,23/03/2026 10:31:06
90697,195398.0,9769.9,,,,9769.9,23/03/2026 08:01:22
55835,196587.15,9829.4,,,,9829.4,29/03/2026 10:02:53
89201,201441.5,1007.25,,,,1007.25,23/03/2026 08:36:54
25326,201441.5,1007.25,,,,1007.25,23/03/2026 09:11:50
51496,201441.5,1007.25,,,,1007.25,23/03/2026 07:50:29
56154,201441.5,1007.25,,,,1007.25,23/03/2026 09:44:00
94744,201441.5,1007.25,,,,1007.25,26/03/2026 07:37:31
79275,239575.05,2396.15,,,,2396.15,24/03/2026 10:30:18
81996,192091.5,96.05,,,,96.05,25/03/2026 07:23:19
99579,198942.5,9947.55,,,,9947.55,26/03/2026 10:13:43
04341,180437.15,9021.9,,,,9021.9,24/03/2026 08:08:34
44309,201441.5,1007.25,,,,1007.25,23/03/2026 08:20:55
65577,197571.44999999998,9878.699999999999,,,,9878.699999999999,23/03/2026 08:55:02
05616,206956.3,10347.9,,,,10347.9,23/03/2026 07:32:13
19482,152914.15,7645.75,,,,7645.75,22/03/2026 09:48:15
73026,413150.14999999997,20657.55,,,,20657.55,23/03/2026 09:43:26
67400,268494.6,13424.9,,,,13424.9,23/03/2026 07:26:21
09225,201441.5,1007.25,,,,1007.25,26/03/2026 08:44:50
35613,224188.35,11209.8,,,,11209.8,23/03/2026 08:14:21
01758,230860.0,1154.3,,,,1154.3,27/03/2026 09:06:10
10321,265691.3,13284.65,,,,13284.65,24/03/2026 08:00:16
77272,409776.5,4097.849999999999,,,,4097.849999999999,27/03/2026 07:21:51
07220,185326.35,9266.699999999999,,,,9266.699999999999,26/03/2026 07:42:07
60325,456943.85,4569.599999999999,,,,4569.599999999999,24/03/2026 08:28:58
86575,201441.5,1007.25,,,,1007.25,23/03/2026 10:31:03
29882,177268.35,8863.8,,,,8863.8,23/03/2026 09:06:11
08834,195398.0,9769.9,,,,9769.9,23/03/2026 09:04:19
37784,216306.3,10815.4,,,,10815.4,23/03/2026 07:06:59
19821,492421.14999999997,24621.1,,,,24621.1,26/03/2026 08:20:06
83089,195398.0,9769.9,,,,9769.9,23/03/2026 08:03:17
81104,177268.35,8863.8,,,,8863.8,26/03/2026 07:40:09
10139,418925.05,4189.65,,,,4189.65,26/03/2026 10:49:55
66678,196693.4,983.4499999999999,,,,983.4499999999999,24/03/2026 09:36:34
95383,201441.5,1007.25,,,,1007.25,23/03/2026 10:37:08
40906,388702.45,19435.25,,,,19435.25,24/03/2026 09:46:31
69617,201441.5,1007.25,,,,1007.25,27/03/2026 08:15:47
71793,192091.5,96.05,,,,96.05,26/03/2026 08:51:46
95235,423300.0,211.65,,,,211.65,24/03/2026 10:10:35
06134,201441.5,1007.25,,,,1007.25,26/03/2026 09:54:16
29119,195398.0,9769.9,,,,9769.9,23/03/2026 10:17:46
02374,257720.85,1288.6,,,,1288.6,28/03/2026 09:25:38
24532,196924.6,9846.4,,,,9846.4,23/03/2026 07:07:05
64785,201441.5,1007.25,,,,1007.25,23/03/2026 08:46:43
78693,265691.3,13284.65,,,,13284.65,26/03/2026 08:22:49
07207,265691.3,13284.65,,,,13284.65,23/03/2026 10:50:16
29447,258891.3,12944.65,,,,12944.65,23/03/2026 10:38:30
64704,265691.3,13284.65,,,,13284.65,23/03/2026 07:23:24
97145,201441.5,1007.25,,,,1007.25,23/03/2026 08:53:51
02673,201441.5,1007.25,,,,1007.25,23/03/2026 08:34:40
92841,260417.9,13021.15,,,,13021.15,26/03/2026 08:04:17
57099,304810.0,1524.05,,,,1524.05,24/03/2026 10:42:09
06567,191333.3,9566.75,,,,9566.75,26/03/2026 10:43:49
84997,257720.85,1288.6,,,,1288.6,24/03/2026 08:58:26
07517,257720.85,1288.6,,,,1288.6,23/03/2026 08:58:16
48033,265691.3,13284.65,,,,13284.65,23/03/2026 08:57:20
94057,195934.35,9797.1,,,,9797.1,26/03/2026 08:12:39
99704,216306.3,10815.4,,,,10815.4,25/03/2026 07:56:35
21752,201441.5,1007.25,,,,1007.25,26/03/2026 07:36:00
81459,265691.3,13284.65,,,,13284.65,25/03/2026 10:20:20
06670,265691.3,13284.65,,,,13284.65,23/03/2026 09:12:39
31919,201441.5,1007.25,,,,1007.25,26/03/2026 10:17:02
72073,209817.4,10490.699999999999,,,,10490.699999999999,25/03/2026 08:05:46
90141,195398.0,9769.9,,,,9769.9,25/03/2026 08:00:04
89184,193791.5,96.89999999999999,,,,96.89999999999999,26/03/2026 07:04:30
90743,201441.5,1007.25,,,,1007.25,23/03/2026 10:58:57
15544,423300.0,211.65,,,,211.65,23/03/2026 07:10:23
61619,201441.5,1007.25,,,,1007.25,26/03/2026 10:04:39
11476,258190.9,12909.8,,,,12909.8,23/03/2026 07:40:03
03361,216306.3,10815.4,,,,10815.4,24/03/2026 08:18:44
28219,265691.3,13284.65,,,,13284.65,23/03/2026 10:48:33
61328,257720.85,1288.6,,,,1288.6,25/03/2026 07:33:51
66201,265691.3,13284.65,,,,13284.65,26/03/2026 08:49:50
19271,265691.3,13284.65,,,,13284.65,24/03/2026 10:36:30
77205,195398.0,9769.9,,,,9769.9,26/03/2026 08:36:52
89225,195398.0,9769.9,,,,9769.9,26/03/2026 08:17:21
97822,260418.75,13021.15,,,,13021.15,27/03/2026 09:10:12
04217,192091.5,96.05,,,,96.05,27/03/2026 08:02:16
43105,261552.65,13077.25,,,,13077.25,23/03/2026 08:07:57
25043,201441.5,1007.25,,,,1007.25,26/03/2026 10:37:07
47504,423300.0,423.3,,,,423.3,27/03/2026 07:49:58
46205,418846.0,20942.3,,,,20942.3,27/03/2026 08:26:32
89160,201441.5,1007.25,,,,1007.25,25/03/2026 07:14:12
44496,201441.5,1007.25,,,,1007.25,27/03/2026 07:11:10
96918,259044.3,12952.3,,,,12952.3,26/03/2026 09:12:31
96324,192391.55,1923.55,,,,1923.55,24/03/2026 07:06:55
65252,200560.9,10028.3,,,,10028.3,24/03/2026 07:22:50
25768,258891.3,12944.65,,,,12944.65,25/03/2026 07:19:43
35808,201441.5,1007.25,,,,1007.25,27/03/2026 07:06:42
27458,201441.5,1007.25,,,,1007.25,26/03/2026 09:47:18
48880,201441.5,1007.25,,,,1007.25,23/03/2026 07:14:12
97287,251288.05,12564.699999999999,,,,12564.699999999999,23/03/2026 10:19:08
66415,201441.5,1007.25,,,,1007.25,24/03/2026 10:56:47
16163,308938.45,15447.05,,,,15447.05,24/03/2026 10:07:35
07188,181297.35,9065.25,,,,9065.25,23/03/2026 07:15:38
80769,195398.0,9769.9,,,,9769.9,23/03/2026 08:12:41
38746,232500.5,11625.449999999999,,,,11625.449999999999,23/03/2026 09:18:59
90307,201441.5,1007.25,,,,1007.25,26/03/2026 10:16:41
02560,201441.5,1007.25,,,,1007.25,26/03/2026 07:21:50
92467,201441.5,1007.25,,,,1007.25,23/03/2026 10:32:19
34534,250410.0,1252.05,,,,1252.05,28/03/2026 09:19:53
09751,201441.5,1007.25,,,,1007.25,23/03/2026 10:16:46
07467,201441.5,1007.25,,,,1007.25,23/03/2026 10:54:26
60933,443581.0,22179.05,,,,22179.05,23/03/2026 08:01:39
76588,201441.5,1007.25,,,,1007.25,25/03/2026 07:29:39
27409,265691.3,13284.65,,,,13284.65,26/03/2026 08:08:04
56454,201441.5,1007.25,,,,1007.25,28/03/2026 09:32:15
51119,201441.5,1007.25,,,,1007.25,24/03/2026 10:13:54
47231,201229.0,10061.449999999999,,,,10061.449999999999,26/03/2026 10:43:36
34984,457300.0,228.65,,,,228.65,26/03/2026 07:23:47
94894,201441.5,1007.25,,,,1007.25,27/03/2026 09:02:53
97397,244436.19999999998,12222.15,,,,12222.15,23/03/2026 08:11:56
17607,208210.9,10410.8,,,,10410.8,29/03/2026 10:43:38
06725,201441.5,1007.25,,,,1007.25,23/03/2026 08:11:40
01126,265691.3,13284.65,,,,13284.65,29/03/2026 09:06:24
86311,195398.0,9769.9,,,,9769.9,24/03/2026 10:57:23
33201,265691.3,13284.65,,,,13284.65,30/03/2026 08:32:53
95875,265691.3,13284.65,,,,13284.65,23/03/2026 10:19:06
01912,246219.5,2462.45,,,,2462.45,27/03/2026 07:35:05
88324,265597.8,13279.55,,,,13279.55,23/03/2026 07:58:56
00994,201441.5,1007.25,,,,1007.25,26/03/2026 09:21:44
52442,30090.0,300.9,,,,300.9,28/03/2026 09:28:39
77808,456450.0,456.45,,,,456.45,26/03/2026 07:36:34
30418,246219.5,2462.45,,,,2462.45,24/03/2026 09:34:02
64269,392709.35,19635.85,,,,19635.85,25/03/2026 08:05:25
42730,379559.0,18977.95,,,,18977.95,23/03/2026 09:40:27
28796,423300.0,,1058.25,,,1058.25,23/03/2026 07:30:35
89865,238833.0,238.85,,,,238.85,25/03/2026 08:12:14
83191,431800.0,215.9,,,,215.9,23/03/2026 10:08:24
83093,29283.35,2928.25,,,,2928.25,28/03/2026 08:53:43
30730,456450.0,456.45,,,,456.45,28/03/2026 09:52:20
38973,15741.15,1416.95,,,,1416.95,23/03/2026 08:05:22
76413,457300.0,457.3,,,,457.3,29/03/2026 08:56:07
22705,457300.0,457.3,,,,457.3,26/03/2026 08:58:34
45875,246219.5,2462.45,,,,2462.45,23/03/2026 10:37:55
14174,246219.5,2462.45,,,,2462.45,27/03/2026 09:26:59
50087,423300.0,211.65,,,,211.65,26/03/2026 10:47:25
89598,265691.3,13284.65,,,,13284.65,27/03/2026 09:28:02
03263,201441.5,1007.25,,,,1007.25,26/03/2026 10:29:31
45773,344707.3,3446.75,,,,3446.75,23/03/2026 08:08:39
75098,263991.3,13199.65,,,,13199.65,26/03/2026 09:22:38
81743,177268.35,8863.8,,,,8863.8,27/03/2026 10:01:26
61913,237981.3,11899.15,,,,11899.15,26/03/2026 08:58:46
43676,257720.85,1288.6,,,,1288.6,23/03/2026 07:59:40
90048,258581.05,12929.35,,,,12929.35,26/03/2026 07:33:31
34806,256341.3,12817.15,,,,12817.15,25/03/2026 09:45:26
77441,257950.35,12897.9,,,,12897.9,23/03/2026 08:29:47
19248,415310.0,4153.099999999999,,,,4153.099999999999,23/03/2026 07:54:46
88176,242700.5,12135.449999999999,,,,12135.449999999999,23/03/2026 07:18:22
24405,190391.5,95.2,,,,95.2,23/03/2026 08:10:13
71782,180048.69999999998,9002.35,,,,9002.35,23/03/2026 09:28:05
49045,423300.0,423.3,,,,423.3,24/03/2026 08:14:05
15044,457300.0,457.3,,,,457.3,26/03/2026 07:28:19
19385,201441.5,1007.25,,,,1007.25,23/03/2026 08:50:25
30610,195398.0,9769.9,,,,9769.9,26/03/2026 09:55:45
34272,201441.5,1007.25,,,,1007.25,26/03/2026 07:32:30
07421,452680.25,4527.099999999999,,,,4527.099999999999,26/03/2026 08:18:05
45430,423300.0,423.3,,,,423.3,23/03/2026 09:33:53
19789,223875.55,11193.65,,,,11193.65,23/03/2026 08:08:40
08739,201441.5,1007.25,,,,1007.25,23/03/2026 10:41:04
36412,258041.3,12902.15,,,,12902.15,28/03/2026 07:19:58
50289,201441.5,1007.25,,,,1007.25,26/03/2026 08:06:32
79666,196447.75,9822.6,,,,9822.6,23/03/2026 09:44:40
84292,265691.3,13284.65,,,,13284.65,26/03/2026 07:22:47
49138,257720.85,1288.6,,,,1288.6,23/03/2026 09:27:24
57616,256341.3,12817.15,,,,12817.15,26/03/2026 07:59:35
85212,238833.0,238.85,,,,238.85,29/03/2026 07:38:30
70775,246219.5,2462.45,,,,2462.45,29/03/2026 10:33:47
92609,201441.5,1007.25,,,,1007.25,26/03/2026 08:57:24
14321,216306.3,10815.4,,,,10815.4,29/03/2026 08:26:05
96964,443581.0,4436.15,,,,4436.15,23/03/2026 07:56:41
02045,334366.2,3343.9,,,,3343.9,25/03/2026 08:23:29
32794,254641.3,12732.15,,,,12732.15,26/03/2026 09:48:27
94339,197217.0,9860.85,,,,9860.85,25/03/2026 10:09:48
68130,246219.5,2462.45,,,,2462.45,23/03/2026 09:37:36
29263,457300.0,457.3,,,,457.3,23/03/2026 10:26:10
05957,265665.8,13282.949999999999,,,,13282.949999999999,24/03/2026 08:33:45
74876,257720.85,1288.6,,,,1288.6,23/03/2026 07:49:44
97790,456450.0,456.45,,,,456.45,23/03/2026 09:01:46
80864,228823.4,1144.1,,,,1144.1,23/03/2026 07:25:34
16279,195398.0,9769.9,,,,9769.9,26/03/2026 10:06:22
39274,201314.0,10065.699999999999,,,,10065.699999999999,26/03/2026 09:45:53
95092,423300.0,211.65,,,,211.65,26/03/2026 07:40:07
38565,265691.3,13284.65,,,,13284.65,23/03/2026 08:43:53
99793,387721.55,19385.95,,,,19385.95,28/03/2026 09:00:01
62923,201441.5,1007.25,,,,1007.25,26/03/2026 10:53:34
21982,201441.5,1007.25,,,,1007.25,26/03/2026 09:19:02
74796,287773.45,14388.8,,,,14388.8,23/03/2026 07:32:09
59436,258836.05,12942.1,,,,12942.1,28/03/2026 07:04:25
68543,257720.85,1288.6,,,,1288.6,26/03/2026 10:09:53
25929,201441.5,1007.25,,,,1007.25,30/03/2026 08:16:11
41373,448800.0,448.8,,,,448.8,26/03/2026 08:37:35
39784,201441.5,1007.25,,,,1007.25,24/03/2026 07:58:19
68108,195398.0,9769.9,,,,9769.9,27/03/2026 07:34:01
79770,457300.0,457.3,,,,457.3,23/03/2026 09:11:30
16670,262838.7,13141.85,,,,13141.85,24/03/2026 09:00:19
84277,216306.3,10815.4,,,,10815.4,23/03/2026 08:15:15
01058,265691.3,13284.65,,,,13284.65,24/03/2026 09:48:47
31444,257720.85,1288.6,,,,1288.6,29/03/2026 07:14:58
80094,201441.5,1007.25,,,,1007.25,27/03/2026 09:21:17
65283,201441.5,1007.25,,,,1007.25,25/03/2026 10:41:05
88083,236869.5,2368.95,,,,2368.95,26/03/2026 10:18:20
34019,238833.0,238.85,,,,238.85,27/03/2026 10:32:39
49630,238833.0,238.85,,,,238.85,29/03/2026 10:05:14
90698,443700.0,443.7,,,,443.7,23/03/2026 09:36:32
04292,265691.3,13284.65,,,,13284.65,23/03/2026 07:52:59
82098,244586.65,2445.45,,,,2445.45,25/03/2026 09:20:18
19067,194160.4,9707.85,,,,9707.85,23/03/2026 10:41:47
42614,216306.3,10815.4,,,,10815.4,24/03/2026 09:17:19
18768,225357.1,11267.6,,,,11267.6,26/03/2026 07:49:27
99288,413100.0,413.09999999999997,,,,413.09999999999997,25/03/2026 07:08:58
66188,258891.3,12944.65,,,,12944.65,26/03/2026 07:14:58
65904,201441.5,1007.25,,,,1007.25,28/03/2026 07:52:59
71026,443581.0,22179.05,,,,22179.05,26/03/2026 09:24:53
38130,204905.25,10245.05,,,,10245.05,24/03/2026 09:28:05
43829,248405.69999999998,12420.199999999999,,,,12420.199999999999,25/03/2026 08:57:00
67954,248405.69999999998,12420.199999999999,,,,12420.199999999999,23/03/2026 09:49:36
57771,198084.0,9904.199999999999,,,,9904.199999999999,27/03/2026 10:41:20
52865,287773.45,14388.8,,,,14388.8,26/03/2026 08:08:00
44190,201441.5,1007.25,,,,1007.25,23/03/2026 09:23:27
41125,265691.3,13284.65,,,,13284.65,25/03/2026 08:26:22
17340,441039.5,4410.65,,,,4410.65,26/03/2026 07:39:45
52328,201441.5,1007.25,,,,1007.25,28/03/2026 07:06:38
89115,265691.3,13284.65,,,,13284.65,28/03/2026 10:31:38
99593,201441.5,1007.25,,,,1007.25,25/03/2026 08:00:51
34879,216306.3,10815.4,,,,10815.4,23/03/2026 10:43:02
78637,265691.3,13284.65,,,,13284.65,23/03/2026 08:15:53
57241,265691.3,13284.65,,,,13284.65,24/03/2026 08:40:01
71630,265691.3,13284.65,,,,13284.65,26/03/2026 09:18:36
14905,456450.0,456.45,,,,456.45,23/03/2026 08:52:36
36798,201441.5,1007.25,,,,1007.25,23/03/2026 09:04:30
13707,230800.5,11540.449999999999,,,,11540.449999999999,23/03/2026 10:56:23
82949,423300.0,423.3,,,,423.3,01/04/2026 08:02:14
19400,246219.5,2462.45,,,,2462.45,30/03/2026 07:59:13
51570,265691.3,13284.65,,,,13284.65,27/03/2026 09:37:20
53354,265691.3,13284.65,,,,13284.65,25/03/2026 09:42:56
56062,308210.0,1541.05,,,,1541.05,27/03/2026 09:02:26
15808,195398.85,9769.9,,,,9769.9,27/03/2026 07:14:42
15808,195398.0,9769.9,,,,9769.9,27/03/2026 07:14:42
99006,265691.3,13284.65,,,,13284.65,24/03/2026 09:32:02
89579,195398.0,9769.9,,,,9769.9,23/03/2026 10:54:09
75552,456450.0,456.45,,,,456.45,26/03/2026 07:17:47
77952,195398.0,9769.9,,,,9769.9,23/03/2026 07:50:07
10007,195398.0,9769.9,,,,9769.9,25/03/2026 10:39:45
30719,201441.5,1007.25,,,,1007.25,26/03/2026 10:12:13
50591,223876.4,11193.65,,,,11193.65,26/03/2026 10:14:48
08565,201416.0,10070.8,,,,10070.8,26/03/2026 08:04:57
12776,195398.0,9769.9,,,,9769.9,26/03/2026 07:02:59
17691,456450.0,456.45,,,,456.45,23/03/2026 10:23:28
53851,201441.5,1007.25,,,,1007.25,25/03/2026 10:23:40
32296,247093.3,12354.75,,,,12354.75,30/03/2026 07:07:07
20628,201441.5,1007.25,,,,1007.25,23/03/2026 07:19:48
95850,201441.5,1007.25,,,,1007.25,23/03/2026 09:50:29
28574,206395.3,10319.85,,,,10319.85,26/03/2026 09:27:12
74895,265691.3,13284.65,,,,13284.65,23/03/2026 10:33:48
10033,201441.5,1007.25,,,,1007.25,25/03/2026 08:31:22
42724,238833.0,238.85,,,,238.85,23/03/2026 07:42:34
90814,195398.0,9769.9,,,,9769.9,23/03/2026 09:13:57
05229,231121.8,11555.75,,,,11555.75,26/03/2026 08:37:53
20163,265691.3,13284.65,,,,13284.65,26/03/2026 10:04:00
86941,195398.0,9769.9,,,,9769.9,23/03/2026 08:09:25
18136,443700.0,443.7,,,,443.7,31/03/2026 07:27:08
95760,258891.3,12944.65,,,,12944.65,27/03/2026 07:02:28
68107,252091.3,12604.65,,,,12604.65,25/03/2026 10:24:18
74138,265691.3,13284.65,,,,13284.65,26/03/2026 09:20:02
90726,410601.0,20530.05,,,,20530.05,23/03/2026 09:41:50
34406,241657.55,2416.5499999999997,,,,2416.5499999999997,28/03/2026 09:17:53
83539,201441.5,1007.25,,,,1007.25,26/03/2026 10:10:18
75829,258891.3,12944.65,,,,12944.65,27/03/2026 08:12:36
63253,216306.3,10815.4,,,,10815.4,27/03/2026 08:14:56
72898,201441.5,1007.25,,,,1007.25,26/03/2026 09:15:59
89993,200390.9,10019.8,,,,10019.8,30/03/2026 08:54:15
56317,257720.85,1288.6,,,,1288.6,24/03/2026 08:39:38
19066,423300.0,423.3,,,,423.3,24/03/2026 09:57:42
43907,238833.0,238.85,,,,238.85,28/03/2026 10:26:50
91035,257720.85,1288.6,,,,1288.6,26/03/2026 10:35:29
23385,201441.5,1007.25,,,,1007.25,23/03/2026 08:51:08
45746,258891.3,12944.65,,,,12944.65,23/03/2026 09:39:39
45943,181660.3,9083.1,,,,9083.1,23/03/2026 10:50:50
76829,423300.0,423.3,,,,423.3,26/03/2026 08:07:39
20242,254615.8,12730.449999999999,,,,12730.449999999999,26/03/2026 09:50:06
58261,258466.3,12923.4,,,,12923.4,23/03/2026 08:37:35
33690,201441.5,1007.25,,,,1007.25,26/03/2026 09:46:43
39469,201441.5,1007.25,,,,1007.25,23/03/2026 08:44:57
22456,261575.6,13078.949999999999,,,,13078.949999999999,26/03/2026 07:22:56
50881,201416.0,10070.8,,,,10070.8,25/03/2026 08:58:03
78473,320110.0,1600.55,,,,1600.55,28/03/2026 08:42:41
65092,257720.85,1288.6,,,,1288.6,24/03/2026 07:28:57
12839,261069.85,13053.449999999999,,,,13053.449999999999,25/03/2026 10:55:40
68945,201441.5,1007.25,,,,1007.25,26/03/2026 08:26:16
01247,195398.0,9769.9,,,,9769.9,28/03/2026 10:55:56
69527,409776.5,4097.849999999999,,,,4097.849999999999,23/03/2026 10:29:50
34992,198526.85,9926.3,,,,9926.3,23/03/2026 07:46:52
68841,265691.3,13284.65,,,,13284.65,25/03/2026 08:25:55
71852,185208.19999999998,9260.75,,,,9260.75,23/03/2026 07:16:23
71706,216306.3,10815.4,,,,10815.4,28/03/2026 09:17:47
43204,201441.5,1007.25,,,,1007.25,23/03/2026 07:24:52
73133,265691.3,13284.65,,,,13284.65,26/03/2026 08:48:16
10301,487126.5,4871.349999999999,,,,4871.349999999999,27/03/2026 08:30:36
50133,195398.0,9769.9,,,,9769.9,26/03/2026 08:48:35
73209,265636.05,13282.1,,,,13282.1,26/03/2026 08:22:20
03305,201441.5,1007.25,,,,1007.25,26/03/2026 08:18:46
20340,201441.5,1007.25,,,,1007.25,26/03/2026 07:18:15
24237,224188.35,11209.8,,,,11209.8,26/03/2026 08:40:41
62112,265691.3,13284.65,,,,13284.65,28/03/2026 07:58:50
36982,195398.0,9769.9,,,,9769.9,24/03/2026 09:51:19
87105,209817.4,10490.699999999999,,,,10490.699999999999,23/03/2026 08:52:54
33394,231121.8,11555.75,,,,11555.75,26/03/2026 09:28:11
42635,216306.3,10815.4,,,,10815.4,24/03/2026 10:59:48
54600,261018.0,13050.9,,,,13050.9,23/03/2026 07:09:47
33965,201441.5,1007.25,,,,1007.25,23/03/2026 08:43:50
19828,238833.0,238.85,,,,238.85,28/03/2026 07:07:41
29003,423300.0,211.65,,,,211.65,23/03/2026 10:09:52
97923,256341.3,12817.15,,,,12817.15,26/03/2026 10:32:49
62505,265691.3,13284.65,,,,13284.65,27/03/2026 08:00:40
69073,265691.3,13284.65,,,,13284.65,26/03/2026 08:11:21
98373,201441.5,1007.25,,,,1007.25,25/03/2026 08:53:34
43522,201441.5,1007.25,,,,1007.25,25/03/2026 09:46:45
14744,265691.3,13284.65,,,,13284.65,23/03/2026 07:55:40
81853,416500.0,208.25,,,,208.25,24/03/2026 08:58:11
69843,227174.4,11358.55,,,,11358.55,26/03/2026 10:07:07
51839,249515.8,12475.449999999999,,,,12475.449999999999,26/03/2026 10:37:00
23778,195398.0,9769.9,,,,9769.9,23/03/2026 09:31:29
23904,201441.5,1007.25,,,,1007.25,26/03/2026 07:12:50
85805,210094.5,10505.15,,,,10505.15,26/03/2026 08:27:13
47251,201420.25,10070.8,,,,10070.8,30/03/2026 10:39:37
46509,231121.8,11555.75,,,,11555.75,23/03/2026 08:23:26
99901,262275.14999999997,13113.8,,,,13113.8,23/03/2026 08:46:08
82015,201441.5,1007.25,,,,1007.25,26/03/2026 10:12:29
06894,216306.3,10815.4,,,,10815.4,30/03/2026 09:30:04
76599,261244.1,13061.949999999999,,,,13061.949999999999,27/03/2026 10:43:14
21961,209817.4,10490.699999999999,,,,10490.699999999999,03/04/2026 12:06:20
78613,201441.5,1007.25,,,,1007.25,26/03/2026 08:14:14
84684,230860.0,1154.3,,,,1154.3,26/03/2026 07:57:42
40531,53380.0,533.8,,,,533.8,27/03/2026 10:25:21
13686,216306.3,10815.4,,,,10815.4,23/03/2026 09:39:01
58534,265691.3,13284.65,,,,13284.65,26/03/2026 09:38:39
52488,201441.5,1007.25,,,,1007.25,26/03/2026 07:07:59
95702,249082.3,12454.199999999999,,,,12454.199999999999,28/03/2026 09:49:47
86501,255063.75,12753.4,,,,12753.4,03/04/2026 12:06:20
35504,216306.3,10815.4,,,,10815.4,26/03/2026 07:07:30
22799,201441.5,1007.25,,,,1007.25,24/03/2026 10:28:36
03420,201441.5,1007.25,,,,1007.25,23/03/2026 07:49:11
82491,242760.0,1213.8,,,,1213.8,30/03/2026 10:36:41
36293,195398.0,9769.9,,,,9769.9,26/03/2026 08:39:43
79121,195398.0,9769.9,,,,9769.9,26/03/2026 08:41:25
25355,265691.3,13284.65,,,,13284.65,28/03/2026 10:38:19
99640,496400.0,496.4,,,,496.4,03/04/2026 12:06:30
49554,263995.55,13199.65,,,,13199.65,27/03/2026 09:58:56
69074,201441.5,1007.25,,,,1007.25,23/03/2026 09:35:08
46258,265691.3,13284.65,,,,13284.65,23/03/2026 09:23:42
61552,190391.5,95.2,,,,95.2,27/03/2026 07:01:44
99962,216306.3,10815.4,,,,10815.4,24/03/2026 09:06:28
90026,422450.0,422.45,,,,422.45,28/03/2026 09:41:00
25133,265691.3,13284.65,,,,13284.65,25/03/2026 08:22:34
13897,265691.3,13284.65,,,,13284.65,25/03/2026 08:28:38
19217,201441.5,1007.25,,,,1007.25,26/03/2026 08:14:54
32957,258891.3,12944.65,,,,12944.65,26/03/2026 08:05:02
69485,265691.3,13284.65,,,,13284.65,23/03/2026 08:05:15
45482,191369.0,9568.449999999999,,,,9568.449999999999,26/03/2026 09:33:58
12870,201441.5,1007.25,,,,1007.25,23/03/2026 09:46:44
50755,444587.39999999997,444.55,,,,444.55,23/03/2026 10:41:33
56137,257720.85,1288.6,,,,1288.6,26/03/2026 08:02:16
49844,411290.35,4113.15,,,,4113.15,26/03/2026 07:23:47
97000,195398.0,9769.9,,,,9769.9,23/03/2026 07:57:42
36158,194641.5,973.25,,,,973.25,23/03/2026 09:52:42
03680,197683.65,9883.8,,,,9883.8,23/03/2026 07:58:49
06990,214920.8,10745.699999999999,,,,10745.699999999999,23/03/2026 09:51:23
71049,224000.5,11200.449999999999,,,,11200.449999999999,26/03/2026 08:31:11
76169,265691.3,13284.65,,,,13284.65,26/03/2026 08:56:53
72000,195398.0,9769.9,,,,9769.9,23/03/2026 07:33:01
10144,238833.0,238.85,,,,238.85,23/03/2026 07:37:55
32234,424974.5,21249.149999999998,,,,21249.149999999998,24/03/2026 09:52:51
83930,201416.0,10070.8,,,,10070.8,26/03/2026 09:42:53
79061,201441.5,1007.25,,,,1007.25,25/03/2026 08:17:36
27524,223876.4,11193.65,,,,11193.65,23/03/2026 07:43:31
45189,201441.5,1007.25,,,,1007.25,26/03/2026 08:37:02
34464,210267.9,10513.65,,,,10513.65,23/03/2026 07:20:58
98885,53380.0,533.8,,,,533.8,23/03/2026 08:20:18
30562,257720.85,1288.6,,,,1288.6,23/03/2026 09:22:22
58263,201441.5,1007.25,,,,1007.25,26/03/2026 10:01:27
63437,246219.5,2462.45,,,,2462.45,26/03/2026 08:46:35
51326,201441.5,1007.25,,,,1007.25,25/03/2026 09:53:32
22697,309910.0,1549.55,,,,1549.55,23/03/2026 08:24:57
02327,257720.85,1288.6,,,,1288.6,26/03/2026 10:01:43
10755,190366.0,9518.3,,,,9518.3,23/03/2026 10:59:14
73259,201441.5,1007.25,,,,1007.25,23/03/2026 10:25:39
57904,194616.0,9730.8,,,,9730.8,26/03/2026 07:04:41
49045,423300.0,211.65,,,,211.65,23/03/2026 08:57:27
58804,246219.5,2462.45,,,,2462.45,24/03/2026 07:20:24
09026,195398.0,9769.9,,,,9769.9,23/03/2026 09:53:48
34646,443581.0,22179.05,,,,22179.05,23/03/2026 09:37:33
97048,201441.5,1007.25,,,,1007.25,26/03/2026 07:23:41
36266,265691.3,13284.65,,,,13284.65,26/03/2026 09:32:34
95170,201441.5,1007.25,,,,1007.25,24/03/2026 09:02:51
51860,195398.0,9769.9,,,,9769.9,23/03/2026 07:33:54
49889,201441.5,1007.25,,,,1007.25,27/03/2026 08:46:18
84268,239419.5,2394.45,,,,2394.45,24/03/2026 07:54:29
90881,201441.5,1007.25,,,,1007.25,23/03/2026 08:17:47
72060,246219.5,2462.45,,,,2462.45,26/03/2026 07:54:11
89358,423300.0,,1058.25,,,1058.25,24/03/2026 09:02:05
28479,184452.55,922.25,,,,922.25,28/03/2026 10:04:27
07241,246219.5,2462.45,,,,2462.45,24/03/2026 08:58:45
86543,422450.0,422.45,,,,422.45,24/03/2026 10:45:56
25690,259676.69999999998,12983.75,,,,12983.75,24/03/2026 09:17:44
39749,238833.0,238.85,,,,238.85,26/03/2026 08:19:38
58738,265691.3,13284.65,,,,13284.65,30/03/2026 10:28:24
62678,423300.0,211.65,,,,211.65,26/03/2026 09:15:28
27767,257720.85,1288.6,,,,1288.6,26/03/2026 10:10:36
48979,201441.5,1007.25,,,,1007.25,23/03/2026 10:08:58
75181,265691.3,13284.65,,,,13284.65,23/03/2026 08:47:02
77551,201441.5,1007.25,,,,1007.25,27/03/2026 10:12:46
14133,531477.7999999999,26573.55,,,,26573.55,26/03/2026 08:06:47
25400,258891.3,12944.65,,,,12944.65,23/03/2026 07:48:10
06411,265691.3,13284.65,,,,13284.65,26/03/2026 10:34:49
67348,422450.0,422.45,,,,422.45,27/03/2026 07:35:03
04696,199542.6,9977.3,,,,9977.3,26/03/2026 07:59:12
54996,410601.0,20530.05,,,,20530.05,26/03/2026 07:47:09
99120,213832.8,10691.3,,,,10691.3,27/03/2026 07:08:10
88445,214490.69999999998,10724.449999999999,,,,10724.449999999999,26/03/2026 08:41:54
28523,201441.5,1007.25,,,,1007.25,26/03/2026 10:24:34
38592,456450.0,456.45,,,,456.45,24/03/2026 07:49:01
20515,422450.0,422.45,,,,422.45,24/03/2026 10:20:49
91777,216306.3,10815.4,,,,10815.4,27/03/2026 08:15:45
02678,221771.8,11088.25,,,,11088.25,27/03/2026 09:35:04
47762,201441.5,1007.25,,,,1007.25,26/03/2026 09:38:41
87250,265691.3,13284.65,,,,13284.65,26/03/2026 09:31:18
68557,195398.0,9769.9,,,,9769.9,25/03/2026 08:36:24
61933,195398.0,9769.9,,,,9769.9,26/03/2026 08:10:33
75667,257720.85,1288.6,,,,1288.6,26/03/2026 10:31:34
22698,246219.5,2462.45,,,,2462.45,23/03/2026 09:29:06
02133,201441.5,1007.25,,,,1007.25,26/03/2026 08:39:06
65598,183591.5,91.8,,,,91.8,26/03/2026 09:52:03
14702,201441.5,1007.25,,,,1007.25,23/03/2026 09:01:20
00989,258891.3,12944.65,,,,12944.65,25/03/2026 08:08:10
55553,287773.45,14388.8,,,,14388.8,23/03/2026 08:22:04
17697,457232.0,4572.15,,,,4572.15,23/03/2026 08:40:07
50887,216306.3,10815.4,,,,10815.4,23/03/2026 10:57:53
26233,265691.3,13284.65,,,,13284.65,26/03/2026 08:27:36
22281,423300.0,211.65,,,,211.65,26/03/2026 08:29:47
80728,254615.8,12730.449999999999,,,,12730.449999999999,23/03/2026 07:47:57
96344,423300.0,423.3,,,,423.3,23/03/2026 07:57:13
40650,201441.5,1007.25,,,,1007.25,23/03/2026 09:36:40
79019,201076.0,10053.8,,,,10053.8,23/03/2026 10:40:20
32048,257720.85,1288.6,,,,1288.6,25/03/2026 07:06:09
68472,199870.69999999998,9993.449999999999,,,,9993.449999999999,23/03/2026 07:23:31
98271,201161.0,10058.05,,,,10058.05,24/03/2026 10:38:12
29656,443581.0,22179.05,,,,22179.05,26/03/2026 07:24:25
11510,246219.5,2462.45,,,,2462.45,29/03/2026 09:34:36
19304,201441.5,1007.25,,,,1007.25,26/03/2026 07:51:13
46353,242760.0,1213.8,,,,1213.8,24/03/2026 08:19:12
80256,195398.0,9769.9,,,,9769.9,29/03/2026 07:49:45
64611,201441.5,1007.25,,,,1007.25,26/03/2026 10:55:07
55609,246219.5,2462.45,,,,2462.45,24/03/2026 08:10:31
83218,209817.4,10490.699999999999,,,,10490.699999999999,23/03/2026 09:11:44
41911,320110.0,1600.55,,,,1600.55,23/03/2026 10:42:50
36928,196311.75,9815.8,,,,9815.8,23/03/2026 07:58:20
77006,201441.5,1007.25,,,,1007.25,26/03/2026 09:42:30
87894,201441.5,1007.25,,,,1007.25,23/03/2026 09:09:47
98199,201441.5,1007.25,,,,1007.25,23/03/2026 10:09:43
68931,216306.3,10815.4,,,,10815.4,23/03/2026 10:18:47
81604,216306.3,10815.4,,,,10815.4,29/03/2026 07:52:09
12840,257720.85,1288.6,,,,1288.6,23/03/2026 07:55:45
48079,450801.75,22540.3,,,,22540.3,29/03/2026 10:05:25
65863,201441.5,1007.25,,,,1007.25,26/03/2026 10:42:37
12497,257935.05,12897.05,,,,12897.05,28/03/2026 08:02:42
78904,265691.3,13284.65,,,,13284.65,24/03/2026 07:49:24
20507,257720.85,1288.6,,,,1288.6,01/04/2026 10:08:55
82362,196510.65,9825.15,,,,9825.15,26/03/2026 09:23:16
26509,201441.5,1007.25,,,,1007.25,26/03/2026 08:01:48
96902,201441.5,1007.25,,,,1007.25,27/03/2026 09:31:23
23210,195398.0,9769.9,,,,9769.9,23/03/2026 09:03:13
13092,201416.0,10070.8,,,,10070.8,27/03/2026 07:04:36
29649,277610.0,1388.05,,,,1388.05,25/03/2026 08:38:21
02765,457300.0,457.3,,,,457.3,27/03/2026 08:13:28
40240,260473.15,13023.699999999999,,,,13023.699999999999,23/03/2026 07:45:47
28234,262911.8,13145.25,,,,13145.25,26/03/2026 09:08:01
47263,196587.15,9829.4,,,,9829.4,23/03/2026 10:52:09
45607,195398.0,9769.9,,,,9769.9,26/03/2026 10:11:51
08092,258865.8,12942.949999999999,,,,12942.949999999999,28/03/2026 07:01:56
54623,456450.0,456.45,,,,456.45,24/03/2026 10:04:00
37683,223876.4,11193.65,,,,11193.65,26/03/2026 10:22:59
97699,236844.0,2368.1,,,,2368.1,26/03/2026 10:11:12
13329,196446.9,9822.6,,,,9822.6,26/03/2026 08:03:22
97804,29283.35,2928.25,,,,2928.25,28/03/2026 07:39:20
75913,273255.45,13662.9,,,,13662.9,24/03/2026 08:20:04
75913,222464.55,11123.1,,,,11123.1,24/03/2026 08:20:04
60685,246219.5,2462.45,,,,2462.45,23/03/2026 08:42:26
91924,201441.5,1007.25,,,,1007.25,25/03/2026 07:06:59
53886,282430.35,14121.9,,,,14121.9,26/03/2026 09:37:56
91989,201441.5,1007.25,,,,1007.25,26/03/2026 08:36:17
55584,201441.5,1007.25,,,,1007.25,26/03/2026 07:50:34
57920,258891.3,12944.65,,,,12944.65,24/03/2026 07:04:07
89270,239765.44999999998,2397.85,,,,2397.85,24/03/2026 09:55:24
48861,258891.3,12944.65,,,,12944.65,23/03/2026 08:32:31
39795,256341.3,12817.15,,,,12817.15,27/03/2026 10:29:18
65392,257720.85,1288.6,,,,1288.6,26/03/2026 07:26:17
87337,443700.0,443.7,,,,443.7,23/03/2026 08:26:26
96133,201441.5,1007.25,,,,1007.25,26/03/2026 08:26:41
10457,254641.3,12732.15,,,,12732.15,26/03/2026 08:49:26
55722,246219.5,2462.45,,,,2462.45,30/03/2026 09:59:20
48665,201441.5,1007.25,,,,1007.25,26/03/2026 08:30:21
05902,410601.0,4106.349999999999,,,,4106.349999999999,27/03/2026 09:22:17
33703,216306.3,10815.4,,,,10815.4,23/03/2026 10:27:35
29388,313310.0,1566.55,,,,1566.55,25/03/2026 07:36:37
53761,230800.5,11540.449999999999,,,,11540.449999999999,26/03/2026 08:41:02
74573,195398.0,9769.9,,,,9769.9,23/03/2026 08:37:25
23621,195398.0,9769.9,,,,9769.9,26/03/2026 08:54:10
57032,201441.5,1007.25,,,,1007.25,26/03/2026 07:49:55
33016,201441.5,1007.25,,,,1007.25,27/03/2026 07:05:17
59945,265691.3,13284.65,,,,13284.65,23/03/2026 08:55:19
73055,197711.69999999998,988.55,,,,988.55,23/03/2026 10:47:39
71494,209817.4,10490.699999999999,,,,10490.699999999999,27/03/2026 09:59:51
78892,265691.3,13284.65,,,,13284.65,26/03/2026 07:18:37
56207,265691.3,13284.65,,,,13284.65,26/03/2026 10:56:54
69201,309009.0,15450.449999999999,,,,15450.449999999999,23/03/2026 08:00:31
28576,257720.85,1288.6,,,,1288.6,26/03/2026 07:15:03
29716,265691.3,13284.65,,,,13284.65,27/03/2026 07:46:54
69362,201441.5,1007.25,,,,1007.25,26/03/2026 09:08:10
61228,246219.5,2462.45,,,,2462.45,28/03/2026 07:02:04
45603,265691.3,13284.65,,,,13284.65,24/03/2026 10:41:12
32177,201441.5,1007.25,,,,1007.25,27/03/2026 08:06:48
16621,201441.5,1007.25,,,,1007.25,23/03/2026 08:11:23
11575,201441.5,1007.25,,,,1007.25,04/04/2026 12:03:37
37935,417474.1,20873.45,,,,20873.45,23/03/2026 10:49:58
36497,201441.5,1007.25,,,,1007.25,23/03/2026 08:02:17
38500,246219.5,2462.45,,,,2462.45,23/03/2026 07:01:43
83712,457300.0,457.3,,,,457.3,24/03/2026 07:29:29
42773,193766.0,9688.3,,,,9688.3,03/04/2026 12:06:13
40286,216306.3,10815.4,,,,10815.4,26/03/2026 09:33:13
42354,230800.5,11540.449999999999,,,,11540.449999999999,24/03/2026 09:29:38
35387,201441.5,1007.25,,,,1007.25,24/03/2026 10:19:29
86618,201441.5,1007.25,,,,1007.25,27/03/2026 09:38:34
35420,246177.0,2461.6,,,,2461.6,23/03/2026 07:57:41
72213,201441.5,1007.25,,,,1007.25,23/03/2026 08:50:19
52226,201441.5,1007.25,,,,1007.25,26/03/2026 09:58:11
69628,183591.5,91.8,,,,91.8,29/03/2026 07:41:07
76891,201441.5,1007.25,,,,1007.25,27/03/2026 10:40:05
41114,422450.0,422.45,,,,422.45,28/03/2026 09:33:53
06154,242700.5,12135.449999999999,,,,12135.449999999999,26/03/2026 09:04:45
94238,201441.5,1007.25,,,,1007.25,27/03/2026 09:22:14
39049,201441.5,1007.25,,,,1007.25,23/03/2026 08:15:35
92846,201441.5,1007.25,,,,1007.25,23/03/2026 09:50:16
63056,198232.75,9911.85,,,,9911.85,23/03/2026 07:42:12
10318,197270.55,9863.4,,,,9863.4,23/03/2026 09:33:42
98484,17000.0,15.299999999999999,,,,15.299999999999999,27/03/2026 07:39:41
35891,224188.35,11209.8,,,,11209.8,23/03/2026 10:35:30
17642,265691.3,13284.65,,,,13284.65,26/03/2026 09:50:29
15908,195398.0,9769.9,,,,9769.9,27/03/2026 07:26:47
63712,265691.3,13284.65,,,,13284.65,25/03/2026 07:48:51
47282,257720.85,1288.6,,,,1288.6,23/03/2026 09:48:15
34771,195398.0,9769.9,,,,9769.9,23/03/2026 10:27:08
16769,201441.5,1007.25,,,,1007.25,28/03/2026 08:50:45
90281,265691.3,13284.65,,,,13284.65,26/03/2026 08:01:53
38154,201441.5,1007.25,,,,1007.25,23/03/2026 09:37:07
00789,201441.5,1007.25,,,,1007.25,24/03/2026 08:58:00
90090,193236.44999999998,1932.05,,,,1932.05,23/03/2026 09:20:12
29703,237575.0,11878.75,,,,11878.75,25/03/2026 10:27:32
87439,16876.75,1518.95,,,,1518.95,23/03/2026 10:58:42
05469,201441.5,1007.25,,,,1007.25,23/03/2026 08:59:15
99642,253267.69999999998,12663.3,,,,12663.3,25/03/2026 09:59:38
33246,249288.0,12464.4,,,,12464.4,27/03/2026 09:41:05
94523,457300.0,457.3,,,,457.3,26/03/2026 10:05:13
60776,265691.3,13284.65,,,,13284.65,28/03/2026 07:13:45
51052,237728.0,11886.4,,,,11886.4,26/03/2026 07:44:59
39624,194616.0,9730.8,,,,9730.8,27/03/2026 07:17:56
46524,201441.5,1007.25,,,,1007.25,28/03/2026 07:40:17
96018,265691.3,13284.65,,,,13284.65,24/03/2026 09:14:49
85962,201441.5,1007.25,,,,1007.25,23/03/2026 09:56:09
13320,235900.5,11795.449999999999,,,,11795.449999999999,27/03/2026 07:51:14
64674,265691.3,13284.65,,,,13284.65,23/03/2026 09:59:30
47923,257720.85,1288.6,,,,1288.6,26/03/2026 10:56:20
92768,209817.4,10490.699999999999,,,,10490.699999999999,28/03/2026 07:11:12
49962,457274.5,457.3,,,,457.3,26/03/2026 09:21:17
87391,201441.5,1007.25,,,,1007.25,26/03/2026 10:02:13
64787,201441.5,1007.25,,,,1007.25,29/03/2026 10:39:06
51471,246219.5,2462.45,,,,2462.45,29/03/2026 10:47:26
10320,258891.3,12944.65,,,,12944.65,23/03/2026 07:45:45
98357,216306.3,10815.4,,,,10815.4,23/03/2026 08:55:22
94968,201441.5,1007.25,,,,1007.25,23/03/2026 07:58:46
12867,265691.3,13284.65,,,,13284.65,23/03/2026 10:19:05
33186,242700.5,12135.449999999999,,,,12135.449999999999,26/03/2026 09:20:01
90824,225525.4,11276.1,,,,11276.1,24/03/2026 07:57:25
37974,201215.4,10060.6,,,,10060.6,26/03/2026 09:42:16
54872,200561.75,10028.3,,,,10028.3,23/03/2026 07:10:16
00905,201441.5,1007.25,,,,1007.25,24/03/2026 08:09:32
74357,216306.3,10815.4,,,,10815.4,23/03/2026 08:14:28
06016,216306.3,10815.4,,,,10815.4,23/03/2026 07:18:39
83599,279140.0,1395.7,,,,1395.7,27/03/2026 10:28:52
46025,418115.0,4181.15,,,,4181.15,25/03/2026 08:22:32
88182,423300.0,423.3,,,,423.3,27/03/2026 09:04:10
88834,257720.85,1288.6,,,,1288.6,27/03/2026 09:53:11
37001,201441.5,1007.25,,,,1007.25,27/03/2026 08:52:58
17656,201441.5,1007.25,,,,1007.25,23/03/2026 07:04:29
76630,249511.55,12475.449999999999,,,,12475.449999999999,26/03/2026 09:25:55
05282,201441.5,1007.25,,,,1007.25,24/03/2026 09:53:58
77503,201441.5,1007.25,,,,1007.25,23/03/2026 10:47:36
82069,201441.5,1007.25,,,,1007.25,26/03/2026 08:59:25
31387,181297.35,9065.25,,,,9065.25,27/03/2026 10:47:03
92862,188816.44999999998,9440.949999999999,,,,9440.949999999999,23/03/2026 09:51:55
14224,265691.3,13284.65,,,,13284.65,26/03/2026 07:32:34
73883,197978.6,9899.1,,,,9899.1,23/03/2026 10:58:34
55949,195398.0,9769.9,,,,9769.9,23/03/2026 08:46:08
64814,192040.5,9602.449999999999,,,,9602.449999999999,23/03/2026 09:59:24
10056,201441.5,1007.25,,,,1007.25,27/03/2026 07:39:15
26104,201441.5,1007.25,,,,1007.25,25/03/2026 07:36:35
77301,201441.5,1007.25,,,,1007.25,26/03/2026 08:33:16
34878,201441.5,1007.25,,,,1007.25,23/03/2026 09:17:09
07884,195398.0,9769.9,,,,9769.9,24/03/2026 07:58:47
65904,201441.5,1007.25,,,,1007.25,26/03/2026 07:27:17
65270,257720.85,1288.6,,,,1288.6,23/03/2026 09:50:45
69301,201416.0,10070.8,,,,10070.8,25/03/2026 08:12:49
05293,265691.3,13284.65,,,,13284.65,26/03/2026 08:01:50
05745,265691.3,13284.65,,,,13284.65,26/03/2026 08:50:30
42776,256341.3,12817.15,,,,12817.15,26/03/2026 07:12:38
51385,231121.8,11555.75,,,,11555.75,26/03/2026 08:05:10
63038,265691.3,13284.65,,,,13284.65,23/03/2026 09:10:38
16110,246219.5,2462.45,,,,2462.45,25/03/2026 09:15:55
08885,380970.0,,9524.25,,,9524.25,23/03/2026 08:55:45
54172,201441.5,1007.25,,,,1007.25,26/03/2026 07:31:05
87677,265691.3,13284.65,,,,13284.65,25/03/2026 08:59:22
86627,195398.0,9769.9,,,,9769.9,28/03/2026 10:53:14
95731,201441.5,1007.25,,,,1007.25,23/03/2026 10:34:12
38491,201441.5,1007.25,,,,1007.25,24/03/2026 10:15:39
23083,413882.0,4138.65,,,,4138.65,24/03/2026 10:13:54
52512,201441.5,1007.25,,,,1007.25,23/03/2026 07:58:51
91813,201441.5,1007.25,,,,1007.25,23/03/2026 08:30:13
61099,265691.3,13284.65,,,,13284.65,26/03/2026 10:36:17
10874,195398.0,9769.9,,,,9769.9,24/03/2026 09:17:20
74360,456450.0,456.45,,,,456.45,23/03/2026 07:29:57
92542,201441.5,1007.25,,,,1007.25,24/03/2026 09:04:38
27938,216306.3,10815.4,,,,10815.4,23/03/2026 09:23:28
26368,186690.6,9334.699999999999,,,,9334.699999999999,23/03/2026 07:00:37
65250,195398.0,9769.9,,,,9769.9,26/03/2026 09:44:42
27502,593215.0,29660.75,,,,29660.75,27/03/2026 09:32:31
62081,265691.3,13284.65,,,,13284.65,26/03/2026 08:12:24
00613,231121.8,11555.75,,,,11555.75,26/03/2026 08:40:39
47953,201441.5,1007.25,,,,1007.25,26/03/2026 08:39:26
37019,393924.0,19696.2,,,,19696.2,23/03/2026 10:27:56
44548,201441.5,1007.25,,,,1007.25,23/03/2026 07:50:03
28655,196288.8,9814.1,,,,9814.1,28/03/2026 10:11:04
91188,201441.5,1007.25,,,,1007.25,27/03/2026 07:27:26
41490,201441.5,1007.25,,,,1007.25,28/03/2026 09:12:46
66290,265661.55,13282.949999999999,,,,13282.949999999999,23/03/2026 09:40:36
26834,265691.3,13284.65,,,,13284.65,26/03/2026 09:38:58
17386,495550.0,495.55,,,,495.55,23/03/2026 09:13:03
09056,254641.3,12732.15,,,,12732.15,26/03/2026 07:15:10
53340,201441.5,1007.25,,,,1007.25,28/03/2026 07:41:38
43062,230800.5,11540.449999999999,,,,11540.449999999999,26/03/2026 09:04:18
35095,231121.8,11555.75,,,,11555.75,24/03/2026 10:30:03
92354,195398.0,9769.9,,,,9769.9,27/03/2026 09:32:43
66874,201441.5,1007.25,,,,1007.25,23/03/2026 09:12:30
16034,246219.5,2462.45,,,,2462.45,26/03/2026 09:29:30
81024,258891.3,12944.65,,,,12944.65,24/03/2026 07:21:49
79440,201441.5,1007.25,,,,1007.25,26/03/2026 07:21:28
16187,201441.5,1007.25,,,,1007.25,23/03/2026 10:36:26
03844,246219.5,2462.45,,,,2462.45,25/03/2026 07:59:41
34721,257720.85,1288.6,,,,1288.6,28/03/2026 08:54:50
13334,201441.5,1007.25,,,,1007.25,24/03/2026 09:15:01
54697,400724.0,20036.2,,,,20036.2,28/03/2026 08:32:42
57772,195398.0,9769.9,,,,9769.9,26/03/2026 07:22:43
30995,201441.5,1007.25,,,,1007.25,26/03/2026 10:40:55
54786,201441.5,1007.25,,,,1007.25,23/03/2026 09:40:38
12883,265691.3,13284.65,,,,13284.65,26/03/2026 10:57:20
95145,201441.5,1007.25,,,,1007.25,28/03/2026 08:25:12
07651,258840.3,12942.1,,,,12942.1,27/03/2026 10:31:41
35817,201441.5,1007.25,,,,1007.25,26/03/2026 08:40:39
34299,257871.3,12893.65,,,,12893.65,23/03/2026 10:46:48
29587,201441.5,1007.25,,,,1007.25,24/03/2026 10:24:08
57140,201441.5,1007.25,,,,1007.25,28/03/2026 07:12:55
43969,201441.5,1007.25,,,,1007.25,23/03/2026 08:37:09
10329,287773.45,14388.8,,,,14388.8,26/03/2026 08:08:23
61222,197463.5,9873.6,,,,9873.6,25/03/2026 09:57:07
28877,195491.5,97.75,,,,97.75,26/03/2026 08:37:00
93326,457300.0,457.3,,,,457.3,23/03/2026 09:13:34
13383,457300.0,457.3,,,,457.3,22/03/2026 10:35:57
04823,265691.3,13284.65,,,,13284.65,23/03/2026 10:36:22
06564,201441.5,1007.25,,,,1007.25,23/03/2026 07:42:13
64045,652800.0,326.4,,,,326.4,23/03/2026 08:36:54
71289,265691.3,13284.65,,,,13284.65,25/03/2026 08:16:49
45036,189757.4,9487.699999999999,,,,9487.699999999999,23/03/2026 07:47:54
73239,235419.4,11770.8,,,,11770.8,23/03/2026 10:21:52
70584,201441.5,1007.25,,,,1007.25,26/03/2026 07:38:10
34201,265691.3,13284.65,,,,13284.65,26/03/2026 08:21:30
60635,201441.5,1007.25,,,,1007.25,24/03/2026 10:12:04
62898,201441.5,1007.25,,,,1007.25,26/03/2026 09:05:43
19091,201441.5,1007.25,,,,1007.25,23/03/2026 10:15:50
36741,258891.3,12944.65,,,,12944.65,23/03/2026 08:37:35
44762,262657.64999999997,1313.25,,,,1313.25,27/03/2026 09:42:31
13094,201441.5,1007.25,,,,1007.25,23/03/2026 09:09:50
01452,201441.5,1007.25,,,,1007.25,29/03/2026 07:07:06
44162,404408.75,4044.2999999999997,,,,4044.2999999999997,26/03/2026 09:07:46
10965,231121.8,11555.75,,,,11555.75,23/03/2026 08:26:51
09822,423300.0,423.3,,,,423.3,22/03/2026 09:05:25
44046,195398.0,9769.9,,,,9769.9,26/03/2026 09:44:01
84712,201441.5,1007.25,,,,1007.25,25/03/2026 07:51:59
09895,246219.5,2462.45,,,,2462.45,24/03/2026 10:26:10
39540,265691.3,13284.65,,,,13284.65,26/03/2026 07:25:45
16488,201441.5,1007.25,,,,1007.25,26/03/2026 07:18:37
09262,199565.55,9978.15,,,,9978.15,29/03/2026 09:46:14
44064,246219.5,2462.45,,,,2462.45,22/03/2026 07:21:39
10149,201441.5,1007.25,,,,1007.25,03/04/2026 12:06:12
57819,259155.65,12957.4,,,,12957.4,25/03/2026 10:19:41
50981,265691.3,13284.65,,,,13284.65,24/03/2026 08:15:53
08217,201441.5,1007.25,,,,1007.25,23/03/2026 08:44:01
85719,195398.0,9769.9,,,,9769.9,26/03/2026 10:36:20
73627,265691.3,13284.65,,,,13284.65,26/03/2026 10:09:50
09768,213173.19999999998,1065.8999999999999,,,,1065.8999999999999,23/03/2026 07:22:30
01385,195398.0,9769.9,,,,9769.9,26/03/2026 08:30:39
16119,489397.7,24469.8,,,,24469.8,23/03/2026 10:56:21
52628,192091.5,96.05,,,,96.05,26/03/2026 07:44:19
82430,239419.5,2394.45,,,,2394.45,26/03/2026 09:03:32
50643,265691.3,13284.65,,,,13284.65,26/03/2026 10:58:58
96733,397322.3,19866.2,,,,19866.2,22/03/2026 10:07:40
20980,265691.3,13284.65,,,,13284.65,22/03/2026 07:05:32
95211,243698.4,2436.95,,,,2436.95,24/03/2026 10:41:24
64139,199377.69999999998,9968.8,,,,9968.8,25/03/2026 10:43:37
10590,265691.3,13284.65,,,,13284.65,22/03/2026 09:45:11
02847,197733.8,9886.35,,,,9886.35,24/03/2026 10:53:05
65288,265691.3,13284.65,,,,13284.65,23/03/2026 07:38:56
80801,206930.8,10346.199999999999,,,,10346.199999999999,22/03/2026 08:39:04
94962,201441.5,1007.25,,,,1007.25,22/03/2026 09:33:02
80986,265691.3,13284.65,,,,13284.65,23/03/2026 09:36:45
80448,241765.5,2417.4,,,,2417.4,22/03/2026 07:04:37
41502,190391.5,95.2,,,,95.2,23/03/2026 09:37:51
64476,211124.69999999998,10556.15,,,,10556.15,22/03/2026 07:48:30
64057,195398.0,9769.9,,,,9769.9,26/03/2026 08:08:53
00909,201441.5,1007.25,,,,1007.25,28/03/2026 08:49:17
84862,265691.3,13284.65,,,,13284.65,22/03/2026 09:56:54
11199,489600.0,244.79999999999998,,,,244.79999999999998,22/03/2026 10:49:30
94756,216280.8,10813.699999999999,,,,10813.699999999999,26/03/2026 07:44:38
64865,246219.5,2462.45,,,,2462.45,22/03/2026 09:23:01
42448,260149.3,13007.55,,,,13007.55,22/03/2026 07:13:16
33227,201441.5,1007.25,,,,1007.25,27/03/2026 10:36:53
69936,265691.3,13284.65,,,,13284.65,26/03/2026 07:40:40
73212,238833.0,238.85,,,,238.85,22/03/2026 07:09:41
67321,257720.85,,644.3,,,644.3,26/03/2026 08:37:55
20884,260337.15,13016.9,,,,13016.9,22/03/2026 08:32:54
52969,265691.3,13284.65,,,,13284.65,29/03/2026 08:38:03
94918,232500.5,11625.449999999999,,,,11625.449999999999,31/03/2026 09:41:46
74406,303875.0,15193.75,,,,15193.75,23/03/2026 09:29:45
96248,658865.6,32943.45,,,,32943.45,22/03/2026 07:35:20
16705,443581.0,22179.05,,,,22179.05,23/03/2026 08:06:21
42200,184452.55,922.25,,,,922.25,26/03/2026 07:54:39
89859,249541.3,12477.15,,,,12477.15,23/03/2026 10:18:36
86321,227850.15,11392.55,,,,11392.55,22/03/2026 08:32:02
85507,246219.5,2462.45,,,,2462.45,24/03/2026 10:12:23
57184,257720.85,1288.6,,,,1288.6,23/03/2026 07:29:13
11918,423300.0,211.65,,,,211.65,22/03/2026 09:09:58
65060,419560.0,4195.599999999999,,,,4195.599999999999,22/03/2026 07:15:59
71846,195398.0,9769.9,,,,9769.9,22/03/2026 09:21:59
96583,201441.5,1007.25,,,,1007.25,27/03/2026 10:10:26
95184,265691.3,13284.65,,,,13284.65,26/03/2026 07:54:30
22387,201441.5,1007.25,,,,1007.25,23/03/2026 10:47:47
21050,230860.0,1154.3,,,,1154.3,23/03/2026 09:35:43
01084,390439.0,19521.95,,,,19521.95,23/03/2026 07:32:31
94783,238833.0,238.85,,,,238.85,22/03/2026 10:11:56
73007,256476.44999999998,12823.949999999999,,,,12823.949999999999,27/03/2026 10:14:15
58512,265691.3,13284.65,,,,13284.65,22/03/2026 07:27:27
07537,196795.4,9839.6,,,,9839.6,23/03/2026 08:34:45
09013,265691.3,13284.65,,,,13284.65,22/03/2026 09:00:28
60066,457300.0,457.3,,,,457.3,23/03/2026 09:21:11
61858,201441.5,1007.25,,,,1007.25,26/03/2026 09:33:44
50781,195398.85,9769.9,,,,9769.9,22/03/2026 08:56:32
50781,195398.0,9769.9,,,,9769.9,22/03/2026 08:56:32
88468,201441.5,1007.25,,,,1007.25,26/03/2026 07:41:52
49314,412088.5,20604.85,,,,20604.85,22/03/2026 09:30:49
07902,242700.5,12135.449999999999,,,,12135.449999999999,28/03/2026 09:25:37
17180,195398.0,9769.9,,,,9769.9,23/03/2026 07:21:41
42739,250814.6,12540.9,,,,12540.9,22/03/2026 11:13:56
65723,242052.8,2420.7999999999997,,,,2420.7999999999997,23/03/2026 10:27:50
08410,246219.5,2462.45,,,,2462.45,23/03/2026 09:58:01
23464,258783.35,12939.55,,,,12939.55,24/03/2026 07:51:42
83015,259522.85,12976.1,,,,12976.1,26/03/2026 10:48:01
71724,265691.3,13284.65,,,,13284.65,22/03/2026 07:24:21
08870,263965.8,13197.949999999999,,,,13197.949999999999,23/03/2026 09:33:17
84969,195398.0,9769.9,,,,9769.9,29/03/2026 08:46:49
38332,423300.0,423.3,,,,423.3,26/03/2026 07:26:54
78193,201441.5,1007.25,,,,1007.25,23/03/2026 08:39:24
71848,535839.15,2679.2,,,,2679.2,22/03/2026 07:09:20
65017,246219.5,2462.45,,,,2462.45,26/03/2026 08:35:33
82667,201441.5,1007.25,,,,1007.25,26/03/2026 10:07:59
33790,239130.5,11956.949999999999,,,,11956.949999999999,26/03/2026 09:20:08
71265,195882.5,9794.55,,,,9794.55,22/03/2026 08:09:32
78449,200336.5,10017.25,,,,10017.25,22/03/2026 08:51:54
51859,416372.5,20819.05,,,,20819.05,22/03/2026 10:31:42
30899,265546.8,1327.7,,,,1327.7,25/03/2026 10:09:01
39760,456450.0,456.45,,,,456.45,23/03/2026 07:32:59
29718,175143.35,1751.85,,,,1751.85,23/03/2026 09:45:56
17260,230800.5,11540.449999999999,,,,11540.449999999999,23/03/2026 07:11:38
80718,218277.44999999998,1091.3999999999999,,,,1091.3999999999999,26/03/2026 09:22:46
13886,255807.5,12790.8,,,,12790.8,23/03/2026 09:59:57
09662,232432.5,11622.05,,,,11622.05,22/03/2026 09:17:30
50789,417582.89999999997,20879.399999999998,,,,20879.399999999998,22/03/2026 08:11:58
01356,292944.0,2929.1,,,,2929.1,22/03/2026 07:16:08
10080,246219.5,2462.45,,,,2462.45,22/03/2026 07:04:15
99644,265691.3,13284.65,,,,13284.65,27/03/2026 07:32:12
65018,197166.0,9858.3,,,,9858.3,26/03/2026 09:00:15
84253,265691.3,13284.65,,,,13284.65,26/03/2026 08:42:24
97847,195398.0,9769.9,,,,9769.9,22/03/2026 11:02:54
14189,201441.5,1007.25,,,,1007.25,23/03/2026 08:38:19
03807,265691.3,13284.65,,,,13284.65,23/03/2026 10:09:08
22823,201441.5,1007.25,,,,1007.25,26/03/2026 11:01:17
56079,265691.3,13284.65,,,,13284.65,27/03/2026 10:13:10
96641,238833.0,238.85,,,,238.85,23/03/2026 08:51:48
46129,414956.39999999997,4149.7,,,,4149.7,23/03/2026 08:24:34
67603,257720.85,1288.6,,,,1288.6,22/03/2026 10:20:50
68601,201441.5,1007.25,,,,1007.25,24/03/2026 08:38:09
82953,265640.3,13282.1,,,,13282.1,25/03/2026 08:57:55
89786,457300.0,457.3,,,,457.3,28/03/2026 09:15:35
11366,414193.1,,10354.699999999999,,,10354.699999999999,22/03/2026 09:09:29
27244,265691.3,13284.65,,,,13284.65,22/03/2026 08:28:28
65807,262291.3,13114.65,,,,13114.65,26/03/2026 10:20:11
61392,418846.0,20942.3,,,,20942.3,22/03/2026 07:49:35
66627,216306.3,10815.4,,,,10815.4,27/03/2026 10:56:11
46902,257720.85,1288.6,,,,1288.6,23/03/2026 09:36:31
01904,265691.3,13284.65,,,,13284.65,22/03/2026 07:02:13
31208,265691.3,13284.65,,,,13284.65,24/03/2026 07:19:30
66873,265691.3,13284.65,,,,13284.65,23/03/2026 08:52:24
52523,477966.05,4779.55,,,,4779.55,25/03/2026 10:32:28
55915,65926.0,3296.2999999999997,,,,3296.2999999999997,25/03/2026 10:30:12
55915,213908.44999999998,10695.55,,,,10695.55,25/03/2026 10:30:12
05257,201441.5,1007.25,,,,1007.25,24/03/2026 08:45:21
68924,190391.5,95.2,,,,95.2,23/03/2026 07:29:14
42961,246484.69999999998,12324.15,,,,12324.15,28/03/2026 08:05:14
99811,201441.5,1007.25,,,,1007.25,02/04/2026 12:04:24
91660,446250.0,446.25,,,,446.25,23/03/2026 07:57:12
20908,201441.5,1007.25,,,,1007.25,27/03/2026 07:12:28
10299,201441.5,1007.25,,,,1007.25,22/03/2026 10:49:03
30719,201441.5,1007.25,,,,1007.25,22/03/2026 10:14:26
91444,201441.5,1007.25,,,,1007.25,23/03/2026 07:42:36
34636,201441.5,1007.25,,,,1007.25,27/03/2026 07:07:52
24735,190391.5,95.2,,,,95.2,23/03/2026 10:14:52
06832,201441.5,1007.25,,,,1007.25,22/03/2026 07:13:23
90263,201441.5,1007.25,,,,1007.25,28/03/2026 10:48:43
85209,201441.5,1007.25,,,,1007.25,22/03/2026 08:39:56
76174,265691.3,13284.65,,,,13284.65,23/03/2026 09:56:33
71718,268260.0,1341.3,,,,1341.3,22/03/2026 09:32:28
57451,422450.0,422.45,,,,422.45,27/03/2026 10:27:54
96713,201441.5,1007.25,,,,1007.25,22/03/2026 08:46:30
60795,201441.5,1007.25,,,,1007.25,26/03/2026 10:01:14
81221,201441.5,1007.25,,,,1007.25,23/03/2026 08:49:16
04439,265691.3,13284.65,,,,13284.65,22/03/2026 10:09:15
09489,195398.0,9769.9,,,,9769.9,22/03/2026 08:56:01
85893,238833.0,238.85,,,,238.85,25/03/2026 08:38:50
57686,265691.3,13284.65,,,,13284.65,22/03/2026 10:11:04
98254,263893.55,13194.55,,,,13194.55,28/03/2026 09:12:48
03566,423300.0,423.3,,,,423.3,22/03/2026 10:54:38
69815,246219.5,2462.45,,,,2462.45,22/03/2026 10:42:59
70726,201441.5,1007.25,,,,1007.25,23/03/2026 09:38:09
98440,192091.5,96.05,,,,96.05,25/03/2026 07:57:12
58978,209817.4,10490.699999999999,,,,10490.699999999999,23/03/2026 09:47:11
74823,208630.8,10431.199999999999,,,,10431.199999999999,22/03/2026 10:40:45
44935,242700.5,12135.449999999999,,,,12135.449999999999,23/03/2026 10:39:24
48188,201441.5,1007.25,,,,1007.25,26/03/2026 07:38:05
27963,201441.5,1007.25,,,,1007.25,22/03/2026 11:12:17
65159,201441.5,1007.25,,,,1007.25,23/03/2026 10:44:29
76860,423300.0,211.65,,,,211.65,26/03/2026 07:03:18
72790,265691.3,13284.65,,,,13284.65,22/03/2026 10:04:21
36483,265691.3,13284.65,,,,13284.65,22/03/2026 10:03:19
22238,445893.0,4459.099999999999,,,,4459.099999999999,22/03/2026 09:14:15
28717,218501.0,10925.05,,,,10925.05,23/03/2026 08:42:00
75384,195398.0,9769.9,,,,9769.9,23/03/2026 07:33:49
51464,247396.75,12370.05,,,,12370.05,22/03/2026 07:47:20
06396,530400.0,530.4,,,,530.4,22/03/2026 07:21:37
61995,201441.5,1007.25,,,,1007.25,22/03/2026 10:44:07
79719,254641.3,12732.15,,,,12732.15,23/03/2026 10:32:25
26268,423300.0,423.3,,,,423.3,25/03/2026 07:47:10
68045,287844.0,2878.1,,,,2878.1,23/03/2026 08:55:09
68871,257720.85,1288.6,,,,1288.6,23/03/2026 10:46:55
97816,193791.5,96.89999999999999,,,,96.89999999999999,22/03/2026 07:02:30
43621,196933.1,9846.4,,,,9846.4,27/03/2026 08:35:32
29297,274091.85,13704.55,,,,13704.55,22/03/2026 08:24:25
29297,274092.7,13704.55,,,,13704.55,22/03/2026 08:24:25
06557,246219.5,2462.45,,,,2462.45,22/03/2026 09:24:10
30742,311610.0,1558.05,,,,1558.05,25/03/2026 09:23:13
63994,201441.5,1007.25,,,,1007.25,23/03/2026 09:27:55
75838,201441.5,1007.25,,,,1007.25,23/03/2026 09:22:13
43413,254641.3,12732.15,,,,12732.15,28/03/2026 08:53:17
34002,197226.35,9861.699999999999,,,,9861.699999999999,22/03/2026 10:00:39
35561,201441.5,1007.25,,,,1007.25,23/03/2026 08:40:24
88883,252714.35,12636.1,,,,12636.1,22/03/2026 11:16:48
66420,265691.3,13284.65,,,,13284.65,27/03/2026 07:35:53
38001,457300.0,457.3,,,,457.3,22/03/2026 08:23:42
01173,201441.5,1007.25,,,,1007.25,22/03/2026 08:07:20
02956,229024.85,11451.199999999999,,,,11451.199999999999,26/03/2026 07:51:23
23668,278494.0,2784.6,,,,2784.6,26/03/2026 07:41:04
30167,451664.5,4516.9,,,,4516.9,22/03/2026 10:18:23
65624,417980.7,4179.45,,,,4179.45,23/03/2026 07:31:26
13028,233908.1,2339.2,,,,2339.2,22/03/2026 07:34:49
32479,389980.0,1949.8999999999999,,,,1949.8999999999999,22/03/2026 10:40:49
64788,265691.3,13284.65,,,,13284.65,25/03/2026 07:34:29
91602,287844.0,2878.1,,,,2878.1,22/03/2026 09:07:23
33589,246219.5,2462.45,,,,2462.45,25/03/2026 08:33:45
07244,265691.3,13284.65,,,,13284.65,27/03/2026 07:41:37
97576,400724.0,20036.2,,,,20036.2,23/03/2026 07:45:00
37145,450500.0,45.05,,,,45.05,25/03/2026 08:55:30
64303,246219.5,2462.45,,,,2462.45,23/03/2026 10:20:55
48570,201441.5,1007.25,,,,1007.25,27/03/2026 09:30:30
36461,265691.3,13284.65,,,,13284.65,22/03/2026 08:26:02
60566,201441.5,1007.25,,,,1007.25,22/03/2026 10:50:19
48245,246219.5,2462.45,,,,2462.45,23/03/2026 08:56:49
33916,201441.5,1007.25,,,,1007.25,22/03/2026 07:13:26
50683,246219.5,2462.45,,,,2462.45,28/03/2026 10:09:36
54734,257720.85,1288.6,,,,1288.6,28/03/2026 09:15:37
68265,265691.3,13284.65,,,,13284.65,22/03/2026 08:33:09
65521,177268.35,8863.8,,,,8863.8,22/03/2026 08:45:56
45856,265691.3,13284.65,,,,13284.65,24/03/2026 07:26:51
60964,201441.5,1007.25,,,,1007.25,22/03/2026 07:30:47
60332,216306.3,10815.4,,,,10815.4,23/03/2026 07:19:32
25916,195398.0,9769.9,,,,9769.9,22/03/2026 07:48:56
71625,246219.5,2462.45,,,,2462.45,22/03/2026 09:35:21
58236,242700.5,12135.449999999999,,,,12135.449999999999,26/03/2026 07:17:29
74741,189355.35,9468.15,,,,9468.15,22/03/2026 08:18:24
47727,265691.3,13284.65,,,,13284.65,27/03/2026 10:27:53
60271,231121.8,11555.75,,,,11555.75,26/03/2026 10:56:32
97180,254641.3,12732.15,,,,12732.15,23/03/2026 07:47:20
65308,257829.65,12891.1,,,,12891.1,22/03/2026 07:11:12
55580,257720.85,1288.6,,,,1288.6,23/03/2026 07:52:28
61684,296650.0,296.65,,,,296.65,27/03/2026 07:13:37
91496,201441.5,1007.25,,,,1007.25,22/03/2026 07:26:26
88812,265691.3,13284.65,,,,13284.65,22/03/2026 07:43:03
00154,201441.5,1007.25,,,,1007.25,26/03/2026 09:10:25
73861,271150.0,271.15,,,,271.15,22/03/2026 08:44:30
23047,189271.19999999998,9463.9,,,,9463.9,23/03/2026 10:12:25
59584,265691.3,13284.65,,,,13284.65,26/03/2026 07:11:12
07908,201441.5,1007.25,,,,1007.25,22/03/2026 07:22:58
04248,265691.3,13284.65,,,,13284.65,22/03/2026 07:39:59
46822,423300.0,423.3,,,,423.3,22/03/2026 09:20:42
27401,201441.5,1007.25,,,,1007.25,23/03/2026 08:42:54
86444,257720.85,1288.6,,,,1288.6,22/03/2026 07:33:51
58168,201441.5,1007.25,,,,1007.25,23/03/2026 07:05:42
40008,263325.75,1316.6499999999999,,,,1316.6499999999999,23/03/2026 07:54:20
41056,258891.3,12944.65,,,,12944.65,25/03/2026 07:10:48
53005,201441.5,1007.25,,,,1007.25,28/03/2026 08:07:09
65116,455600.0,227.79999999999998,,,,227.79999999999998,24/03/2026 07:33:21
87016,456450.0,456.45,,,,456.45,22/03/2026 07:11:31
36291,457300.0,457.3,,,,457.3,25/03/2026 10:49:26
32907,208363.05,10418.449999999999,,,,10418.449999999999,24/03/2026 10:01:27
42770,422450.0,422.45,,,,422.45,26/03/2026 09:10:50
45445,201441.5,1007.25,,,,1007.25,23/03/2026 08:18:39
38009,191964.0,9598.199999999999,,,,9598.199999999999,26/03/2026 08:32:38
64953,457300.0,228.65,,,,228.65,22/03/2026 09:05:06
86960,231121.8,11555.75,,,,11555.75,22/03/2026 07:50:17
22766,201441.5,1007.25,,,,1007.25,22/03/2026 09:51:08
98884,201441.5,1007.25,,,,1007.25,22/03/2026 07:59:28
31292,257720.85,1288.6,,,,1288.6,23/03/2026 07:20:40
91565,265691.3,13284.65,,,,13284.65,28/03/2026 08:57:01
96192,246219.5,2462.45,,,,2462.45,23/03/2026 07:30:38
98121,233410.0,1167.05,,,,1167.05,23/03/2026 08:28:11
67840,452948.0,4529.65,,,,4529.65,22/03/2026 07:00:49
13812,216127.8,10806.05,,,,10806.05,24/03/2026 07:35:04
32844,246219.5,2462.45,,,,2462.45,27/03/2026 07:02:54
21010,201407.5,10070.8,,,,10070.8,23/03/2026 09:46:01
29891,265691.3,13284.65,,,,13284.65,23/03/2026 10:27:22
33885,201441.5,1007.25,,,,1007.25,23/03/2026 08:19:09
77175,328015.0,16400.75,,,,16400.75,24/03/2026 10:22:53
33968,246219.5,2462.45,,,,2462.45,22/03/2026 07:06:38
21880,275884.5,13794.65,,,,13794.65,23/03/2026 07:20:39
67969,423300.0,423.3,,,,423.3,22/03/2026 08:46:51
65919,216306.3,10815.4,,,,10815.4,22/03/2026 10:03:42
14454,265691.3,13284.65,,,,13284.65,22/03/2026 09:14:55
41362,256341.3,12817.15,,,,12817.15,22/03/2026 09:29:36
07985,265691.3,13284.65,,,,13284.65,22/03/2026 09:35:04
34760,237155.1,1185.75,,,,1185.75,22/03/2026 07:23:24
63644,201441.5,1007.25,,,,1007.25,23/03/2026 07:23:14
77474,201441.5,1007.25,,,,1007.25,22/03/2026 09:25:56
04033,201441.5,1007.25,,,,1007.25,26/03/2026 08:10:36
68164,265691.3,13284.65,,,,13284.65,25/03/2026 07:56:13
82084,216306.3,10815.4,,,,10815.4,22/03/2026 07:02:08
28202,232500.5,11625.449999999999,,,,11625.449999999999,23/03/2026 09:36:16
39968,422450.0,422.45,,,,422.45,29/03/2026 07:54:12
79696,201441.5,1007.25,,,,1007.25,28/03/2026 07:21:16
29347,447907.5,447.95,,,,447.95,22/03/2026 10:08:56
49850,216306.3,10815.4,,,,10815.4,23/03/2026 09:26:48
03913,214650.5,10732.949999999999,,,,10732.949999999999,23/03/2026 08:51:59
55133,246219.5,2462.45,,,,2462.45,22/03/2026 09:23:27
64209,265691.3,13284.65,,,,13284.65,27/03/2026 08:34:45
30779,201441.5,1007.25,,,,1007.25,23/03/2026 10:07:21
98209,246219.5,2462.45,,,,2462.45,24/03/2026 08:41:54
52846,265665.8,13282.949999999999,,,,13282.949999999999,23/03/2026 09:26:09
54709,452693.0,4527.099999999999,,,,4527.099999999999,23/03/2026 08:03:38
01830,258321.8,12915.75,,,,12915.75,23/03/2026 09:20:38
78599,201441.5,1007.25,,,,1007.25,22/03/2026 10:20:09
91988,200332.25,10016.4,,,,10016.4,23/03/2026 07:15:13
74852,254615.8,12730.449999999999,,,,12730.449999999999,23/03/2026 07:15:50
51173,263991.3,13199.65,,,,13199.65,22/03/2026 09:04:26
04735,265691.3,13284.65,,,,13284.65,22/03/2026 10:34:32
37337,201441.5,1007.25,,,,1007.25,22/03/2026 08:38:36
45246,532100.0,266.05,,,,266.05,22/03/2026 09:12:00
47625,457300.0,457.3,,,,457.3,27/03/2026 08:33:42
67775,201441.5,1007.25,,,,1007.25,23/03/2026 10:40:13
50949,201441.5,1007.25,,,,1007.25,22/03/2026 08:36:02
79842,197523.0,9876.15,,,,9876.15,22/03/2026 11:06:16
59665,216306.3,10815.4,,,,10815.4,26/03/2026 08:39:43
58044,241048.1,2410.6,,,,2410.6,22/03/2026 07:15:59
97484,246219.5,2462.45,,,,2462.45,23/03/2026 07:37:25
12939,410601.0,4106.349999999999,,,,4106.349999999999,22/03/2026 11:13:18
19289,265691.3,13284.65,,,,13284.65,23/03/2026 08:36:47
14814,457300.0,228.65,,,,228.65,22/03/2026 09:43:59
29806,201441.5,1007.25,,,,1007.25,23/03/2026 09:52:23
06392,265691.3,13284.65,,,,13284.65,22/03/2026 07:01:39
36826,457300.0,457.3,,,,457.3,23/03/2026 09:16:09
08709,201441.5,1007.25,,,,1007.25,22/03/2026 08:59:21
89761,257720.85,1288.6,,,,1288.6,22/03/2026 08:37:39
20135,442527.0,4425.099999999999,,,,4425.099999999999,22/03/2026 10:40:25
57660,201441.5,1007.25,,,,1007.25,24/03/2026 07:07:55
15571,238833.0,238.85,,,,238.85,23/03/2026 10:25:06
92748,265691.3,13284.65,,,,13284.65,27/03/2026 07:46:44
60819,201441.5,1007.25,,,,1007.25,23/03/2026 10:05:13
86921,444791.39999999997,4448.05,,,,4448.05,23/03/2026 08:42:29
21951,457300.0,457.3,,,,457.3,26/03/2026 10:36:00
46286,235169.5,2351.95,,,,2351.95,22/03/2026 09:32:10
25841,256341.3,12817.15,,,,12817.15,26/03/2026 08:54:05
33919,422450.0,422.45,,,,422.45,26/03/2026 10:56:11
49590,195398.0,9769.9,,,,9769.9,22/03/2026 09:57:53
13401,265691.3,13284.65,,,,13284.65,22/03/2026 08:49:41
46448,262749.45,13137.6,,,,13137.6,22/03/2026 07:17:00
39298,423300.0,423.3,,,,423.3,22/03/2026 09:29:01
38151,246219.5,2462.45,,,,2462.45,23/03/2026 10:00:55
45880,286450.0,286.45,,,,286.45,23/03/2026 07:36:27
12585,256315.8,12815.449999999999,,,,12815.449999999999,23/03/2026 08:57:48
25649,265691.3,13284.65,,,,13284.65,28/03/2026 08:56:58
62243,216306.3,10815.4,,,,10815.4,24/03/2026 10:57:00
22847,320110.0,1600.55,,,,1600.55,22/03/2026 11:16:51
21183,216306.3,10815.4,,,,10815.4,23/03/2026 10:00:50
71748,257720.85,1288.6,,,,1288.6,22/03/2026 07:33:01
49965,257720.85,1288.6,,,,1288.6,23/03/2026 08:07:10
25890,246219.5,2462.45,,,,2462.45,23/03/2026 09:33:21
54170,261907.1,13095.1,,,,13095.1,23/03/2026 09:17:51
79416,315230.14999999997,15761.55,,,,15761.55,22/03/2026 08:00:40
90903,265691.3,13284.65,,,,13284.65,23/03/2026 10:10:49
74013,201441.5,1007.25,,,,1007.25,22/03/2026 08:46:47
49337,201441.5,1007.25,,,,1007.25,23/03/2026 08:40:14
46464,265691.3,13284.65,,,,13284.65,22/03/2026 08:30:22
80469,216306.3,10815.4,,,,10815.4,23/03/2026 08:48:55
31353,457300.0,457.3,,,,457.3,26/03/2026 08:48:26
36230,194160.4,9707.85,,,,9707.85,23/03/2026 09:19:05
02198,192091.5,96.05,,,,96.05,26/03/2026 09:30:52
00058,238397.8,11919.55,,,,11919.55,23/03/2026 09:50:10
23756,194160.4,9707.85,,,,9707.85,22/03/2026 07:49:13
41714,194160.4,9707.85,,,,9707.85,23/03/2026 09:19:52
82513,234260.0,1171.3,,,,1171.3,25/03/2026 08:46:06
87663,287773.45,14388.8,,,,14388.8,25/03/2026 10:04:39
46323,201441.5,1007.25,,,,1007.25,23/03/2026 10:08:59
05504,453675.6,4536.45,,,,4536.45,27/03/2026 07:32:07
67747,235900.5,11795.449999999999,,,,11795.449999999999,24/03/2026 10:36:25
97466,265691.3,13284.65,,,,13284.65,23/03/2026 09:44:36
66769,201441.5,1007.25,,,,1007.25,22/03/2026 08:46:50
45377,206045.94999999998,1030.2,,,,1030.2,21/03/2026 09:18:23
45377,271764.55,13588.1,,,,13588.1,21/03/2026 09:18:23
21955,231121.8,11555.75,,,,11555.75,22/03/2026 10:09:36
12766,457300.0,457.3,,,,457.3,27/03/2026 09:14:47
19323,257720.85,1288.6,,,,1288.6,26/03/2026 10:09:16
44603,195398.0,9769.9,,,,9769.9,23/03/2026 10:46:58
85972,201441.5,1007.25,,,,1007.25,27/03/2026 07:14:47
40121,225112.3,11255.699999999999,,,,11255.699999999999,23/03/2026 08:29:42
47483,201441.5,1007.25,,,,1007.25,22/03/2026 10:27:09
36579,259326.5,12966.75,,,,12966.75,22/03/2026 10:08:43
56515,208071.5,1040.3999999999999,,,,1040.3999999999999,23/03/2026 10:06:32
32579,272093.5,13605.1,,,,13605.1,27/03/2026 10:19:53
77244,417571.0,4176.05,,,,4176.05,22/03/2026 07:58:01
99883,235169.5,2351.95,,,,2351.95,26/03/2026 10:57:34
50981,457300.0,457.3,,,,457.3,23/03/2026 08:49:38
94264,245939.0,2459.0499999999997,,,,2459.0499999999997,22/03/2026 07:47:05
09190,246219.5,2462.45,,,,2462.45,22/03/2026 09:37:43
71960,201441.5,1007.25,,,,1007.25,26/03/2026 07:31:33
09351,287844.0,2878.1,,,,2878.1,27/03/2026 10:02:43
65800,246219.5,2462.45,,,,2462.45,22/03/2026 07:29:56
43964,499800.0,249.9,,,,249.9,23/03/2026 07:18:53
60850,265691.3,13284.65,,,,13284.65,23/03/2026 09:25:39
40699,457300.0,457.3,,,,457.3,22/03/2026 10:13:56
85310,246219.5,2462.45,,,,2462.45,22/03/2026 09:33:01
22291,451675.55,4516.9,,,,4516.9,22/03/2026 10:43:09
78098,423300.0,211.65,,,,211.65,25/03/2026 09:33:03
32921,457223.5,4572.15,,,,4572.15,25/03/2026 08:45:50
51356,537838.35,,13446.15,,,13446.15,25/03/2026 07:38:55
11483,238833.0,238.85,,,,238.85,23/03/2026 10:53:18
41131,443283.5,22164.6,,,,22164.6,21/03/2026 11:24:05
40060,457300.0,228.65,,,,228.65,22/03/2026 07:45:37
15259,457300.0,228.65,,,,228.65,22/03/2026 10:37:08
77818,253274.5,253.29999999999998,,,,253.29999999999998,22/03/2026 10:24:01
00290,426636.25,21331.6,,,,21331.6,23/03/2026 09:54:21
57134,664440.75,33222.25,,,,33222.25,22/03/2026 10:15:17
97788,308938.45,15447.05,,,,15447.05,26/03/2026 07:56:29
75457,305150.0,305.15,,,,305.15,22/03/2026 08:55:12
74828,506188.6,5061.75,,,,5061.75,21/03/2026 07:16:28
52198,297500.0,29.75,,,,29.75,26/03/2026 09:37:15
23418,245676.35,245.65,,,,245.65,21/03/2026 10:28:36
59021,457300.0,228.65,,,,228.65,22/03/2026 08:48:45
91347,446250.0,,11156.25,,,11156.25,20/03/2026 11:17:30
33783,457300.0,,1143.25,,,1143.25,21/03/2026 11:04:39
58580,278494.0,2784.6,,,,2784.6,21/03/2026 07:51:07
06378,423300.0,,1058.25,,,1058.25,21/03/2026 10:59:11
81143,377043.85,,942.65,,,942.65,21/03/2026 12:00:34
15089,445859.85,4458.25,,,,4458.25,21/03/2026 10:10:03
52021,245676.35,245.65,,,,245.65,23/03/2026 08:56:06
98209,242224.5,242.25,,,,242.25,22/03/2026 08:34:57
75601,253274.5,253.29999999999998,,,,253.29999999999998,26/03/2026 08:54:59
71399,456450.0,456.45,,,,456.45,22/03/2026 10:22:34
41962,431800.0,215.9,,,,215.9,21/03/2026 09:26:50
55989,253274.5,253.29999999999998,,,,253.29999999999998,22/03/2026 08:53:04
68335,245676.35,245.65,,,,245.65,24/03/2026 10:39:38
49298,457274.5,22864.149999999998,,,,22864.149999999998,21/03/2026 09:47:43
28143,305150.0,305.15,,,,305.15,23/03/2026 10:48:49
02316,423300.0,211.65,,,,211.65,21/03/2026 08:00:28
71303,253274.5,253.29999999999998,,,,253.29999999999998,22/03/2026 10:52:15
07732,450589.25,22529.25,,,,22529.25,22/03/2026 07:40:05
87568,437664.14999999997,21883.25,,,,21883.25,20/03/2026 07:56:47
87568,437663.3,21883.25,,,,21883.25,20/03/2026 07:56:47
87568,369064.05,1845.35,,,,1845.35,20/03/2026 07:56:47
85579,253274.5,253.29999999999998,,,,253.29999999999998,23/03/2026 10:31:39
69013,253274.5,253.29999999999998,,,,253.29999999999998,22/03/2026 08:06:28
40994,477213.8,23860.35,,,,23860.35,22/03/2026 09:32:41
70457,253274.5,253.29999999999998,,,,253.29999999999998,23/03/2026 08:30:01
30011,371756.0,3717.9,,,,3717.9,21/03/2026 10:36:44
23966,253274.5,253.29999999999998,,,,253.29999999999998,21/03/2026 11:22:07
36456,496400.0,248.2,,,,248.2,21/03/2026 08:17:14
54303,253274.5,253.29999999999998,,,,253.29999999999998,21/03/2026 11:44:24
49576,499800.0,249.9,,,,249.9,20/03/2026 08:32:29
97969,423300.0,211.65,,,,211.65,21/03/2026 09:20:11
47044,415548.85,,10388.699999999999,,,10388.699999999999,20/03/2026 07:49:12
01172,250848.6,2508.35,,,,2508.35,25/03/2026 07:40:52
62969,253274.5,253.29999999999998,,,,253.29999999999998,25/03/2026 08:01:45
18722,286101.5,2861.1,,,,2861.1,28/03/2026 09:52:22
14630,423300.0,211.65,,,,211.65,22/03/2026 09:07:18
19644,253274.5,253.29999999999998,,,,253.29999999999998,22/03/2026 07:59:54
08837,251393.44999999998,2514.2999999999997,,,,2514.2999999999997,22/03/2026 08:13:46
33866,212637.69999999998,2126.7,,,,2126.7,22/03/2026 09:47:05
24284,415336.35,20767.2,,,,20767.2,21/03/2026 08:09:55
96070,239292.0,2392.75,,,,2392.75,22/03/2026 09:48:47
33132,239366.8,2393.6,,,,2393.6,22/03/2026 07:32:33
69699,422450.0,422.45,,,,422.45,22/03/2026 10:34:20
68163,193197.35,1932.05,,,,1932.05,21/03/2026 11:42:18
27634,253274.5,253.29999999999998,,,,253.29999999999998,23/03/2026 09:23:47
64097,460955.0,23047.75,,,,23047.75,22/03/2026 09:43:00
16443,243873.5,2438.65,,,,2438.65,27/03/2026 10:47:57
06319,118150.0,118.14999999999999,,,,118.14999999999999,22/03/2026 10:48:54
17488,255000.0,25.5,,,,25.5,27/03/2026 07:42:25
99981,253274.5,253.29999999999998,,,,253.29999999999998,22/03/2026 09:10:35
27255,253274.5,253.29999999999998,,,,253.29999999999998,23/03/2026 10:31:08
25319,444686.0,22234.3,,,,22234.3,21/03/2026 10:23:07
45626,253274.5,253.29999999999998,,,,253.29999999999998,23/03/2026 09:23:37
26176,253274.5,253.29999999999998,,,,253.29999999999998,22/03/2026 07:42:36
39522,253274.5,253.29999999999998,,,,253.29999999999998,27/03/2026 09:50:19
20322,457300.0,457.3,,,,457.3,21/03/2026 11:19:59
51183,256267.35,2562.75,,,,2562.75,22/03/2026 10:56:43
51183,256266.5,2562.75,,,,2562.75,22/03/2026 10:56:43
93238,253274.5,253.29999999999998,,,,253.29999999999998,23/03/2026 09:21:03
02817,271150.0,271.15,,,,271.15,23/03/2026 08:22:44
66821,422450.0,422.45,,,,422.45,23/03/2026 08:10:15
17777,253274.5,253.29999999999998,,,,253.29999999999998,23/03/2026 08:09:53
50803,245676.35,245.65,,,,245.65,22/03/2026 11:12:16
12340,253274.5,253.29999999999998,,,,253.29999999999998,22/03/2026 08:20:26
87972,253274.5,253.29999999999998,,,,253.29999999999998,21/03/2026 07:08:02
93599,492959.2,24648.3,,,,24648.3,22/03/2026 10:44:32
70899,133789.15,1337.8999999999999,,,,1337.8999999999999,25/03/2026 10:51:09
33902,296650.0,296.65,,,,296.65,21/03/2026 09:56:15
82723,200604.25,100.3,,,,100.3,21/03/2026 11:43:12
87542,423300.0,423.3,,,,423.3,21/03/2026 10:52:59
68889,423300.0,423.3,,,,423.3,22/03/2026 08:42:55
44559,412357.95,20617.6,,,,20617.6,26/03/2026 10:24:47
77673,230170.65,2301.7999999999997,,,,2301.7999999999997,22/03/2026 08:47:44
31954,353515.0,17675.75,,,,17675.75,23/03/2026 09:40:05
79158,242306.94999999998,2423.35,,,,2423.35,23/03/2026 09:23:12
98453,279322.75,13966.35,,,,13966.35,25/03/2026 08:59:33
02457,423300.0,423.3,,,,423.3,21/03/2026 08:50:29
98519,326196.0,16309.8,,,,16309.8,22/03/2026 10:29:49
64574,321526.1,16076.05,,,,16076.05,25/03/2026 09:34:52
80669,406521.0,20326.05,,,,20326.05,26/03/2026 08:46:54
55577,457300.0,228.65,,,,228.65,22/03/2026 08:27:33
06922,460929.5,23046.899999999998,,,,23046.899999999998,22/03/2026 09:51:14
65898,457300.0,228.65,,,,228.65,21/03/2026 09:33:51
33985,423300.0,423.3,,,,423.3,26/03/2026 08:59:30
97844,423300.0,211.65,,,,211.65,22/03/2026 08:42:49
91462,457300.0,228.65,,,,228.65,24/03/2026 09:35:35
22364,226298.9,2262.7,,,,2262.7,29/03/2026 07:48:18
90318,284376.0,14218.8,,,,14218.8,21/03/2026 11:46:04
38165,243253.0,2432.7,,,,2432.7,22/03/2026 08:08:21
08817,240134.35,2401.25,,,,2401.25,22/03/2026 08:51:49
41173,326196.0,16309.8,,,,16309.8,21/03/2026 09:02:03
87585,302600.0,302.59999999999997,,,,302.59999999999997,28/03/2026 08:56:59
42658,461944.39999999997,,11548.949999999999,,,11548.949999999999,22/03/2026 10:58:59
51244,99705.0,997.05,,,,997.05,22/03/2026 07:05:57
79898,423300.0,211.65,,,,211.65,21/03/2026 10:42:35
82346,258085.5,2580.6,,,,2580.6,26/03/2026 09:56:25
92280,374986.0,18749.3,,,,18749.3,21/03/2026 07:01:52
43924,457300.0,457.3,,,,457.3,26/03/2026 07:34:05
92193,414800.0,207.4,,,,207.4,21/03/2026 10:01:42
92978,447924.5,447.95,,,,447.95,26/03/2026 09:05:25
74841,284306.3,14215.4,,,,14215.4,23/03/2026 08:15:44
69817,274905.3,13745.35,,,,13745.35,26/03/2026 08:11:52
97673,491300.0,245.65,,,,245.65,23/03/2026 08:27:38
69551,133789.15,1337.8999999999999,,,,1337.8999999999999,25/03/2026 10:52:12
97952,133789.15,1337.8999999999999,,,,1337.8999999999999,25/03/2026 07:37:13
92392,422297.0,4222.8,,,,4222.8,23/03/2026 07:17:03
62012,423300.0,211.65,,,,211.65,22/03/2026 07:27:10
62514,11049.15,552.5,,,,552.5,21/03/2026 09:53:14
44038,423300.0,211.65,,,,211.65,21/03/2026 10:29:25
04577,243253.0,2432.7,,,,2432.7,21/03/2026 09:37:27
65452,235955.75,2359.6,,,,2359.6,25/03/2026 07:31:24
54257,457300.0,228.65,,,,228.65,21/03/2026 08:39:34
46468,423300.0,211.65,,,,211.65,22/03/2026 07:52:56
37557,422450.0,422.45,,,,422.45,28/03/2026 08:17:57
97885,457300.0,228.65,,,,228.65,23/03/2026 08:37:56
08195,423300.0,423.3,,,,423.3,26/03/2026 10:27:04
74173,411400.0,411.4,,,,411.4,22/03/2026 08:13:49
98892,278495.7,2784.6,,,,2784.6,21/03/2026 07:05:43
05479,416831.5,4168.4,,,,4168.4,22/03/2026 10:58:46
83119,516336.75,25817.05,,,,25817.05,21/03/2026 11:45:35
09535,457300.0,457.3,,,,457.3,22/03/2026 11:11:33
79917,374986.0,18749.3,,,,18749.3,19/03/2026 08:53:16
61692,412199.0,4121.65,,,,4121.65,21/03/2026 07:11:30
50598,17000.0,15.299999999999999,,,,15.299999999999999,20/03/2026 09:59:26
50587,440300.0,220.15,,,,220.15,20/03/2026 11:31:10
80768,457300.0,228.65,,,,228.65,22/03/2026 07:36:36
42621,129775.45,1297.95,,,,1297.95,21/03/2026 08:14:23
76542,443938.0,4439.55,,,,4439.55,23/03/2026 09:51:03
22703,417109.45,20855.6,,,,20855.6,26/03/2026 10:12:31
06239,401312.2,20065.95,,,,20065.95,22/03/2026 10:10:40
42000,130526.0,1305.6,,,,1305.6,21/03/2026 07:28:17
30817,243253.0,2432.7,,,,2432.7,21/03/2026 08:31:59
86062,421039.0,4210.05,,,,4210.05,22/03/2026 10:32:13
98935,405960.0,4059.6,,,,4059.6,22/03/2026 10:45:38
70141,303320.8,15165.699999999999,,,,15165.699999999999,21/03/2026 09:56:47
81119,518027.39999999997,25901.2,,,,25901.2,19/03/2026 10:27:26
37447,202902.65,2028.95,,,,2028.95,22/03/2026 11:08:22
03884,243253.0,2432.7,,,,2432.7,25/03/2026 07:54:44
70415,457300.0,228.65,,,,228.65,21/03/2026 10:58:17
12392,397800.0,198.9,,,,198.9,21/03/2026 08:06:08
59174,363736.25,18186.6,,,,18186.6,22/03/2026 11:10:00
55803,433840.0,4338.4,,,,4338.4,21/03/2026 11:24:54
69695,406640.0,4066.4,,,,4066.4,22/03/2026 11:12:31
28929,442756.5,4427.65,,,,4427.65,25/03/2026 08:40:20
20635,863797.2,43190.2,,,,43190.2,21/03/2026 10:18:31
03955,423300.0,211.65,,,,211.65,21/03/2026 11:27:43
84875,456450.0,456.45,,,,456.45,20/03/2026 10:15:52
75975,271260.5,2712.35,,,,2712.35,21/03/2026 10:41:48
79707,422450.0,422.45,,,,422.45,27/03/2026 10:45:56
67907,243253.0,2432.7,,,,2432.7,21/03/2026 10:19:47
07345,243253.0,2432.7,,,,2432.7,23/03/2026 08:28:24
49880,235955.75,2359.6,,,,2359.6,28/03/2026 07:31:51
82050,405960.0,4059.6,,,,4059.6,22/03/2026 09:43:31
89183,433840.0,4338.4,,,,4338.4,26/03/2026 10:34:52
92506,422674.39999999997,4227.05,,,,4227.05,22/03/2026 10:42:25
66728,431907.95,4318.849999999999,,,,4318.849999999999,23/03/2026 07:41:19
66728,405465.3,405.45,,,,405.45,23/03/2026 07:41:19
50954,430357.55,4303.55,,,,4303.55,22/03/2026 09:09:00
09272,397290.0,3972.9,,,,3972.9,21/03/2026 07:22:00
49312,433160.0,4331.599999999999,,,,4331.599999999999,21/03/2026 07:22:40
16411,424490.0,4244.9,,,,4244.9,25/03/2026 10:26:18
43135,243253.0,2432.7,,,,2432.7,22/03/2026 10:46:58
91555,402849.0,4028.15,,,,4028.15,22/03/2026 11:18:27
19984,451726.55,,11293.1,,,11293.1,21/03/2026 07:07:43
27103,454447.39999999997,22722.2,,,,22722.2,21/03/2026 10:19:31
67185,457300.0,457.3,,,,457.3,20/03/2026 08:58:15
83445,284306.3,14215.4,,,,14215.4,21/03/2026 08:03:00
34463,405166.1,,10129.449999999999,,,10129.449999999999,22/03/2026 10:46:06
89214,284306.3,14215.4,,,,14215.4,20/03/2026 10:42:10
08730,457300.0,228.65,,,,228.65,22/03/2026 11:15:57
23854,243253.0,2432.7,,,,2432.7,21/03/2026 11:46:06
49607,405960.0,4059.6,,,,4059.6,28/03/2026 10:28:10
88012,508300.0,254.15,,,,254.15,21/03/2026 08:02:53
76656,406640.0,4066.4,,,,4066.4,22/03/2026 07:58:38
66024,499800.0,249.9,,,,249.9,28/03/2026 07:04:06
79390,167415.15,16741.6,,,,16741.6,20/03/2026 10:50:14
44855,499800.0,249.9,,,,249.9,21/03/2026 11:29:44
67268,493552.5,24678.05,,,,24678.05,21/03/2026 07:53:49
66455,445997.55,22299.75,,,,22299.75,22/03/2026 10:51:05
61913,414800.0,207.4,,,,207.4,21/03/2026 09:24:53
67434,284376.0,2844.1,,,,2844.1,27/03/2026 09:47:04
80074,365874.0,18293.7,,,,18293.7,21/03/2026 09:37:43
17753,423300.0,,1058.25,,,1058.25,26/03/2026 08:42:23
40584,133789.15,1337.8999999999999,,,,1337.8999999999999,21/03/2026 07:10:32
06733,326196.0,16309.8,,,,16309.8,21/03/2026 09:55:13
89730,243253.0,2432.7,,,,2432.7,21/03/2026 09:51:09
59954,446199.0,4461.65,,,,4461.65,21/03/2026 10:02:52
55341,423300.0,211.65,,,,211.65,21/03/2026 08:53:32
41665,457300.0,228.65,,,,228.65,21/03/2026 08:58:43
45301,243253.0,2432.7,,,,2432.7,26/03/2026 08:23:51
99728,457300.0,457.3,,,,457.3,21/03/2026 07:13:18
72691,374986.0,18749.3,,,,18749.3,21/03/2026 11:11:30
45788,236535.44999999998,2365.5499999999997,,,,2365.5499999999997,21/03/2026 07:27:21
86038,414029.89999999997,,10350.449999999999,,,10350.449999999999,21/03/2026 10:16:30
32406,457300.0,228.65,,,,228.65,21/03/2026 10:34:18
28366,431800.0,215.9,,,,215.9,22/03/2026 09:31:32
14357,207975.44999999998,2079.95,,,,2079.95,20/03/2026 08:36:20
80761,273037.0,2730.2,,,,2730.2,22/03/2026 08:38:42
35591,284306.3,14215.4,,,,14215.4,30/03/2026 10:30:48
84669,447827.6,4478.65,,,,4478.65,22/03/2026 08:41:33
24300,374986.0,18749.3,,,,18749.3,21/03/2026 07:08:46
15976,457300.0,228.65,,,,228.65,21/03/2026 07:09:40
94097,409156.0,4091.9,,,,4091.9,24/03/2026 08:58:42
20035,457300.0,457.3,,,,457.3,21/03/2026 11:03:21
98710,449821.7,4498.2,,,,4498.2,29/03/2026 09:40:29
39739,390133.85,19506.649999999998,,,,19506.649999999998,21/03/2026 11:46:55
17662,243253.0,2432.7,,,,2432.7,20/03/2026 10:50:05
39797,243253.0,2432.7,,,,2432.7,22/03/2026 08:32:05
20221,519141.75,25957.3,,,,25957.3,22/03/2026 09:52:56
94019,457300.0,457.3,,,,457.3,22/03/2026 10:46:55
66880,423300.0,423.3,,,,423.3,21/03/2026 07:37:55
28676,423274.5,423.3,,,,423.3,22/03/2026 07:23:08
95065,433857.0,21692.85,,,,21692.85,22/03/2026 08:37:18
96261,457300.0,457.3,,,,457.3,20/03/2026 08:59:59
13062,457300.0,457.3,,,,457.3,20/03/2026 10:55:33
39559,452019.8,4520.3,,,,4520.3,22/03/2026 10:51:38
14857,243253.0,2432.7,,,,2432.7,20/03/2026 08:17:10
08302,243253.0,2432.7,,,,2432.7,20/03/2026 09:36:57
67913,181520.05,1815.6,,,,1815.6,22/03/2026 09:11:46
75736,422450.0,422.45,,,,422.45,20/03/2026 07:30:52
31040,243253.0,2432.7,,,,2432.7,20/03/2026 08:39:19
26897,243253.0,2432.7,,,,2432.7,20/03/2026 08:59:33
29404,235955.75,2359.6,,,,2359.6,20/03/2026 07:28:48
62949,237292.8,2373.2,,,,2373.2,20/03/2026 09:39:04
94396,259493.1,12974.4,,,,12974.4,20/03/2026 07:08:19
59151,243253.0,2432.7,,,,2432.7,20/03/2026 10:09:47
87950,236453.0,2364.7,,,,2364.7,20/03/2026 10:35:20
83639,397290.0,3972.9,,,,3972.9,19/03/2026 11:03:30
24847,243253.0,2432.7,,,,2432.7,21/03/2026 11:29:04
39470,243253.0,2432.7,,,,2432.7,20/03/2026 10:46:42
00281,232203.0,2322.2,,,,2322.2,20/03/2026 08:56:40
18295,232203.0,2322.2,,,,2322.2,23/03/2026 10:39:33
51439,243253.0,2432.7,,,,2432.7,20/03/2026 11:10:17
75251,243253.0,2432.7,,,,2432.7,20/03/2026 10:17:22
75766,235955.75,2359.6,,,,2359.6,21/03/2026 09:45:40
48711,433763.5,4337.55,,,,4337.55,20/03/2026 11:12:01
55157,235955.75,2359.6,,,,2359.6,22/03/2026 08:28:26
05477,433797.5,4338.4,,,,4338.4,20/03/2026 08:08:41
46942,237983.0,23.8,,,,23.8,20/03/2026 09:20:22
26507,243253.0,2432.7,,,,2432.7,27/03/2026 10:22:18
87595,243253.0,2432.7,,,,2432.7,23/03/2026 10:47:43
71494,412102.95,4120.8,,,,4120.8,30/03/2026 09:08:31
76497,456382.0,4563.65,,,,4563.65,22/03/2026 08:34:17
68338,423300.0,423.3,,,,423.3,20/03/2026 10:02:16
74417,235955.75,2359.6,,,,2359.6,22/03/2026 08:11:38
91862,423300.0,,1058.25,,,1058.25,21/03/2026 09:35:56
50731,243227.5,2432.7,,,,2432.7,21/03/2026 10:15:17
40785,457274.5,457.3,,,,457.3,26/03/2026 08:22:55
62573,243253.0,2432.7,,,,2432.7,21/03/2026 08:55:50
38722,235955.75,2359.6,,,,2359.6,20/03/2026 09:19:33
17414,450137.89999999997,4501.599999999999,,,,4501.599999999999,19/03/2026 11:03:32
52219,243253.0,2432.7,,,,2432.7,22/03/2026 11:10:48
75221,235955.75,2359.6,,,,2359.6,20/03/2026 08:39:59
89034,235955.75,2359.6,,,,2359.6,20/03/2026 09:42:45
35338,456730.5,4567.05,,,,4567.05,20/03/2026 11:15:38
68152,235955.75,2359.6,,,,2359.6,20/03/2026 07:39:42
67673,133789.15,1337.8999999999999,,,,1337.8999999999999,22/03/2026 08:35:04
09015,440300.0,220.15,,,,220.15,20/03/2026 11:32:26
60956,235332.69999999998,2353.65,,,,2353.65,28/03/2026 07:53:29
52508,243253.0,2432.7,,,,2432.7,20/03/2026 08:12:50
41952,233903.0,2339.2,,,,2339.2,21/03/2026 07:36:32
51875,240053.6,2400.4,,,,2400.4,21/03/2026 11:04:29
74260,243253.0,2432.7,,,,2432.7,20/03/2026 07:56:41
75250,243227.5,2432.7,,,,2432.7,21/03/2026 10:10:41
91232,243253.0,2432.7,,,,2432.7,23/03/2026 07:44:29
98793,243253.0,2432.7,,,,2432.7,20/03/2026 08:29:36
86911,243253.0,2432.7,,,,2432.7,20/03/2026 11:17:57
18777,243253.0,2432.7,,,,2432.7,24/03/2026 08:05:31
16033,243200.3,2431.85,,,,2431.85,19/03/2026 08:54:04
01938,336600.0,336.59999999999997,,,,336.59999999999997,20/03/2026 09:39:07
46488,433840.0,4338.4,,,,4338.4,22/03/2026 07:32:31
87672,243253.0,2432.7,,,,2432.7,20/03/2026 07:52:29
35939,433840.0,4338.4,,,,4338.4,20/03/2026 10:15:32
63780,243253.0,2432.7,,,,2432.7,20/03/2026 07:21:41
78982,279650.0,279.65,,,,279.65,20/03/2026 10:49:56
29663,478507.5,23925.8,,,,23925.8,23/03/2026 10:44:35
63121,432055.0,21602.75,,,,21602.75,22/03/2026 08:46:19
07746,464100.0,232.04999999999998,,,,232.04999999999998,21/03/2026 09:46:19
79661,287750.5,2877.25,,,,2877.25,19/03/2026 08:36:49
80411,407765.39999999997,20388.1,,,,20388.1,21/03/2026 10:55:02
80411,278139.55,13906.85,,,,13906.85,21/03/2026 10:55:02
23387,397083.45,19854.3,,,,19854.3,21/03/2026 11:39:45
23387,397084.3,19854.3,,,,19854.3,21/03/2026 11:39:45
23387,270854.2,13543.05,,,,13543.05,21/03/2026 11:39:45
41874,485350.0,2426.75,,,,2426.75,23/03/2026 09:25:15
78544,460955.0,23047.75,,,,23047.75,21/03/2026 08:06:40
45214,417571.0,,10439.699999999999,,,10439.699999999999,21/03/2026 09:26:55
51317,284306.3,14215.4,,,,14215.4,23/03/2026 08:53:27
71677,457300.0,228.65,,,,228.65,22/03/2026 08:39:17
51166,462553.0,23127.649999999998,,,,23127.649999999998,22/03/2026 11:09:32
85954,374986.0,18749.3,,,,18749.3,21/03/2026 09:26:30
14725,457300.0,457.3,,,,457.3,23/03/2026 08:32:55
66074,423300.0,423.3,,,,423.3,20/03/2026 10:58:41
01605,457300.0,228.65,,,,228.65,21/03/2026 09:27:00
41646,457300.0,228.65,,,,228.65,26/03/2026 09:12:22
84407,316744.0,15837.199999999999,,,,15837.199999999999,22/03/2026 10:42:39
23607,457300.0,228.65,,,,228.65,26/03/2026 10:56:56
18530,457300.0,228.65,,,,228.65,21/03/2026 11:09:04
45996,457300.0,228.65,,,,228.65,21/03/2026 08:02:34
21969,449049.05,4490.55,,,,4490.55,20/03/2026 09:04:17
37485,442552.5,4425.95,,,,4425.95,22/03/2026 08:12:05
66927,419854.95,4198.15,,,,4198.15,20/03/2026 10:33:52
16435,415640.64999999997,20781.649999999998,,,,20781.649999999998,22/03/2026 10:25:19
08467,450933.5,4509.25,,,,4509.25,19/03/2026 10:21:39
26172,457300.0,457.3,,,,457.3,18/03/2026 07:23:33
98177,518154.05,2590.7999999999997,,,,2590.7999999999997,20/03/2026 09:20:10
99675,282948.0,14147.4,,,,14147.4,21/03/2026 12:15:23
11667,500693.35,25035.05,,,,25035.05,22/03/2026 10:15:37
10671,431800.0,215.9,,,,215.9,31/03/2026 10:54:34
67957,456125.3,,11402.75,,,11402.75,23/03/2026 08:38:26
60504,447394.95,,11185.15,,,11185.15,23/03/2026 07:57:29
68187,415026.95,20751.05,,,,20751.05,20/03/2026 10:26:54
05754,423300.0,211.65,,,,211.65,21/03/2026 09:56:24
09861,439804.45,4397.9,,,,4397.9,19/03/2026 08:57:19
00069,423300.0,211.65,,,,211.65,21/03/2026 10:28:22
53269,374986.0,18749.3,,,,18749.3,22/03/2026 08:07:57
88546,431800.0,215.9,,,,215.9,22/03/2026 10:26:17
83904,457300.0,228.65,,,,228.65,22/03/2026 08:00:32
29259,452889.35,22644.85,,,,22644.85,26/03/2026 10:57:51
31625,451292.2,4512.65,,,,4512.65,19/03/2026 08:58:43
56304,433160.0,4331.599999999999,,,,4331.599999999999,22/03/2026 07:38:30
36859,364408.6,18220.6,,,,18220.6,21/03/2026 11:44:59
63190,437702.39999999997,21884.95,,,,21884.95,26/03/2026 09:55:55
61825,433840.0,4338.4,,,,4338.4,22/03/2026 08:39:47
92984,433160.0,4331.599999999999,,,,4331.599999999999,19/03/2026 08:45:13
80125,433840.0,4338.4,,,,4338.4,20/03/2026 10:14:18
98431,491274.5,,12281.65,,,12281.65,20/03/2026 11:29:50
75702,431800.0,215.9,,,,215.9,20/03/2026 10:49:30
87270,431800.0,215.9,,,,215.9,18/03/2026 09:20:52
99721,423300.0,423.3,,,,423.3,21/03/2026 08:16:08
69212,186577.55,1865.75,,,,1865.75,19/03/2026 07:58:29
07632,423300.0,211.65,,,,211.65,17/03/2026 08:44:07
15523,418846.0,20942.3,,,,20942.3,21/03/2026 10:36:35
69226,457300.0,457.3,,,,457.3,21/03/2026 09:39:17
19672,431332.5,4313.75,,,,4313.75,19/03/2026 07:01:04
71637,457274.5,457.3,,,,457.3,19/03/2026 08:25:19
33552,451586.3,22579.399999999998,,,,22579.399999999998,19/03/2026 07:55:19
52379,271792.6,13589.8,,,,13589.8,18/03/2026 11:24:46
52379,358481.55,17923.95,,,,17923.95,18/03/2026 11:24:46
99146,405960.0,4059.6,,,,4059.6,20/03/2026 10:22:58
92807,277414.5,2774.4,,,,2774.4,19/03/2026 11:02:38
81350,406640.0,4066.4,,,,4066.4,19/03/2026 09:39:37
01187,405960.0,4059.6,,,,4059.6,20/03/2026 11:13:18
30113,457300.0,457.3,,,,457.3,19/03/2026 08:29:32
59844,423300.0,211.65,,,,211.65,19/03/2026 07:52:21
83886,431225.39999999997,4312.05,,,,4312.05,19/03/2026 09:42:31
91509,457300.0,228.65,,,,228.65,19/03/2026 09:40:21
57282,421286.35,4212.599999999999,,,,4212.599999999999,20/03/2026 09:37:12
17855,465800.0,232.9,,,,232.9,17/03/2026 11:47:58
21974,457232.0,,11430.8,,,11430.8,20/03/2026 09:50:49
19109,229528.9,22.95,,,,22.95,19/03/2026 08:57:13
20507,358654.1,17932.45,,,,17932.45,18/03/2026 11:18:44
62652,433160.0,4331.599999999999,,,,4331.599999999999,20/03/2026 07:34:01
22998,423300.0,211.65,,,,211.65,19/03/2026 09:26:22
19017,423300.0,211.65,,,,211.65,19/03/2026 10:04:49
93836,457300.0,228.65,,,,228.65,18/03/2026 07:54:21
10823,423300.0,423.3,,,,423.3,19/03/2026 10:35:04
03763,457300.0,457.3,,,,457.3,29/03/2026 10:14:23
79440,259493.1,12974.4,,,,12974.4,19/03/2026 07:22:49
89521,443581.0,4436.15,,,,4436.15,21/03/2026 08:06:12
10848,129775.45,1297.95,,,,1297.95,20/03/2026 07:49:32
11299,457300.0,228.65,,,,228.65,19/03/2026 11:52:10
39126,17000.0,15.299999999999999,,,,15.299999999999999,18/03/2026 10:57:25
39545,457300.0,228.65,,,,228.65,20/03/2026 08:52:13
76487,417503.0,4175.2,,,,4175.2,19/03/2026 11:54:45
38096,484806.0,24240.3,,,,24240.3,18/03/2026 07:52:45
60481,457300.0,228.65,,,,228.65,18/03/2026 09:14:47
62308,302600.0,302.59999999999997,,,,302.59999999999997,19/03/2026 08:41:36
53013,431800.0,215.9,,,,215.9,18/03/2026 09:52:29
37233,419820.95,4198.15,,,,4198.15,19/03/2026 08:40:04
11754,418414.2,20921.05,,,,20921.05,19/03/2026 09:24:46
29202,449727.35,22486.75,,,,22486.75,18/03/2026 09:17:15
32255,457300.0,457.3,,,,457.3,23/03/2026 10:05:10
03736,422450.0,422.45,,,,422.45,19/03/2026 07:56:51
23675,374986.0,18749.3,,,,18749.3,19/03/2026 10:57:06
59445,457300.0,457.3,,,,457.3,18/03/2026 08:54:33
02766,542300.0,271.15,,,,271.15,19/03/2026 11:23:21
41025,457300.0,228.65,,,,228.65,19/03/2026 08:38:43
52999,593215.0,29660.75,,,,29660.75,21/03/2026 12:15:56
56130,457300.0,228.65,,,,228.65,19/03/2026 10:55:21
75742,450897.8,22544.55,,,,22544.55,19/03/2026 09:15:30
61598,259289.1,12964.199999999999,,,,12964.199999999999,21/03/2026 10:01:17
94514,406640.0,4066.4,,,,4066.4,19/03/2026 09:24:25
60003,457300.0,228.65,,,,228.65,21/03/2026 11:42:21
22240,433840.0,4338.4,,,,4338.4,20/03/2026 08:08:33
96006,405960.0,4059.6,,,,4059.6,19/03/2026 10:04:15
60123,420937.0,21046.85,,,,21046.85,18/03/2026 10:20:06
22530,431800.0,215.9,,,,215.9,22/03/2026 09:23:38
57973,443581.0,4436.15,,,,4436.15,22/03/2026 08:57:32
75330,421600.0,210.79999999999998,,,,210.79999999999998,17/03/2026 09:14:58
98812,399956.45,19997.95,,,,19997.95,19/03/2026 07:14:05
25989,460955.0,23047.75,,,,23047.75,18/03/2026 08:02:06
52184,423300.0,211.65,,,,211.65,19/03/2026 08:06:22
03808,423300.0,211.65,,,,211.65,21/03/2026 08:27:25
82411,374986.0,,9374.65,,,9374.65,18/03/2026 11:42:19
10952,443581.0,22179.05,,,,22179.05,17/03/2026 08:15:06
18624,491300.0,245.65,,,,245.65,20/03/2026 07:30:13
28654,431800.0,215.9,,,,215.9,20/03/2026 10:28:24
60467,423300.0,211.65,,,,211.65,19/03/2026 12:07:09
60697,460652.39999999997,23032.45,,,,23032.45,19/03/2026 08:50:01
40264,457300.0,228.65,,,,228.65,16/03/2026 07:49:50
10984,133789.15,1337.8999999999999,,,,1337.8999999999999,28/03/2026 07:19:19
89942,457300.0,,1143.25,,,1143.25,21/03/2026 09:42:48
56296,542300.0,271.15,,,,271.15,18/03/2026 07:42:08
53635,418793.3,20939.75,,,,20939.75,22/03/2026 10:41:56
82467,457300.0,228.65,,,,228.65,19/03/2026 10:26:00
07747,457300.0,228.65,,,,228.65,18/03/2026 10:50:12
57461,457300.0,,1143.25,,,1143.25,20/03/2026 09:34:36
84485,298212.3,14910.699999999999,,,,14910.699999999999,17/03/2026 09:55:31
79487,443581.0,22179.05,,,,22179.05,17/03/2026 10:56:23
40479,326196.0,16309.8,,,,16309.8,20/03/2026 10:09:13
20517,593215.0,29660.75,,,,29660.75,19/03/2026 08:51:49
58332,344558.55,17227.8,,,,17227.8,17/03/2026 07:11:52
04169,450297.7,22514.8,,,,22514.8,17/03/2026 08:35:05
90501,16898.0,1520.6499999999999,,,,1520.6499999999999,18/03/2026 08:19:55
28472,417299.0,20864.95,,,,20864.95,18/03/2026 07:22:46
52145,244228.8,12211.1,,,,12211.1,17/03/2026 08:54:54
37111,457300.0,228.65,,,,228.65,21/03/2026 11:29:53
08800,423300.0,211.65,,,,211.65,18/03/2026 07:21:06
79254,410601.0,20530.05,,,,20530.05,18/03/2026 09:36:18
75704,409817.3,20490.95,,,,20490.95,21/03/2026 07:37:44
71957,423300.0,211.65,,,,211.65,18/03/2026 09:00:51
88154,423274.5,21164.149999999998,,,,21164.149999999998,17/03/2026 11:20:20
78973,426972.0,21348.6,,,,21348.6,16/03/2026 08:50:31
78973,455532.0,22776.6,,,,22776.6,16/03/2026 08:50:31
78973,384132.0,19206.6,,,,19206.6,16/03/2026 08:50:31
15300,284306.3,14215.4,,,,14215.4,18/03/2026 07:09:32
94626,385866.0,19293.3,,,,19293.3,17/03/2026 09:36:42
91796,454860.5,22743.45,,,,22743.45,18/03/2026 07:00:16
44366,457300.0,228.65,,,,228.65,23/03/2026 09:01:13
20560,457300.0,,1143.25,,,1143.25,20/03/2026 07:31:48
12968,457300.0,228.65,,,,228.65,16/03/2026 07:11:36
32684,457300.0,,1143.25,,,1143.25,23/03/2026 07:06:01
48025,412853.5,20643.1,,,,20643.1,19/03/2026 08:09:29
11997,457300.0,228.65,,,,228.65,20/03/2026 09:09:50
85917,489600.0,244.79999999999998,,,,244.79999999999998,18/03/2026 08:22:38
93919,492444.95,,12311.4,,,12311.4,17/03/2026 11:28:01
54243,453530.25,22676.3,,,,22676.3,19/03/2026 11:43:22
56645,431800.0,215.9,,,,215.9,18/03/2026 10:24:15
27210,410581.45,,10264.6,,,10264.6,18/03/2026 10:51:27
12724,457300.0,,1143.25,,,1143.25,18/03/2026 07:07:33
48887,282606.3,14130.4,,,,14130.4,19/03/2026 11:13:54
72923,395250.0,1976.25,,,,1976.25,17/03/2026 12:12:32
47079,423300.0,211.65,,,,211.65,19/03/2026 11:08:22
61648,305286.0,15264.3,,,,15264.3,22/03/2026 07:19:19
46180,412250.0,,10306.25,,,10306.25,17/03/2026 08:12:38
57501,457300.0,228.65,,,,228.65,18/03/2026 08:32:49
32424,499774.5,,12494.15,,,12494.15,18/03/2026 07:37:41
80181,457300.0,228.65,,,,228.65,19/03/2026 10:36:50
62906,443581.0,,11089.949999999999,,,11089.949999999999,20/03/2026 11:11:19
55435,465800.0,232.9,,,,232.9,18/03/2026 11:20:20
08721,423300.0,211.65,,,,211.65,22/03/2026 09:47:02
81754,284306.3,14215.4,,,,14215.4,17/03/2026 10:36:26
61161,422172.89999999997,21108.899999999998,,,,21108.899999999998,18/03/2026 08:55:37
26316,457300.0,228.65,,,,228.65,17/03/2026 08:26:36
64240,296803.0,14840.15,,,,14840.15,16/03/2026 08:00:49
83023,304215.0,15210.75,,,,15210.75,17/03/2026 10:42:12
53932,456088.75,22804.649999999998,,,,22804.649999999998,17/03/2026 07:34:30
96120,431800.0,215.9,,,,215.9,18/03/2026 07:30:36
83071,423300.0,211.65,,,,211.65,18/03/2026 10:32:04
99651,301139.7,15056.9,,,,15056.9,17/03/2026 11:49:06
87490,133610.65,1336.2,,,,1336.2,19/03/2026 09:21:20
83696,111225.05,7229.25,,,,7229.25,17/03/2026 08:10:37
83696,222450.1,1445.85,,,,1445.85,17/03/2026 08:10:37
37015,423300.0,211.65,,,,211.65,18/03/2026 10:24:24
46187,374986.0,18749.3,,,,18749.3,20/03/2026 11:06:23
46142,423300.0,211.65,,,,211.65,18/03/2026 11:17:08
06839,451712.1,22585.35,,,,22585.35,17/03/2026 11:15:48
09170,499800.0,249.9,,,,249.9,17/03/2026 11:30:24
76914,457300.0,228.65,,,,228.65,17/03/2026 10:42:02
82087,452789.05,22639.75,,,,22639.75,17/03/2026 11:45:16
54116,457300.0,,1143.25,,,1143.25,21/03/2026 07:33:52
26148,593164.0,29658.2,,,,29658.2,18/03/2026 07:49:47
41154,490424.5,24521.649999999998,,,,24521.649999999998,20/03/2026 11:18:34
09317,423300.0,211.65,,,,211.65,19/03/2026 08:12:51
97978,525300.0,262.65,,,,262.65,17/03/2026 09:08:29
87869,431800.0,215.9,,,,215.9,17/03/2026 08:27:19
60838,457300.0,228.65,,,,228.65,18/03/2026 10:42:26
71601,423036.5,21152.25,,,,21152.25,17/03/2026 08:30:32
70672,457300.0,228.65,,,,228.65,18/03/2026 08:15:47
23827,465800.0,232.9,,,,232.9,17/03/2026 11:20:17
14712,405043.7,,10126.05,,,10126.05,17/03/2026 07:19:00
42277,423300.0,211.65,,,,211.65,17/03/2026 10:10:52
97056,525087.5,26254.8,,,,26254.8,17/03/2026 07:12:05
67597,423300.0,211.65,,,,211.65,18/03/2026 08:57:37
55104,464613.39999999997,2323.0499999999997,,,,2323.0499999999997,19/03/2026 07:08:23
64908,431800.0,215.9,,,,215.9,17/03/2026 07:08:36
75525,372810.0,1864.05,,,,1864.05,18/03/2026 09:33:23
56815,423300.0,211.65,,,,211.65,17/03/2026 10:38:22
12525,423274.5,21164.149999999998,,,,21164.149999999998,21/03/2026 08:48:16
23909,499800.0,249.9,,,,249.9,17/03/2026 08:17:11
01089,418084.39999999997,20904.05,,,,20904.05,18/03/2026 09:19:47
42508,297840.0,1489.2,,,,1489.2,26/03/2026 07:50:38
89309,494410.14999999997,,12359.85,,,12359.85,17/03/2026 10:22:44
09363,457300.0,228.65,,,,228.65,20/03/2026 10:45:49
00469,576215.0,,14405.8,,,14405.8,18/03/2026 10:25:20
21283,457300.0,228.65,,,,228.65,19/03/2026 10:13:55
04276,421538.8,21076.6,,,,21076.6,17/03/2026 08:13:35
00951,496942.3,,12423.6,,,12423.6,22/03/2026 10:36:04
12982,413950.0,2069.75,,,,2069.75,18/03/2026 09:30:32
74952,238272.0,11913.6,,,,11913.6,19/03/2026 07:17:39
09368,275777.39999999997,13788.699999999999,,,,13788.699999999999,17/03/2026 07:55:36
36468,431800.0,215.9,,,,215.9,19/03/2026 07:07:25
36430,457300.0,228.65,,,,228.65,19/03/2026 09:31:50
39874,329715.0,,8243.3,,,8243.3,22/03/2026 10:51:34
30340,133789.15,1337.8999999999999,,,,1337.8999999999999,17/03/2026 07:19:55
29458,410601.0,20530.05,,,,20530.05,17/03/2026 10:16:20
85422,457300.0,,1143.25,,,1143.25,15/03/2026 11:25:00
77429,525300.0,262.65,,,,262.65,19/03/2026 08:54:45
92626,423300.0,,1058.25,,,1058.25,15/03/2026 11:26:18
41643,423300.0,211.65,,,,211.65,04/04/2026 12:02:13
85921,423300.0,211.65,,,,211.65,15/03/2026 09:03:36
72807,284306.3,14215.4,,,,14215.4,16/03/2026 12:28:55
58037,457300.0,228.65,,,,228.65,28/03/2026 08:17:28
00798,273256.3,13662.9,,,,13662.9,18/03/2026 10:25:22
55643,284306.3,,7107.7,,,7107.7,17/03/2026 10:56:37
23914,309175.6,15458.949999999999,,,,15458.949999999999,17/03/2026 09:32:02
56609,427534.7,21376.649999999998,,,,21376.649999999998,25/03/2026 07:08:09
31839,457300.0,228.65,,,,228.65,20/03/2026 11:19:23
71998,457300.0,,1143.25,,,1143.25,19/03/2026 09:35:05
17856,447916.0,22395.8,,,,22395.8,15/03/2026 07:35:08
88883,491300.0,,1228.25,,,1228.25,15/03/2026 11:17:27
55747,359635.0,17981.75,,,,17981.75,17/03/2026 11:10:06
12017,302515.0,15125.75,,,,15125.75,15/03/2026 08:26:54
92127,397902.0,19895.1,,,,19895.1,17/03/2026 10:44:18
56534,422488.25,21124.2,,,,21124.2,20/03/2026 09:35:07
59421,423300.0,211.65,,,,211.65,16/03/2026 08:30:12
90442,423300.0,211.65,,,,211.65,16/03/2026 09:34:00
20194,481474.0,24073.7,,,,24073.7,19/03/2026 09:51:55
58260,446250.0,2231.25,,,,2231.25,19/03/2026 07:25:31
91280,423300.0,211.65,,,,211.65,16/03/2026 08:46:24
46435,456267.25,22813.149999999998,,,,22813.149999999998,22/03/2026 11:12:34
47695,457300.0,228.65,,,,228.65,15/03/2026 11:53:21
07215,372215.0,18610.75,,,,18610.75,17/03/2026 12:05:37
18317,447950.0,,11198.75,,,11198.75,15/03/2026 08:59:55
64410,423300.0,211.65,,,,211.65,17/03/2026 11:48:47
08422,442688.5,22134.85,,,,22134.85,16/03/2026 10:52:17
89344,457300.0,228.65,,,,228.65,18/03/2026 07:24:57
63504,401213.6,20060.85,,,,20060.85,15/03/2026 07:12:38
63504,428050.64999999997,21402.149999999998,,,,21402.149999999998,15/03/2026 07:12:38
28593,412250.0,2061.25,,,,2061.25,16/03/2026 09:00:13
07592,457300.0,228.65,,,,228.65,15/03/2026 08:08:19
32660,127085.2,6354.599999999999,,,,6354.599999999999,19/03/2026 07:48:12
63493,423300.0,211.65,,,,211.65,19/03/2026 08:40:34
96313,269050.5,13452.949999999999,,,,13452.949999999999,16/03/2026 10:40:18
23511,423300.0,211.65,,,,211.65,17/03/2026 10:09:42
60987,305286.0,15264.3,,,,15264.3,16/03/2026 11:56:21
49648,414965.75,2074.85,,,,2074.85,15/03/2026 08:02:44
02487,297840.0,1489.2,,,,1489.2,31/03/2026 11:03:58
59811,457300.0,228.65,,,,228.65,16/03/2026 10:20:10
72035,423249.0,21162.45,,,,21162.45,16/03/2026 11:41:15
94989,457300.0,228.65,,,,228.65,17/03/2026 08:20:10
69811,412224.5,20611.649999999998,,,,20611.649999999998,17/03/2026 10:12:44
48108,457300.0,228.65,,,,228.65,17/03/2026 08:42:04
00429,277372.0,13868.6,,,,13868.6,15/03/2026 09:16:05
36222,412403.85,20620.149999999998,,,,20620.149999999998,15/03/2026 11:33:07
49140,423300.0,211.65,,,,211.65,17/03/2026 08:03:58
40096,542300.0,271.15,,,,271.15,16/03/2026 07:01:52
61703,457300.0,228.65,,,,228.65,19/03/2026 10:26:31
39316,277372.0,13868.6,,,,13868.6,16/03/2026 08:03:12
15489,457300.0,228.65,,,,228.65,15/03/2026 08:37:20
15387,457300.0,228.65,,,,228.65,17/03/2026 11:39:28
80007,457300.0,457.3,,,,457.3,20/03/2026 11:39:12
61104,444686.0,22234.3,,,,22234.3,17/03/2026 08:45:04
89437,277372.0,2773.5499999999997,,,,2773.5499999999997,17/03/2026 10:23:32
33033,425113.89999999997,21255.95,,,,21255.95,15/03/2026 09:40:53
32393,292094.85,14604.699999999999,,,,14604.699999999999,17/03/2026 08:32:23
86503,499800.0,249.9,,,,249.9,16/03/2026 10:46:13
88794,423300.0,211.65,,,,211.65,22/03/2026 09:46:44
49271,304215.0,,7605.8,,,7605.8,16/03/2026 10:59:44
15010,277372.0,13868.6,,,,13868.6,21/03/2026 09:51:06
71141,457300.0,228.65,,,,228.65,18/03/2026 09:19:58
96185,423300.0,211.65,,,,211.65,17/03/2026 10:39:22
36969,417662.8,20882.8,,,,20882.8,15/03/2026 09:03:27
94796,457300.0,228.65,,,,228.65,17/03/2026 07:48:34
46428,457300.0,228.65,,,,228.65,16/03/2026 08:40:38
93543,482800.0,241.4,,,,241.4,18/03/2026 10:59:08
50579,457300.0,228.65,,,,228.65,18/03/2026 11:15:28
46953,411275.89999999997,20564.05,,,,20564.05,16/03/2026 09:18:36
77336,508257.5,25413.3,,,,25413.3,15/03/2026 07:14:42
02303,273264.8,13662.9,,,,13662.9,17/03/2026 10:16:17
44703,372300.0,186.15,,,,186.15,16/03/2026 10:04:30
68671,457300.0,228.65,,,,228.65,31/03/2026 10:26:09
45932,416806.0,20840.3,,,,20840.3,17/03/2026 07:13:03
73417,277372.0,13868.6,,,,13868.6,16/03/2026 10:09:20
90840,444686.0,22234.3,,,,22234.3,16/03/2026 07:52:27
87292,444686.0,22234.3,,,,22234.3,16/03/2026 07:10:12
69237,440300.0,,1100.75,,,1100.75,16/03/2026 08:35:44
01194,444437.8,22221.55,,,,22221.55,18/03/2026 11:19:11
77815,416806.0,20840.3,,,,20840.3,19/03/2026 11:19:04
57601,416806.0,20840.3,,,,20840.3,16/03/2026 10:29:45
69840,556136.2999999999,27806.899999999998,,,,27806.899999999998,16/03/2026 08:00:38
99698,436570.2,,1091.3999999999999,,,1091.3999999999999,14/03/2026 10:50:23
99698,368141.8,18406.75,,,,18406.75,14/03/2026 10:50:23
07973,372300.0,372.3,,,,372.3,18/03/2026 10:00:06
76935,407660.85,2038.3,,,,2038.3,16/03/2026 10:01:43
70426,444686.0,22234.3,,,,22234.3,16/03/2026 10:39:23
74793,444686.0,22234.3,,,,22234.3,14/03/2026 09:24:38
80049,444686.0,22234.3,,,,22234.3,18/03/2026 09:42:45
03208,416806.0,20840.3,,,,20840.3,16/03/2026 07:43:25
54143,444686.0,22234.3,,,,22234.3,16/03/2026 11:19:37
46477,169715.25,16971.95,,,,16971.95,17/03/2026 08:53:44
72207,277372.0,13868.6,,,,13868.6,19/03/2026 10:29:52
95008,297772.0,14888.6,,,,14888.6,16/03/2026 07:54:48
21187,531224.5,26561.649999999998,,,,26561.649999999998,18/03/2026 11:36:48
34607,297772.0,14888.6,,,,14888.6,16/03/2026 11:37:34
24991,345949.14999999997,1729.75,,,,1729.75,16/03/2026 10:21:05
58792,444686.0,22234.3,,,,22234.3,14/03/2026 07:26:12
94538,404301.64999999997,20214.7,,,,20214.7,17/03/2026 10:00:05
62356,444686.0,22234.3,,,,22234.3,16/03/2026 07:22:02
09496,444686.0,22234.3,,,,22234.3,17/03/2026 07:24:36
40530,188999.19999999998,1890.3999999999999,,,,1890.3999999999999,15/03/2026 11:25:58
46784,412006.05,20600.6,,,,20600.6,17/03/2026 07:58:12
81475,508300.0,254.15,,,,254.15,25/03/2026 10:08:17
27866,512978.39999999997,25648.75,,,,25648.75,16/03/2026 09:37:46
95716,416806.0,20840.3,,,,20840.3,17/03/2026 07:36:10
89416,366790.3,18339.6,,,,18339.6,16/03/2026 07:46:24
45970,416806.0,20840.3,,,,20840.3,16/03/2026 11:23:25
88104,433193.14999999997,21659.7,,,,21659.7,20/03/2026 07:55:55
94198,407430.5,20371.95,,,,20371.95,16/03/2026 10:59:38
51013,444686.0,22234.3,,,,22234.3,19/03/2026 08:54:28
60645,444686.0,22234.3,,,,22234.3,18/03/2026 09:57:19
81369,407456.0,20372.8,,,,20372.8,23/03/2026 08:43:11
73396,444686.0,22234.3,,,,22234.3,17/03/2026 07:11:35
49785,444686.0,22234.3,,,,22234.3,16/03/2026 09:13:54
17394,477224.0,23861.2,,,,23861.2,16/03/2026 10:50:31
81367,416780.5,20839.45,,,,20839.45,16/03/2026 12:15:14
59552,444686.0,,11117.15,,,11117.15,16/03/2026 08:06:50
80978,460955.0,23047.75,,,,23047.75,16/03/2026 09:33:41
10492,261154.0,13057.699999999999,,,,13057.699999999999,16/03/2026 08:10:42
40269,270640.0,2706.4,,,,2706.4,15/03/2026 10:47:44
91139,404301.64999999997,20214.7,,,,20214.7,18/03/2026 11:06:01
38496,379389.0,18969.45,,,,18969.45,16/03/2026 07:28:50
51493,499800.0,249.9,,,,249.9,16/03/2026 10:11:16
61831,275928.7,13796.35,,,,13796.35,16/03/2026 12:06:17
07231,431511.85,21575.55,,,,21575.55,18/03/2026 11:01:39
50521,416806.0,20840.3,,,,20840.3,16/03/2026 10:10:55
26949,416806.0,20840.3,,,,20840.3,14/03/2026 09:59:57
68893,441117.7,22055.8,,,,22055.8,16/03/2026 09:20:32
11248,221368.9,11068.699999999999,,,,11068.699999999999,16/03/2026 07:59:16
15642,352548.55,17627.3,,,,17627.3,16/03/2026 09:57:39
48027,444686.0,22234.3,,,,22234.3,15/03/2026 12:18:16
90118,482444.7,,1206.1499999999999,,,1206.1499999999999,17/03/2026 10:58:18
28564,444686.0,22234.3,,,,22234.3,16/03/2026 08:42:04
96094,444686.0,,11117.15,,,11117.15,14/03/2026 09:04:48
04100,405730.5,20286.95,,,,20286.95,21/03/2026 08:03:20
27233,444686.0,,11117.15,,,11117.15,14/03/2026 10:06:59
26758,444686.0,22234.3,,,,22234.3,16/03/2026 11:16:01
85563,219255.8,10962.449999999999,,,,10962.449999999999,16/03/2026 11:58:43
85563,219256.65,10962.449999999999,,,,10962.449999999999,16/03/2026 11:58:43
86375,416806.0,20840.3,,,,20840.3,21/03/2026 11:36:52
80610,404301.64999999997,,10107.35,,,10107.35,18/03/2026 11:02:30
41220,457300.0,228.65,,,,228.65,16/03/2026 07:35:19
85594,444686.0,22234.3,,,,22234.3,16/03/2026 09:26:37
69080,449650.0,2248.25,,,,2248.25,18/03/2026 07:38:36
43892,482562.0,24128.1,,,,24128.1,16/03/2026 08:55:45
99183,372300.0,186.15,,,,186.15,16/03/2026 11:24:21
50557,395896.0,19794.8,,,,19794.8,16/03/2026 09:38:09
99230,444686.0,22234.3,,,,22234.3,17/03/2026 10:20:36
36500,444686.0,22234.3,,,,22234.3,16/03/2026 07:58:09
38428,277372.0,13868.6,,,,13868.6,16/03/2026 08:17:28
17059,433636.0,21681.8,,,,21681.8,16/03/2026 11:56:15
29385,408884.85,20444.2,,,,20444.2,14/03/2026 10:10:16
79803,435336.0,21766.8,,,,21766.8,16/03/2026 10:11:04
07843,416780.5,20839.45,,,,20839.45,16/03/2026 10:34:11
54485,277372.0,13868.6,,,,13868.6,16/03/2026 09:47:54
03740,444686.0,22234.3,,,,22234.3,16/03/2026 08:17:42
26374,444686.0,22234.3,,,,22234.3,25/03/2026 09:50:14
03713,433636.0,21681.8,,,,21681.8,22/03/2026 08:07:03
18176,416806.0,20840.3,,,,20840.3,16/03/2026 08:41:39
96490,372300.0,,930.75,,,930.75,28/03/2026 09:33:11
61167,491300.0,245.65,,,,245.65,16/03/2026 12:00:31
06975,431345.25,21567.05,,,,21567.05,15/03/2026 11:50:28
82757,416806.0,20840.3,,,,20840.3,17/03/2026 09:58:53
49271,416780.5,,10419.3,,,10419.3,15/03/2026 10:10:24
95292,416015.5,,10400.6,,,10400.6,17/03/2026 07:32:07
91822,438910.25,21945.3,,,,21945.3,17/03/2026 11:31:18
07333,444686.0,22234.3,,,,22234.3,17/03/2026 08:16:36
63762,463250.0,2316.25,,,,2316.25,16/03/2026 10:31:02
31932,152915.0,17585.649999999998,,,,17585.649999999998,21/03/2026 07:34:42
48056,444686.0,22234.3,,,,22234.3,16/03/2026 08:01:07
71321,444686.0,22234.3,,,,22234.3,18/03/2026 09:09:52
56907,431345.25,21567.05,,,,21567.05,16/03/2026 11:32:59
49347,407456.0,20372.8,,,,20372.8,16/03/2026 10:13:54
72356,337511.2,16875.899999999998,,,,16875.899999999998,16/03/2026 07:59:09
82887,416806.0,20840.3,,,,20840.3,16/03/2026 12:12:38
59614,439240.89999999997,21962.3,,,,21962.3,14/03/2026 11:14:18
94930,438136.75,21907.05,,,,21907.05,16/03/2026 11:08:28
10236,439332.7,21966.55,,,,21966.55,16/03/2026 07:47:09
39740,444686.0,22234.3,,,,22234.3,16/03/2026 07:18:52
56181,423274.5,21164.149999999998,,,,21164.149999999998,19/03/2026 08:32:54
95338,443200.2,22160.35,,,,22160.35,15/03/2026 11:25:11
01223,447168.0,22358.399999999998,,,,22358.399999999998,16/03/2026 11:32:45
33154,416313.0,20815.649999999998,,,,20815.649999999998,17/03/2026 11:53:28
79565,292672.0,14633.6,,,,14633.6,16/03/2026 09:38:22
92900,525300.0,262.65,,,,262.65,17/03/2026 07:22:48
95667,457300.0,228.65,,,,228.65,16/03/2026 12:05:33
07835,372300.0,186.15,,,,186.15,30/03/2026 10:02:28
32255,449717.14999999997,22485.899999999998,,,,22485.899999999998,17/03/2026 10:58:03
67887,416806.0,,10420.15,,,10420.15,16/03/2026 11:48:26
92163,423300.0,211.65,,,,211.65,16/03/2026 11:41:28
03568,31145.7,1557.2,,,,1557.2,14/03/2026 07:53:09
46992,277372.0,13868.6,,,,13868.6,13/03/2026 07:08:02
99273,423300.0,211.65,,,,211.65,16/03/2026 09:02:44
94047,431345.25,21567.05,,,,21567.05,15/03/2026 11:49:52
55010,361024.75,18051.45,,,,18051.45,13/03/2026 11:09:09
34307,416806.0,,10420.15,,,10420.15,17/03/2026 11:02:08
53485,444686.0,22234.3,,,,22234.3,13/03/2026 08:37:55
51291,281040.6,14052.199999999999,,,,14052.199999999999,16/03/2026 11:11:56
46770,412556.0,20627.8,,,,20627.8,17/03/2026 11:01:59
86227,441134.7,,11028.75,,,11028.75,15/03/2026 11:41:11
63609,372300.0,186.15,,,,186.15,15/03/2026 08:10:38
91842,297772.0,14888.6,,,,14888.6,16/03/2026 10:09:33
63730,416806.0,20840.3,,,,20840.3,17/03/2026 11:35:44
59092,444686.0,,11117.15,,,11117.15,14/03/2026 07:10:04
99477,247693.4,1238.45,,,,1238.45,15/03/2026 10:21:14
14547,444686.0,22234.3,,,,22234.3,14/03/2026 11:59:33
91854,416806.0,,10420.15,,,10420.15,15/03/2026 11:00:00
48104,406404.55,,10160.05,,,10160.05,17/03/2026 07:16:54
72521,438396.0,,10959.9,,,10959.9,15/03/2026 09:55:33
57711,374986.0,18749.3,,,,18749.3,17/03/2026 11:14:02
05085,444686.0,22234.3,,,,22234.3,14/03/2026 10:12:00
92559,444686.0,22234.3,,,,22234.3,15/03/2026 11:37:14
46050,416806.0,20840.3,,,,20840.3,15/03/2026 11:00:44
42200,416806.0,20840.3,,,,20840.3,15/03/2026 07:30:18
97028,416806.0,20840.3,,,,20840.3,15/03/2026 08:16:14
50589,415760.5,20788.45,,,,20788.45,15/03/2026 08:41:52
15586,416806.0,20840.3,,,,20840.3,16/03/2026 11:05:34
90652,444686.0,22234.3,,,,22234.3,17/03/2026 07:14:14
79061,329800.0,164.9,,,,164.9,15/03/2026 09:43:55
63440,433585.0,21679.25,,,,21679.25,16/03/2026 07:09:46
41241,444686.0,22234.3,,,,22234.3,15/03/2026 09:27:34
12363,284306.3,14215.4,,,,14215.4,17/03/2026 12:00:35
31728,416806.0,20840.3,,,,20840.3,17/03/2026 07:32:07
64389,439195.0,21959.75,,,,21959.75,17/03/2026 09:49:04
17337,542300.0,271.15,,,,271.15,14/03/2026 09:19:46
43418,478550.0,2392.75,,,,2392.75,18/03/2026 10:42:22
70486,478550.0,2392.75,,,,2392.75,15/03/2026 12:07:55
36931,393550.0,1967.75,,,,1967.75,16/03/2026 12:23:50
98001,110670.0,8853.6,,,,8853.6,15/03/2026 08:59:07
13074,130526.0,1305.6,,,,1305.6,16/03/2026 09:22:50
30301,284263.8,14212.85,,,,14212.85,15/03/2026 09:12:29
99242,444686.0,22234.3,,,,22234.3,14/03/2026 09:59:31
24524,374986.0,18749.3,,,,18749.3,15/03/2026 07:56:56
44518,469893.6,4698.8,,,,4698.8,15/03/2026 11:46:41
15192,411723.0,20586.149999999998,,,,20586.149999999998,13/03/2026 07:33:17
21573,411723.0,20586.149999999998,,,,20586.149999999998,15/03/2026 08:16:41
93295,444686.0,22234.3,,,,22234.3,17/03/2026 11:58:51
11941,444550.0,2222.75,,,,2222.75,14/03/2026 08:13:27
56795,415856.55,20792.7,,,,20792.7,14/03/2026 10:10:31
32581,444550.0,2222.75,,,,2222.75,18/03/2026 08:30:10
68192,444686.0,22234.3,,,,22234.3,16/03/2026 07:46:01
58841,374986.0,18749.3,,,,18749.3,15/03/2026 08:40:58
20618,284306.3,14215.4,,,,14215.4,15/03/2026 10:24:54
56885,442892.5,22145.05,,,,22145.05,15/03/2026 09:20:21
08511,416049.5,20802.899999999998,,,,20802.899999999998,16/03/2026 10:33:08
08931,336216.64999999997,16810.45,,,,16810.45,15/03/2026 12:21:45
52887,444686.0,22234.3,,,,22234.3,17/03/2026 11:18:09
91223,416806.0,20840.3,,,,20840.3,16/03/2026 11:10:11
79507,130483.5,1304.75,,,,1304.75,16/03/2026 11:00:57
62343,444686.0,22234.3,,,,22234.3,15/03/2026 10:54:37
91612,423776.0,21188.8,,,,21188.8,15/03/2026 08:34:36
90422,438730.05,21936.8,,,,21936.8,16/03/2026 09:44:39
10186,439263.0,21963.149999999998,,,,21963.149999999998,15/03/2026 09:54:30
66053,416806.0,,10420.15,,,10420.15,16/03/2026 08:35:48
06189,444686.0,22234.3,,,,22234.3,15/03/2026 09:26:22
13386,444686.0,22234.3,,,,22234.3,15/03/2026 10:42:46
69275,391204.0,19560.2,,,,19560.2,15/03/2026 10:43:36
14282,336515.0,16825.75,,,,16825.75,14/03/2026 09:51:39
67244,415854.0,20792.7,,,,20792.7,18/03/2026 08:01:23
34894,478550.0,2392.75,,,,2392.75,15/03/2026 11:11:22
51865,416806.0,20840.3,,,,20840.3,21/03/2026 08:27:48
75911,393550.0,1967.75,,,,1967.75,16/03/2026 10:13:00
46989,402373.0,20118.649999999998,,,,20118.649999999998,15/03/2026 10:12:42
32028,133789.15,1337.8999999999999,,,,1337.8999999999999,15/03/2026 08:42:23
01093,405730.5,20286.95,,,,20286.95,15/03/2026 09:49:06
81345,444686.0,22234.3,,,,22234.3,15/03/2026 09:41:02
25308,416806.0,20840.3,,,,20840.3,15/03/2026 07:03:38
51467,556136.2999999999,27806.899999999998,,,,27806.899999999998,23/03/2026 10:53:03
04111,478550.0,2392.75,,,,2392.75,18/03/2026 11:32:23
29248,416806.0,20840.3,,,,20840.3,16/03/2026 07:21:25
93427,440436.0,22021.8,,,,22021.8,15/03/2026 12:14:44
68196,416806.0,20840.3,,,,20840.3,16/03/2026 07:16:51
60936,416806.0,20840.3,,,,20840.3,14/03/2026 08:06:39
30621,404301.64999999997,20214.7,,,,20214.7,15/03/2026 10:12:15
54619,556136.2999999999,27806.899999999998,,,,27806.899999999998,20/03/2026 10:27:19
04286,416806.0,20840.3,,,,20840.3,30/03/2026 09:55:13
40440,404301.64999999997,20214.7,,,,20214.7,21/03/2026 07:22:06
27114,411062.55,2055.2999999999997,,,,2055.2999999999997,20/03/2026 11:06:16
17598,284306.3,14215.4,,,,14215.4,19/03/2026 09:55:34
96895,444686.0,22234.3,,,,22234.3,19/03/2026 11:00:24
73989,444686.0,22234.3,,,,22234.3,16/03/2026 08:45:13
64787,404301.64999999997,20214.7,,,,20214.7,13/03/2026 10:24:16
77282,416806.0,20840.3,,,,20840.3,15/03/2026 11:14:29
89520,444686.0,22234.3,,,,22234.3,15/03/2026 07:57:32
89542,369582.55,1847.8999999999999,,,,1847.8999999999999,15/03/2026 09:39:58
31002,444686.0,22234.3,,,,22234.3,15/03/2026 10:45:56
66193,444686.0,22234.3,,,,22234.3,15/03/2026 10:38:51
95940,416806.0,20840.3,,,,20840.3,16/03/2026 07:55:34
12698,444686.0,22234.3,,,,22234.3,16/03/2026 11:43:10
49983,305286.0,15264.3,,,,15264.3,20/03/2026 11:31:37
22649,444686.0,22234.3,,,,22234.3,15/03/2026 10:23:17
66139,284306.3,14215.4,,,,14215.4,31/03/2026 10:17:20
20637,416806.0,20840.3,,,,20840.3,15/03/2026 10:32:45
67699,556136.2999999999,27806.899999999998,,,,27806.899999999998,18/03/2026 11:29:07
19465,386880.05,19344.3,,,,19344.3,16/03/2026 09:43:38
19226,453050.0,2265.25,,,,2265.25,18/03/2026 09:05:55
17558,478550.0,2392.75,,,,2392.75,18/03/2026 09:22:49
48582,405756.0,20287.8,,,,20287.8,15/03/2026 11:22:53
28956,539452.5,,13486.1,,,13486.1,15/03/2026 07:09:41
08199,157666.5,12613.15,,,,12613.15,29/03/2026 10:52:16
29803,415129.8,,1037.85,,,1037.85,15/03/2026 12:17:34
38697,407456.0,20372.8,,,,20372.8,18/03/2026 08:47:09
89665,13005.0,5525.0,,,,5525.0,15/03/2026 08:57:55
13269,374986.0,18749.3,,,,18749.3,26/03/2026 08:56:56
52671,444422.5,22221.55,,,,22221.55,17/03/2026 10:53:33
10122,438294.0,21914.7,,,,21914.7,16/03/2026 10:13:10
90738,280839.14999999997,1404.2,,,,1404.2,20/03/2026 09:58:34
89094,384018.95,19200.649999999998,,,,19200.649999999998,14/03/2026 11:09:42
86985,469149.0,,11729.15,,,11729.15,15/03/2026 09:03:34
62059,284306.3,14215.4,,,,14215.4,20/03/2026 10:17:22
52971,133789.15,1337.8999999999999,,,,1337.8999999999999,14/03/2026 12:31:26
31301,16320.0,1468.8,,,,1468.8,15/03/2026 09:43:55
87875,393550.0,1967.75,,,,1967.75,13/03/2026 11:22:39
03226,274889.14999999997,1374.45,,,,1374.45,14/03/2026 11:20:54
37328,404542.2,20227.45,,,,20227.45,13/03/2026 08:34:42
78548,398944.1,19946.95,,,,19946.95,19/03/2026 08:28:53
39931,597439.5,29872.399999999998,,,,29872.399999999998,27/03/2026 10:23:02
61437,411723.0,20586.149999999998,,,,20586.149999999998,12/03/2026 08:23:06
98463,254628.55,12731.3,,,,12731.3,15/03/2026 11:36:24
18700,399371.64999999997,19968.2,,,,19968.2,13/03/2026 07:50:22
93757,419050.0,2095.25,,,,2095.25,13/03/2026 08:26:49
58519,393550.0,1967.75,,,,1967.75,15/03/2026 12:07:48
92453,411723.0,20586.149999999998,,,,20586.149999999998,15/03/2026 08:21:28
87657,275777.39999999997,13788.699999999999,,,,13788.699999999999,13/03/2026 10:24:43
77659,411723.0,20586.149999999998,,,,20586.149999999998,13/03/2026 11:41:48
52699,788681.85,39434.9,,,,39434.9,13/03/2026 10:33:20
52699,354774.7,17738.649999999998,,,,17738.649999999998,13/03/2026 10:33:20
81815,406691.85,20334.55,,,,20334.55,13/03/2026 11:25:10
50662,431658.89999999997,,10791.6,,,10791.6,13/03/2026 09:50:40
82752,346800.0,346.8,,,,346.8,13/03/2026 08:29:01
57357,293930.0,1469.6499999999999,,,,1469.6499999999999,13/03/2026 10:17:54
85283,411723.0,20586.149999999998,,,,20586.149999999998,14/03/2026 12:00:32
69536,426085.45,21304.399999999998,,,,21304.399999999998,16/03/2026 07:17:28
19224,277266.6,1386.35,,,,1386.35,13/03/2026 07:52:33
01321,416806.0,,10420.15,,,10420.15,13/03/2026 08:29:09
22138,416806.0,4168.4,,,,4168.4,14/03/2026 09:25:00
29610,411723.0,20586.149999999998,,,,20586.149999999998,14/03/2026 09:27:06
22687,416806.0,20840.3,,,,20840.3,12/03/2026 10:39:48
79628,416806.0,,10420.15,,,10420.15,13/03/2026 07:21:16
86793,296330.39999999997,14816.35,,,,14816.35,15/03/2026 10:28:54
98154,332379.75,16619.2,,,,16619.2,13/03/2026 09:33:55
10601,416806.0,20840.3,,,,20840.3,13/03/2026 09:10:17
97296,428213.0,21410.649999999998,,,,21410.649999999998,12/03/2026 07:07:05
41574,439263.0,21963.149999999998,,,,21963.149999999998,13/03/2026 11:14:59
05017,388917.5,19446.3,,,,19446.3,16/03/2026 09:38:38
06859,464032.0,23201.6,,,,23201.6,15/03/2026 11:42:53
53323,329749.0,16487.45,,,,16487.45,14/03/2026 10:14:45
86865,411723.0,,1029.35,,,1029.35,14/03/2026 08:50:53
87892,411723.0,20586.149999999998,,,,20586.149999999998,13/03/2026 08:08:13
76997,532873.5,,13322.05,,,13322.05,14/03/2026 10:12:50
71911,411723.0,20586.149999999998,,,,20586.149999999998,13/03/2026 12:06:32
53434,420824.8,21040.899999999998,,,,21040.899999999998,14/03/2026 09:22:54
17215,465800.0,232.9,,,,232.9,14/03/2026 12:36:11
33889,413100.0,206.54999999999998,,,,206.54999999999998,14/03/2026 09:18:08
85864,411677.95,20583.6,,,,20583.6,14/03/2026 07:02:47
66068,433840.0,,1084.6,,,1084.6,17/03/2026 07:59:57
79343,277372.0,13868.6,,,,13868.6,12/03/2026 11:39:25
21017,549354.15,27467.75,,,,27467.75,14/03/2026 08:38:13
47254,408514.25,2042.55,,,,2042.55,13/03/2026 09:18:10
74125,420824.8,21040.899999999998,,,,21040.899999999998,14/03/2026 10:39:40
41245,410305.2,20515.6,,,,20515.6,14/03/2026 08:45:13
77931,433840.0,2169.2,,,,2169.2,13/03/2026 10:07:59
13304,411723.0,20586.149999999998,,,,20586.149999999998,14/03/2026 07:49:15
55559,274039.14999999997,1370.2,,,,1370.2,15/03/2026 11:10:49
31912,516800.0,258.4,,,,258.4,14/03/2026 08:16:09
36684,402373.0,20118.649999999998,,,,20118.649999999998,14/03/2026 07:32:44
69945,411723.0,20586.149999999998,,,,20586.149999999998,13/03/2026 08:54:59
32366,411723.0,20586.149999999998,,,,20586.149999999998,15/03/2026 09:30:36
72396,433840.0,2169.2,,,,2169.2,15/03/2026 07:18:17
58960,411723.0,,1029.35,,,1029.35,13/03/2026 07:28:00
72805,411723.0,20586.149999999998,,,,20586.149999999998,14/03/2026 09:14:15
87936,411723.0,20586.149999999998,,,,20586.149999999998,12/03/2026 08:04:37
19531,411723.0,20586.149999999998,,,,20586.149999999998,15/03/2026 11:45:44
90894,437898.75,21895.149999999998,,,,21895.149999999998,28/03/2026 09:35:19
90894,369261.25,18462.85,,,,18462.85,28/03/2026 09:35:19
90478,328015.0,16400.75,,,,16400.75,13/03/2026 10:30:45
40089,361152.25,18057.399999999998,,,,18057.399999999998,13/03/2026 09:08:12
56574,506084.05,2530.45,,,,2530.45,13/03/2026 10:31:43
34222,329715.0,16485.75,,,,16485.75,20/03/2026 09:30:13
40688,130526.0,1305.6,,,,1305.6,14/03/2026 07:46:08
64184,454750.0,2273.75,,,,2273.75,18/03/2026 07:18:35
71978,433840.0,2169.2,,,,2169.2,16/03/2026 10:01:21
01945,467636.0,23381.8,,,,23381.8,13/03/2026 08:13:31
38587,463206.64999999997,23159.95,,,,23159.95,15/03/2026 12:18:05
32337,465744.75,23287.45,,,,23287.45,16/03/2026 08:48:57
76304,493408.0,24670.399999999998,,,,24670.399999999998,13/03/2026 07:37:06
05572,433840.0,2169.2,,,,2169.2,13/03/2026 08:06:26
87185,277372.0,13868.6,,,,13868.6,17/03/2026 09:08:35
98935,433840.0,2169.2,,,,2169.2,13/03/2026 11:57:16
93144,509150.0,2545.75,,,,2545.75,13/03/2026 07:43:18
69999,433840.0,2169.2,,,,2169.2,13/03/2026 11:00:24
47506,423517.6,,10587.6,,,10587.6,14/03/2026 11:26:11
83483,433772.0,21688.6,,,,21688.6,15/03/2026 12:21:34
01890,443870.0,2219.35,,,,2219.35,16/03/2026 11:03:32
53998,433840.0,2169.2,,,,2169.2,15/03/2026 11:38:35
31319,42189.75,4219.4,,,,4219.4,14/03/2026 10:35:34
50913,488070.0,2440.35,,,,2440.35,13/03/2026 08:55:27
86698,273955.0,13697.75,,,,13697.75,13/03/2026 09:10:51
99366,457470.0,,11436.75,,,11436.75,14/03/2026 11:21:51
75302,435336.0,21766.8,,,,21766.8,16/03/2026 09:09:51
46068,404301.64999999997,20214.7,,,,20214.7,15/03/2026 07:16:12
15525,444686.0,22234.3,,,,22234.3,13/03/2026 09:49:09
22368,444660.5,22233.45,,,,22233.45,14/03/2026 08:41:58
14674,405756.0,20287.8,,,,20287.8,17/03/2026 10:42:24
75105,410161.55,,10254.4,,,10254.4,15/03/2026 08:42:50
40149,404301.64999999997,20214.7,,,,20214.7,13/03/2026 09:18:21
56358,329379.25,16468.75,,,,16468.75,17/03/2026 10:08:14
71911,396995.05,19850.05,,,,19850.05,12/03/2026 11:12:09
40221,444686.0,22234.3,,,,22234.3,14/03/2026 09:52:44
26285,423776.0,21188.8,,,,21188.8,13/03/2026 08:47:41
89069,444686.0,,11117.15,,,11117.15,21/03/2026 10:09:34
37756,431345.25,21567.05,,,,21567.05,13/03/2026 07:51:10
16843,444686.0,22234.3,,,,22234.3,13/03/2026 11:53:46
38540,416806.0,20840.3,,,,20840.3,16/03/2026 07:22:46
69994,444686.0,22234.3,,,,22234.3,15/03/2026 11:16:46
65530,444635.0,22231.75,,,,22231.75,13/03/2026 11:02:52
61170,444686.0,22234.3,,,,22234.3,14/03/2026 09:52:59
91154,444686.0,22234.3,,,,22234.3,14/03/2026 12:02:05
80940,444686.0,22234.3,,,,22234.3,20/03/2026 08:03:15
55742,416806.0,20840.3,,,,20840.3,14/03/2026 11:06:06
90022,266136.7,13306.75,,,,13306.75,14/03/2026 09:19:20
22439,416806.0,20840.3,,,,20840.3,16/03/2026 11:38:09
85382,410006.0,,10250.15,,,10250.15,12/03/2026 10:20:00
39740,374986.0,18749.3,,,,18749.3,20/03/2026 07:39:54
94542,405756.0,20287.8,,,,20287.8,14/03/2026 10:02:57
95990,435336.0,21766.8,,,,21766.8,16/03/2026 09:26:41
02537,416806.0,20840.3,,,,20840.3,14/03/2026 08:41:10
96130,444686.0,22234.3,,,,22234.3,13/03/2026 10:54:02
54253,478550.0,2392.75,,,,2392.75,13/03/2026 09:37:14
11217,137688.1,137.7,,,,137.7,16/03/2026 10:06:29
04691,433840.0,2169.2,,,,2169.2,19/03/2026 11:00:27
96067,498100.0,249.04999999999998,,,,249.04999999999998,14/03/2026 12:22:25
30770,440270.25,22013.3,,,,22013.3,15/03/2026 11:30:47
95995,298282.85,14914.1,,,,14914.1,16/03/2026 12:16:11
46966,433840.0,2169.2,,,,2169.2,13/03/2026 11:11:31
26772,269722.0,13486.1,,,,13486.1,13/03/2026 07:50:47
95733,465800.0,232.9,,,,232.9,14/03/2026 09:14:49
82666,420824.8,21040.899999999998,,,,21040.899999999998,13/03/2026 09:49:30
88625,433840.0,2169.2,,,,2169.2,18/03/2026 08:33:20
44140,420824.8,21040.899999999998,,,,21040.899999999998,14/03/2026 07:55:59
56840,433814.5,,10845.15,,,10845.15,15/03/2026 07:19:56
04374,433840.0,2169.2,,,,2169.2,17/03/2026 10:57:54
02983,498100.0,249.04999999999998,,,,249.04999999999998,13/03/2026 10:11:45
12763,130526.0,1305.6,,,,1305.6,18/03/2026 10:19:54
15943,433840.0,2169.2,,,,2169.2,16/03/2026 11:02:50
04388,452426.1,22621.05,,,,22621.05,14/03/2026 07:43:19
44621,425570.35,21278.899999999998,,,,21278.899999999998,13/03/2026 08:08:28
53230,433840.0,2169.2,,,,2169.2,13/03/2026 09:37:22
85247,425069.7,21253.399999999998,,,,21253.399999999998,16/03/2026 11:57:35
25355,464100.0,232.04999999999998,,,,232.04999999999998,15/03/2026 11:51:50
27172,465800.0,232.9,,,,232.9,15/03/2026 08:06:06
90271,233172.0,11658.6,,,,11658.6,13/03/2026 11:39:23
01002,139590.4,1395.7,,,,1395.7,15/03/2026 10:27:19
01685,328843.75,16442.399999999998,,,,16442.399999999998,13/03/2026 09:03:17
17296,414800.0,207.4,,,,207.4,14/03/2026 07:57:57
64564,661164.0,,16529.1,,,16529.1,13/03/2026 08:01:47
49456,472452.1,23622.35,,,,23622.35,14/03/2026 07:54:57
35948,477224.0,23861.2,,,,23861.2,13/03/2026 07:19:44
12179,416806.0,20840.3,,,,20840.3,14/03/2026 12:26:34
76714,444686.0,22234.3,,,,22234.3,14/03/2026 10:34:47
09429,444686.0,22234.3,,,,22234.3,13/03/2026 10:24:49
06382,444686.0,22234.3,,,,22234.3,15/03/2026 11:07:44
80433,416780.5,20839.45,,,,20839.45,14/03/2026 08:51:06
10721,400606.7,20030.25,,,,20030.25,23/03/2026 08:33:17
16826,416806.0,20840.3,,,,20840.3,14/03/2026 09:31:44
49580,412726.0,20636.3,,,,20636.3,14/03/2026 07:53:45
49770,416806.0,20840.3,,,,20840.3,13/03/2026 10:47:38
35942,416806.0,20840.3,,,,20840.3,14/03/2026 09:46:12
51879,284306.3,14215.4,,,,14215.4,18/03/2026 11:57:21
61715,405756.0,,10143.9,,,10143.9,12/03/2026 10:12:27
88731,416806.0,20840.3,,,,20840.3,14/03/2026 10:03:38
22525,444660.5,22233.45,,,,22233.45,16/03/2026 08:49:16
20461,433636.0,21681.8,,,,21681.8,13/03/2026 08:11:45
76762,409133.05,20456.95,,,,20456.95,02/04/2026 12:01:29
87642,416806.0,20840.3,,,,20840.3,14/03/2026 11:21:57
70729,471750.0,2358.75,,,,2358.75,13/03/2026 09:26:28
93812,525300.0,262.65,,,,262.65,17/03/2026 08:29:41
85002,511204.45,25560.35,,,,25560.35,14/03/2026 09:29:30
72114,465800.0,232.9,,,,232.9,17/03/2026 09:15:37
21237,429986.95,,10749.949999999999,,,10749.949999999999,15/03/2026 09:00:32
67019,499740.5,24987.45,,,,24987.45,11/03/2026 10:03:04
69180,459820.25,,11495.4,,,11495.4,12/03/2026 08:00:02
02546,371262.14999999997,18563.149999999998,,,,18563.149999999998,18/03/2026 09:19:30
73185,525300.0,262.65,,,,262.65,14/03/2026 08:24:56
76117,397851.0,19892.55,,,,19892.55,11/03/2026 08:52:22
97975,471716.0,23585.8,,,,23585.8,14/03/2026 10:07:05
74063,69881.05,5590.45,,,,5590.45,13/03/2026 11:58:01
51307,436033.0,21801.649999999998,,,,21801.649999999998,12/03/2026 11:57:22
52265,471801.0,23590.05,,,,23590.05,12/03/2026 09:27:00
50977,433840.0,2169.2,,,,2169.2,11/03/2026 08:45:50
62417,449616.0,22480.8,,,,22480.8,11/03/2026 10:12:30
61892,295331.64999999997,14766.199999999999,,,,14766.199999999999,12/03/2026 07:19:56
28881,365840.0,1829.2,,,,1829.2,29/03/2026 08:55:20
83044,406640.0,4066.4,,,,4066.4,12/03/2026 07:32:47
46708,433840.0,2169.2,,,,2169.2,18/03/2026 07:01:37
32887,417571.0,4176.05,,,,4176.05,13/03/2026 11:22:52
90601,454750.0,2273.75,,,,2273.75,12/03/2026 08:49:36
05682,460955.0,4609.55,,,,4609.55,10/03/2026 10:57:36
40434,460955.0,4609.55,,,,4609.55,10/03/2026 10:08:21
35329,432055.0,4320.55,,,,4320.55,29/03/2026 08:59:16
93341,460955.0,4609.55,,,,4609.55,12/03/2026 09:03:58
28588,428688.14999999997,42868.9,,,,42868.9,12/03/2026 07:58:16
94175,68275.4,5462.099999999999,,,,5462.099999999999,12/03/2026 10:43:28
10365,460955.0,4609.55,,,,4609.55,10/03/2026 09:42:04
10365,432055.0,4320.55,,,,4320.55,10/03/2026 09:42:04
46353,439280.0,2196.4,,,,2196.4,12/03/2026 10:31:14
43133,432055.0,4320.55,,,,4320.55,10/03/2026 08:54:09
26948,460232.5,4602.75,,,,4602.75,16/03/2026 08:35:31
94976,459979.2,4600.2,,,,4600.2,12/03/2026 07:58:15
37845,460955.0,4609.55,,,,4609.55,10/03/2026 09:41:32
37845,432055.0,4320.55,,,,4320.55,10/03/2026 09:41:32
37845,388705.0,3887.0499999999997,,,,3887.0499999999997,10/03/2026 09:41:32
37845,316455.0,3164.5499999999997,,,,3164.5499999999997,10/03/2026 09:41:32
17269,460955.0,4609.55,,,,4609.55,10/03/2026 09:55:05
17269,432055.0,4320.55,,,,4320.55,10/03/2026 09:55:05
08509,460955.0,4609.55,,,,4609.55,14/03/2026 10:08:24
78711,432055.0,4320.55,,,,4320.55,11/03/2026 11:01:56
55769,294754.5,2947.7999999999997,,,,2947.7999999999997,12/03/2026 09:20:15
45246,460955.0,4609.55,,,,4609.55,11/03/2026 10:23:42
23107,460955.0,4609.55,,,,4609.55,13/03/2026 11:40:23
99956,460955.0,4609.55,,,,4609.55,12/03/2026 07:25:49
63319,428589.55,42858.7,,,,42858.7,12/03/2026 12:54:42
35700,460955.0,4609.55,,,,4609.55,15/03/2026 07:36:03
51881,420204.3,4202.4,,,,4202.4,12/03/2026 10:13:40
02142,439280.0,2196.4,,,,2196.4,12/03/2026 10:59:46
99569,141946.6,141.95,,,,141.95,12/03/2026 08:59:32
37240,460955.0,4609.55,,,,4609.55,13/03/2026 07:14:47
85909,424532.5,4245.75,,,,4245.75,12/03/2026 09:26:19
45424,460955.0,4609.55,,,,4609.55,10/03/2026 07:55:36
45424,432055.0,4320.55,,,,4320.55,10/03/2026 07:55:36
45424,294707.75,29471.2,,,,29471.2,10/03/2026 07:55:36
49672,316382.75,31638.7,,,,31638.7,14/03/2026 08:08:41
99664,921910.0,9219.1,,,,9219.1,10/03/2026 07:16:43
36560,460955.0,4609.55,,,,4609.55,10/03/2026 07:48:40
36560,432055.0,4320.55,,,,4320.55,10/03/2026 07:48:40
36560,316455.0,3164.5499999999997,,,,3164.5499999999997,10/03/2026 07:48:40
28912,860340.25,86033.59999999999,,,,86033.59999999999,10/03/2026 07:48:43
28912,275026.0,27502.6,,,,27502.6,10/03/2026 07:48:43
98709,1365037.0999999999,136504.05,,,,136504.05,10/03/2026 09:31:31
98709,455011.8,45501.35,,,,45501.35,10/03/2026 09:31:31
58869,1257280.05,125727.75,,,,125727.75,10/03/2026 08:59:04
58869,838186.7,8381.85,,,,8381.85,10/03/2026 08:59:04
60884,406640.0,4066.4,,,,4066.4,12/03/2026 07:29:36
50189,432055.0,4320.55,,,,4320.55,12/03/2026 09:16:33
38278,496631.2,49662.95,,,,49662.95,13/03/2026 09:51:44
50809,433840.0,4338.4,,,,4338.4,12/03/2026 08:50:02
12896,433840.0,4338.4,,,,4338.4,19/03/2026 07:12:56
36592,499800.0,499.8,,,,499.8,18/03/2026 08:07:58
80704,316336.0,31633.6,,,,31633.6,12/03/2026 07:58:03
51097,294707.75,29471.2,,,,29471.2,13/03/2026 08:10:37
56273,163157.5,163.2,,,,163.2,12/03/2026 08:21:01
05032,424337.0,42433.7,,,,42433.7,14/03/2026 07:38:27
47752,428938.89999999997,42893.549999999996,,,,42893.549999999996,11/03/2026 08:29:21
23200,460955.0,4609.55,,,,4609.55,11/03/2026 08:03:10
85446,506997.8,5070.25,,,,5070.25,14/03/2026 11:05:29
41231,101150.0,505.75,,,,505.75,11/03/2026 10:21:17
47172,508300.0,508.3,,,,508.3,13/03/2026 07:48:35
94789,476561.0,47656.1,,,,47656.1,17/03/2026 09:40:13
80839,304215.0,3042.15,,,,3042.15,12/03/2026 10:33:56
03260,460955.0,4609.55,,,,4609.55,12/03/2026 07:35:46
63545,420979.5,4210.05,,,,4210.05,12/03/2026 08:43:09
77197,447304.0,44730.4,,,,44730.4,12/03/2026 08:59:49
93705,437634.39999999997,43763.1,,,,43763.1,15/03/2026 09:21:30
69061,498100.0,498.09999999999997,,,,498.09999999999997,17/03/2026 08:42:45
01606,449905.0,4499.05,,,,4499.05,11/03/2026 10:32:25
40177,432055.0,4320.55,,,,4320.55,11/03/2026 08:33:55
86974,661215.0,,16530.8,,,16530.8,12/03/2026 10:48:49
61613,460955.0,4609.55,,,,4609.55,11/03/2026 09:07:07
80339,161024.0,16102.4,,,,16102.4,12/03/2026 10:58:56
93280,460955.0,4609.55,,,,4609.55,12/03/2026 08:22:05
05773,329715.0,3297.15,,,,3297.15,12/03/2026 09:41:00
62388,448490.6,4484.599999999999,,,,4484.599999999999,10/03/2026 07:36:25
97759,465800.0,,116.45,,,116.45,14/03/2026 12:01:11
17234,1853000.0,185.29999999999998,,,,185.29999999999998,13/03/2026 10:08:20
45533,460955.0,4609.55,,,,4609.55,09/03/2026 08:35:51
45533,432055.0,4320.55,,,,4320.55,09/03/2026 08:35:51
23624,183691.8,18369.35,,,,18369.35,14/03/2026 07:59:33
05735,465800.0,,116.45,,,116.45,11/03/2026 20:25:39
89281,329379.25,32938.35,,,,32938.35,12/03/2026 09:57:20
01239,482647.0,4826.3,,,,4826.3,11/03/2026 11:00:31
11371,433840.0,4338.4,,,,4338.4,09/03/2026 11:32:56
11371,406640.0,4066.4,,,,4066.4,09/03/2026 11:32:56
11371,277372.0,27737.2,,,,27737.2,09/03/2026 11:32:56
07954,460955.0,4609.55,,,,4609.55,09/03/2026 10:13:43
53906,1378615.0,137860.65,,,,137860.65,09/03/2026 09:48:38
82173,332124.75,33212.9,,,,33212.9,09/03/2026 09:11:25
82173,400149.39999999997,40014.6,,,,40014.6,09/03/2026 09:11:25
82173,400150.25,40015.45,,,,40015.45,09/03/2026 09:11:25
84168,465800.0,465.8,,,,465.8,14/03/2026 08:00:47
60696,219215.0,2192.15,,,,2192.15,12/03/2026 07:59:31
84360,329481.25,32948.549999999996,,,,32948.549999999996,11/03/2026 08:03:57
63936,44816.25,4482.05,,,,4482.05,14/03/2026 08:33:08
88401,464950.0,464.95,,,,464.95,11/03/2026 08:17:25
78426,374986.0,37498.6,,,,37498.6,12/03/2026 09:48:08
61872,384563.8,38456.549999999996,,,,38456.549999999996,11/03/2026 08:09:38
47287,444686.0,,11117.15,,,11117.15,13/03/2026 10:20:32
88323,414665.7,41466.4,,,,41466.4,11/03/2026 10:43:05
86326,438736.0,43873.6,,,,43873.6,17/03/2026 09:10:29
26861,405960.0,4059.6,,,,4059.6,12/03/2026 10:29:08
46941,433840.0,4338.4,,,,4338.4,14/03/2026 08:39:21
17849,433789.0,4337.55,,,,4337.55,12/03/2026 10:28:38
98071,272934.14999999997,2729.35,,,,2729.35,11/03/2026 10:23:58
70205,436570.2,43656.85,,,,43656.85,09/03/2026 09:40:04
70205,368141.8,36814.35,,,,36814.35,09/03/2026 09:40:04
95773,419093.35,41909.25,,,,41909.25,09/03/2026 08:41:38
95773,377043.85,37704.299999999996,,,,37704.299999999996,09/03/2026 08:41:38
95773,306961.35,30696.05,,,,30696.05,09/03/2026 08:41:38
50317,416109.0,4160.75,,,,4160.75,11/03/2026 08:35:52
86355,284306.3,28430.8,,,,28430.8,09/03/2026 11:29:50
86355,305286.0,30528.6,,,,30528.6,09/03/2026 11:29:50
91987,457300.0,457.3,,,,457.3,09/03/2026 10:31:51
82939,257520.25,25752.45,,,,25752.45,11/03/2026 10:14:23
01323,305216.3,30521.8,,,,30521.8,11/03/2026 13:42:48
19423,444686.0,44468.6,,,,44468.6,12/03/2026 11:45:44
18110,416806.0,41680.6,,,,41680.6,11/03/2026 09:11:54
64686,444686.0,,11117.15,,,11117.15,10/03/2026 09:59:56
06322,38990.35,3898.95,,,,3898.95,11/03/2026 09:06:59
92431,484806.0,48480.6,,,,48480.6,12/03/2026 11:26:47
87196,467228.85,46722.799999999996,,,,46722.799999999996,11/03/2026 08:17:24
94389,441866.55,44186.4,,,,44186.4,09/03/2026 08:13:33
94389,441865.7,44186.4,,,,44186.4,09/03/2026 08:13:33
94389,414163.35,41416.25,,,,41416.25,09/03/2026 08:13:33
94389,372607.7,37260.6,,,,37260.6,09/03/2026 08:13:33
26162,464975.5,46497.549999999996,,,,46497.549999999996,09/03/2026 11:48:49
46933,411224.89999999997,41122.15,,,,41122.15,09/03/2026 09:50:27
46933,280500.0,280.5,,,,280.5,09/03/2026 09:50:27
71804,440912.0,4408.95,,,,4408.95,11/03/2026 07:08:10
16753,442221.0,44222.1,,,,44222.1,30/03/2026 08:50:47
82551,441481.5,4414.9,,,,4414.9,13/03/2026 11:47:18
48150,471801.0,4718.349999999999,,,,4718.349999999999,11/03/2026 10:37:50
84329,461706.39999999997,,1154.3,,,1154.3,11/03/2026 08:27:43
97776,471801.0,4718.349999999999,,,,4718.349999999999,11/03/2026 08:04:55
27346,448842.5,44884.25,,,,44884.25,09/03/2026 09:30:41
27346,420702.39999999997,42069.9,,,,42069.9,09/03/2026 09:30:41
27346,841403.1,84139.8,,,,84139.8,09/03/2026 09:30:41
53170,438895.8,43889.75,,,,43889.75,09/03/2026 11:34:32
53170,822759.2,82276.59999999999,,,,82276.59999999999,09/03/2026 11:34:32
53170,370103.6,37010.7,,,,37010.7,09/03/2026 11:34:32
53170,301311.39999999997,30130.8,,,,30130.8,09/03/2026 11:34:32
62690,405960.0,4059.6,,,,4059.6,12/03/2026 09:39:30
80143,397851.0,39785.1,,,,39785.1,17/03/2026 10:05:08
48129,433840.0,4338.4,,,,4338.4,12/03/2026 08:55:29
03310,468507.25,46851.15,,,,46851.15,11/03/2026 09:40:58
69541,275341.35,2753.15,,,,2753.15,09/03/2026 10:03:45
22148,465800.0,465.8,,,,465.8,16/03/2026 07:48:53
86184,435424.39999999997,43542.1,,,,43542.1,11/03/2026 07:15:41
59693,433840.0,4338.4,,,,4338.4,11/03/2026 08:29:49
38197,433840.0,,1084.6,,,1084.6,11/03/2026 09:14:38
84043,277372.0,27737.2,,,,27737.2,12/03/2026 11:15:27
76784,428954.2,42895.25,,,,42895.25,16/03/2026 07:54:06
18077,434435.0,4344.349999999999,,,,4344.349999999999,10/03/2026 08:30:55
90740,137688.1,137.7,,,,137.7,11/03/2026 07:35:35
76954,441915.0,4419.15,,,,4419.15,10/03/2026 09:54:00
27017,433840.0,4338.4,,,,4338.4,11/03/2026 09:16:13
89818,465774.5,46577.45,,,,46577.45,09/03/2026 09:25:51
02560,406640.0,4066.4,,,,4066.4,16/03/2026 07:16:26
72824,432786.0,43278.6,,,,43278.6,12/03/2026 07:37:28
51261,456369.25,45637.35,,,,45637.35,11/03/2026 08:44:36
05072,389201.39999999997,3892.15,,,,3892.15,13/03/2026 08:32:08
20925,471801.0,47180.1,,,,47180.1,11/03/2026 09:35:15
67638,460955.0,4609.55,,,,4609.55,12/03/2026 09:27:15
69206,138574.65,13857.55,,,,13857.55,11/03/2026 11:18:44
58100,139975.44999999998,1399.95,,,,1399.95,11/03/2026 07:40:35
95525,304300.0,304.3,,,,304.3,11/03/2026 08:58:54
55088,304300.0,304.3,,,,304.3,11/03/2026 07:41:01
68511,457470.0,4574.7,,,,4574.7,11/03/2026 10:37:46
29083,262270.89999999997,2623.1,,,,2623.1,10/03/2026 11:15:05
48108,473427.89999999997,47342.45,,,,47342.45,12/03/2026 07:23:38
78021,399261.14999999997,3992.45,,,,3992.45,11/03/2026 09:02:56
88582,457470.0,4574.7,,,,4574.7,11/03/2026 09:55:43
01993,365840.0,3658.4,,,,3658.4,11/03/2026 10:11:27
73179,433840.0,4338.4,,,,4338.4,10/03/2026 11:55:05
12694,214353.0,2143.7,,,,2143.7,26/03/2026 09:58:24
42198,445783.35,4458.25,,,,4458.25,11/03/2026 09:01:15
48360,101431.34999999999,10143.05,,,,10143.05,13/03/2026 07:35:59
79455,460955.0,4609.55,,,,4609.55,12/03/2026 10:35:27
79455,432055.0,4320.55,,,,4320.55,12/03/2026 10:35:27
00420,488070.0,4880.7,,,,4880.7,12/03/2026 07:50:34
40833,528630.2999999999,5286.15,,,,5286.15,11/03/2026 09:50:07
74107,487305.0,4873.05,,,,4873.05,11/03/2026 11:25:55
99279,473042.0,47304.2,,,,47304.2,13/03/2026 10:38:14
45305,457470.0,4574.7,,,,4574.7,11/03/2026 10:16:45
21068,304215.0,3042.15,,,,3042.15,11/03/2026 08:08:10
45663,396223.25,39622.75,,,,39622.75,12/03/2026 10:29:34
94630,635715.0,6357.15,,,,6357.15,09/03/2026 11:54:06
33820,429101.25,42910.549999999996,,,,42910.549999999996,11/03/2026 07:04:05
71792,465800.0,465.8,,,,465.8,11/03/2026 07:54:53
55717,482647.0,4826.3,,,,4826.3,09/03/2026 09:27:40
38084,221417.35,2214.25,,,,2214.25,09/03/2026 08:05:16
51814,312043.5,31204.35,,,,31204.35,11/03/2026 10:53:16
53609,488070.0,4880.7,,,,4880.7,16/03/2026 09:04:00
81913,450296.0,4503.3,,,,4503.3,11/03/2026 08:29:42
96606,457300.0,457.3,,,,457.3,08/03/2026 11:23:36
23294,457274.5,45727.45,,,,45727.45,08/03/2026 10:30:51
11710,457164.0,45716.4,,,,45716.4,08/03/2026 09:24:32
05927,410601.0,41060.1,,,,41060.1,10/03/2026 10:47:11
03089,457215.0,4572.15,,,,4572.15,19/03/2026 08:28:41
84977,447950.0,447.95,,,,447.95,12/03/2026 08:46:59
87135,499800.0,499.8,,,,499.8,12/03/2026 12:00:46
34110,444660.5,4446.349999999999,,,,4446.349999999999,06/04/2026 14:09:19
70909,416806.0,41680.6,,,,41680.6,10/03/2026 09:07:53
81212,457300.0,457.3,,,,457.3,08/03/2026 07:18:14
82076,457300.0,457.3,,,,457.3,08/03/2026 08:09:26
03324,457300.0,457.3,,,,457.3,08/03/2026 07:45:07
30667,457300.0,457.3,,,,457.3,08/03/2026 12:04:20
18091,457300.0,457.3,,,,457.3,08/03/2026 12:27:15
54667,423300.0,423.3,,,,423.3,08/03/2026 10:37:46
12011,284306.3,28430.8,,,,28430.8,08/03/2026 10:26:39
10155,921910.0,9219.1,,,,9219.1,08/03/2026 11:52:43
10155,294707.75,29471.2,,,,29471.2,08/03/2026 11:52:43
69980,285873.7,28587.2,,,,28587.2,08/03/2026 08:00:53
69980,285872.85,28587.2,,,,28587.2,08/03/2026 08:00:53
69980,306898.45,30690.1,,,,30690.1,08/03/2026 08:00:53
28540,455294.0,45529.4,,,,45529.4,08/03/2026 07:47:15
35846,444686.0,4447.2,,,,4447.2,11/03/2026 13:45:37
07322,416806.0,4168.4,,,,4168.4,12/03/2026 10:35:10
99297,207975.44999999998,2079.95,,,,2079.95,12/03/2026 09:01:07
97371,274329.0,2742.95,,,,2742.95,11/03/2026 15:45:09
05055,444660.5,,11116.3,,,11116.3,09/03/2026 12:09:28
00560,460955.0,4609.55,,,,4609.55,08/03/2026 08:09:32
28080,444618.0,44461.799999999996,,,,44461.799999999996,08/03/2026 07:39:40
59825,365840.0,3658.4,,,,3658.4,15/03/2026 08:45:39
14094,556136.2999999999,55613.799999999996,,,,55613.799999999996,15/03/2026 10:21:09
77376,381764.75,38176.9,,,,38176.9,14/03/2026 08:30:24
39997,431345.25,43134.95,,,,43134.95,08/03/2026 09:17:14
98717,447126.35,44712.549999999996,,,,44712.549999999996,08/03/2026 09:21:11
98717,285866.89999999997,28586.35,,,,28586.35,08/03/2026 09:21:11
01215,329800.0,329.8,,,,329.8,10/03/2026 11:11:36
18451,914543.0499999999,91454.9,,,,91454.9,08/03/2026 11:00:27
18451,457271.95,45727.45,,,,45727.45,08/03/2026 11:00:27
29139,444686.0,44468.6,,,,44468.6,08/03/2026 11:59:37
82566,444660.5,44466.049999999996,,,,44466.049999999996,10/03/2026 09:34:05
79289,345949.14999999997,345.95,,,,345.95,17/03/2026 08:54:23
11711,204180.19999999998,2041.7,,,,2041.7,12/03/2026 10:37:36
87332,435310.5,,10882.55,,,10882.55,11/03/2026 07:16:45
17787,423776.0,21188.8,,,,21188.8,15/03/2026 10:19:27
61616,13056.0,1174.7,,,,1174.7,16/03/2026 08:01:07
32897,146841.75,1468.8,,,,1468.8,11/03/2026 09:00:17
95999,141773.19999999998,1417.8,,,,1417.8,10/03/2026 11:46:33
78384,416806.0,4168.4,,,,4168.4,12/03/2026 07:47:40
60512,207907.44999999998,2079.1,,,,2079.1,10/03/2026 08:17:56
96109,284306.3,28430.8,,,,28430.8,13/03/2026 08:57:07
05441,416806.0,41680.6,,,,41680.6,10/03/2026 08:12:32
76699,444686.0,44468.6,,,,44468.6,12/03/2026 11:26:46
57817,407456.0,4074.9,,,,4074.9,15/03/2026 10:18:28
03690,434970.5,4349.45,,,,4349.45,15/03/2026 10:58:28
48746,419750.39999999997,41974.7,,,,41974.7,13/03/2026 10:23:29
73956,444686.0,44468.6,,,,44468.6,11/03/2026 07:10:50
27527,444686.0,44468.6,,,,44468.6,10/03/2026 11:23:10
44077,444686.0,,11117.15,,,11117.15,09/03/2026 10:32:06
46928,284376.0,2844.1,,,,2844.1,11/03/2026 07:16:59
95587,273103.3,2731.0499999999997,,,,2731.0499999999997,13/03/2026 11:35:02
61472,201149.94999999998,2011.1,,,,2011.1,10/03/2026 08:23:19
51349,416806.0,41680.6,,,,41680.6,08/03/2026 09:56:15
51349,284306.3,28430.8,,,,28430.8,08/03/2026 09:56:15
04753,457300.0,457.3,,,,457.3,09/03/2026 08:50:12
40501,911064.0,91106.4,,,,91106.4,08/03/2026 08:24:31
40501,426972.0,42697.2,,,,42697.2,08/03/2026 08:24:31
26855,460955.0,4609.55,,,,4609.55,07/03/2026 11:46:50
79127,433840.0,4338.4,,,,4338.4,10/03/2026 11:20:43
91872,433840.0,4338.4,,,,4338.4,10/03/2026 08:10:00
64725,406640.0,4066.4,,,,4066.4,08/03/2026 10:29:24
64725,813280.0,8132.8,,,,8132.8,08/03/2026 10:29:24
77560,297840.0,2978.4,,,,2978.4,11/03/2026 07:53:10
20974,230486.85,2305.2,,,,2305.2,10/03/2026 10:24:15
57845,456611.5,4566.2,,,,4566.2,10/03/2026 08:25:06
64115,457470.0,4574.7,,,,4574.7,11/03/2026 16:43:24
45643,457470.0,4574.7,,,,4574.7,10/03/2026 10:24:52
84147,515185.0,,12880.05,,,12880.05,09/03/2026 11:16:33
03684,457470.0,4574.7,,,,4574.7,10/03/2026 07:30:41
03723,433160.0,4331.599999999999,,,,4331.599999999999,14/03/2026 12:06:12
86459,250686.25,2506.65,,,,2506.65,10/03/2026 10:09:04
79267,410006.0,41000.6,,,,41000.6,12/03/2026 10:12:24
24267,416780.5,4167.55,,,,4167.55,11/03/2026 14:00:47
23313,444686.0,4447.2,,,,4447.2,10/03/2026 09:46:01
87926,416806.0,41680.6,,,,41680.6,09/03/2026 09:55:32
84190,416806.0,41680.6,,,,41680.6,09/03/2026 10:14:55
54519,188999.19999999998,1890.3999999999999,,,,1890.3999999999999,12/03/2026 11:42:08
84844,284376.0,28437.6,,,,28437.6,17/03/2026 07:33:06
53181,439761.95,,10993.9,,,10993.9,09/03/2026 08:35:02
88367,416109.0,4160.75,,,,4160.75,11/03/2026 10:39:13
95534,444635.0,4446.349999999999,,,,4446.349999999999,09/03/2026 09:37:27
58884,456450.0,456.45,,,,456.45,12/03/2026 07:49:42
98170,432360.14999999997,4323.95,,,,4323.95,16/03/2026 09:15:08
01177,428107.6,4281.45,,,,4281.45,10/03/2026 10:20:18
11752,444686.0,4447.2,,,,4447.2,08/03/2026 07:03:40
19037,189068.05,1890.3999999999999,,,,1890.3999999999999,09/03/2026 08:54:37
81608,405730.5,40573.049999999996,,,,40573.049999999996,09/03/2026 07:42:29
75201,428522.39999999997,,10713.4,,,10713.4,09/03/2026 10:02:06
07439,439086.2,4391.099999999999,,,,4391.099999999999,11/03/2026 10:39:20
85838,444686.0,44468.6,,,,44468.6,10/03/2026 21:58:25
70160,482749.0,,12069.15,,,12069.15,10/03/2026 07:36:35
61954,284306.3,28430.8,,,,28430.8,10/03/2026 10:23:46
17259,416806.0,4168.4,,,,4168.4,10/03/2026 10:27:27
91475,207975.44999999998,2079.95,,,,2079.95,10/03/2026 11:10:08
90117,431345.25,43134.95,,,,43134.95,17/03/2026 10:03:54
77674,444686.0,44468.6,,,,44468.6,09/03/2026 10:59:28
04592,457470.0,4574.7,,,,4574.7,12/03/2026 07:13:06
56692,488070.0,4880.7,,,,4880.7,10/03/2026 07:22:05
99256,468256.5,46825.65,,,,46825.65,10/03/2026 07:30:46
97333,488070.0,4880.7,,,,4880.7,09/03/2026 10:33:48
90152,228264.94999999998,2282.25,,,,2282.25,09/03/2026 07:40:01
69203,499800.0,499.8,,,,499.8,27/03/2026 10:47:21
41348,462553.0,46255.299999999996,,,,46255.299999999996,07/03/2026 08:41:15
39856,474300.0,237.15,,,,237.15,09/03/2026 08:17:10
50133,455532.0,,11388.3,,,11388.3,07/03/2026 08:43:17
50133,426972.0,42697.2,,,,42697.2,07/03/2026 08:43:17
50133,291240.6,29124.399999999998,,,,29124.399999999998,07/03/2026 08:43:17
25565,481202.0,48120.2,,,,48120.2,09/03/2026 09:30:40
59187,906100.0,906.1,,,,906.1,07/03/2026 10:59:42
59187,453050.0,453.05,,,,453.05,07/03/2026 10:59:42
30748,499800.0,499.8,,,,499.8,10/03/2026 07:34:57
60411,261731.15,2617.15,,,,2617.15,10/03/2026 11:59:46
71099,261813.6,261.8,,,,261.8,10/03/2026 11:54:00
97688,1683000.0,168.29999999999998,,,,168.29999999999998,09/03/2026 08:54:53
30075,260440.0,2604.4,,,,2604.4,10/03/2026 11:31:26
77679,213486.85,2135.2,,,,2135.2,11/03/2026 14:38:01
78537,488164.35,48816.35,,,,48816.35,09/03/2026 08:55:10
09621,437385.35,43738.45,,,,43738.45,07/03/2026 08:55:32
09621,437386.2,43738.45,,,,43738.45,07/03/2026 08:55:32
09621,409963.5,40996.35,,,,40996.35,07/03/2026 08:55:32
09621,300274.39999999997,30027.1,,,,30027.1,07/03/2026 08:55:32
75197,429343.5,42934.35,,,,42934.35,07/03/2026 08:43:58
75197,402424.85,40242.4,,,,40242.4,07/03/2026 08:43:58
75197,362048.14999999997,36204.9,,,,36204.9,07/03/2026 08:43:58
51381,433840.0,4338.4,,,,4338.4,07/03/2026 09:04:37
51381,406640.0,4066.4,,,,4066.4,07/03/2026 09:04:37
51381,277372.0,27737.2,,,,27737.2,07/03/2026 09:04:37
00085,433772.0,4337.55,,,,4337.55,12/03/2026 09:31:12
33580,437285.05,21864.55,,,,21864.55,08/03/2026 07:09:41
66909,432055.0,4320.55,,,,4320.55,09/03/2026 09:23:04
46438,453491.14999999997,4534.75,,,,4534.75,10/03/2026 09:19:24
11657,316382.75,31638.7,,,,31638.7,08/03/2026 08:46:15
22791,447126.35,447.09999999999997,,,,447.09999999999997,10/03/2026 12:06:37
15644,452582.5,4526.25,,,,4526.25,15/03/2026 07:34:11
79501,413247.89999999997,4132.7,,,,4132.7,11/03/2026 09:40:07
48284,450820.45,45082.299999999996,,,,45082.299999999996,09/03/2026 07:23:50
49758,460955.0,4609.55,,,,4609.55,10/03/2026 11:09:27
80372,465800.0,465.8,,,,465.8,09/03/2026 07:30:18
74856,439280.0,,1098.2,,,1098.2,10/03/2026 08:06:48
71295,358605.64999999997,35860.65,,,,35860.65,17/03/2026 10:42:37
40210,46149.049999999996,4614.65,,,,4614.65,10/03/2026 10:04:15
02567,433840.0,4338.4,,,,4338.4,11/03/2026 10:18:43
64271,433160.0,4331.599999999999,,,,4331.599999999999,13/03/2026 12:02:52
68618,406640.0,4066.4,,,,4066.4,09/03/2026 09:54:55
16693,433834.05,43383.15,,,,43383.15,07/03/2026 11:19:18
16693,813269.7999999999,81326.3,,,,81326.3,07/03/2026 11:19:18
16693,277368.6,27737.2,,,,27737.2,07/03/2026 11:19:18
23337,278800.0,278.8,,,,278.8,11/03/2026 09:02:45
89061,405960.0,4059.6,,,,4059.6,13/03/2026 09:20:42
92745,316455.0,3164.5499999999997,,,,3164.5499999999997,11/03/2026 08:42:06
63159,433840.0,4338.4,,,,4338.4,14/03/2026 10:54:11
13143,447126.35,44712.549999999996,,,,44712.549999999996,09/03/2026 10:42:22
00823,397290.0,3972.9,,,,3972.9,12/03/2026 11:35:41
31187,432905.0,4329.05,,,,4329.05,08/03/2026 13:13:34
19438,192259.8,1922.7,,,,1922.7,09/03/2026 09:56:30
83585,432055.0,4320.55,,,,4320.55,28/03/2026 08:45:35
58978,460955.0,4609.55,,,,4609.55,08/03/2026 11:12:55
74819,460955.0,4609.55,,,,4609.55,08/03/2026 10:56:11
52089,67190.8,6719.25,,,,6719.25,20/03/2026 08:47:51
96758,432055.0,4320.55,,,,4320.55,10/03/2026 10:10:18
41793,449939.0,4499.05,,,,4499.05,10/03/2026 08:42:24
42986,419366.2,,10483.9,,,10483.9,08/03/2026 09:54:48
90683,142436.19999999998,1424.6,,,,1424.6,10/03/2026 11:54:27
46796,294707.75,29471.2,,,,29471.2,11/03/2026 07:52:40
52116,451605.0,4516.05,,,,4516.05,09/03/2026 07:32:29
27733,483948.35,48394.75,,,,48394.75,09/03/2026 11:19:09
45365,406640.0,4066.4,,,,4066.4,07/03/2026 10:11:09
45365,731680.0,7316.8,,,,7316.8,07/03/2026 10:11:09
07669,433160.0,4331.599999999999,,,,4331.599999999999,16/03/2026 09:54:51
07225,542300.0,542.3,,,,542.3,27/03/2026 08:54:31
56718,177433.25,1773.95,,,,1773.95,10/03/2026 09:09:31
65992,449369.5,4493.95,,,,4493.95,09/03/2026 08:45:01
90027,432055.0,4320.55,,,,4320.55,17/03/2026 11:28:53
88594,433840.0,4338.4,,,,4338.4,07/03/2026 09:08:33
88594,813280.0,8132.8,,,,8132.8,07/03/2026 09:08:33
88594,406640.0,4066.4,,,,4066.4,07/03/2026 09:08:33
88594,365840.0,3658.4,,,,3658.4,07/03/2026 09:08:33
81727,131357.3,1313.25,,,,1313.25,09/03/2026 11:46:41
51709,279140.0,2791.4,,,,2791.4,09/03/2026 09:08:25
92515,412904.5,4129.3,,,,4129.3,08/03/2026 12:25:27
58677,433840.0,4338.4,,,,4338.4,07/03/2026 08:54:48
58677,433840.0,,1084.6,,,1084.6,07/03/2026 08:54:48
58677,731680.0,7316.8,,,,7316.8,07/03/2026 08:54:48
90945,409776.5,4097.849999999999,,,,4097.849999999999,08/03/2026 09:46:20
96034,449511.45,4494.8,,,,4494.8,11/03/2026 10:50:07
27229,432785.14999999997,43278.6,,,,43278.6,07/03/2026 09:24:35
27229,432784.3,43278.6,,,,43278.6,07/03/2026 09:24:35
27229,297115.8,29711.75,,,,29711.75,07/03/2026 09:24:35
32271,457300.0,457.3,,,,457.3,09/03/2026 11:54:50
97671,340792.2,34079.049999999996,,,,34079.049999999996,08/03/2026 11:23:56
30715,287773.45,28777.6,,,,28777.6,15/03/2026 11:53:02
84432,433840.0,4338.4,,,,4338.4,20/03/2026 07:29:00
11294,433840.0,4338.4,,,,4338.4,10/03/2026 11:26:10
87252,277440.0,2774.4,,,,2774.4,08/03/2026 08:49:37
94018,281505.55,28150.3,,,,28150.3,09/03/2026 11:06:08
07897,447126.35,447.09999999999997,,,,447.09999999999997,11/03/2026 09:27:47
40445,406640.0,4066.4,,,,4066.4,18/03/2026 08:54:19
24604,388705.0,3887.0499999999997,,,,3887.0499999999997,09/03/2026 07:25:14
31333,482833.14999999997,482.8,,,,482.8,09/03/2026 08:27:08
64555,434987.5,43498.75,,,,43498.75,07/03/2026 10:28:33
66454,195913.94999999998,1959.25,,,,1959.25,30/03/2026 09:35:54
98539,427465.0,4274.65,,,,4274.65,07/03/2026 10:47:12
02361,635715.0,6357.15,,,,6357.15,29/03/2026 08:52:42
10027,433840.0,4338.4,,,,4338.4,07/03/2026 12:07:34
10027,277372.0,27737.2,,,,27737.2,07/03/2026 12:07:34
10027,297772.0,29777.2,,,,29777.2,07/03/2026 12:07:34
11689,460232.5,4602.75,,,,4602.75,20/03/2026 08:26:43
15797,861312.65,86131.34999999999,,,,86131.34999999999,07/03/2026 08:58:11
84309,420824.8,42082.65,,,,42082.65,07/03/2026 09:50:27
84309,394440.8,39444.25,,,,39444.25,07/03/2026 09:50:27
84309,269051.35,26905.05,,,,26905.05,07/03/2026 09:50:27
84309,269050.5,26905.05,,,,26905.05,07/03/2026 09:50:27
22287,499800.0,499.8,,,,499.8,13/03/2026 11:32:24
42743,467874.0,46787.4,,,,46787.4,09/03/2026 11:40:59
55795,418455.0,4184.55,,,,4184.55,10/03/2026 11:31:20
50185,447126.35,44712.549999999996,,,,44712.549999999996,08/03/2026 08:15:26
46933,394440.8,39444.25,,,,39444.25,07/03/2026 09:45:43
46933,1183322.4,118332.75,,,,118332.75,07/03/2026 09:45:43
62539,305286.0,3053.2,,,,3053.2,12/03/2026 11:37:09
50318,416806.0,4168.4,,,,4168.4,08/03/2026 11:22:44
73621,444686.0,44468.6,,,,44468.6,08/03/2026 09:20:12
14513,444686.0,4447.2,,,,4447.2,10/03/2026 08:29:38
99210,732972.0,7330.4,,,,7330.4,09/03/2026 11:06:29
45992,444686.0,44468.6,,,,44468.6,09/03/2026 07:43:54
52939,284306.3,28430.8,,,,28430.8,11/03/2026 21:07:31
72964,416806.0,41680.6,,,,41680.6,09/03/2026 08:40:39
07920,431345.25,43134.95,,,,43134.95,08/03/2026 07:03:05
95362,395856.89999999997,39585.35,,,,39585.35,09/03/2026 11:19:37
64019,416806.0,41680.6,,,,41680.6,09/03/2026 10:12:17
82624,188999.19999999998,1890.3999999999999,,,,1890.3999999999999,09/03/2026 08:02:25
82881,367102.25,36710.65,,,,36710.65,11/03/2026 10:15:16
08617,416806.0,41680.6,,,,41680.6,08/03/2026 09:03:20
23016,406640.0,4066.4,,,,4066.4,10/03/2026 07:28:00
60140,406640.0,4066.4,,,,4066.4,09/03/2026 08:58:05
87605,275777.39999999997,27577.399999999998,,,,27577.399999999998,07/03/2026 08:12:08
92597,828325.85,8283.25,,,,8283.25,07/03/2026 08:36:14
92597,414162.5,41416.25,,,,41416.25,07/03/2026 08:36:14
92597,282503.45,28250.6,,,,28250.6,07/03/2026 08:36:14
29551,427187.05,42718.45,,,,42718.45,11/03/2026 21:28:56
82472,404301.64999999997,40430.25,,,,40430.25,09/03/2026 07:29:28
94741,428117.8,42811.95,,,,42811.95,07/03/2026 10:18:00
94741,273713.6,27371.7,,,,27371.7,07/03/2026 10:18:00
94741,361015.39999999997,36101.2,,,,36101.2,07/03/2026 10:18:00
59890,525300.0,525.3,,,,525.3,10/03/2026 10:48:43
84184,442221.0,4422.55,,,,4422.55,20/03/2026 08:25:30
61591,304215.0,3042.15,,,,3042.15,08/03/2026 12:07:59
87063,414800.0,414.8,,,,414.8,08/03/2026 12:05:53
79669,461864.5,46186.45,,,,46186.45,08/03/2026 10:38:06
77079,457470.0,4574.7,,,,4574.7,09/03/2026 11:29:51
02357,531760.0,2658.7999999999997,,,,2658.7999999999997,19/03/2026 08:48:18
16182,208067.25,2080.7999999999997,,,,2080.7999999999997,16/03/2026 10:15:51
61275,301565.55,3015.7999999999997,,,,3015.7999999999997,16/03/2026 11:48:49
00059,145811.55,1457.75,,,,1457.75,10/03/2026 10:02:03
00059,145812.4,1457.75,,,,1457.75,10/03/2026 10:02:03
18001,145601.6,1456.05,,,,1456.05,08/03/2026 10:24:36
17840,207082.1,2070.6,,,,2070.6,10/03/2026 07:51:00
19383,381922.0,3819.0499999999997,,,,3819.0499999999997,09/03/2026 10:24:17
83291,505191.55,,12630.15,,,12630.15,08/03/2026 11:33:44
83291,258262.3,25826.399999999998,,,,25826.399999999998,08/03/2026 11:33:44
83291,277257.25,27726.149999999998,,,,27726.149999999998,08/03/2026 11:33:44
70360,498950.0,498.95,,,,498.95,09/03/2026 08:23:57
93128,441974.5,44197.45,,,,44197.45,11/03/2026 07:20:50
63504,499800.0,499.8,,,,499.8,08/03/2026 07:06:21
18909,488750.0,488.75,,,,488.75,10/03/2026 08:37:54
91731,499800.0,499.8,,,,499.8,14/03/2026 12:01:56
31737,406640.0,4066.4,,,,4066.4,09/03/2026 08:34:38
71637,433840.0,4338.4,,,,4338.4,10/03/2026 08:37:09
11277,433840.0,4338.4,,,,4338.4,08/03/2026 09:04:54
73667,433160.0,4331.599999999999,,,,4331.599999999999,09/03/2026 11:42:06
53766,515950.0,515.9499999999999,,,,515.9499999999999,08/03/2026 09:28:01
95739,482800.0,482.8,,,,482.8,09/03/2026 12:01:36
05199,405296.14999999997,40529.7,,,,40529.7,15/03/2026 11:39:57
99884,408000.0,408.0,,,,408.0,14/03/2026 08:44:39
70155,465800.0,465.8,,,,465.8,08/03/2026 12:18:25
25029,499800.0,,124.95,,,124.95,09/03/2026 08:47:09
56053,215327.1,2153.0499999999997,,,,2153.0499999999997,11/03/2026 09:23:15
51226,214431.19999999998,2144.5499999999997,,,,2144.5499999999997,08/03/2026 11:41:21
98862,414800.0,414.8,,,,414.8,09/03/2026 11:06:37
60773,410380.0,4103.8,,,,4103.8,08/03/2026 08:56:11
80894,525249.0,52524.9,,,,52524.9,11/03/2026 09:42:42
01725,231999.85,2319.65,,,,2319.65,09/03/2026 08:20:51
70827,213571.0,2136.0499999999997,,,,2136.0499999999997,08/03/2026 11:52:10
67234,536877.0,5368.599999999999,,,,5368.599999999999,12/03/2026 09:31:36
94928,287062.0,28706.2,,,,28706.2,09/03/2026 07:14:23
91491,236628.1,2366.4,,,,2366.4,06/03/2026 10:36:07
54359,229528.9,22.95,,,,22.95,12/03/2026 10:23:20
59574,304300.0,304.3,,,,304.3,09/03/2026 11:28:07
30165,140315.44999999998,1403.35,,,,1403.35,26/03/2026 08:14:39
42833,488512.0,48851.2,,,,48851.2,09/03/2026 09:51:09
65948,499800.0,499.8,,,,499.8,08/03/2026 07:49:39
42613,394440.8,39444.25,,,,39444.25,06/03/2026 08:59:15
42613,354864.8,35486.65,,,,35486.65,06/03/2026 08:59:15
95497,432573.5,43257.35,,,,43257.35,06/03/2026 08:05:08
95497,405453.39999999997,405.45,,,,405.45,06/03/2026 08:05:08
95497,405452.55,405.45,,,,405.45,06/03/2026 08:05:08
68249,399840.0,3998.4,,,,3998.4,11/03/2026 09:02:20
40919,406261.75,406.3,,,,406.3,07/03/2026 10:03:56
07968,50575.0,2528.75,,,,2528.75,10/03/2026 07:44:28
44733,431212.64999999997,43121.35,,,,43121.35,06/03/2026 08:31:38
44733,404177.55,4041.75,,,,4041.75,06/03/2026 08:31:38
44733,363624.89999999997,36362.15,,,,36362.15,06/03/2026 08:31:38
33757,433840.0,4338.4,,,,4338.4,06/03/2026 08:28:55
33757,406640.0,4066.4,,,,4066.4,06/03/2026 08:28:55
33757,277372.0,27737.2,,,,27737.2,06/03/2026 08:28:55
01564,423444.5,4234.7,,,,4234.7,10/03/2026 08:03:34
13840,227252.6,2272.9,,,,2272.9,10/03/2026 07:13:24
63309,425790.5,4257.65,,,,4257.65,10/03/2026 09:04:57
45893,424490.0,4244.9,,,,4244.9,11/03/2026 09:02:44
85684,433160.0,4331.599999999999,,,,4331.599999999999,11/03/2026 07:45:09
84294,433160.0,4331.599999999999,,,,4331.599999999999,15/03/2026 11:32:39
22101,460955.0,4609.55,,,,4609.55,10/03/2026 09:01:16
58930,427796.5,4278.05,,,,4278.05,08/03/2026 11:39:49
62911,406640.0,4066.4,,,,4066.4,12/03/2026 11:56:05
11131,402560.0,4025.6,,,,4025.6,10/03/2026 12:01:28
80880,214353.0,2143.7,,,,2143.7,09/03/2026 07:56:08
24901,356464.5,3564.9,,,,3564.9,09/03/2026 08:53:48
34575,443818.14999999997,44381.9,,,,44381.9,08/03/2026 11:51:38
55976,17000.0,8.5,,,,8.5,08/03/2026 08:37:16
77304,132820.15,1329.3999999999999,,,,1329.3999999999999,09/03/2026 07:14:15
00165,418421.0,41842.1,,,,41842.1,09/03/2026 09:05:18
16024,295715.0,2957.15,,,,2957.15,08/03/2026 07:51:26
80430,422764.5,4227.9,,,,4227.9,11/03/2026 07:41:45
40555,405960.0,4059.6,,,,4059.6,09/03/2026 11:14:58
52735,279877.8,27987.95,,,,27987.95,08/03/2026 12:29:22
23647,472452.1,4724.3,,,,4724.3,07/03/2026 10:38:20
56735,438600.0,438.59999999999997,,,,438.59999999999997,08/03/2026 11:22:36
61164,329689.5,32968.95,,,,32968.95,09/03/2026 08:44:32
13718,488070.0,4880.7,,,,4880.7,11/03/2026 10:34:25
12330,472430.0,4724.3,,,,4724.3,08/03/2026 10:56:13
00770,491300.0,,1228.25,,,1228.25,08/03/2026 10:21:39
32684,503013.0,25150.649999999998,,,,25150.649999999998,14/03/2026 08:03:11
97237,465800.0,465.8,,,,465.8,08/03/2026 08:23:23
93328,71508.8,572.05,,,,572.05,09/03/2026 07:41:30
28779,499693.75,49969.799999999996,,,,49969.799999999996,08/03/2026 12:05:34
15157,456263.0,45626.299999999996,,,,45626.299999999996,08/03/2026 08:38:31
05119,473450.0,473.45,,,,473.45,08/03/2026 11:47:15
95273,416806.0,4168.4,,,,4168.4,08/03/2026 10:29:26
25102,275844.55,2758.25,,,,2758.25,08/03/2026 09:53:47
75681,395896.0,39589.6,,,,39589.6,09/03/2026 08:56:50
83532,416806.0,41680.6,,,,41680.6,08/03/2026 07:44:24
96437,374986.0,37498.6,,,,37498.6,09/03/2026 08:58:17
25013,416806.0,41680.6,,,,41680.6,11/03/2026 08:51:15
79704,406759.0,40675.9,,,,40675.9,14/03/2026 07:13:13
66993,443989.0,4439.55,,,,4439.55,09/03/2026 10:12:06
58298,444686.0,44468.6,,,,44468.6,08/03/2026 10:31:11
05754,444686.0,44468.6,,,,44468.6,06/03/2026 10:07:56
88439,444686.0,44468.6,,,,44468.6,13/03/2026 10:51:40
73364,284376.0,2844.1,,,,2844.1,09/03/2026 07:01:29
73609,416806.0,41680.6,,,,41680.6,09/03/2026 09:10:47
92979,284376.0,2844.1,,,,2844.1,08/03/2026 11:26:23
61907,444686.0,44468.6,,,,44468.6,08/03/2026 12:15:38
98760,444686.0,44468.6,,,,44468.6,09/03/2026 07:51:36
83842,411062.55,2055.2999999999997,,,,2055.2999999999997,09/03/2026 09:42:23
52710,305216.3,30521.8,,,,30521.8,08/03/2026 11:02:34
04435,444686.0,44468.6,,,,44468.6,10/03/2026 11:07:45
29590,416806.0,41680.6,,,,41680.6,13/03/2026 10:35:09
54474,374986.0,37498.6,,,,37498.6,14/03/2026 09:39:03
61510,14960.0,7480.0,,,,7480.0,07/03/2026 10:09:51
86061,416806.0,41680.6,,,,41680.6,08/03/2026 09:35:44
32397,444686.0,44468.6,,,,44468.6,07/03/2026 09:11:39
65550,443989.0,4439.55,,,,4439.55,09/03/2026 09:55:32
69001,370685.0,,9267.55,,,9267.55,09/03/2026 08:18:04
84015,407456.0,40745.6,,,,40745.6,09/03/2026 11:17:36
57446,405059.0,4050.25,,,,4050.25,07/03/2026 11:29:46
46628,444686.0,4447.2,,,,4447.2,09/03/2026 08:17:43
58223,444686.0,44468.6,,,,44468.6,09/03/2026 10:35:30
92157,416806.0,4168.4,,,,4168.4,10/03/2026 08:29:42
63441,384846.0,38484.6,,,,38484.6,08/03/2026 08:47:24
12308,404889.0,40488.9,,,,40488.9,09/03/2026 07:33:33
63507,403471.2,40346.95,,,,40346.95,05/03/2026 11:07:34
63507,433840.0,4338.4,,,,4338.4,05/03/2026 11:07:34
63507,277372.0,27737.2,,,,27737.2,05/03/2026 11:07:34
63507,365840.0,3658.4,,,,3658.4,05/03/2026 11:07:34
70580,414634.25,4146.3,,,,4146.3,08/03/2026 08:17:53
69147,488070.0,4880.7,,,,4880.7,10/03/2026 10:42:12
69147,488070.0,,12201.75,,,12201.75,10/03/2026 10:42:12
89170,109650.0,3837.75,,,,3837.75,11/03/2026 09:27:29
89170,135150.0,4730.25,,,,4730.25,11/03/2026 09:27:29
96395,277372.0,27737.2,,,,27737.2,05/03/2026 11:50:31
96395,731680.0,7316.8,,,,7316.8,05/03/2026 11:50:31
96395,365840.0,3658.4,,,,3658.4,05/03/2026 11:50:31
19819,406640.0,4066.4,,,,4066.4,05/03/2026 10:04:58
19819,277372.0,27737.2,,,,27737.2,05/03/2026 10:04:58
19819,554744.0,55474.4,,,,55474.4,05/03/2026 10:04:58
19819,365840.0,3658.4,,,,3658.4,05/03/2026 10:04:58
75051,813280.0,8132.8,,,,8132.8,05/03/2026 10:52:01
75051,554744.0,55474.4,,,,55474.4,05/03/2026 10:52:01
75051,277372.0,27737.2,,,,27737.2,05/03/2026 10:52:01
97419,433840.0,4338.4,,,,4338.4,05/03/2026 11:50:11
97419,554744.0,55474.4,,,,55474.4,05/03/2026 11:50:11
97419,277372.0,27737.2,,,,27737.2,05/03/2026 11:50:11
78096,493504.89999999997,49350.15,,,,49350.15,07/03/2026 09:00:56
84506,499800.0,499.8,,,,499.8,06/03/2026 09:38:09
37885,433840.0,4338.4,,,,4338.4,05/03/2026 10:07:29
37885,277372.0,27737.2,,,,27737.2,05/03/2026 10:07:29
58443,498916.0,49891.6,,,,49891.6,07/03/2026 10:51:14
69341,433840.0,4338.4,,,,4338.4,05/03/2026 08:37:15
69341,277372.0,27737.2,,,,27737.2,05/03/2026 08:37:15
90977,17000.0,8.5,,,,8.5,08/03/2026 08:46:53
28029,867680.0,8676.8,,,,8676.8,05/03/2026 09:02:58
28029,731680.0,7316.8,,,,7316.8,05/03/2026 09:02:58
01548,424490.0,4244.9,,,,4244.9,08/03/2026 07:39:33
56206,433840.0,4338.4,,,,4338.4,09/03/2026 10:34:39
89093,474300.0,237.15,,,,237.15,07/03/2026 09:31:38
92141,298137.5,29813.75,,,,29813.75,08/03/2026 10:46:20
41793,1683000.0,168.29999999999998,,,,168.29999999999998,08/03/2026 08:40:49
71485,519877.0,5198.599999999999,,,,5198.599999999999,29/03/2026 08:02:55
01403,525300.0,525.3,,,,525.3,07/03/2026 10:21:01
39860,448800.0,448.8,,,,448.8,08/03/2026 07:29:00
80146,456345.45,4563.65,,,,4563.65,08/03/2026 11:36:51
66557,404260.0,4042.6,,,,4042.6,05/03/2026 08:48:34
88253,433840.0,4338.4,,,,4338.4,05/03/2026 09:35:17
88253,554744.0,55474.4,,,,55474.4,05/03/2026 09:35:17
93821,433840.0,4338.4,,,,4338.4,05/03/2026 08:54:44
93821,406640.0,4066.4,,,,4066.4,05/03/2026 08:54:44
29323,423300.0,423.3,,,,423.3,06/03/2026 11:42:37
24352,491300.0,491.3,,,,491.3,06/03/2026 07:54:10
50194,525300.0,,1313.25,,,1313.25,07/03/2026 11:25:15
91587,460955.0,4609.55,,,,4609.55,06/03/2026 11:20:06
20486,525300.0,525.3,,,,525.3,06/03/2026 11:30:23
83651,448800.0,448.8,,,,448.8,08/03/2026 10:21:57
62237,477224.0,,11930.6,,,11930.6,06/03/2026 09:57:08
25086,465800.0,465.8,,,,465.8,08/03/2026 10:49:31
67793,448676.75,44868.1,,,,44868.1,06/03/2026 08:37:01
17521,406640.0,4066.4,,,,4066.4,07/03/2026 10:10:46
57326,460955.0,,11524.3,,,11524.3,10/03/2026 09:59:38
29072,420824.8,42082.65,,,,42082.65,12/03/2026 08:06:59
79201,406640.0,4066.4,,,,4066.4,05/03/2026 08:31:55
16137,878526.0,87852.59999999999,,,,87852.59999999999,05/03/2026 08:20:32
16137,439263.0,43926.299999999996,,,,43926.299999999996,05/03/2026 08:20:32
16137,411723.0,41172.299999999996,,,,41172.299999999996,05/03/2026 08:20:32
88501,406640.0,4066.4,,,,4066.4,05/03/2026 09:41:28
88501,813280.0,8132.8,,,,8132.8,05/03/2026 09:41:28
38066,433840.0,4338.4,,,,4338.4,05/03/2026 11:02:11
38066,297840.0,2978.4,,,,2978.4,05/03/2026 11:02:11
56840,432055.0,4320.55,,,,4320.55,06/03/2026 07:53:30
87585,498916.0,498.95,,,,498.95,07/03/2026 09:28:59
22749,433840.0,4338.4,,,,4338.4,05/03/2026 09:58:17
22749,542572.0,54257.2,,,,54257.2,05/03/2026 09:58:17
83157,1700000.0,170.0,,,,170.0,08/03/2026 08:45:17
87409,319498.0,31949.8,,,,31949.8,10/03/2026 08:41:11
71742,440543.1,44054.65,,,,44054.65,07/03/2026 11:10:51
30429,405960.0,4059.6,,,,4059.6,08/03/2026 09:06:24
86177,465800.0,465.8,,,,465.8,07/03/2026 08:55:39
35072,499800.0,499.8,,,,499.8,07/03/2026 07:03:55
92451,452387.0,45238.7,,,,45238.7,06/03/2026 10:53:25
14678,470514.1,23525.45,,,,23525.45,06/03/2026 11:24:28
39550,457167.39999999997,45716.4,,,,45716.4,06/03/2026 09:56:45
11681,464810.6,46481.4,,,,46481.4,07/03/2026 10:35:35
15465,499800.0,499.8,,,,499.8,07/03/2026 10:37:59
20950,280182.1,2801.6,,,,2801.6,09/03/2026 11:29:26
93994,444686.0,44468.6,,,,44468.6,07/03/2026 10:49:28
60874,444567.0,44456.7,,,,44456.7,06/03/2026 10:47:23
99997,284376.0,2844.1,,,,2844.1,06/03/2026 09:24:51
76552,393720.0,1968.6,,,,1968.6,08/03/2026 07:30:26
96878,440238.8,4402.15,,,,4402.15,09/03/2026 09:19:32
37538,416806.0,41680.6,,,,41680.6,06/03/2026 10:14:57
27192,444686.0,44468.6,,,,44468.6,07/03/2026 07:49:29
59313,433636.0,43363.6,,,,43363.6,07/03/2026 08:18:54
39406,384018.95,38402.15,,,,38402.15,08/03/2026 11:27:22
03988,482800.0,482.8,,,,482.8,09/03/2026 08:06:00
50286,444686.0,44468.6,,,,44468.6,08/03/2026 09:24:37
46438,416806.0,41680.6,,,,41680.6,07/03/2026 11:53:35
24458,444686.0,44468.6,,,,44468.6,06/03/2026 11:09:02
69658,267442.3,26744.399999999998,,,,26744.399999999998,08/03/2026 09:55:10
07640,422968.5,21148.85,,,,21148.85,06/03/2026 07:42:15
09621,416806.0,41680.6,,,,41680.6,07/03/2026 09:00:03
65517,335570.64999999997,33557.15,,,,33557.15,06/03/2026 10:21:24
93163,410006.0,4100.4,,,,4100.4,10/03/2026 11:58:00
75349,410468.39999999997,4104.65,,,,4104.65,07/03/2026 09:11:02
66728,374986.0,37498.6,,,,37498.6,07/03/2026 07:53:31
49131,423776.0,21188.8,,,,21188.8,20/03/2026 11:36:03
54907,444686.0,44468.6,,,,44468.6,06/03/2026 10:34:38
53272,423776.0,21188.8,,,,21188.8,07/03/2026 08:17:17
95329,284376.0,2844.1,,,,2844.1,06/03/2026 09:28:16
65891,444686.0,44468.6,,,,44468.6,06/03/2026 11:41:58
29737,431345.25,43134.95,,,,43134.95,07/03/2026 10:27:19
45208,444686.0,44468.6,,,,44468.6,06/03/2026 07:56:38
54599,412709.0,20635.45,,,,20635.45,07/03/2026 12:16:45
45920,374986.0,37498.6,,,,37498.6,06/03/2026 07:28:27
50166,284306.3,28430.8,,,,28430.8,12/03/2026 10:35:47
15542,444686.0,44468.6,,,,44468.6,19/03/2026 09:19:33
61552,17000.0,8.5,,,,8.5,08/03/2026 07:21:18
67296,444686.0,44468.6,,,,44468.6,06/03/2026 07:58:28
74654,416806.0,41680.6,,,,41680.6,17/03/2026 11:36:09
97816,416780.5,41678.049999999996,,,,41678.049999999996,06/03/2026 07:17:51
66369,416109.0,4160.75,,,,4160.75,07/03/2026 10:34:33
00175,443989.0,4439.55,,,,4439.55,07/03/2026 12:11:06
64619,374986.0,37498.6,,,,37498.6,06/03/2026 10:37:50
82727,416806.0,41680.6,,,,41680.6,06/03/2026 10:38:56
88483,416806.0,4168.4,,,,4168.4,07/03/2026 11:42:09
07205,444660.5,44466.049999999996,,,,44466.049999999996,07/03/2026 10:10:48
67398,429821.2,,10745.699999999999,,,10745.699999999999,08/03/2026 11:14:20
61418,433840.0,4338.4,,,,4338.4,10/03/2026 10:56:23
81429,416806.0,41680.6,,,,41680.6,08/03/2026 08:34:46
29790,406640.0,4066.4,,,,4066.4,09/03/2026 09:54:36
65752,404301.64999999997,40430.25,,,,40430.25,08/03/2026 08:13:18
34067,281537.0,28153.7,,,,28153.7,07/03/2026 10:42:59
73375,304300.0,304.3,,,,304.3,06/03/2026 10:15:42
46254,416806.0,41680.6,,,,41680.6,07/03/2026 11:09:40
49735,284376.0,2844.1,,,,2844.1,11/03/2026 10:47:30
56493,409776.5,4097.849999999999,,,,4097.849999999999,14/03/2026 08:40:32
96710,435336.0,43533.6,,,,43533.6,08/03/2026 09:38:26
43301,498916.0,49891.6,,,,49891.6,07/03/2026 08:37:18
95924,1785000.0,178.5,,,,178.5,09/03/2026 07:51:15
20856,277440.0,2774.4,,,,2774.4,07/03/2026 08:45:27
02490,395590.0,3955.9,,,,3955.9,06/03/2026 11:03:29
59706,416738.0,4167.55,,,,4167.55,06/03/2026 09:58:57
49138,305286.0,30528.6,,,,30528.6,09/03/2026 11:12:27
34159,430346.5,4303.55,,,,4303.55,08/03/2026 11:48:35
16309,459779.45,45978.2,,,,45978.2,15/03/2026 08:27:49
54369,403155.0,4031.5499999999997,,,,4031.5499999999997,07/03/2026 09:57:14
52739,395542.39999999997,3955.0499999999997,,,,3955.0499999999997,08/03/2026 12:42:38
32479,477417.8,47741.95,,,,47741.95,06/03/2026 11:53:01
07548,433840.0,4338.4,,,,4338.4,06/03/2026 07:06:35
68213,329800.0,329.8,,,,329.8,08/03/2026 09:03:35
78813,515185.0,5151.849999999999,,,,5151.849999999999,06/03/2026 08:22:43
28087,465800.0,465.8,,,,465.8,12/03/2026 11:35:17
65838,525300.0,525.3,,,,525.3,08/03/2026 10:50:43
71105,1683000.0,168.29999999999998,,,,168.29999999999998,05/03/2026 08:42:54
13844,542300.0,542.3,,,,542.3,06/03/2026 07:54:28
15839,423300.0,423.3,,,,423.3,07/03/2026 11:41:59
16849,628532.5,62853.25,,,,62853.25,06/03/2026 08:22:18
42911,507450.0,507.45,,,,507.45,13/03/2026 11:13:52
65385,453249.75,4532.2,,,,4532.2,07/03/2026 09:34:46
57910,457486.14999999997,45748.7,,,,45748.7,09/03/2026 10:24:06
85052,430193.5,43019.35,,,,43019.35,06/03/2026 07:15:15
44764,424320.0,,1060.8,,,1060.8,07/03/2026 07:57:58
15129,277440.0,2774.4,,,,2774.4,11/03/2026 09:46:28
27555,424490.0,4244.9,,,,4244.9,07/03/2026 11:58:34
93109,498916.0,49891.6,,,,49891.6,06/03/2026 08:13:06
23688,488784.0,488.75,,,,488.75,05/03/2026 07:52:43
80980,460079.5,23004.399999999998,,,,23004.399999999998,10/03/2026 07:13:57
56371,304300.0,304.3,,,,304.3,11/03/2026 13:11:32
89051,304215.0,15210.75,,,,15210.75,08/03/2026 11:38:50
83901,518426.05,25921.6,,,,25921.6,06/03/2026 08:48:02
44856,353600.0,176.79999999999998,,,,176.79999999999998,14/03/2026 07:55:25
91551,8160.0,4080.0,,,,4080.0,06/03/2026 11:12:11
73852,493324.7,,1233.35,,,1233.35,06/03/2026 07:36:08
42375,328559.0,16427.95,,,,16427.95,08/03/2026 11:55:12
04617,542300.0,,1355.75,,,1355.75,08/03/2026 10:06:38
04541,498100.0,249.04999999999998,,,,249.04999999999998,07/03/2026 10:16:28
42385,492430.5,24621.95,,,,24621.95,13/03/2026 08:33:02
80593,433840.0,4338.4,,,,4338.4,09/03/2026 09:53:35
33490,432055.0,21602.75,,,,21602.75,07/03/2026 11:49:33
38811,423470.0,2117.35,,,,2117.35,05/03/2026 11:37:28
20090,464100.0,232.04999999999998,,,,232.04999999999998,07/03/2026 10:10:34
68259,433840.0,2169.2,,,,2169.2,07/03/2026 10:48:53
35644,426470.5,4264.45,,,,4264.45,05/03/2026 07:53:27
10477,420824.8,4208.349999999999,,,,4208.349999999999,08/03/2026 10:17:33
61615,66328.05,6633.4,,,,6633.4,06/03/2026 10:03:01
00267,442000.0,221.0,,,,221.0,09/03/2026 10:49:08
90773,498916.0,498.95,,,,498.95,11/03/2026 08:43:02
49306,508300.0,254.15,,,,254.15,06/03/2026 09:23:06
41044,482215.2,24111.1,,,,24111.1,08/03/2026 07:39:41
25077,482800.0,241.4,,,,241.4,06/03/2026 08:56:52
59491,277440.0,2774.4,,,,2774.4,07/03/2026 10:46:42
50134,542521.0,,13563.449999999999,,,13563.449999999999,06/03/2026 10:05:50
06122,634015.0,31700.75,,,,31700.75,10/03/2026 11:10:50
49852,405960.0,4059.6,,,,4059.6,07/03/2026 07:38:17
86955,430139.95,21506.7,,,,21506.7,06/03/2026 12:16:05
86955,430140.8,21506.7,,,,21506.7,06/03/2026 12:16:05
45023,424456.0,21222.8,,,,21222.8,08/03/2026 11:16:03
73945,414071.55,20703.45,,,,20703.45,09/03/2026 09:15:47
57733,455640.8,22781.7,,,,22781.7,07/03/2026 08:25:14
