sku_id,product_id,product_name,price,store_name,store_code
1730706088342881879,1730706121172026967,Sepatu Tribune Away Maroon,530400.0,Toko Sepatu Bandung,IDLCPDWXGD
1730706107471988311,1730706116728161879,Sepatu Tribune Home Black,537200.0,Toko Sepatu Bandung,IDLCPDWXGD
1730706106318554711,1730706116728161879,Sepatu Tribune Home Black,514488.0,Toko Sepatu Bandung,IDLCPDWXGD
1730651001345574487,1730651021212354135,Sepatu Tribune Navy Gum,447304.0,Toko Sepatu Bandung,IDLCPDWXGD
1729677743140866647,1729677743140473431,Sepatu Retrograde Low Black White,431800.0,Toko Sepatu Bandung,IDLCPDWXGD
1730706088342816343,1730706121172026967,Sepatu Tribune Away Maroon,530400.0,Toko Sepatu Bandung,IDLCPDWXGD
1730706106318751319,1730706116728161879,Sepatu Tribune Home Black,470900.0,Toko Sepatu Bandung,IDLCPDWXGD
1730650983638861399,1730651021212354135,Sepatu Tribune Navy Gum,489600.0,Toko Sepatu Bandung,IDLCPDWXGD
1730121322704897411,1729583996951366019,Sepatu Gazelle Low Black White / Cream / White Blue / White red / Black Gum,312800.0,Toko Sepatu Bandung,IDLCT8WHEM
1729677734993037911,1729677734992710231,Sepatu Gazelle Hi Black White,327808.45,Toko Sepatu Bandung,IDLCPDWXGD
1730121322705028483,1729583996951366019,Sepatu Gazelle Low Black White / Cream / White Blue / White red / Black Gum,298248.0,Toko Sepatu Bandung,IDLCT8WHEM
1730706088343078487,1730706121172026967,Sepatu Tribune Away Maroon,499800.0,Toko Sepatu Bandung,IDLCPDWXGD
1730706088342881879,1730706121172026967,Sepatu Tribune Away Maroon,499800.0,Toko Sepatu Bandung,IDLCPDWXGD
1731927306072196695,1731927283872138839,Sepatu Tribune Shadow,499800.0,Toko Sepatu Bandung,IDLCPDWXGD
1733552670791534167,1733552673577535063,Sepatu Tribune Kids White Blue,222370.19999999998,Toko Sepatu Bandung,IDLCPDWXGD
1730706088342947415,1730706121172026967,Sepatu Tribune Away Maroon,465550.1,Toko Sepatu Bandung,IDLCPDWXGD
1730793833131443799,1730793845432550999,Sepatu Jersey LS Home Black,329800.0,Toko Sepatu Bandung,IDLCPDWXGD
1733552678294423127,1733552678688163415,Sepatu Tribune Kids Shadow,222370.19999999998,Toko Sepatu Bandung,IDLCPDWXGD
1734483831936943491,1734483785564784003,Slider Mono Black / Mono Grey / Mono Beige / Black,255438.6,Toko Sepatu Bandung,IDLCT8WHEM
1730651001345640023,1730651021212354135,Sepatu Tribune Navy Gum,507996.55,Toko Sepatu Bandung,IDLCPDWXGD
1730706088342816343,1730706121172026967,Sepatu Tribune Away Maroon,457300.0,Toko Sepatu Bandung,IDLCPDWXGD
1734483831936943491,1734483785564784003,Slider Mono Black / Mono Grey / Mono Beige / Black,262650.0,Toko Sepatu Bandung,IDLCT8WHEM
1730174743203972695,1730174756446373463,Sepatu Tribune Black Gum,465800.0,Toko Sepatu Bandung,IDLCPDWXGD
1731927306072000087,1731927283872138839,Sepatu Tribune Shadow,454846.89999999997,Toko Sepatu Bandung,IDLCPDWXGD
1730706088342816343,1730706121172026967,Sepatu Tribune Away Maroon,499800.0,Toko Sepatu Bandung,IDLCPDWXGD
1729677755464518231,1729677755464059479,Sepatu Gazelle Low Black White,295272.14999999997,Toko Sepatu Bandung,IDLCPDWXGD
1729677759600167511,1729677759599905367,Sepatu Gazelle Low Cream,304215.0,Toko Sepatu Bandung,IDLCPDWXGD
1730174772819822167,1730174848005801559,Sepatu Tribune Red Gum,467355.5,Toko Sepatu Bandung,IDLCPDWXGD
1731927306072065623,1731927283872138839,Sepatu Tribune Shadow,498100.0,Toko Sepatu Bandung,IDLCPDWXGD
1731927306071737943,1731927283872138839,Sepatu Tribune Shadow,536115.4,Toko Sepatu Bandung,IDLCPDWXGD
1731927306071803479,1731927283872138839,Sepatu Tribune Shadow,531938.5,Toko Sepatu Bandung,IDLCPDWXGD
1729677761805257303,1729677761804798551,Sepatu Gazelle Low White Red,303333.55,Toko Sepatu Bandung,IDLCPDWXGD
1729677759600167511,1729677759599905367,Sepatu Gazelle Low Cream,295715.0,Toko Sepatu Bandung,IDLCPDWXGD
1731927306072131159,1731927283872138839,Sepatu Tribune Shadow,515578.55,Toko Sepatu Bandung,IDLCPDWXGD
1731016355289269416,1731016368585475240,Paket Pembersih Sepatu Suede & Nubuck / Suede Brush + Suede Eraser Bonus Tali Sepatu,15792.15,Store_0,IDLCEHLLQ6
1729561361792992855,1729561362209539671,Sepatu Retrograde Low Triple Black,396988.25,Toko Sepatu Bandung,IDLCPDWXGD
1731927306071934551,1731927283872138839,Sepatu Tribune Shadow,508300.0,Toko Sepatu Bandung,IDLCPDWXGD
1730174772503152215,1730174800969827927,Sepatu Tribune White Blue,431889.25,Toko Sepatu Bandung,IDLCPDWXGD
1730706088342685271,1730706121172026967,Sepatu Tribune Away Maroon,542300.0,Toko Sepatu Bandung,IDLCPDWXGD
1731927306071869015,1731927283872138839,Sepatu Tribune Shadow,493051.0,Toko Sepatu Bandung,IDLCPDWXGD
1734483831936681347,1734483785564784003,Slider Mono Black / Mono Grey / Mono Beige / Black,296650.0,Toko Sepatu Bandung,IDLCT8WHEM
1730706107471988311,1730706116728161879,Sepatu Tribune Home Black,521900.0,Toko Sepatu Bandung,IDLCPDWXGD
1729677746703469143,1729677747184175703,Sepatu Retrograde Low White Blue,445400.0,Toko Sepatu Bandung,IDLCPDWXGD
1730706106318620247,1730706116728161879,Sepatu Tribune Home Black,542300.0,Toko Sepatu Bandung,IDLCPDWXGD
1730310850770470154,1730310857824109834,Paket 6 Pasang Kaos Kaki Oldschool Polos Panjang Dewasa Pria Wanita / Kaos Kaki Polos Cewek Cowok Sporty/Olahraga/Kerja/Casual Remaja Unisex Nyaman Tebal,28858.35,Store_1,IDLCJYLTBL
1733552628118357591,1733552668343567959,Sepatu Gazelle Kids Hi Black White,202303.4,Toko Sepatu Bandung,IDLCPDWXGD
1730706106318554711,1730706116728161879,Sepatu Tribune Home Black,527002.5499999999,Toko Sepatu Bandung,IDLCPDWXGD
1730310858187965706,1730310857824109834,Paket 6 Pasang Kaos Kaki Oldschool Polos Panjang Dewasa Pria Wanita / Kaos Kaki Polos Cewek Cowok Sporty/Olahraga/Kerja/Casual Remaja Unisex Nyaman Tebal,28858.35,Store_1,IDLCJYLTBL
1730121322704962947,1729583996951366019,Sepatu Gazelle Low Black White / Cream / White Blue / White red / Black Gum,302756.39999999997,Toko Sepatu Bandung,IDLCT8WHEM
1731927306072000087,1731927283872138839,Sepatu Tribune Shadow,473408.35,Toko Sepatu Bandung,IDLCPDWXGD
1730706088343012951,1730706121172026967,Sepatu Tribune Away Maroon,473409.2,Toko Sepatu Bandung,IDLCPDWXGD
1730651001345705559,1730651021212354135,Sepatu Tribune Navy Gum,443728.05,Toko Sepatu Bandung,IDLCPDWXGD
1730651001345508951,1730651021212354135,Sepatu Tribune Navy Gum,443727.2,Toko Sepatu Bandung,IDLCPDWXGD
1730174743203972695,1730174756446373463,Sepatu Tribune Black Gum,443727.2,Toko Sepatu Bandung,IDLCPDWXGD
1730706106318751319,1730706116728161879,Sepatu Tribune Home Black,477224.0,Toko Sepatu Bandung,IDLCPDWXGD
1730149094126487112,1730148724140508744,Mybasic - Boxy Crop T-Shirt Kaos Boxy Fit with Cotton Combed 24s dengan 200 gsm ++,54583.6,Store_2,IDLCUQLL7K
1730149094126093896,1730148724140508744,Mybasic - Boxy Crop T-Shirt Kaos Boxy Fit with Cotton Combed 24s dengan 200 gsm ++,54583.6,Store_2,IDLCUQLL7K
1731622765730432599,1731622711600252503,Sepatu Tribune Home Olive,486772.05,Toko Sepatu Bandung,IDLCPDWXGD
1730706106318554711,1730706116728161879,Sepatu Tribune Home Black,462907.45,Toko Sepatu Bandung,IDLCPDWXGD
1729677758327130711,1729677758326606423,Sepatu Gazelle Low White Blue,336515.0,Toko Sepatu Bandung,IDLCPDWXGD
1731927306072131159,1731927283872138839,Sepatu Tribune Shadow,488070.0,Toko Sepatu Bandung,IDLCPDWXGD
1731401465609619031,1731401464730912343,Sepatu Retrograde Camp Low Camel,424864.0,Toko Sepatu Bandung,IDLCPDWXGD
1731016355289203880,1731016368585475240,Paket Pembersih Sepatu Suede & Nubuck / Suede Brush + Suede Eraser Bonus Tali Sepatu,8500.0,Store_0,IDLCEHLLQ6
1734483831936681347,1734483785564784003,Slider Mono Black / Mono Grey / Mono Beige / Black,285600.0,Toko Sepatu Bandung,IDLCT8WHEM
1729768205592725079,1729768199000000087,Sepatu Retrograde Slip On Herringbone Black,416500.0,Toko Sepatu Bandung,IDLCPDWXGD
1730651001345771095,1730651021212354135,Sepatu Tribune Navy Gum,508300.0,Toko Sepatu Bandung,IDLCPDWXGD
1731927306071869015,1731927283872138839,Sepatu Tribune Shadow,476224.39999999997,Toko Sepatu Bandung,IDLCPDWXGD
1730310850770601226,1730310857824109834,Paket 6 Pasang Kaos Kaki Oldschool Polos Panjang Dewasa Pria Wanita / Kaos Kaki Polos Cewek Cowok Sporty/Olahraga/Kerja/Casual Remaja Unisex Nyaman Tebal,29070.85,Store_1,IDLCJYLTBL
1730174772503152215,1730174800969827927,Sepatu Tribune White Blue,447304.0,Toko Sepatu Bandung,IDLCPDWXGD
1734425038707263437,1734425036497455053,Dimsum Lumer Goreng Yummie Pajajaran,14892.0,Store_3,IDLCENWVUX
1734425015590225869,1734424955900757965,Dimsum Mentai Yummie Pajajaran,14892.0,Store_3,IDLCENWVUX
1729677758327130711,1729677758326606423,Sepatu Gazelle Low White Blue,337365.0,Toko Sepatu Bandung,IDLCPDWXGD
1729677755464583767,1729677755464059479,Sepatu Gazelle Low Black White,308576.35,Toko Sepatu Bandung,IDLCPDWXGD
1731927306072262231,1731927283872138839,Sepatu Tribune Shadow,462907.45,Toko Sepatu Bandung,IDLCPDWXGD
1731308689765270915,1729768344261264771,Sepatu Tribune Black Gum / White Blue / Navy Gum / Home Black / Away Maroon,533800.0,Toko Sepatu Bandung,IDLCT8WHEM
1729677755464452695,1729677755464059479,Sepatu Gazelle Low Black White,291210.0,Toko Sepatu Bandung,IDLCPDWXGD
1730310850770535690,1730310857824109834,Paket 6 Pasang Kaos Kaki Oldschool Polos Panjang Dewasa Pria Wanita / Kaos Kaki Polos Cewek Cowok Sporty/Olahraga/Kerja/Casual Remaja Unisex Nyaman Tebal,28858.35,Store_1,IDLCJYLTBL
1731927306072065623,1731927283872138839,Sepatu Tribune Shadow,526347.2,Toko Sepatu Bandung,IDLCPDWXGD
1730706088342750807,1730706121172026967,Sepatu Tribune Away Maroon,530400.0,Toko Sepatu Bandung,IDLCPDWXGD
1731622765730235991,1731622711600252503,Sepatu Tribune Home Olive,535500.0,Toko Sepatu Bandung,IDLCPDWXGD
1730651001345640023,1730651021212354135,Sepatu Tribune Navy Gum,447304.0,Toko Sepatu Bandung,IDLCPDWXGD
1730706107471922775,1730706116728161879,Sepatu Tribune Home Black,460955.0,Toko Sepatu Bandung,IDLCPDWXGD
1731016355289269416,1731016368585475240,Paket Pembersih Sepatu Suede & Nubuck / Suede Brush + Suede Eraser Bonus Tali Sepatu,16320.0,Store_0,IDLCEHLLQ6
1729677758275684951,1729677758275553879,Sepatu Gazelle Low Black Gum,346715.0,Toko Sepatu Bandung,IDLCPDWXGD
1729677755464518231,1729677755464059479,Sepatu Gazelle Low Black White,298479.2,Toko Sepatu Bandung,IDLCPDWXGD
1734650508941428099,1734483785564784003,Slider Mono Black / Mono Grey / Mono Beige / Black,293913.85,Toko Sepatu Bandung,IDLCT8WHEM
1729677746703534679,1729677747184175703,Sepatu Retrograde Low White Blue,445952.5,Toko Sepatu Bandung,IDLCPDWXGD
1730868728727504471,1730868777127282263,Sepatu Tribune White Green,482647.0,Toko Sepatu Bandung,IDLCPDWXGD
1729677758326868567,1729677758326606423,Sepatu Gazelle Low White Blue,304215.0,Toko Sepatu Bandung,IDLCPDWXGD
1731927306072000087,1731927283872138839,Sepatu Tribune Shadow,530400.0,Toko Sepatu Bandung,IDLCPDWXGD
1729677755464518231,1729677755464059479,Sepatu Gazelle Low Black White,346715.0,Toko Sepatu Bandung,IDLCPDWXGD
1730706106318751319,1730706116728161879,Sepatu Tribune Home Black,528700.0,Toko Sepatu Bandung,IDLCPDWXGD
1730651001345705559,1730651021212354135,Sepatu Tribune Navy Gum,507307.2,Toko Sepatu Bandung,IDLCPDWXGD
1729677736926808663,1729677736926480983,Sepatu Retrograde Hi Decon Black White,465800.0,Toko Sepatu Bandung,IDLCPDWXGD
1730706088343012951,1730706121172026967,Sepatu Tribune Away Maroon,466378.0,Toko Sepatu Bandung,IDLCPDWXGD
1729677755464518231,1729677755464059479,Sepatu Gazelle Low Black White,319823.55,Toko Sepatu Bandung,IDLCPDWXGD
1729561361793123927,1729561362209539671,Sepatu Retrograde Low Triple Black,440300.0,Toko Sepatu Bandung,IDLCPDWXGD
1730706107471922775,1730706116728161879,Sepatu Tribune Home Black,542300.0,Toko Sepatu Bandung,IDLCPDWXGD
1730706088342947415,1730706121172026967,Sepatu Tribune Away Maroon,518500.0,Toko Sepatu Bandung,IDLCPDWXGD
1734483831936943491,1734483785564784003,Slider Mono Black / Mono Grey / Mono Beige / Black,294950.0,Toko Sepatu Bandung,IDLCT8WHEM
1730174743203776087,1730174756446373463,Sepatu Tribune Black Gum,491300.0,Toko Sepatu Bandung,IDLCPDWXGD
1729677746703469143,1729677747184175703,Sepatu Retrograde Low White Blue,448519.5,Toko Sepatu Bandung,IDLCPDWXGD
1729677734993168983,1729677734992710231,Sepatu Gazelle Hi Black White,355215.0,Toko Sepatu Bandung,IDLCPDWXGD
1731927306071869015,1731927283872138839,Sepatu Tribune Shadow,532100.0,Toko Sepatu Bandung,IDLCPDWXGD
1733832644722525645,1733832463907390925,Cartiera Loco Shirt Scuba 280 GSM Boxy Shirt Pria Kaos Polos Lengan Pendek Cowok,101150.0,Store_4,IDLCTKL22Q
1730174743203841623,1730174756446373463,Sepatu Tribune Black Gum,508300.0,Toko Sepatu Bandung,IDLCPDWXGD
1729677755464518231,1729677755464059479,Sepatu Gazelle Low Black White,338215.0,Toko Sepatu Bandung,IDLCPDWXGD
1730174772503152215,1730174800969827927,Sepatu Tribune White Blue,440226.89999999997,Toko Sepatu Bandung,IDLCPDWXGD
1730706088342947415,1730706121172026967,Sepatu Tribune Away Maroon,459039.95,Toko Sepatu Bandung,IDLCPDWXGD
1730651001345705559,1730651021212354135,Sepatu Tribune Navy Gum,430260.64999999997,Toko Sepatu Bandung,IDLCPDWXGD
1730174743204038231,1730174756446373463,Sepatu Tribune Black Gum,430260.64999999997,Toko Sepatu Bandung,IDLCPDWXGD
1730706088343078487,1730706121172026967,Sepatu Tribune Away Maroon,498100.0,Toko Sepatu Bandung,IDLCPDWXGD
1729677734993300055,1729677734992710231,Sepatu Gazelle Hi Black White,329715.0,Toko Sepatu Bandung,IDLCPDWXGD
1730706088342750807,1730706121172026967,Sepatu Tribune Away Maroon,515499.5,Toko Sepatu Bandung,IDLCPDWXGD
1733814103211148887,1731622711600252503,Sepatu Tribune Home Olive,491470.0,Toko Sepatu Bandung,IDLCPDWXGD
1731927306071934551,1731927283872138839,Sepatu Tribune Shadow,497636.75,Toko Sepatu Bandung,IDLCPDWXGD
1730706106318685783,1730706116728161879,Sepatu Tribune Home Black,499800.0,Toko Sepatu Bandung,IDLCPDWXGD
1731927306071869015,1731927283872138839,Sepatu Tribune Shadow,495455.64999999997,Toko Sepatu Bandung,IDLCPDWXGD
1729677755464583767,1729677755464059479,Sepatu Gazelle Low Black White,294865.0,Toko Sepatu Bandung,IDLCPDWXGD
1731927306072196695,1731927283872138839,Sepatu Tribune Shadow,436999.45,Toko Sepatu Bandung,IDLCPDWXGD
1731927306071934551,1731927283872138839,Sepatu Tribune Shadow,432710.35,Toko Sepatu Bandung,IDLCPDWXGD
1730706088342750807,1730706121172026967,Sepatu Tribune Away Maroon,490450.0,Toko Sepatu Bandung,IDLCPDWXGD
1731622713472812631,1731622766964541015,Sepatu Tribune Away Ocean,499800.0,Toko Sepatu Bandung,IDLCPDWXGD
1729677743141128791,1729677743140473431,Sepatu Retrograde Low Black White,254745.0,Toko Sepatu Bandung,IDLCPDWXGD
1731308725957920131,1729768344261264771,Sepatu Tribune Black Gum / White Blue / Navy Gum / Home Black / Away Maroon,420165.2,Toko Sepatu Bandung,IDLCT8WHEM
1731927306072131159,1731927283872138839,Sepatu Tribune Shadow,488311.39999999997,Toko Sepatu Bandung,IDLCPDWXGD
1729677759600233047,1729677759599905367,Sepatu Gazelle Low Cream,269050.5,Toko Sepatu Bandung,IDLCPDWXGD
1730706107471988311,1730706116728161879,Sepatu Tribune Home Black,498074.5,Toko Sepatu Bandung,IDLCPDWXGD
1730174743203972695,1730174756446373463,Sepatu Tribune Black Gum,406300.0,Toko Sepatu Bandung,IDLCPDWXGD
1730174743203841623,1730174756446373463,Sepatu Tribune Black Gum,456280.0,Toko Sepatu Bandung,IDLCPDWXGD
1730121322705028483,1729583996951366019,Sepatu Gazelle Low Black White / Cream / White Blue / White red / Black Gum,305184.0,Toko Sepatu Bandung,IDLCT8WHEM
1729677758275947095,1729677758275553879,Sepatu Gazelle Low Black Gum,192371.15,Toko Sepatu Bandung,IDLCPDWXGD
1730149094126093896,1730148724140508744,Mybasic - Boxy Crop T-Shirt Kaos Boxy Fit with Cotton Combed 24s dengan 200 gsm ++,56363.5,Store_2,IDLCUQLL7K
1730174772503086679,1730174800969827927,Sepatu Tribune White Blue,491300.0,Toko Sepatu Bandung,IDLCPDWXGD
1734483831936943491,1734483785564784003,Slider Mono Black / Mono Grey / Mono Beige / Black,288150.0,Toko Sepatu Bandung,IDLCT8WHEM
1730706088342685271,1730706121172026967,Sepatu Tribune Away Maroon,457300.0,Toko Sepatu Bandung,IDLCPDWXGD
1731079464715388291,1729768344261264771,Sepatu Tribune Black Gum / White Blue / Navy Gum / Home Black / Away Maroon,429607.0,Toko Sepatu Bandung,IDLCT8WHEM
1730706088342947415,1730706121172026967,Sepatu Tribune Away Maroon,487050.0,Toko Sepatu Bandung,IDLCPDWXGD
1729677755464387159,1729677755464059479,Sepatu Gazelle Low Black White,302515.0,Toko Sepatu Bandung,IDLCPDWXGD
1730706107472053847,1730706116728161879,Sepatu Tribune Home Black,499800.0,Toko Sepatu Bandung,IDLCPDWXGD
1729677758275816023,1729677758275553879,Sepatu Gazelle Low Black Gum,302515.0,Toko Sepatu Bandung,IDLCPDWXGD
1731927306072065623,1731927283872138839,Sepatu Tribune Shadow,431345.25,Toko Sepatu Bandung,IDLCPDWXGD
1731622765730235991,1731622711600252503,Sepatu Tribune Home Olive,431346.1,Toko Sepatu Bandung,IDLCPDWXGD
1731622713472943703,1731622766964541015,Sepatu Tribune Away Ocean,431345.25,Toko Sepatu Bandung,IDLCPDWXGD
1730868728727897687,1730868777127282263,Sepatu Tribune White Green,431345.25,Toko Sepatu Bandung,IDLCPDWXGD
1730706088342816343,1730706121172026967,Sepatu Tribune Away Maroon,471002.0,Toko Sepatu Bandung,IDLCPDWXGD
1729677743141128791,1729677743140473431,Sepatu Retrograde Low Black White,252968.5,Toko Sepatu Bandung,IDLCPDWXGD
1730706107471922775,1730706116728161879,Sepatu Tribune Home Black,498100.0,Toko Sepatu Bandung,IDLCPDWXGD
1730706107472053847,1730706116728161879,Sepatu Tribune Home Black,483157.0,Toko Sepatu Bandung,IDLCPDWXGD
1734650508941428099,1734483785564784003,Slider Mono Black / Mono Grey / Mono Beige / Black,288124.5,Toko Sepatu Bandung,IDLCT8WHEM
1729677755464583767,1729677755464059479,Sepatu Gazelle Low Black White,302515.0,Toko Sepatu Bandung,IDLCPDWXGD
1729677755464714839,1729677755464059479,Sepatu Gazelle Low Black White,183627.19999999998,Toko Sepatu Bandung,IDLCPDWXGD
1734485804751029418,1729768443168261290,House of Smith Hos Essential - Sweater Hoodie Pria,156400.0,Store_5,IDLC9VLLPY
1730174743203907159,1730174756446373463,Sepatu Tribune Black Gum,416976.0,Toko Sepatu Bandung,IDLCPDWXGD
1730121322704962947,1729583996951366019,Sepatu Gazelle Low Black White / Cream / White Blue / White red / Black Gum,304300.0,Toko Sepatu Bandung,IDLCT8WHEM
1731401493348451927,1731401492200326743,Sepatu Retrograde Camp Hi Olive,369571.5,Toko Sepatu Bandung,IDLCPDWXGD
1730706088342816343,1730706121172026967,Sepatu Tribune Away Maroon,498100.0,Toko Sepatu Bandung,IDLCPDWXGD
1729677755464780375,1729677755464059479,Sepatu Gazelle Low Black White,187052.69999999998,Toko Sepatu Bandung,IDLCPDWXGD
1729677742105004631,1729677742104545879,Sepatu Retrograde Low Cream,402424.0,Toko Sepatu Bandung,IDLCPDWXGD
1729677759600036439,1729677759599905367,Sepatu Gazelle Low Cream,294865.0,Toko Sepatu Bandung,IDLCPDWXGD
1729677746703665751,1729677747184175703,Sepatu Retrograde Low White Blue,251854.15,Toko Sepatu Bandung,IDLCPDWXGD
1731308689765467523,1729768344261264771,Sepatu Tribune Black Gum / White Blue / Navy Gum / Home Black / Away Maroon,433840.0,Toko Sepatu Bandung,IDLCT8WHEM
1731985620630734423,1730706121172026967,Sepatu Tribune Away Maroon,488750.0,Toko Sepatu Bandung,IDLCPDWXGD
1729677759600429655,1729677759599905367,Sepatu Gazelle Low Cream,295088.55,Toko Sepatu Bandung,IDLCPDWXGD
1729677758276078167,1729677758275553879,Sepatu Gazelle Low Black Gum,187052.69999999998,Toko Sepatu Bandung,IDLCPDWXGD
1730806636781143639,1730806637054625367,Sepatu Gazelle Low Weaves Sand,286265.55,Toko Sepatu Bandung,IDLCPDWXGD
1730136911404369283,1729587967065426307,Sepatu Retrograde Low Black White / Cream / Whiteblue / Triple Black,354864.8,Toko Sepatu Bandung,IDLCT8WHEM
1730706088342685271,1730706121172026967,Sepatu Tribune Away Maroon,477224.0,Toko Sepatu Bandung,IDLCPDWXGD
1730806636781078103,1730806637054625367,Sepatu Gazelle Low Weaves Sand,189014.5,Toko Sepatu Bandung,IDLCPDWXGD
1729677746703534679,1729677747184175703,Sepatu Retrograde Low White Blue,372300.0,Toko Sepatu Bandung,IDLCPDWXGD
1731927306072065623,1731927283872138839,Sepatu Tribune Shadow,499800.0,Toko Sepatu Bandung,IDLCPDWXGD
1729677743140866647,1729677743140473431,Sepatu Retrograde Low Black White,282382.75,Toko Sepatu Bandung,IDLCPDWXGD
1729561362209670743,1729561362209539671,Sepatu Retrograde Low Triple Black,414800.0,Toko Sepatu Bandung,IDLCPDWXGD
1730706088342685271,1730706121172026967,Sepatu Tribune Away Maroon,484806.0,Toko Sepatu Bandung,IDLCPDWXGD
1729677758275816023,1729677758275553879,Sepatu Gazelle Low Black Gum,198321.15,Toko Sepatu Bandung,IDLCPDWXGD
1730651001345640023,1730651021212354135,Sepatu Tribune Navy Gum,443745.89999999997,Toko Sepatu Bandung,IDLCPDWXGD
1729677742968834647,1729677742968441431,Sepatu Gazelle Hi Black Gum,206567.0,Toko Sepatu Bandung,IDLCPDWXGD
1729677743140932183,1729677743140473431,Sepatu Retrograde Low Black White,252197.55,Toko Sepatu Bandung,IDLCPDWXGD
1730651001345705559,1730651021212354135,Sepatu Tribune Navy Gum,445587.0,Toko Sepatu Bandung,IDLCPDWXGD
1730706088342947415,1730706121172026967,Sepatu Tribune Away Maroon,495403.8,Toko Sepatu Bandung,IDLCPDWXGD
1729677743140932183,1729677743140473431,Sepatu Retrograde Low Black White,246713.35,Toko Sepatu Bandung,IDLCPDWXGD
1731308689765270915,1729768344261264771,Sepatu Tribune Black Gum / White Blue / Navy Gum / Home Black / Away Maroon,417571.0,Toko Sepatu Bandung,IDLCT8WHEM
1729677743140932183,1729677743140473431,Sepatu Retrograde Low Black White,254745.0,Toko Sepatu Bandung,IDLCPDWXGD
1730174772820149847,1730174848005801559,Sepatu Tribune Red Gum,491300.0,Toko Sepatu Bandung,IDLCPDWXGD
1729677743140997719,1729677743140473431,Sepatu Retrograde Low Black White,251803.15,Toko Sepatu Bandung,IDLCPDWXGD
1729677761805191767,1729677761804798551,Sepatu Gazelle Low White Red,297338.5,Toko Sepatu Bandung,IDLCPDWXGD
1731985620630734423,1730706121172026967,Sepatu Tribune Away Maroon,482647.0,Toko Sepatu Bandung,IDLCPDWXGD
1734483831936681347,1734483785564784003,Slider Mono Black / Mono Grey / Mono Beige / Black,274635.0,Toko Sepatu Bandung,IDLCT8WHEM
1731927306072000087,1731927283872138839,Sepatu Tribune Shadow,499800.0,Toko Sepatu Bandung,IDLCPDWXGD
1729677755464649303,1729677755464059479,Sepatu Gazelle Low Black White,189266.94999999998,Toko Sepatu Bandung,IDLCPDWXGD
1729999768874485416,1729999768873371304,Sepasang Tali Sepatu Pipih Gepeng Elastis Tali Sepatu Sneakers,6120.0,Store_6,IDIDLC6LLRYA
1729677758275947095,1729677758275553879,Sepatu Gazelle Low Black Gum,209337.15,Toko Sepatu Bandung,IDLCPDWXGD
1729677759600429655,1729677759599905367,Sepatu Gazelle Low Cream,208313.75,Toko Sepatu Bandung,IDLCPDWXGD
1729677743141063255,1729677743140473431,Sepatu Retrograde Low Black White,379559.0,Toko Sepatu Bandung,IDLCPDWXGD
1730706107472053847,1730706116728161879,Sepatu Tribune Home Black,457300.0,Toko Sepatu Bandung,IDLCPDWXGD
1731927306071934551,1731927283872138839,Sepatu Tribune Shadow,457300.0,Toko Sepatu Bandung,IDLCPDWXGD
1729677755464321623,1729677755464059479,Sepatu Gazelle Low Black White,295088.55,Toko Sepatu Bandung,IDLCPDWXGD
1730174772503086679,1730174800969827927,Sepatu Tribune White Blue,447304.0,Toko Sepatu Bandung,IDLCPDWXGD
1729677755464518231,1729677755464059479,Sepatu Gazelle Low Black White,175951.69999999998,Toko Sepatu Bandung,IDLCPDWXGD
1729677755464714839,1729677755464059479,Sepatu Gazelle Low Black White,187052.69999999998,Toko Sepatu Bandung,IDLCPDWXGD
1729677755464518231,1729677755464059479,Sepatu Gazelle Low Black White,181441.0,Toko Sepatu Bandung,IDLCPDWXGD
1730706107472119383,1730706116728161879,Sepatu Tribune Home Black,499800.0,Toko Sepatu Bandung,IDLCPDWXGD
1731622765730235991,1731622711600252503,Sepatu Tribune Home Olive,470745.3,Toko Sepatu Bandung,IDLCPDWXGD
1733552678294423127,1733552678688163415,Sepatu Tribune Kids Shadow,205543.6,Toko Sepatu Bandung,IDLCPDWXGD
1729677755464583767,1729677755464059479,Sepatu Gazelle Low Black White,198321.15,Toko Sepatu Bandung,IDLCPDWXGD
1729677743140801111,1729677743140473431,Sepatu Retrograde Low Black White,265370.0,Toko Sepatu Bandung,IDLCPDWXGD
1730174772503021143,1730174800969827927,Sepatu Tribune White Blue,443441.6,Toko Sepatu Bandung,IDLCPDWXGD
1730706088342685271,1730706121172026967,Sepatu Tribune Away Maroon,478550.0,Toko Sepatu Bandung,IDLCPDWXGD
1730651001345574487,1730651021212354135,Sepatu Tribune Navy Gum,444550.0,Toko Sepatu Bandung,IDLCPDWXGD
1729677755464583767,1729677755464059479,Sepatu Gazelle Low Black White,185813.4,Toko Sepatu Bandung,IDLCPDWXGD
1729677755464518231,1729677755464059479,Sepatu Gazelle Low Black White,190610.8,Toko Sepatu Bandung,IDLCPDWXGD
1733552670167631447,1733552669541303895,Sepatu Gazelle Kids Hi Black Gum,186663.4,Toko Sepatu Bandung,IDLCPDWXGD
1731927306072065623,1731927283872138839,Sepatu Tribune Shadow,478550.0,Toko Sepatu Bandung,IDLCPDWXGD
1729677743140801111,1729677743140473431,Sepatu Retrograde Low Black White,254745.0,Toko Sepatu Bandung,IDLCPDWXGD
1729677743140932183,1729677743140473431,Sepatu Retrograde Low Black White,239311.55,Toko Sepatu Bandung,IDLCPDWXGD
1729677759600429655,1729677759599905367,Sepatu Gazelle Low Cream,304215.0,Toko Sepatu Bandung,IDLCPDWXGD
1729677759600298583,1729677759599905367,Sepatu Gazelle Low Cream,208364.75,Toko Sepatu Bandung,IDLCPDWXGD
1729677758275947095,1729677758275553879,Sepatu Gazelle Low Black Gum,225364.75,Toko Sepatu Bandung,IDLCPDWXGD
1731927306072065623,1731927283872138839,Sepatu Tribune Shadow,467500.0,Toko Sepatu Bandung,IDLCPDWXGD
1729677755464583767,1729677755464059479,Sepatu Gazelle Low Black White,189306.05,Toko Sepatu Bandung,IDLCPDWXGD
1731401465609487959,1731401464730912343,Sepatu Retrograde Camp Low Camel,457300.0,Toko Sepatu Bandung,IDLCPDWXGD
1730174743203907159,1730174756446373463,Sepatu Tribune Black Gum,431213.5,Toko Sepatu Bandung,IDLCPDWXGD
1729677742104873559,1729677742104545879,Sepatu Retrograde Low Cream,237363.35,Toko Sepatu Bandung,IDLCPDWXGD
1730706107471922775,1730706116728161879,Sepatu Tribune Home Black,443581.0,Toko Sepatu Bandung,IDLCPDWXGD
1729677743140866647,1729677743140473431,Sepatu Retrograde Low Black White,245453.65,Toko Sepatu Bandung,IDLCPDWXGD
1729677746703403607,1729677747184175703,Sepatu Retrograde Low White Blue,247102.65,Toko Sepatu Bandung,IDLCPDWXGD
1730706088342947415,1730706121172026967,Sepatu Tribune Away Maroon,478550.0,Toko Sepatu Bandung,IDLCPDWXGD
1729677743140866647,1729677743140473431,Sepatu Retrograde Low Black White,241995.0,Toko Sepatu Bandung,IDLCPDWXGD
1729677755464714839,1729677755464059479,Sepatu Gazelle Low Black White,304215.0,Toko Sepatu Bandung,IDLCPDWXGD
1730310850770470154,1730310857824109834,Paket 6 Pasang Kaos Kaki Oldschool Polos Panjang Dewasa Pria Wanita / Kaos Kaki Polos Cewek Cowok Sporty/Olahraga/Kerja/Casual Remaja Unisex Nyaman Tebal,23086.85,Store_1,IDLCJYLTBL
1729677743140735575,1729677743140473431,Sepatu Retrograde Low Black White,249630.55,Toko Sepatu Bandung,IDLCPDWXGD
1729677743140801111,1729677743140473431,Sepatu Retrograde Low Black White,253045.0,Toko Sepatu Bandung,IDLCPDWXGD
1729677743140735575,1729677743140473431,Sepatu Retrograde Low Black White,247571.0,Toko Sepatu Bandung,IDLCPDWXGD
1731967966089741699,1731967941545657731,Sepatu Velocity Canvas Black / Natural / Grey,463042.6,Toko Sepatu Bandung,IDLCT8WHEM
1729677755464452695,1729677755464059479,Sepatu Gazelle Low Black White,196066.94999999998,Toko Sepatu Bandung,IDLCPDWXGD
1731298803850773891,1731298756864148867,Sepatu Gazelle Popsicle Yellow / Blue / Green / Red,178857.85,Toko Sepatu Bandung,IDLCT8WHEM
1729677755464518231,1729677755464059479,Sepatu Gazelle Low Black White,183627.19999999998,Toko Sepatu Bandung,IDLCPDWXGD
1729677743140866647,1729677743140473431,Sepatu Retrograde Low Black White,254745.0,Toko Sepatu Bandung,IDLCPDWXGD
1729677743140801111,1729677743140473431,Sepatu Retrograde Low Black White,247945.0,Toko Sepatu Bandung,IDLCPDWXGD
1731079464714667395,1729768344261264771,Sepatu Tribune Black Gum / White Blue / Navy Gum / Home Black / Away Maroon,406640.0,Toko Sepatu Bandung,IDLCT8WHEM
1729677743141128791,1729677743140473431,Sepatu Retrograde Low Black White,241995.0,Toko Sepatu Bandung,IDLCPDWXGD
1729677755464518231,1729677755464059479,Sepatu Gazelle Low Black White,189932.5,Toko Sepatu Bandung,IDLCPDWXGD
1730706107472119383,1730706116728161879,Sepatu Tribune Home Black,476952.0,Toko Sepatu Bandung,IDLCPDWXGD
1729677755464583767,1729677755464059479,Sepatu Gazelle Low Black White,187052.69999999998,Toko Sepatu Bandung,IDLCPDWXGD
1729677758275684951,1729677758275553879,Sepatu Gazelle Low Black Gum,182545.15,Toko Sepatu Bandung,IDLCPDWXGD
1729677755464649303,1729677755464059479,Sepatu Gazelle Low Black White,225364.75,Toko Sepatu Bandung,IDLCPDWXGD
1729677746703403607,1729677747184175703,Sepatu Retrograde Low White Blue,235417.69999999998,Toko Sepatu Bandung,IDLCPDWXGD
1729677755464583767,1729677755464059479,Sepatu Gazelle Low Black White,181441.0,Toko Sepatu Bandung,IDLCPDWXGD
1729677759600495191,1729677759599905367,Sepatu Gazelle Low Cream,185813.4,Toko Sepatu Bandung,IDLCPDWXGD
1731016355289269416,1731016368585475240,Paket Pembersih Sepatu Suede & Nubuck / Suede Brush + Suede Eraser Bonus Tali Sepatu,17000.0,Store_0,IDLCEHLLQ6
1729677743140997719,1729677743140473431,Sepatu Retrograde Low Black White,254745.0,Toko Sepatu Bandung,IDLCPDWXGD
1729677755464452695,1729677755464059479,Sepatu Gazelle Low Black White,187052.69999999998,Toko Sepatu Bandung,IDLCPDWXGD
1729677742968834647,1729677742968441431,Sepatu Gazelle Hi Black Gum,194830.19999999998,Toko Sepatu Bandung,IDLCPDWXGD
1729677759600429655,1729677759599905367,Sepatu Gazelle Low Cream,178733.75,Toko Sepatu Bandung,IDLCPDWXGD
1729677759600364119,1729677759599905367,Sepatu Gazelle Low Cream,178734.6,Toko Sepatu Bandung,IDLCPDWXGD
1729677759600298583,1729677759599905367,Sepatu Gazelle Low Cream,178733.75,Toko Sepatu Bandung,IDLCPDWXGD
1729677743140801111,1729677743140473431,Sepatu Retrograde Low Black White,235741.55,Toko Sepatu Bandung,IDLCPDWXGD
1729677742104939095,1729677742104545879,Sepatu Retrograde Low Cream,235741.55,Toko Sepatu Bandung,IDLCPDWXGD
1729677742104873559,1729677742104545879,Sepatu Retrograde Low Cream,235741.55,Toko Sepatu Bandung,IDLCPDWXGD
1729677742104808023,1729677742104545879,Sepatu Retrograde Low Cream,235741.55,Toko Sepatu Bandung,IDLCPDWXGD
1730706088342685271,1730706121172026967,Sepatu Tribune Away Maroon,469200.0,Toko Sepatu Bandung,IDLCPDWXGD
1729677742105135703,1729677742104545879,Sepatu Retrograde Low Cream,259483.75,Toko Sepatu Bandung,IDLCPDWXGD
1729677755464649303,1729677755464059479,Sepatu Gazelle Low Black White,208364.75,Toko Sepatu Bandung,IDLCPDWXGD
1731079464715191683,1729768344261264771,Sepatu Tribune Black Gum / White Blue / Navy Gum / Home Black / Away Maroon,405960.0,Toko Sepatu Bandung,IDLCT8WHEM
1729677759600233047,1729677759599905367,Sepatu Gazelle Low Cream,184799.35,Toko Sepatu Bandung,IDLCPDWXGD
1729677759600167511,1729677759599905367,Sepatu Gazelle Low Cream,184799.35,Toko Sepatu Bandung,IDLCPDWXGD
1729677743141063255,1729677743140473431,Sepatu Retrograde Low Black White,243740.9,Toko Sepatu Bandung,IDLCPDWXGD
1729677743140866647,1729677743140473431,Sepatu Retrograde Low Black White,243740.9,Toko Sepatu Bandung,IDLCPDWXGD
1729677743140801111,1729677743140473431,Sepatu Retrograde Low Black White,243740.9,Toko Sepatu Bandung,IDLCPDWXGD
1729677742104808023,1729677742104545879,Sepatu Retrograde Low Cream,243740.9,Toko Sepatu Bandung,IDLCPDWXGD
1729677755464256087,1729677755464059479,Sepatu Gazelle Low Black White,181441.0,Toko Sepatu Bandung,IDLCPDWXGD
1729677755464256087,1729677755464059479,Sepatu Gazelle Low Black White,189306.05,Toko Sepatu Bandung,IDLCPDWXGD
1729677755464518231,1729677755464059479,Sepatu Gazelle Low Black White,180291.8,Toko Sepatu Bandung,IDLCPDWXGD
1729677743141128791,1729677743140473431,Sepatu Retrograde Low Black White,254005.5,Toko Sepatu Bandung,IDLCPDWXGD
1730706088343078487,1730706121172026967,Sepatu Tribune Away Maroon,478550.0,Toko Sepatu Bandung,IDLCPDWXGD
1729677755464452695,1729677755464059479,Sepatu Gazelle Low Black White,191560.25,Toko Sepatu Bandung,IDLCPDWXGD
1729677743140801111,1729677743140473431,Sepatu Retrograde Low Black White,243695.0,Toko Sepatu Bandung,IDLCPDWXGD
1729677743140866647,1729677743140473431,Sepatu Retrograde Low Black White,255630.69999999998,Toko Sepatu Bandung,IDLCPDWXGD
1729677755464649303,1729677755464059479,Sepatu Gazelle Low Black White,187052.69999999998,Toko Sepatu Bandung,IDLCPDWXGD
1730706107472053847,1730706116728161879,Sepatu Tribune Home Black,478550.0,Toko Sepatu Bandung,IDLCPDWXGD
1729677755464256087,1729677755464059479,Sepatu Gazelle Low Black White,187052.69999999998,Toko Sepatu Bandung,IDLCPDWXGD
1729677743140866647,1729677743140473431,Sepatu Retrograde Low Black White,254592.0,Toko Sepatu Bandung,IDLCPDWXGD
1729677755464190551,1729677755464059479,Sepatu Gazelle Low Black White,192957.65,Toko Sepatu Bandung,IDLCPDWXGD
1729677755464518231,1729677755464059479,Sepatu Gazelle Low Black White,187052.69999999998,Toko Sepatu Bandung,IDLCPDWXGD
1729677743140866647,1729677743140473431,Sepatu Retrograde Low Black White,248830.69999999998,Toko Sepatu Bandung,IDLCPDWXGD
1729677759600298583,1729677759599905367,Sepatu Gazelle Low Cream,189306.05,Toko Sepatu Bandung,IDLCPDWXGD
1729677746703403607,1729677747184175703,Sepatu Retrograde Low White Blue,258603.15,Toko Sepatu Bandung,IDLCPDWXGD
1729677743140538967,1729677743140473431,Sepatu Retrograde Low Black White,258603.15,Toko Sepatu Bandung,IDLCPDWXGD
1729677742968834647,1729677742968441431,Sepatu Gazelle Hi Black Gum,201872.44999999998,Toko Sepatu Bandung,IDLCPDWXGD
1729677755464649303,1729677755464059479,Sepatu Gazelle Low Black White,181441.0,Toko Sepatu Bandung,IDLCPDWXGD
1731622765730170455,1731622711600252503,Sepatu Tribune Home Olive,469749.95,Toko Sepatu Bandung,IDLCPDWXGD
1731927306072196695,1731927283872138839,Sepatu Tribune Shadow,478550.0,Toko Sepatu Bandung,IDLCPDWXGD
1729677755464583767,1729677755464059479,Sepatu Gazelle Low Black White,196066.94999999998,Toko Sepatu Bandung,IDLCPDWXGD
1729677743140866647,1729677743140473431,Sepatu Retrograde Low Black White,255605.19999999998,Toko Sepatu Bandung,IDLCPDWXGD
1729677743141063255,1729677743140473431,Sepatu Retrograde Low Black White,253045.0,Toko Sepatu Bandung,IDLCPDWXGD
1729677747184372311,1729677747184175703,Sepatu Retrograde Low White Blue,254745.0,Toko Sepatu Bandung,IDLCPDWXGD
1729677742105135703,1729677742104545879,Sepatu Retrograde Low Cream,245453.65,Toko Sepatu Bandung,IDLCPDWXGD
1729677755464452695,1729677755464059479,Sepatu Gazelle Low Black White,181441.0,Toko Sepatu Bandung,IDLCPDWXGD
1729677755464649303,1729677755464059479,Sepatu Gazelle Low Black White,177702.69999999998,Toko Sepatu Bandung,IDLCPDWXGD
1729677755464387159,1729677755464059479,Sepatu Gazelle Low Black White,191534.75,Toko Sepatu Bandung,IDLCPDWXGD
1730174743203710551,1730174756446373463,Sepatu Tribune Black Gum,440045.0,Toko Sepatu Bandung,IDLCPDWXGD
1729677755464714839,1729677755464059479,Sepatu Gazelle Low Black White,225420.0,Toko Sepatu Bandung,IDLCPDWXGD
1729677758275947095,1729677758275553879,Sepatu Gazelle Low Black Gum,202113.85,Toko Sepatu Bandung,IDLCPDWXGD
1729677734993168983,1729677734992710231,Sepatu Gazelle Hi Black White,320104.89999999997,Toko Sepatu Bandung,IDLCPDWXGD
1731927306072131159,1731927283872138839,Sepatu Tribune Shadow,405043.7,Toko Sepatu Bandung,IDLCPDWXGD
1729677758275816023,1729677758275553879,Sepatu Gazelle Low Black Gum,192371.15,Toko Sepatu Bandung,IDLCPDWXGD
1731927306072131159,1731927283872138839,Sepatu Tribune Shadow,464193.5,Toko Sepatu Bandung,IDLCPDWXGD
1729677743140932183,1729677743140473431,Sepatu Retrograde Low Black White,280245.0,Toko Sepatu Bandung,IDLCPDWXGD
1731927306072131159,1731927283872138839,Sepatu Tribune Shadow,468894.0,Toko Sepatu Bandung,IDLCPDWXGD
1729677758275947095,1729677758275553879,Sepatu Gazelle Low Black Gum,208364.75,Toko Sepatu Bandung,IDLCPDWXGD
1730706088342750807,1730706121172026967,Sepatu Tribune Away Maroon,478550.0,Toko Sepatu Bandung,IDLCPDWXGD
1729677758276078167,1729677758275553879,Sepatu Gazelle Low Black Gum,208364.75,Toko Sepatu Bandung,IDLCPDWXGD
1729677755464518231,1729677755464059479,Sepatu Gazelle Low Black White,208364.75,Toko Sepatu Bandung,IDLCPDWXGD
1729677759600298583,1729677759599905367,Sepatu Gazelle Low Cream,209071.1,Toko Sepatu Bandung,IDLCPDWXGD
1729677743140801111,1729677743140473431,Sepatu Retrograde Low Black White,258603.15,Toko Sepatu Bandung,IDLCPDWXGD
1729677755464518231,1729677755464059479,Sepatu Gazelle Low Black White,187964.75,Toko Sepatu Bandung,IDLCPDWXGD
1729677755464452695,1729677755464059479,Sepatu Gazelle Low Black White,187964.75,Toko Sepatu Bandung,IDLCPDWXGD
1729677758276012631,1729677758275553879,Sepatu Gazelle Low Black Gum,196066.94999999998,Toko Sepatu Bandung,IDLCPDWXGD
1729677746703403607,1729677747184175703,Sepatu Retrograde Low White Blue,243780.0,Toko Sepatu Bandung,IDLCPDWXGD
1729677758275816023,1729677758275553879,Sepatu Gazelle Low Black Gum,190184.94999999998,Toko Sepatu Bandung,IDLCPDWXGD
1729677742104939095,1729677742104545879,Sepatu Retrograde Low Cream,250845.19999999998,Toko Sepatu Bandung,IDLCPDWXGD
1729677743140801111,1729677743140473431,Sepatu Retrograde Low Black White,246713.35,Toko Sepatu Bandung,IDLCPDWXGD
1731622713472812631,1731622766964541015,Sepatu Tribune Away Ocean,460139.0,Toko Sepatu Bandung,IDLCPDWXGD
1729677742968834647,1729677742968441431,Sepatu Gazelle Hi Black Gum,224995.0,Toko Sepatu Bandung,IDLCPDWXGD
1729677755464583767,1729677755464059479,Sepatu Gazelle Low Black White,208364.75,Toko Sepatu Bandung,IDLCPDWXGD
1730650983638861399,1730651021212354135,Sepatu Tribune Navy Gum,444550.0,Toko Sepatu Bandung,IDLCPDWXGD
1729677743141063255,1729677743140473431,Sepatu Retrograde Low Black White,280245.0,Toko Sepatu Bandung,IDLCPDWXGD
1730174772503021143,1730174800969827927,Sepatu Tribune White Blue,444550.0,Toko Sepatu Bandung,IDLCPDWXGD
1729677736926939735,1729677736926480983,Sepatu Retrograde Hi Decon Black White,406742.0,Toko Sepatu Bandung,IDLCPDWXGD
1729677755464387159,1729677755464059479,Sepatu Gazelle Low Black White,187052.69999999998,Toko Sepatu Bandung,IDLCPDWXGD
1729677743140866647,1729677743140473431,Sepatu Retrograde Low Black White,250845.19999999998,Toko Sepatu Bandung,IDLCPDWXGD
1729677755464387159,1729677755464059479,Sepatu Gazelle Low Black White,189306.05,Toko Sepatu Bandung,IDLCPDWXGD
1730310858187965706,1730310857824109834,Paket 6 Pasang Kaos Kaki Oldschool Polos Panjang Dewasa Pria Wanita / Kaos Kaki Polos Cewek Cowok Sporty/Olahraga/Kerja/Casual Remaja Unisex Nyaman Tebal,85.0,Store_1,IDLCJYLTBL
1729677759600233047,1729677759599905367,Sepatu Gazelle Low Cream,189306.05,Toko Sepatu Bandung,IDLCPDWXGD
1729677742104808023,1729677742104545879,Sepatu Retrograde Low Cream,253045.0,Toko Sepatu Bandung,IDLCPDWXGD
1729677743140866647,1729677743140473431,Sepatu Retrograde Low Black White,249432.5,Toko Sepatu Bandung,IDLCPDWXGD
1729677746703469143,1729677747184175703,Sepatu Retrograde Low White Blue,254745.0,Toko Sepatu Bandung,IDLCPDWXGD
1730706088342947415,1730706121172026967,Sepatu Tribune Away Maroon,520362.35,Toko Sepatu Bandung,IDLCPDWXGD
1730174772503086679,1730174800969827927,Sepatu Tribune White Blue,487737.64999999997,Toko Sepatu Bandung,IDLCPDWXGD
1729677743140997719,1729677743140473431,Sepatu Retrograde Low Black White,255630.69999999998,Toko Sepatu Bandung,IDLCPDWXGD
1729677755464518231,1729677755464059479,Sepatu Gazelle Low Black White,189306.05,Toko Sepatu Bandung,IDLCPDWXGD
1729677755464387159,1729677755464059479,Sepatu Gazelle Low Black White,181441.0,Toko Sepatu Bandung,IDLCPDWXGD
1729677743140866647,1729677743140473431,Sepatu Retrograde Low Black White,259494.8,Toko Sepatu Bandung,IDLCPDWXGD
1729677743140932183,1729677743140473431,Sepatu Retrograde Low Black White,253045.0,Toko Sepatu Bandung,IDLCPDWXGD
1729677755464583767,1729677755464059479,Sepatu Gazelle Low Black White,191534.75,Toko Sepatu Bandung,IDLCPDWXGD
1729561361792796247,1729561362209539671,Sepatu Retrograde Low Triple Black,457300.0,Toko Sepatu Bandung,IDLCPDWXGD
1729677761805191767,1729677761804798551,Sepatu Gazelle Low White Red,342465.0,Toko Sepatu Bandung,IDLCPDWXGD
1729677758276143703,1729677758275553879,Sepatu Gazelle Low Black Gum,181441.0,Toko Sepatu Bandung,IDLCPDWXGD
1729677746703403607,1729677747184175703,Sepatu Retrograde Low White Blue,250226.4,Toko Sepatu Bandung,IDLCPDWXGD
1729677755464321623,1729677755464059479,Sepatu Gazelle Low Black White,182339.44999999998,Toko Sepatu Bandung,IDLCPDWXGD
1729677742968834647,1729677742968441431,Sepatu Gazelle Hi Black Gum,205695.75,Toko Sepatu Bandung,IDLCPDWXGD
1729677743140801111,1729677743140473431,Sepatu Retrograde Low Black White,247102.65,Toko Sepatu Bandung,IDLCPDWXGD
1729677755464387159,1729677755464059479,Sepatu Gazelle Low Black White,202827.85,Toko Sepatu Bandung,IDLCPDWXGD
1729677743140866647,1729677743140473431,Sepatu Retrograde Low Black White,247962.0,Toko Sepatu Bandung,IDLCPDWXGD
1729677742968834647,1729677742968441431,Sepatu Gazelle Hi Black Gum,197177.9,Toko Sepatu Bandung,IDLCPDWXGD
1729677759600298583,1729677759599905367,Sepatu Gazelle Low Cream,183769.15,Toko Sepatu Bandung,IDLCPDWXGD
1729677755464387159,1729677755464059479,Sepatu Gazelle Low Black White,171277.55,Toko Sepatu Bandung,IDLCPDWXGD
1730806636781012567,1730806637054625367,Sepatu Gazelle Low Weaves Sand,189014.5,Toko Sepatu Bandung,IDLCPDWXGD
1729677755464518231,1729677755464059479,Sepatu Gazelle Low Black White,191560.25,Toko Sepatu Bandung,IDLCPDWXGD
1730806648018667095,1730806654709565015,Sepatu Gazelle Low Weaves Graphite,209525.0,Toko Sepatu Bandung,IDLCPDWXGD
1729677742105135703,1729677742104545879,Sepatu Retrograde Low Cream,253045.0,Toko Sepatu Bandung,IDLCPDWXGD
1734650508941559171,1734483785564784003,Slider Mono Black / Mono Grey / Mono Beige / Black,282972.64999999997,Toko Sepatu Bandung,IDLCT8WHEM
1729677746703403607,1729677747184175703,Sepatu Retrograde Low White Blue,254745.0,Toko Sepatu Bandung,IDLCPDWXGD
1729677743140866647,1729677743140473431,Sepatu Retrograde Low Black White,246245.0,Toko Sepatu Bandung,IDLCPDWXGD
1729677755464387159,1729677755464059479,Sepatu Gazelle Low Black White,189229.55,Toko Sepatu Bandung,IDLCPDWXGD
1729677743140997719,1729677743140473431,Sepatu Retrograde Low Black White,254222.25,Toko Sepatu Bandung,IDLCPDWXGD
1729677758275816023,1729677758275553879,Sepatu Gazelle Low Black Gum,177378.85,Toko Sepatu Bandung,IDLCPDWXGD
1729677755464452695,1729677755464059479,Sepatu Gazelle Low Black White,185813.4,Toko Sepatu Bandung,IDLCPDWXGD
1729677758276012631,1729677758275553879,Sepatu Gazelle Low Black Gum,191560.25,Toko Sepatu Bandung,IDLCPDWXGD
1729677746703403607,1729677747184175703,Sepatu Retrograde Low White Blue,245453.65,Toko Sepatu Bandung,IDLCPDWXGD
1729677758276012631,1729677758275553879,Sepatu Gazelle Low Black Gum,207335.4,Toko Sepatu Bandung,IDLCPDWXGD
1729677758276012631,1729677758275553879,Sepatu Gazelle Low Black Gum,192371.15,Toko Sepatu Bandung,IDLCPDWXGD
1730706106318620247,1730706116728161879,Sepatu Tribune Home Black,491300.0,Toko Sepatu Bandung,IDLCPDWXGD
1729677746703665751,1729677747184175703,Sepatu Retrograde Low White Blue,248830.69999999998,Toko Sepatu Bandung,IDLCPDWXGD
1729677743140997719,1729677743140473431,Sepatu Retrograde Low Black White,258603.15,Toko Sepatu Bandung,IDLCPDWXGD
1729677747184503383,1729677747184175703,Sepatu Retrograde Low White Blue,254745.0,Toko Sepatu Bandung,IDLCPDWXGD
1729677755464452695,1729677755464059479,Sepatu Gazelle Low Black White,200442.75,Toko Sepatu Bandung,IDLCPDWXGD
1729677743140866647,1729677743140473431,Sepatu Retrograde Low Black White,253045.0,Toko Sepatu Bandung,IDLCPDWXGD
1729677746703534679,1729677747184175703,Sepatu Retrograde Low White Blue,248568.05,Toko Sepatu Bandung,IDLCPDWXGD
1729677742968834647,1729677742968441431,Sepatu Gazelle Hi Black Gum,218245.15,Toko Sepatu Bandung,IDLCPDWXGD
1731401465609291351,1731401464730912343,Sepatu Retrograde Camp Low Camel,420189.0,Toko Sepatu Bandung,IDLCPDWXGD
1729677734993103447,1729677734992710231,Sepatu Gazelle Hi Black White,329715.0,Toko Sepatu Bandung,IDLCPDWXGD
1729677746703469143,1729677747184175703,Sepatu Retrograde Low White Blue,247945.0,Toko Sepatu Bandung,IDLCPDWXGD
1729677755464452695,1729677755464059479,Sepatu Gazelle Low Black White,192371.15,Toko Sepatu Bandung,IDLCPDWXGD
1730651001345574487,1730651021212354135,Sepatu Tribune Navy Gum,451826.0,Toko Sepatu Bandung,IDLCPDWXGD
1729677758275816023,1729677758275553879,Sepatu Gazelle Low Black Gum,206871.3,Toko Sepatu Bandung,IDLCPDWXGD
1729677755464452695,1729677755464059479,Sepatu Gazelle Low Black White,208364.75,Toko Sepatu Bandung,IDLCPDWXGD
1730706106318554711,1730706116728161879,Sepatu Tribune Home Black,498610.0,Toko Sepatu Bandung,IDLCPDWXGD
1729677755464452695,1729677755464059479,Sepatu Gazelle Low Black White,198057.65,Toko Sepatu Bandung,IDLCPDWXGD
1730706107471922775,1730706116728161879,Sepatu Tribune Home Black,499800.0,Toko Sepatu Bandung,IDLCPDWXGD
1729677746703403607,1729677747184175703,Sepatu Retrograde Low White Blue,297245.0,Toko Sepatu Bandung,IDLCPDWXGD
1729768205592856151,1729768199000000087,Sepatu Retrograde Slip On Herringbone Black,385203.0,Toko Sepatu Bandung,IDLCPDWXGD
1729677743141128791,1729677743140473431,Sepatu Retrograde Low Black White,247102.65,Toko Sepatu Bandung,IDLCPDWXGD
1729677743140866647,1729677743140473431,Sepatu Retrograde Low Black White,247945.0,Toko Sepatu Bandung,IDLCPDWXGD
1731622713472878167,1731622766964541015,Sepatu Tribune Away Ocean,491965.55,Toko Sepatu Bandung,IDLCPDWXGD
1730806636780750423,1730806637054625367,Sepatu Gazelle Low Weaves Sand,196701.05,Toko Sepatu Bandung,IDLCPDWXGD
1730706106318554711,1730706116728161879,Sepatu Tribune Home Black,499800.0,Toko Sepatu Bandung,IDLCPDWXGD
1729677743140866647,1729677743140473431,Sepatu Retrograde Low Black White,247321.1,Toko Sepatu Bandung,IDLCPDWXGD
1729677742105135703,1729677742104545879,Sepatu Retrograde Low Cream,246219.5,Toko Sepatu Bandung,IDLCPDWXGD
1729677743140932183,1729677743140473431,Sepatu Retrograde Low Black White,247102.65,Toko Sepatu Bandung,IDLCPDWXGD
1729677743140670039,1729677743140473431,Sepatu Retrograde Low Black White,254745.0,Toko Sepatu Bandung,IDLCPDWXGD
1729677742104873559,1729677742104545879,Sepatu Retrograde Low Cream,254745.0,Toko Sepatu Bandung,IDLCPDWXGD
1729677742968506967,1729677742968441431,Sepatu Gazelle Hi Black Gum,206567.0,Toko Sepatu Bandung,IDLCPDWXGD
1729677755464452695,1729677755464059479,Sepatu Gazelle Low Black White,198321.15,Toko Sepatu Bandung,IDLCPDWXGD
1729677755464518231,1729677755464059479,Sepatu Gazelle Low Black White,225420.0,Toko Sepatu Bandung,IDLCPDWXGD
1729677755464649303,1729677755464059479,Sepatu Gazelle Low Black White,183361.15,Toko Sepatu Bandung,IDLCPDWXGD
1729677743141194327,1729677743140473431,Sepatu Retrograde Low Black White,254719.5,Toko Sepatu Bandung,IDLCPDWXGD
1729677747184437847,1729677747184175703,Sepatu Retrograde Low White Blue,254745.0,Toko Sepatu Bandung,IDLCPDWXGD
1729677759600429655,1729677759599905367,Sepatu Gazelle Low Cream,208364.75,Toko Sepatu Bandung,IDLCPDWXGD
1729677759600167511,1729677759599905367,Sepatu Gazelle Low Cream,207037.9,Toko Sepatu Bandung,IDLCPDWXGD
1729677743140801111,1729677743140473431,Sepatu Retrograde Low Black White,273071.85,Toko Sepatu Bandung,IDLCPDWXGD
1729677755464518231,1729677755464059479,Sepatu Gazelle Low Black White,202113.85,Toko Sepatu Bandung,IDLCPDWXGD
1729677759600364119,1729677759599905367,Sepatu Gazelle Low Cream,202113.85,Toko Sepatu Bandung,IDLCPDWXGD
1729677759600101975,1729677759599905367,Sepatu Gazelle Low Cream,209589.6,Toko Sepatu Bandung,IDLCPDWXGD
1729677743140866647,1729677743140473431,Sepatu Retrograde Low Black White,243695.0,Toko Sepatu Bandung,IDLCPDWXGD
1729677758275816023,1729677758275553879,Sepatu Gazelle Low Black Gum,208364.75,Toko Sepatu Bandung,IDLCPDWXGD
1729677746703534679,1729677747184175703,Sepatu Retrograde Low White Blue,271837.64999999997,Toko Sepatu Bandung,IDLCPDWXGD
1731927306072000087,1731927283872138839,Sepatu Tribune Shadow,525300.0,Toko Sepatu Bandung,IDLCPDWXGD
1729677758275816023,1729677758275553879,Sepatu Gazelle Low Black Gum,202113.85,Toko Sepatu Bandung,IDLCPDWXGD
1733814099595069015,1730174756446373463,Sepatu Tribune Black Gum,476561.0,Toko Sepatu Bandung,IDLCPDWXGD
1729677755464256087,1729677755464059479,Sepatu Gazelle Low Black White,208364.75,Toko Sepatu Bandung,IDLCPDWXGD
1729677755464452695,1729677755464059479,Sepatu Gazelle Low Black White,202113.85,Toko Sepatu Bandung,IDLCPDWXGD
1729677761805257303,1729677761804798551,Sepatu Gazelle Low White Red,320297.0,Toko Sepatu Bandung,IDLCPDWXGD
1729677743859731031,1729677743859534423,Sepatu Gazelle Hi White Blue,336685.0,Toko Sepatu Bandung,IDLCPDWXGD
1731622765730432599,1731622711600252503,Sepatu Tribune Home Olive,493000.0,Toko Sepatu Bandung,IDLCPDWXGD
1729677755464518231,1729677755464059479,Sepatu Gazelle Low Black White,209640.6,Toko Sepatu Bandung,IDLCPDWXGD
1729677746703469143,1729677747184175703,Sepatu Retrograde Low White Blue,280245.0,Toko Sepatu Bandung,IDLCPDWXGD
1729677742968703575,1729677742968441431,Sepatu Gazelle Hi Black Gum,197755.9,Toko Sepatu Bandung,IDLCPDWXGD
1729677742968769111,1729677742968441431,Sepatu Gazelle Hi Black Gum,199524.75,Toko Sepatu Bandung,IDLCPDWXGD
1729677758276143703,1729677758275553879,Sepatu Gazelle Low Black Gum,187052.69999999998,Toko Sepatu Bandung,IDLCPDWXGD
1729677759600298583,1729677759599905367,Sepatu Gazelle Low Cream,175977.19999999998,Toko Sepatu Bandung,IDLCPDWXGD
1729677759600036439,1729677759599905367,Sepatu Gazelle Low Cream,181441.0,Toko Sepatu Bandung,IDLCPDWXGD
1729677743140997719,1729677743140473431,Sepatu Retrograde Low Black White,247102.65,Toko Sepatu Bandung,IDLCPDWXGD
1729677743140801111,1729677743140473431,Sepatu Retrograde Low Black White,224175.6,Toko Sepatu Bandung,IDLCPDWXGD
1729677743140866647,1729677743140473431,Sepatu Retrograde Low Black White,248777.15,Toko Sepatu Bandung,IDLCPDWXGD
1729677742968834647,1729677742968441431,Sepatu Gazelle Hi Black Gum,183916.19999999998,Toko Sepatu Bandung,IDLCPDWXGD
1729677755464780375,1729677755464059479,Sepatu Gazelle Low Black White,191560.25,Toko Sepatu Bandung,IDLCPDWXGD
1729677743141063255,1729677743140473431,Sepatu Retrograde Low Black White,247102.65,Toko Sepatu Bandung,IDLCPDWXGD
1729677746703600215,1729677747184175703,Sepatu Retrograde Low White Blue,254745.0,Toko Sepatu Bandung,IDLCPDWXGD
1729677755464649303,1729677755464059479,Sepatu Gazelle Low Black White,204114.75,Toko Sepatu Bandung,IDLCPDWXGD
1729677759600560727,1729677759599905367,Sepatu Gazelle Low Cream,195862.94999999998,Toko Sepatu Bandung,IDLCPDWXGD
1729677742968703575,1729677742968441431,Sepatu Gazelle Hi Black Gum,183916.19999999998,Toko Sepatu Bandung,IDLCPDWXGD
1729677743140801111,1729677743140473431,Sepatu Retrograde Low Black White,297245.0,Toko Sepatu Bandung,IDLCPDWXGD
1729677742105004631,1729677742104545879,Sepatu Retrograde Low Cream,254745.0,Toko Sepatu Bandung,IDLCPDWXGD
1729677743140932183,1729677743140473431,Sepatu Retrograde Low Black White,225906.19999999998,Toko Sepatu Bandung,IDLCPDWXGD
1729677755464649303,1729677755464059479,Sepatu Gazelle Low Black White,190184.94999999998,Toko Sepatu Bandung,IDLCPDWXGD
1729677736926808663,1729677736926480983,Sepatu Retrograde Hi Decon Black White,461550.0,Toko Sepatu Bandung,IDLCPDWXGD
1729677743140670039,1729677743140473431,Sepatu Retrograde Low Black White,251803.15,Toko Sepatu Bandung,IDLCPDWXGD
1730806636781078103,1730806637054625367,Sepatu Gazelle Low Weaves Sand,191212.6,Toko Sepatu Bandung,IDLCPDWXGD
1729677759600167511,1729677759599905367,Sepatu Gazelle Low Cream,190184.94999999998,Toko Sepatu Bandung,IDLCPDWXGD
1731927306071869015,1731927283872138839,Sepatu Tribune Shadow,463428.5,Toko Sepatu Bandung,IDLCPDWXGD
1729677755464518231,1729677755464059479,Sepatu Gazelle Low Black White,196066.94999999998,Toko Sepatu Bandung,IDLCPDWXGD
1729677759600233047,1729677759599905367,Sepatu Gazelle Low Cream,196066.94999999998,Toko Sepatu Bandung,IDLCPDWXGD
1729677742968834647,1729677742968441431,Sepatu Gazelle Hi Black Gum,207673.69999999998,Toko Sepatu Bandung,IDLCPDWXGD
1729677755464583767,1729677755464059479,Sepatu Gazelle Low Black White,225420.0,Toko Sepatu Bandung,IDLCPDWXGD
1729677759600364119,1729677759599905367,Sepatu Gazelle Low Cream,196066.94999999998,Toko Sepatu Bandung,IDLCPDWXGD
1729677758275947095,1729677758275553879,Sepatu Gazelle Low Black Gum,191560.25,Toko Sepatu Bandung,IDLCPDWXGD
1729677755464649303,1729677755464059479,Sepatu Gazelle Low Black White,185813.4,Toko Sepatu Bandung,IDLCPDWXGD
1729677743140866647,1729677743140473431,Sepatu Retrograde Low Black White,254320.0,Toko Sepatu Bandung,IDLCPDWXGD
1729677747184503383,1729677747184175703,Sepatu Retrograde Low White Blue,250845.19999999998,Toko Sepatu Bandung,IDLCPDWXGD
1729677742104873559,1729677742104545879,Sepatu Retrograde Low Cream,297245.0,Toko Sepatu Bandung,IDLCPDWXGD
1729677742968769111,1729677742968441431,Sepatu Gazelle Hi Black Gum,204484.5,Toko Sepatu Bandung,IDLCPDWXGD
1729677743140997719,1729677743140473431,Sepatu Retrograde Low Black White,253430.9,Toko Sepatu Bandung,IDLCPDWXGD
1729677742968834647,1729677742968441431,Sepatu Gazelle Hi Black Gum,208917.25,Toko Sepatu Bandung,IDLCPDWXGD
1729677742104873559,1729677742104545879,Sepatu Retrograde Low Cream,258603.15,Toko Sepatu Bandung,IDLCPDWXGD
1729677743140932183,1729677743140473431,Sepatu Retrograde Low Black White,249253.15,Toko Sepatu Bandung,IDLCPDWXGD
1729677743140866647,1729677743140473431,Sepatu Retrograde Low Black White,258603.15,Toko Sepatu Bandung,IDLCPDWXGD
1729677755464583767,1729677755464059479,Sepatu Gazelle Low Black White,206664.75,Toko Sepatu Bandung,IDLCPDWXGD
1729677743141128791,1729677743140473431,Sepatu Retrograde Low Black White,252653.15,Toko Sepatu Bandung,IDLCPDWXGD
1729677743140932183,1729677743140473431,Sepatu Retrograde Low Black White,258603.15,Toko Sepatu Bandung,IDLCPDWXGD
1729677746703469143,1729677747184175703,Sepatu Retrograde Low White Blue,258603.15,Toko Sepatu Bandung,IDLCPDWXGD
1729677758275947095,1729677758275553879,Sepatu Gazelle Low Black Gum,196066.94999999998,Toko Sepatu Bandung,IDLCPDWXGD
1729677746703534679,1729677747184175703,Sepatu Retrograde Low White Blue,258603.15,Toko Sepatu Bandung,IDLCPDWXGD
1729677742968834647,1729677742968441431,Sepatu Gazelle Hi Black Gum,204219.3,Toko Sepatu Bandung,IDLCPDWXGD
1729677742105070167,1729677742104545879,Sepatu Retrograde Low Cream,280245.0,Toko Sepatu Bandung,IDLCPDWXGD
1729677743140932183,1729677743140473431,Sepatu Retrograde Low Black White,254668.5,Toko Sepatu Bandung,IDLCPDWXGD
1730706106318751319,1730706116728161879,Sepatu Tribune Home Black,499800.0,Toko Sepatu Bandung,IDLCPDWXGD
1729677755464518231,1729677755464059479,Sepatu Gazelle Low Black White,190184.94999999998,Toko Sepatu Bandung,IDLCPDWXGD
1731622713472943703,1731622766964541015,Sepatu Tribune Away Ocean,498100.0,Toko Sepatu Bandung,IDLCPDWXGD
1729677761805322839,1729677761804798551,Sepatu Gazelle Low White Red,304215.0,Toko Sepatu Bandung,IDLCPDWXGD
1731016355289138344,1731016368585475240,Paket Pembersih Sepatu Suede & Nubuck / Suede Brush + Suede Eraser Bonus Tali Sepatu,7650.0,Store_0,IDLCEHLLQ6
1729677742104939095,1729677742104545879,Sepatu Retrograde Low Cream,258603.15,Toko Sepatu Bandung,IDLCPDWXGD
1729677755464452695,1729677755464059479,Sepatu Gazelle Low Black White,190184.94999999998,Toko Sepatu Bandung,IDLCPDWXGD
1730793833131509335,1730793845432550999,Sepatu Jersey LS Home Black,329800.0,Toko Sepatu Bandung,IDLCPDWXGD
1729677755464583767,1729677755464059479,Sepatu Gazelle Low Black White,190184.94999999998,Toko Sepatu Bandung,IDLCPDWXGD
1729677758275947095,1729677758275553879,Sepatu Gazelle Low Black Gum,181623.75,Toko Sepatu Bandung,IDLCPDWXGD
1729677755464583767,1729677755464059479,Sepatu Gazelle Low Black White,188416.94999999998,Toko Sepatu Bandung,IDLCPDWXGD
1729677734993234519,1729677734992710231,Sepatu Gazelle Hi Black White,329715.0,Toko Sepatu Bandung,IDLCPDWXGD
1729677759600167511,1729677759599905367,Sepatu Gazelle Low Cream,196066.94999999998,Toko Sepatu Bandung,IDLCPDWXGD
1729677743140997719,1729677743140473431,Sepatu Retrograde Low Black White,253045.0,Toko Sepatu Bandung,IDLCPDWXGD
1729677758275947095,1729677758275553879,Sepatu Gazelle Low Black Gum,192984.0,Toko Sepatu Bandung,IDLCPDWXGD
1729677743140932183,1729677743140473431,Sepatu Retrograde Low Black White,251507.35,Toko Sepatu Bandung,IDLCPDWXGD
1729677759600495191,1729677759599905367,Sepatu Gazelle Low Cream,202113.85,Toko Sepatu Bandung,IDLCPDWXGD
1729677742968769111,1729677742968441431,Sepatu Gazelle Hi Black Gum,218245.15,Toko Sepatu Bandung,IDLCPDWXGD
1729677755464714839,1729677755464059479,Sepatu Gazelle Low Black White,185813.4,Toko Sepatu Bandung,IDLCPDWXGD
1729677743140801111,1729677743140473431,Sepatu Retrograde Low Black White,232917.0,Toko Sepatu Bandung,IDLCPDWXGD
1729677742105004631,1729677742104545879,Sepatu Retrograde Low Cream,253045.0,Toko Sepatu Bandung,IDLCPDWXGD
1731308725958116739,1729768344261264771,Sepatu Tribune Black Gum / White Blue / Navy Gum / Home Black / Away Maroon,499800.0,Toko Sepatu Bandung,IDLCT8WHEM
1730149094126093896,1730148724140508744,Mybasic - Boxy Crop T-Shirt Kaos Boxy Fit with Cotton Combed 24s dengan 200 gsm ++,55770.2,Store_2,IDLCUQLL7K
1729677743140932183,1729677743140473431,Sepatu Retrograde Low Black White,243669.5,Toko Sepatu Bandung,IDLCPDWXGD
1730706088342685271,1730706121172026967,Sepatu Tribune Away Maroon,501144.7,Toko Sepatu Bandung,IDLCPDWXGD
1730174743203907159,1730174756446373463,Sepatu Tribune Black Gum,460977.1,Toko Sepatu Bandung,IDLCPDWXGD
1729677755464387159,1729677755464059479,Sepatu Gazelle Low Black White,194353.35,Toko Sepatu Bandung,IDLCPDWXGD
1729677759600298583,1729677759599905367,Sepatu Gazelle Low Cream,196066.94999999998,Toko Sepatu Bandung,IDLCPDWXGD
1729677755464387159,1729677755464059479,Sepatu Gazelle Low Black White,191560.25,Toko Sepatu Bandung,IDLCPDWXGD
1730806636781078103,1730806637054625367,Sepatu Gazelle Low Weaves Sand,186204.4,Toko Sepatu Bandung,IDLCPDWXGD
1729677743141128791,1729677743140473431,Sepatu Retrograde Low Black White,248830.69999999998,Toko Sepatu Bandung,IDLCPDWXGD
1729677755464583767,1729677755464059479,Sepatu Gazelle Low Black White,185016.94999999998,Toko Sepatu Bandung,IDLCPDWXGD
1729677758275947095,1729677758275553879,Sepatu Gazelle Low Black Gum,183361.15,Toko Sepatu Bandung,IDLCPDWXGD
1733552688571713111,1733552689539090007,Sepatu Gazelle Kids Low Black White,147611.85,Toko Sepatu Bandung,IDLCPDWXGD
1729677747184437847,1729677747184175703,Sepatu Retrograde Low White Blue,247102.65,Toko Sepatu Bandung,IDLCPDWXGD
1729677755464321623,1729677755464059479,Sepatu Gazelle Low Black White,196066.94999999998,Toko Sepatu Bandung,IDLCPDWXGD
1729677759600364119,1729677759599905367,Sepatu Gazelle Low Cream,192371.15,Toko Sepatu Bandung,IDLCPDWXGD
1729677759600233047,1729677759599905367,Sepatu Gazelle Low Cream,190520.69999999998,Toko Sepatu Bandung,IDLCPDWXGD
1729677743141063255,1729677743140473431,Sepatu Retrograde Low Black White,245453.65,Toko Sepatu Bandung,IDLCPDWXGD
1729677743141128791,1729677743140473431,Sepatu Retrograde Low Black White,258603.15,Toko Sepatu Bandung,IDLCPDWXGD
1729677755464649303,1729677755464059479,Sepatu Gazelle Low Black White,191560.25,Toko Sepatu Bandung,IDLCPDWXGD
1729677755464452695,1729677755464059479,Sepatu Gazelle Low Black White,195173.6,Toko Sepatu Bandung,IDLCPDWXGD
1734650508941493635,1734483785564784003,Slider Mono Black / Mono Grey / Mono Beige / Black,279650.0,Toko Sepatu Bandung,IDLCT8WHEM
1729677755464518231,1729677755464059479,Sepatu Gazelle Low Black White,192371.15,Toko Sepatu Bandung,IDLCPDWXGD
1731079464714667395,1729768344261264771,Sepatu Tribune Black Gum / White Blue / Navy Gum / Home Black / Away Maroon,437138.0,Toko Sepatu Bandung,IDLCT8WHEM
1729677742105070167,1729677742104545879,Sepatu Retrograde Low Cream,252747.5,Toko Sepatu Bandung,IDLCPDWXGD
1729677743140997719,1729677743140473431,Sepatu Retrograde Low Black White,246245.0,Toko Sepatu Bandung,IDLCPDWXGD
1729677755464452695,1729677755464059479,Sepatu Gazelle Low Black White,190231.69999999998,Toko Sepatu Bandung,IDLCPDWXGD
1729677755464321623,1729677755464059479,Sepatu Gazelle Low Black White,208364.75,Toko Sepatu Bandung,IDLCPDWXGD
1729677755464714839,1729677755464059479,Sepatu Gazelle Low Black White,190184.94999999998,Toko Sepatu Bandung,IDLCPDWXGD
1729677758275816023,1729677758275553879,Sepatu Gazelle Low Black Gum,191560.25,Toko Sepatu Bandung,IDLCPDWXGD
1729677755464583767,1729677755464059479,Sepatu Gazelle Low Black White,188391.44999999998,Toko Sepatu Bandung,IDLCPDWXGD
1733552688571713111,1733552689539090007,Sepatu Gazelle Kids Low Black White,177518.25,Toko Sepatu Bandung,IDLCPDWXGD
1729677759600298583,1729677759599905367,Sepatu Gazelle Low Cream,177366.94999999998,Toko Sepatu Bandung,IDLCPDWXGD
1729677759600036439,1729677759599905367,Sepatu Gazelle Low Cream,190184.94999999998,Toko Sepatu Bandung,IDLCPDWXGD
1729677746703403607,1729677747184175703,Sepatu Retrograde Low White Blue,255630.69999999998,Toko Sepatu Bandung,IDLCPDWXGD
1730793798601311831,1730793828636853847,Sepatu Jersey LS Away Maroon,328100.0,Toko Sepatu Bandung,IDLCPDWXGD
1729677746703403607,1729677747184175703,Sepatu Retrograde Low White Blue,247894.0,Toko Sepatu Bandung,IDLCPDWXGD
1729677742105070167,1729677742104545879,Sepatu Retrograde Low Cream,246245.0,Toko Sepatu Bandung,IDLCPDWXGD
1729677742105070167,1729677742104545879,Sepatu Retrograde Low Cream,258603.15,Toko Sepatu Bandung,IDLCPDWXGD
1729677743140735575,1729677743140473431,Sepatu Retrograde Low Black White,246713.35,Toko Sepatu Bandung,IDLCPDWXGD
1729677747184503383,1729677747184175703,Sepatu Retrograde Low White Blue,246713.35,Toko Sepatu Bandung,IDLCPDWXGD
1729677743140866647,1729677743140473431,Sepatu Retrograde Low Black White,246713.35,Toko Sepatu Bandung,IDLCPDWXGD
1729677759600298583,1729677759599905367,Sepatu Gazelle Low Cream,198321.15,Toko Sepatu Bandung,IDLCPDWXGD
1729677759600167511,1729677759599905367,Sepatu Gazelle Low Cream,198321.15,Toko Sepatu Bandung,IDLCPDWXGD
1730706088343078487,1730706121172026967,Sepatu Tribune Away Maroon,483157.0,Toko Sepatu Bandung,IDLCPDWXGD
1729677759600233047,1729677759599905367,Sepatu Gazelle Low Cream,194751.15,Toko Sepatu Bandung,IDLCPDWXGD
1729677747184306775,1729677747184175703,Sepatu Retrograde Low White Blue,297245.0,Toko Sepatu Bandung,IDLCPDWXGD
1729677746703600215,1729677747184175703,Sepatu Retrograde Low White Blue,297245.0,Toko Sepatu Bandung,IDLCPDWXGD
1729677742104808023,1729677742104545879,Sepatu Retrograde Low Cream,261575.6,Toko Sepatu Bandung,IDLCPDWXGD
1730706106318751319,1730706116728161879,Sepatu Tribune Home Black,486174.5,Toko Sepatu Bandung,IDLCPDWXGD
1729677759600364119,1729677759599905367,Sepatu Gazelle Low Cream,218603.85,Toko Sepatu Bandung,IDLCPDWXGD
1729677746703469143,1729677747184175703,Sepatu Retrograde Low White Blue,255630.69999999998,Toko Sepatu Bandung,IDLCPDWXGD
1729677743140801111,1729677743140473431,Sepatu Retrograde Low Black White,255579.69999999998,Toko Sepatu Bandung,IDLCPDWXGD
1729677759600233047,1729677759599905367,Sepatu Gazelle Low Cream,202113.85,Toko Sepatu Bandung,IDLCPDWXGD
1729677747184503383,1729677747184175703,Sepatu Retrograde Low White Blue,247102.65,Toko Sepatu Bandung,IDLCPDWXGD
1729628808088290903,1729628808088028759,Sepatu Gazelle Hi Cream,328015.0,Toko Sepatu Bandung,IDLCPDWXGD
1729677759600429655,1729677759599905367,Sepatu Gazelle Low Cream,202113.85,Toko Sepatu Bandung,IDLCPDWXGD
1729677746703469143,1729677747184175703,Sepatu Retrograde Low White Blue,253045.0,Toko Sepatu Bandung,IDLCPDWXGD
1729677758275947095,1729677758275553879,Sepatu Gazelle Low Black Gum,198321.15,Toko Sepatu Bandung,IDLCPDWXGD
1729677755464649303,1729677755464059479,Sepatu Gazelle Low Black White,184438.94999999998,Toko Sepatu Bandung,IDLCPDWXGD
1729677759600233047,1729677759599905367,Sepatu Gazelle Low Cream,184438.94999999998,Toko Sepatu Bandung,IDLCPDWXGD
1730706088342881879,1730706121172026967,Sepatu Tribune Away Maroon,488801.85,Toko Sepatu Bandung,IDLCPDWXGD
1729677755464649303,1729677755464059479,Sepatu Gazelle Low Black White,174522.85,Toko Sepatu Bandung,IDLCPDWXGD
1729677755464518231,1729677755464059479,Sepatu Gazelle Low Black White,198321.15,Toko Sepatu Bandung,IDLCPDWXGD
1729677746703403607,1729677747184175703,Sepatu Retrograde Low White Blue,246245.0,Toko Sepatu Bandung,IDLCPDWXGD
1729677743140735575,1729677743140473431,Sepatu Retrograde Low Black White,254745.0,Toko Sepatu Bandung,IDLCPDWXGD
1730706088342750807,1730706121172026967,Sepatu Tribune Away Maroon,490892.0,Toko Sepatu Bandung,IDLCPDWXGD
1729677746703403607,1729677747184175703,Sepatu Retrograde Low White Blue,253045.0,Toko Sepatu Bandung,IDLCPDWXGD
1729677755464387159,1729677755464059479,Sepatu Gazelle Low Black White,225420.0,Toko Sepatu Bandung,IDLCPDWXGD
1730706088342947415,1730706121172026967,Sepatu Tribune Away Maroon,491580.5,Toko Sepatu Bandung,IDLCPDWXGD
1729677755464649303,1729677755464059479,Sepatu Gazelle Low Black White,192371.15,Toko Sepatu Bandung,IDLCPDWXGD
1729677759600167511,1729677759599905367,Sepatu Gazelle Low Cream,225394.5,Toko Sepatu Bandung,IDLCPDWXGD
1729677746703600215,1729677747184175703,Sepatu Retrograde Low White Blue,253045.0,Toko Sepatu Bandung,IDLCPDWXGD
1730651001345640023,1730651021212354135,Sepatu Tribune Navy Gum,465800.0,Toko Sepatu Bandung,IDLCPDWXGD
1729677755464714839,1729677755464059479,Sepatu Gazelle Low Black White,187241.4,Toko Sepatu Bandung,IDLCPDWXGD
1729677755464714839,1729677755464059479,Sepatu Gazelle Low Black White,171277.55,Toko Sepatu Bandung,IDLCPDWXGD
1729677743140801111,1729677743140473431,Sepatu Retrograde Low Black White,250845.19999999998,Toko Sepatu Bandung,IDLCPDWXGD
1729677743140670039,1729677743140473431,Sepatu Retrograde Low Black White,255630.69999999998,Toko Sepatu Bandung,IDLCPDWXGD
1729677755464649303,1729677755464059479,Sepatu Gazelle Low Black White,198321.15,Toko Sepatu Bandung,IDLCPDWXGD
1730706106318751319,1730706116728161879,Sepatu Tribune Home Black,414047.75,Toko Sepatu Bandung,IDLCPDWXGD
1729677743140866647,1729677743140473431,Sepatu Retrograde Low Black White,222053.15,Toko Sepatu Bandung,IDLCPDWXGD
1729677743140735575,1729677743140473431,Sepatu Retrograde Low Black White,253045.0,Toko Sepatu Bandung,IDLCPDWXGD
1729677746703534679,1729677747184175703,Sepatu Retrograde Low White Blue,247902.5,Toko Sepatu Bandung,IDLCPDWXGD
1730706088342816343,1730706121172026967,Sepatu Tribune Away Maroon,468167.25,Toko Sepatu Bandung,IDLCPDWXGD
1729677755464125015,1729677755464059479,Sepatu Gazelle Low Black White,198321.15,Toko Sepatu Bandung,IDLCPDWXGD
1730174772503152215,1730174800969827927,Sepatu Tribune White Blue,433462.6,Toko Sepatu Bandung,IDLCPDWXGD
1729677743141063255,1729677743140473431,Sepatu Retrograde Low Black White,243542.0,Toko Sepatu Bandung,IDLCPDWXGD
1734483831936681347,1734483785564784003,Slider Mono Black / Mono Grey / Mono Beige / Black,279650.0,Toko Sepatu Bandung,IDLCT8WHEM
1729677746703534679,1729677747184175703,Sepatu Retrograde Low White Blue,253045.0,Toko Sepatu Bandung,IDLCPDWXGD
1729677747184503383,1729677747184175703,Sepatu Retrograde Low White Blue,297245.0,Toko Sepatu Bandung,IDLCPDWXGD
1729677755464387159,1729677755464059479,Sepatu Gazelle Low Black White,192371.15,Toko Sepatu Bandung,IDLCPDWXGD
1729677755464583767,1729677755464059479,Sepatu Gazelle Low Black White,194034.6,Toko Sepatu Bandung,IDLCPDWXGD
1729677755464387159,1729677755464059479,Sepatu Gazelle Low Black White,178488.94999999998,Toko Sepatu Bandung,IDLCPDWXGD
1729677755464583767,1729677755464059479,Sepatu Gazelle Low Black White,218657.4,Toko Sepatu Bandung,IDLCPDWXGD
1729677755464452695,1729677755464059479,Sepatu Gazelle Low Black White,183964.65,Toko Sepatu Bandung,IDLCPDWXGD
1729677759600364119,1729677759599905367,Sepatu Gazelle Low Cream,178488.94999999998,Toko Sepatu Bandung,IDLCPDWXGD
1729677758275947095,1729677758275553879,Sepatu Gazelle Low Black Gum,196216.55,Toko Sepatu Bandung,IDLCPDWXGD
1730121322705028483,1729583996951366019,Sepatu Gazelle Low Black White / Cream / White Blue / White red / Black Gum,304300.0,Toko Sepatu Bandung,IDLCT8WHEM
1729677758275816023,1729677758275553879,Sepatu Gazelle Low Black Gum,181441.0,Toko Sepatu Bandung,IDLCPDWXGD
1729677755464518231,1729677755464059479,Sepatu Gazelle Low Black White,193239.85,Toko Sepatu Bandung,IDLCPDWXGD
1729677746703469143,1729677747184175703,Sepatu Retrograde Low White Blue,258871.75,Toko Sepatu Bandung,IDLCPDWXGD
1729677742968572503,1729677742968441431,Sepatu Gazelle Hi Black Gum,212955.6,Toko Sepatu Bandung,IDLCPDWXGD
1729677758275816023,1729677758275553879,Sepatu Gazelle Low Black Gum,174883.25,Toko Sepatu Bandung,IDLCPDWXGD
1729677746703403607,1729677747184175703,Sepatu Retrograde Low White Blue,247945.0,Toko Sepatu Bandung,IDLCPDWXGD
1729677747184503383,1729677747184175703,Sepatu Retrograde Low White Blue,246219.5,Toko Sepatu Bandung,IDLCPDWXGD
1729677743141128791,1729677743140473431,Sepatu Retrograde Low Black White,250549.4,Toko Sepatu Bandung,IDLCPDWXGD
1730136533761492355,1729587963613710723,Sepatu Gazelle High Black White / Cream / White Blue / White red / Black Gum,329800.0,Toko Sepatu Bandung,IDLCT8WHEM
1729677743140801111,1729677743140473431,Sepatu Retrograde Low Black White,280245.0,Toko Sepatu Bandung,IDLCPDWXGD
1729677743140801111,1729677743140473431,Sepatu Retrograde Low Black White,248152.4,Toko Sepatu Bandung,IDLCPDWXGD
1729677755464387159,1729677755464059479,Sepatu Gazelle Low Black White,198321.15,Toko Sepatu Bandung,IDLCPDWXGD
1729677755464583767,1729677755464059479,Sepatu Gazelle Low Black White,195862.94999999998,Toko Sepatu Bandung,IDLCPDWXGD
1729677759600495191,1729677759599905367,Sepatu Gazelle Low Cream,192371.15,Toko Sepatu Bandung,IDLCPDWXGD
1729677734993103447,1729677734992710231,Sepatu Gazelle Hi Black White,317722.35,Toko Sepatu Bandung,IDLCPDWXGD
1729677743140801111,1729677743140473431,Sepatu Retrograde Low Black White,247962.0,Toko Sepatu Bandung,IDLCPDWXGD
1729677746703403607,1729677747184175703,Sepatu Retrograde Low White Blue,247893.15,Toko Sepatu Bandung,IDLCPDWXGD
1731927306072000087,1731927283872138839,Sepatu Tribune Shadow,464719.64999999997,Toko Sepatu Bandung,IDLCPDWXGD
1729677755464321623,1729677755464059479,Sepatu Gazelle Low Black White,198321.15,Toko Sepatu Bandung,IDLCPDWXGD
1729677755464583767,1729677755464059479,Sepatu Gazelle Low Black White,192371.15,Toko Sepatu Bandung,IDLCPDWXGD
1729677743140735575,1729677743140473431,Sepatu Retrograde Low Black White,251203.9,Toko Sepatu Bandung,IDLCPDWXGD
1734650508941428099,1734483785564784003,Slider Mono Black / Mono Grey / Mono Beige / Black,279650.0,Toko Sepatu Bandung,IDLCT8WHEM
1729677759600167511,1729677759599905367,Sepatu Gazelle Low Cream,189306.05,Toko Sepatu Bandung,IDLCPDWXGD
1729677758275684951,1729677758275553879,Sepatu Gazelle Low Black Gum,181441.0,Toko Sepatu Bandung,IDLCPDWXGD
1729677759600364119,1729677759599905367,Sepatu Gazelle Low Cream,191560.25,Toko Sepatu Bandung,IDLCPDWXGD
1729677759600495191,1729677759599905367,Sepatu Gazelle Low Cream,181441.0,Toko Sepatu Bandung,IDLCPDWXGD
1729677746703600215,1729677747184175703,Sepatu Retrograde Low White Blue,280245.0,Toko Sepatu Bandung,IDLCPDWXGD
1729677743140801111,1729677743140473431,Sepatu Retrograde Low Black White,256818.15,Toko Sepatu Bandung,IDLCPDWXGD
1729677743141128791,1729677743140473431,Sepatu Retrograde Low Black White,228878.65,Toko Sepatu Bandung,IDLCPDWXGD
1729677759600495191,1729677759599905367,Sepatu Gazelle Low Cream,187052.69999999998,Toko Sepatu Bandung,IDLCPDWXGD
1729677743140997719,1729677743140473431,Sepatu Retrograde Low Black White,230661.94999999998,Toko Sepatu Bandung,IDLCPDWXGD
1729677743140866647,1729677743140473431,Sepatu Retrograde Low Black White,280245.0,Toko Sepatu Bandung,IDLCPDWXGD
1729677746703469143,1729677747184175703,Sepatu Retrograde Low White Blue,247962.0,Toko Sepatu Bandung,IDLCPDWXGD
1729677759600495191,1729677759599905367,Sepatu Gazelle Low Cream,175977.19999999998,Toko Sepatu Bandung,IDLCPDWXGD
1729677755464518231,1729677755464059479,Sepatu Gazelle Low Black White,225339.25,Toko Sepatu Bandung,IDLCPDWXGD
1729677755464714839,1729677755464059479,Sepatu Gazelle Low Black White,189306.05,Toko Sepatu Bandung,IDLCPDWXGD
1729677758276274775,1729677758275553879,Sepatu Gazelle Low Black Gum,191560.25,Toko Sepatu Bandung,IDLCPDWXGD
1729677759600429655,1729677759599905367,Sepatu Gazelle Low Cream,181441.0,Toko Sepatu Bandung,IDLCPDWXGD
1729677755464780375,1729677755464059479,Sepatu Gazelle Low Black White,193813.6,Toko Sepatu Bandung,IDLCPDWXGD
1729677746703469143,1729677747184175703,Sepatu Retrograde Low White Blue,248007.05,Toko Sepatu Bandung,IDLCPDWXGD
1729677742105135703,1729677742104545879,Sepatu Retrograde Low Cream,246713.35,Toko Sepatu Bandung,IDLCPDWXGD
1729677742105070167,1729677742104545879,Sepatu Retrograde Low Cream,246713.35,Toko Sepatu Bandung,IDLCPDWXGD
1729677742105004631,1729677742104545879,Sepatu Retrograde Low Cream,246713.35,Toko Sepatu Bandung,IDLCPDWXGD
1729677742104873559,1729677742104545879,Sepatu Retrograde Low Cream,246713.35,Toko Sepatu Bandung,IDLCPDWXGD
1729677742104808023,1729677742104545879,Sepatu Retrograde Low Cream,246713.35,Toko Sepatu Bandung,IDLCPDWXGD
1729677742104742487,1729677742104545879,Sepatu Retrograde Low Cream,246713.35,Toko Sepatu Bandung,IDLCPDWXGD
1729677758275816023,1729677758275553879,Sepatu Gazelle Low Black Gum,187052.69999999998,Toko Sepatu Bandung,IDLCPDWXGD
1729677742104873559,1729677742104545879,Sepatu Retrograde Low Cream,247102.65,Toko Sepatu Bandung,IDLCPDWXGD
1729677742968834647,1729677742968441431,Sepatu Gazelle Hi Black Gum,200855.85,Toko Sepatu Bandung,IDLCPDWXGD
1729677755464256087,1729677755464059479,Sepatu Gazelle Low Black White,187999.6,Toko Sepatu Bandung,IDLCPDWXGD
1729677759600298583,1729677759599905367,Sepatu Gazelle Low Cream,181441.0,Toko Sepatu Bandung,IDLCPDWXGD
1730310850770470154,1730310857824109834,Paket 6 Pasang Kaos Kaki Oldschool Polos Panjang Dewasa Pria Wanita / Kaos Kaki Polos Cewek Cowok Sporty/Olahraga/Kerja/Casual Remaja Unisex Nyaman Tebal,27993.05,Store_1,IDLCJYLTBL
1729677755464583767,1729677755464059479,Sepatu Gazelle Low Black White,193813.6,Toko Sepatu Bandung,IDLCPDWXGD
1729677755464387159,1729677755464059479,Sepatu Gazelle Low Black White,187606.05,Toko Sepatu Bandung,IDLCPDWXGD
1729677755464452695,1729677755464059479,Sepatu Gazelle Low Black White,201115.1,Toko Sepatu Bandung,IDLCPDWXGD
1729677743140801111,1729677743140473431,Sepatu Retrograde Low Black White,246194.0,Toko Sepatu Bandung,IDLCPDWXGD
1729677755464649303,1729677755464059479,Sepatu Gazelle Low Black White,183627.19999999998,Toko Sepatu Bandung,IDLCPDWXGD
1729677743140997719,1729677743140473431,Sepatu Retrograde Low Black White,245453.65,Toko Sepatu Bandung,IDLCPDWXGD
1729677743140604503,1729677743140473431,Sepatu Retrograde Low Black White,250989.69999999998,Toko Sepatu Bandung,IDLCPDWXGD
1729677743140866647,1729677743140473431,Sepatu Retrograde Low Black White,235169.5,Toko Sepatu Bandung,IDLCPDWXGD
1729677743140866647,1729677743140473431,Sepatu Retrograde Low Black White,237796.0,Toko Sepatu Bandung,IDLCPDWXGD
1729677759600233047,1729677759599905367,Sepatu Gazelle Low Cream,180291.8,Toko Sepatu Bandung,IDLCPDWXGD
1729677755464387159,1729677755464059479,Sepatu Gazelle Low Black White,208325.65,Toko Sepatu Bandung,IDLCPDWXGD
1729677743140801111,1729677743140473431,Sepatu Retrograde Low Black White,257685.15,Toko Sepatu Bandung,IDLCPDWXGD
1729677755464387159,1729677755464059479,Sepatu Gazelle Low Black White,183476.75,Toko Sepatu Bandung,IDLCPDWXGD
1729677755464649303,1729677755464059479,Sepatu Gazelle Low Black White,196066.94999999998,Toko Sepatu Bandung,IDLCPDWXGD
1729677746703469143,1729677747184175703,Sepatu Retrograde Low White Blue,229443.05,Toko Sepatu Bandung,IDLCPDWXGD
1729677755464649303,1729677755464059479,Sepatu Gazelle Low Black White,207335.4,Toko Sepatu Bandung,IDLCPDWXGD
1730868728727963223,1730868777127282263,Sepatu Tribune White Green,462907.45,Toko Sepatu Bandung,IDLCPDWXGD
1729677755464649303,1729677755464059479,Sepatu Gazelle Low Black White,189306.05,Toko Sepatu Bandung,IDLCPDWXGD
1729677734993168983,1729677734992710231,Sepatu Gazelle Hi Black White,328695.0,Toko Sepatu Bandung,IDLCPDWXGD
1729677755464452695,1729677755464059479,Sepatu Gazelle Low Black White,225364.75,Toko Sepatu Bandung,IDLCPDWXGD
1729677755464583767,1729677755464059479,Sepatu Gazelle Low Black White,191560.25,Toko Sepatu Bandung,IDLCPDWXGD
1729677755464452695,1729677755464059479,Sepatu Gazelle Low Black White,187999.6,Toko Sepatu Bandung,IDLCPDWXGD
1729677759600429655,1729677759599905367,Sepatu Gazelle Low Cream,196066.94999999998,Toko Sepatu Bandung,IDLCPDWXGD
1729677755464452695,1729677755464059479,Sepatu Gazelle Low Black White,190065.94999999998,Toko Sepatu Bandung,IDLCPDWXGD
1729677755464780375,1729677755464059479,Sepatu Gazelle Low Black White,196066.94999999998,Toko Sepatu Bandung,IDLCPDWXGD
1729677759600364119,1729677759599905367,Sepatu Gazelle Low Cream,187052.69999999998,Toko Sepatu Bandung,IDLCPDWXGD
1729677759600298583,1729677759599905367,Sepatu Gazelle Low Cream,193813.6,Toko Sepatu Bandung,IDLCPDWXGD
1730706088343012951,1730706121172026967,Sepatu Tribune Away Maroon,499774.5,Toko Sepatu Bandung,IDLCPDWXGD
1729677759600429655,1729677759599905367,Sepatu Gazelle Low Cream,187052.69999999998,Toko Sepatu Bandung,IDLCPDWXGD
1729677743141128791,1729677743140473431,Sepatu Retrograde Low Black White,294272.55,Toko Sepatu Bandung,IDLCPDWXGD
1729677758275619415,1729677758275553879,Sepatu Gazelle Low Black Gum,189953.75,Toko Sepatu Bandung,IDLCPDWXGD
1730806648018667095,1730806654709565015,Sepatu Gazelle Low Weaves Graphite,214613.1,Toko Sepatu Bandung,IDLCPDWXGD
1730174743203907159,1730174756446373463,Sepatu Tribune Black Gum,464100.0,Toko Sepatu Bandung,IDLCPDWXGD
1729677755464125015,1729677755464059479,Sepatu Gazelle Low Black White,189306.05,Toko Sepatu Bandung,IDLCPDWXGD
1729677759600495191,1729677759599905367,Sepatu Gazelle Low Cream,203264.75,Toko Sepatu Bandung,IDLCPDWXGD
1729677755464452695,1729677755464059479,Sepatu Gazelle Low Black White,203264.75,Toko Sepatu Bandung,IDLCPDWXGD
1729677759600233047,1729677759599905367,Sepatu Gazelle Low Cream,187052.69999999998,Toko Sepatu Bandung,IDLCPDWXGD
1730310850770470154,1730310857824109834,Paket 6 Pasang Kaos Kaki Oldschool Polos Panjang Dewasa Pria Wanita / Kaos Kaki Polos Cewek Cowok Sporty/Olahraga/Kerja/Casual Remaja Unisex Nyaman Tebal,27992.2,Store_1,IDLCJYLTBL
1729677755464452695,1729677755464059479,Sepatu Gazelle Low Black White,185858.44999999998,Toko Sepatu Bandung,IDLCPDWXGD
1729677758327065175,1729677758326606423,Sepatu Gazelle Low White Blue,304215.0,Toko Sepatu Bandung,IDLCPDWXGD
1729677755464518231,1729677755464059479,Sepatu Gazelle Low Black White,188224.0,Toko Sepatu Bandung,IDLCPDWXGD
1729677755464583767,1729677755464059479,Sepatu Gazelle Low Black White,180323.25,Toko Sepatu Bandung,IDLCPDWXGD
1729677759600429655,1729677759599905367,Sepatu Gazelle Low Cream,225420.0,Toko Sepatu Bandung,IDLCPDWXGD
1729677747184503383,1729677747184175703,Sepatu Retrograde Low White Blue,237796.0,Toko Sepatu Bandung,IDLCPDWXGD
1730174743203645015,1730174756446373463,Sepatu Tribune Black Gum,440674.0,Toko Sepatu Bandung,IDLCPDWXGD
1729677746703469143,1729677747184175703,Sepatu Retrograde Low White Blue,251280.4,Toko Sepatu Bandung,IDLCPDWXGD
1730174772819887703,1730174848005801559,Sepatu Tribune Red Gum,465800.0,Toko Sepatu Bandung,IDLCPDWXGD
1729768205592856151,1729768199000000087,Sepatu Retrograde Slip On Herringbone Black,406300.0,Toko Sepatu Bandung,IDLCPDWXGD
1729677758275816023,1729677758275553879,Sepatu Gazelle Low Black Gum,188303.05,Toko Sepatu Bandung,IDLCPDWXGD
1729677743141194327,1729677743140473431,Sepatu Retrograde Low Black White,254745.0,Toko Sepatu Bandung,IDLCPDWXGD
1729677758275750487,1729677758275553879,Sepatu Gazelle Low Black Gum,187052.69999999998,Toko Sepatu Bandung,IDLCPDWXGD
1729677759600298583,1729677759599905367,Sepatu Gazelle Low Cream,168347.6,Toko Sepatu Bandung,IDLCPDWXGD
1729677759600036439,1729677759599905367,Sepatu Gazelle Low Cream,210631.69999999998,Toko Sepatu Bandung,IDLCPDWXGD
1729677755464518231,1729677755464059479,Sepatu Gazelle Low Black White,210630.85,Toko Sepatu Bandung,IDLCPDWXGD
1729677755464387159,1729677755464059479,Sepatu Gazelle Low Black White,210631.69999999998,Toko Sepatu Bandung,IDLCPDWXGD
1729677746703600215,1729677747184175703,Sepatu Retrograde Low White Blue,296869.3,Toko Sepatu Bandung,IDLCPDWXGD
1729677755464518231,1729677755464059479,Sepatu Gazelle Low Black White,190407.65,Toko Sepatu Bandung,IDLCPDWXGD
1729677755464583767,1729677755464059479,Sepatu Gazelle Low Black White,185352.69999999998,Toko Sepatu Bandung,IDLCPDWXGD
1729677755464649303,1729677755464059479,Sepatu Gazelle Low Black White,181761.44999999998,Toko Sepatu Bandung,IDLCPDWXGD
1729677747184503383,1729677747184175703,Sepatu Retrograde Low White Blue,253045.0,Toko Sepatu Bandung,IDLCPDWXGD
1729677743140866647,1729677743140473431,Sepatu Retrograde Low Black White,249253.15,Toko Sepatu Bandung,IDLCPDWXGD
1729677743141128791,1729677743140473431,Sepatu Retrograde Low Black White,255630.69999999998,Toko Sepatu Bandung,IDLCPDWXGD
1729677755464387159,1729677755464059479,Sepatu Gazelle Low Black White,196066.94999999998,Toko Sepatu Bandung,IDLCPDWXGD
1729677743140801111,1729677743140473431,Sepatu Retrograde Low Black White,248959.9,Toko Sepatu Bandung,IDLCPDWXGD
1729677755464583767,1729677755464059479,Sepatu Gazelle Low Black White,185736.05,Toko Sepatu Bandung,IDLCPDWXGD
1729677743140801111,1729677743140473431,Sepatu Retrograde Low Black White,257661.35,Toko Sepatu Bandung,IDLCPDWXGD
1729677759600495191,1729677759599905367,Sepatu Gazelle Low Cream,196066.94999999998,Toko Sepatu Bandung,IDLCPDWXGD
1729677755464714839,1729677755464059479,Sepatu Gazelle Low Black White,196066.94999999998,Toko Sepatu Bandung,IDLCPDWXGD
1729677742104873559,1729677742104545879,Sepatu Retrograde Low Cream,245369.5,Toko Sepatu Bandung,IDLCPDWXGD
1729677742105004631,1729677742104545879,Sepatu Retrograde Low Cream,258603.15,Toko Sepatu Bandung,IDLCPDWXGD
1729677743141128791,1729677743140473431,Sepatu Retrograde Low Black White,251162.25,Toko Sepatu Bandung,IDLCPDWXGD
1729677755464518231,1729677755464059479,Sepatu Gazelle Low Black White,171252.05,Toko Sepatu Bandung,IDLCPDWXGD
1729677759600298583,1729677759599905367,Sepatu Gazelle Low Cream,190231.69999999998,Toko Sepatu Bandung,IDLCPDWXGD
1729677759600233047,1729677759599905367,Sepatu Gazelle Low Cream,225364.75,Toko Sepatu Bandung,IDLCPDWXGD
1729677743140735575,1729677743140473431,Sepatu Retrograde Low Black White,251803.15,Toko Sepatu Bandung,IDLCPDWXGD
1729677742104611415,1729677742104545879,Sepatu Retrograde Low Cream,253045.0,Toko Sepatu Bandung,IDLCPDWXGD
1729677759600298583,1729677759599905367,Sepatu Gazelle Low Cream,189266.94999999998,Toko Sepatu Bandung,IDLCPDWXGD
1729677758275947095,1729677758275553879,Sepatu Gazelle Low Black Gum,190184.94999999998,Toko Sepatu Bandung,IDLCPDWXGD
1729677759600495191,1729677759599905367,Sepatu Gazelle Low Cream,196041.44999999998,Toko Sepatu Bandung,IDLCPDWXGD
1729677743140932183,1729677743140473431,Sepatu Retrograde Low Black White,254517.19999999998,Toko Sepatu Bandung,IDLCPDWXGD
1729677755464583767,1729677755464059479,Sepatu Gazelle Low Black White,183627.19999999998,Toko Sepatu Bandung,IDLCPDWXGD
1729677758275619415,1729677758275553879,Sepatu Gazelle Low Black Gum,196066.94999999998,Toko Sepatu Bandung,IDLCPDWXGD
1729677743140866647,1729677743140473431,Sepatu Retrograde Low Black White,249653.5,Toko Sepatu Bandung,IDLCPDWXGD
1729677755464518231,1729677755464059479,Sepatu Gazelle Low Black White,186314.9,Toko Sepatu Bandung,IDLCPDWXGD
1729677758275816023,1729677758275553879,Sepatu Gazelle Low Black Gum,189306.05,Toko Sepatu Bandung,IDLCPDWXGD
1729677755464387159,1729677755464059479,Sepatu Gazelle Low Black White,187001.69999999998,Toko Sepatu Bandung,IDLCPDWXGD
1729677747184437847,1729677747184175703,Sepatu Retrograde Low White Blue,243695.0,Toko Sepatu Bandung,IDLCPDWXGD
1731308689765467523,1729768344261264771,Sepatu Tribune Black Gum / White Blue / Navy Gum / Home Black / Away Maroon,499800.0,Toko Sepatu Bandung,IDLCT8WHEM
1729677755464452695,1729677755464059479,Sepatu Gazelle Low Black White,171612.44999999998,Toko Sepatu Bandung,IDLCPDWXGD
1729677743140801111,1729677743140473431,Sepatu Retrograde Low Black White,246245.0,Toko Sepatu Bandung,IDLCPDWXGD
1729677759600298583,1729677759599905367,Sepatu Gazelle Low Cream,171456.05,Toko Sepatu Bandung,IDLCPDWXGD
1729677743140866647,1729677743140473431,Sepatu Retrograde Low Black White,251777.65,Toko Sepatu Bandung,IDLCPDWXGD
1729677743141128791,1729677743140473431,Sepatu Retrograde Low Black White,237425.4,Toko Sepatu Bandung,IDLCPDWXGD
1730706088342947415,1730706121172026967,Sepatu Tribune Away Maroon,499800.0,Toko Sepatu Bandung,IDLCPDWXGD
1729677755464387159,1729677755464059479,Sepatu Gazelle Low Black White,185813.4,Toko Sepatu Bandung,IDLCPDWXGD
1730806636780750423,1730806637054625367,Sepatu Gazelle Low Weaves Sand,184619.15,Toko Sepatu Bandung,IDLCPDWXGD
1729677758275619415,1729677758275553879,Sepatu Gazelle Low Black Gum,193238.15,Toko Sepatu Bandung,IDLCPDWXGD
1729677755464452695,1729677755464059479,Sepatu Gazelle Low Black White,189306.05,Toko Sepatu Bandung,IDLCPDWXGD
1729677742104873559,1729677742104545879,Sepatu Retrograde Low Cream,253045.0,Toko Sepatu Bandung,IDLCPDWXGD
1729677759600429655,1729677759599905367,Sepatu Gazelle Low Cream,193813.6,Toko Sepatu Bandung,IDLCPDWXGD
1729677755464714839,1729677755464059479,Sepatu Gazelle Low Black White,189280.55,Toko Sepatu Bandung,IDLCPDWXGD
1729677743141128791,1729677743140473431,Sepatu Retrograde Low Black White,253045.0,Toko Sepatu Bandung,IDLCPDWXGD
1729677759600429655,1729677759599905367,Sepatu Gazelle Low Cream,175804.65,Toko Sepatu Bandung,IDLCPDWXGD
1729677746703403607,1729677747184175703,Sepatu Retrograde Low White Blue,248119.25,Toko Sepatu Bandung,IDLCPDWXGD
1729677743140866647,1729677743140473431,Sepatu Retrograde Low Black White,236475.1,Toko Sepatu Bandung,IDLCPDWXGD
1729677755464387159,1729677755464059479,Sepatu Gazelle Low Black White,193813.6,Toko Sepatu Bandung,IDLCPDWXGD
1729677755464649303,1729677755464059479,Sepatu Gazelle Low Black White,201115.1,Toko Sepatu Bandung,IDLCPDWXGD
1729677755464649303,1729677755464059479,Sepatu Gazelle Low Black White,177700.15,Toko Sepatu Bandung,IDLCPDWXGD
1729677755464583767,1729677755464059479,Sepatu Gazelle Low Black White,182407.44999999998,Toko Sepatu Bandung,IDLCPDWXGD
1729677755464387159,1729677755464059479,Sepatu Gazelle Low Black White,178256.05,Toko Sepatu Bandung,IDLCPDWXGD
1729677755464387159,1729677755464059479,Sepatu Gazelle Low Black White,179956.05,Toko Sepatu Bandung,IDLCPDWXGD
1729677759600429655,1729677759599905367,Sepatu Gazelle Low Cream,177077.94999999998,Toko Sepatu Bandung,IDLCPDWXGD
1729677746703665751,1729677747184175703,Sepatu Retrograde Low White Blue,254745.0,Toko Sepatu Bandung,IDLCPDWXGD
1729677742104873559,1729677742104545879,Sepatu Retrograde Low Cream,247945.0,Toko Sepatu Bandung,IDLCPDWXGD
1729677755464518231,1729677755464059479,Sepatu Gazelle Low Black White,176002.69999999998,Toko Sepatu Bandung,IDLCPDWXGD
1729677759600364119,1729677759599905367,Sepatu Gazelle Low Cream,191881.55,Toko Sepatu Bandung,IDLCPDWXGD
1729677743140604503,1729677743140473431,Sepatu Retrograde Low Black White,253045.0,Toko Sepatu Bandung,IDLCPDWXGD
1729677759600364119,1729677759599905367,Sepatu Gazelle Low Cream,182291.85,Toko Sepatu Bandung,IDLCPDWXGD
1729677742105201239,1729677742104545879,Sepatu Retrograde Low Cream,245453.65,Toko Sepatu Bandung,IDLCPDWXGD
1730806636780750423,1730806637054625367,Sepatu Gazelle Low Weaves Sand,188803.69999999998,Toko Sepatu Bandung,IDLCPDWXGD
1729677755464321623,1729677755464059479,Sepatu Gazelle Low Black White,188686.4,Toko Sepatu Bandung,IDLCPDWXGD
1733552670791534167,1733552673577535063,Sepatu Tribune Kids White Blue,234345.0,Toko Sepatu Bandung,IDLCPDWXGD
1729677743140866647,1729677743140473431,Sepatu Retrograde Low Black White,247685.75,Toko Sepatu Bandung,IDLCPDWXGD
1729677742104939095,1729677742104545879,Sepatu Retrograde Low Cream,245453.65,Toko Sepatu Bandung,IDLCPDWXGD
1732072010571744840,1732067307942741576,MyBasic Fitted Tee Heavy Weight 200 GSM Premium,48042.0,Store_2,IDLCUQLL7K
1732072010571548232,1732067307942741576,MyBasic Fitted Tee Heavy Weight 200 GSM Premium,48042.0,Store_2,IDLCUQLL7K
1729677758275619415,1729677758275553879,Sepatu Gazelle Low Black Gum,186253.69999999998,Toko Sepatu Bandung,IDLCPDWXGD
1733552718078969431,1733552689539090007,Sepatu Gazelle Kids Low Black White,166120.6,Toko Sepatu Bandung,IDLCPDWXGD
1729677759600298583,1729677759599905367,Sepatu Gazelle Low Cream,190184.94999999998,Toko Sepatu Bandung,IDLCPDWXGD
1729677759600298583,1729677759599905367,Sepatu Gazelle Low Cream,172404.65,Toko Sepatu Bandung,IDLCPDWXGD
1729677742104808023,1729677742104545879,Sepatu Retrograde Low Cream,249730.85,Toko Sepatu Bandung,IDLCPDWXGD
1729677742968769111,1729677742968441431,Sepatu Gazelle Hi Black Gum,194830.19999999998,Toko Sepatu Bandung,IDLCPDWXGD
1729677743140866647,1729677743140473431,Sepatu Retrograde Low Black White,247102.65,Toko Sepatu Bandung,IDLCPDWXGD
1729677743140801111,1729677743140473431,Sepatu Retrograde Low Black White,246219.5,Toko Sepatu Bandung,IDLCPDWXGD
1729677759600298583,1729677759599905367,Sepatu Gazelle Low Cream,187052.69999999998,Toko Sepatu Bandung,IDLCPDWXGD
1729677755464518231,1729677755464059479,Sepatu Gazelle Low Black White,182545.15,Toko Sepatu Bandung,IDLCPDWXGD
1729677755464452695,1729677755464059479,Sepatu Gazelle Low Black White,203738.19999999998,Toko Sepatu Bandung,IDLCPDWXGD
1729677743140866647,1729677743140473431,Sepatu Retrograde Low Black White,268721.55,Toko Sepatu Bandung,IDLCPDWXGD
1729677755464649303,1729677755464059479,Sepatu Gazelle Low Black White,193031.6,Toko Sepatu Bandung,IDLCPDWXGD
1729677743140670039,1729677743140473431,Sepatu Retrograde Low Black White,253045.0,Toko Sepatu Bandung,IDLCPDWXGD
1729677755464649303,1729677755464059479,Sepatu Gazelle Low Black White,169202.69999999998,Toko Sepatu Bandung,IDLCPDWXGD
1729677755464387159,1729677755464059479,Sepatu Gazelle Low Black White,183627.19999999998,Toko Sepatu Bandung,IDLCPDWXGD
1729677758275947095,1729677758275553879,Sepatu Gazelle Low Black Gum,187999.6,Toko Sepatu Bandung,IDLCPDWXGD
1729677758275816023,1729677758275553879,Sepatu Gazelle Low Black Gum,193813.6,Toko Sepatu Bandung,IDLCPDWXGD
1729677759600233047,1729677759599905367,Sepatu Gazelle Low Cream,190184.94999999998,Toko Sepatu Bandung,IDLCPDWXGD
1729677742105070167,1729677742104545879,Sepatu Retrograde Low Cream,254745.0,Toko Sepatu Bandung,IDLCPDWXGD
1729677747184503383,1729677747184175703,Sepatu Retrograde Low White Blue,264095.0,Toko Sepatu Bandung,IDLCPDWXGD
1729677758275750487,1729677758275553879,Sepatu Gazelle Low Black Gum,196066.94999999998,Toko Sepatu Bandung,IDLCPDWXGD
1729677742104939095,1729677742104545879,Sepatu Retrograde Low Cream,253045.0,Toko Sepatu Bandung,IDLCPDWXGD
1729677742105070167,1729677742104545879,Sepatu Retrograde Low Cream,255630.69999999998,Toko Sepatu Bandung,IDLCPDWXGD
1729677743140866647,1729677743140473431,Sepatu Retrograde Low Black White,251883.9,Toko Sepatu Bandung,IDLCPDWXGD
1729677743140866647,1729677743140473431,Sepatu Retrograde Low Black White,250876.65,Toko Sepatu Bandung,IDLCPDWXGD
1729677759600233047,1729677759599905367,Sepatu Gazelle Low Cream,186716.94999999998,Toko Sepatu Bandung,IDLCPDWXGD
1729677747184437847,1729677747184175703,Sepatu Retrograde Low White Blue,250845.19999999998,Toko Sepatu Bandung,IDLCPDWXGD
1729677755464256087,1729677755464059479,Sepatu Gazelle Low Black White,196066.94999999998,Toko Sepatu Bandung,IDLCPDWXGD
1729677743140604503,1729677743140473431,Sepatu Retrograde Low Black White,251803.15,Toko Sepatu Bandung,IDLCPDWXGD
1729677746703534679,1729677747184175703,Sepatu Retrograde Low White Blue,247102.65,Toko Sepatu Bandung,IDLCPDWXGD
1730868728727766615,1730868777127282263,Sepatu Tribune White Green,499800.0,Toko Sepatu Bandung,IDLCPDWXGD
1729677755464452695,1729677755464059479,Sepatu Gazelle Low Black White,194251.35,Toko Sepatu Bandung,IDLCPDWXGD
1733552688571713111,1733552689539090007,Sepatu Gazelle Kids Low Black White,173315.85,Toko Sepatu Bandung,IDLCPDWXGD
1729677758276143703,1729677758275553879,Sepatu Gazelle Low Black Gum,196066.94999999998,Toko Sepatu Bandung,IDLCPDWXGD
1729677742968834647,1729677742968441431,Sepatu Gazelle Hi Black Gum,210535.65,Toko Sepatu Bandung,IDLCPDWXGD
1729677755464583767,1729677755464059479,Sepatu Gazelle Low Black White,191313.75,Toko Sepatu Bandung,IDLCPDWXGD
1729677755464387159,1729677755464059479,Sepatu Gazelle Low Black White,190184.94999999998,Toko Sepatu Bandung,IDLCPDWXGD
1729677743140866647,1729677743140473431,Sepatu Retrograde Low Black White,251803.15,Toko Sepatu Bandung,IDLCPDWXGD
1729677746703338071,1729677747184175703,Sepatu Retrograde Low White Blue,249356.0,Toko Sepatu Bandung,IDLCPDWXGD
1729677755464583767,1729677755464059479,Sepatu Gazelle Low Black White,195148.94999999998,Toko Sepatu Bandung,IDLCPDWXGD
1729677759600364119,1729677759599905367,Sepatu Gazelle Low Cream,190184.94999999998,Toko Sepatu Bandung,IDLCPDWXGD
1733193079876716119,1733193092004808279,Sepatu Velocity Sashiko BDG,857865.9,Toko Sepatu Bandung,IDLCPDWXGD
1729677743140932183,1729677743140473431,Sepatu Retrograde Low Black White,241944.0,Toko Sepatu Bandung,IDLCPDWXGD
1729677743140932183,1729677743140473431,Sepatu Retrograde Low Black White,249650.1,Toko Sepatu Bandung,IDLCPDWXGD
1729677755464583767,1729677755464059479,Sepatu Gazelle Low Black White,176460.0,Toko Sepatu Bandung,IDLCPDWXGD
1729677755464583767,1729677755464059479,Sepatu Gazelle Low Black White,182545.15,Toko Sepatu Bandung,IDLCPDWXGD
1729677742104808023,1729677742104545879,Sepatu Retrograde Low Cream,245453.65,Toko Sepatu Bandung,IDLCPDWXGD
1729677755464452695,1729677755464059479,Sepatu Gazelle Low Black White,193813.6,Toko Sepatu Bandung,IDLCPDWXGD
1729677743140801111,1729677743140473431,Sepatu Retrograde Low Black White,255630.69999999998,Toko Sepatu Bandung,IDLCPDWXGD
1729677743140932183,1729677743140473431,Sepatu Retrograde Low Black White,255630.69999999998,Toko Sepatu Bandung,IDLCPDWXGD
1729677755464518231,1729677755464059479,Sepatu Gazelle Low Black White,193813.6,Toko Sepatu Bandung,IDLCPDWXGD
1729677755464452695,1729677755464059479,Sepatu Gazelle Low Black White,189937.6,Toko Sepatu Bandung,IDLCPDWXGD
1729677743140735575,1729677743140473431,Sepatu Retrograde Low Black White,247102.65,Toko Sepatu Bandung,IDLCPDWXGD
1729677743140801111,1729677743140473431,Sepatu Retrograde Low Black White,292293.75,Toko Sepatu Bandung,IDLCPDWXGD
1729677743141128791,1729677743140473431,Sepatu Retrograde Low Black White,247945.0,Toko Sepatu Bandung,IDLCPDWXGD
1729677755464256087,1729677755464059479,Sepatu Gazelle Low Black White,193813.6,Toko Sepatu Bandung,IDLCPDWXGD
1729677758275816023,1729677758275553879,Sepatu Gazelle Low Black Gum,187999.6,Toko Sepatu Bandung,IDLCPDWXGD
1729677755464452695,1729677755464059479,Sepatu Gazelle Low Black White,190955.9,Toko Sepatu Bandung,IDLCPDWXGD
1729677742968834647,1729677742968441431,Sepatu Gazelle Hi Black Gum,208115.69999999998,Toko Sepatu Bandung,IDLCPDWXGD
1731927306072000087,1731927283872138839,Sepatu Tribune Shadow,483157.0,Toko Sepatu Bandung,IDLCPDWXGD
1734650508941297027,1734483785564784003,Slider Mono Black / Mono Grey / Mono Beige / Black,279650.0,Toko Sepatu Bandung,IDLCT8WHEM
1729677743140670039,1729677743140473431,Sepatu Retrograde Low Black White,254518.9,Toko Sepatu Bandung,IDLCPDWXGD
1729677747184503383,1729677747184175703,Sepatu Retrograde Low White Blue,255630.69999999998,Toko Sepatu Bandung,IDLCPDWXGD
1730806648018798167,1730806654709565015,Sepatu Gazelle Low Weaves Graphite,207813.1,Toko Sepatu Bandung,IDLCPDWXGD
1729677759600429655,1729677759599905367,Sepatu Gazelle Low Cream,185813.4,Toko Sepatu Bandung,IDLCPDWXGD
1729677743140997719,1729677743140473431,Sepatu Retrograde Low Black White,253056.05,Toko Sepatu Bandung,IDLCPDWXGD
1731401465609684567,1731401464730912343,Sepatu Retrograde Camp Low Camel,439695.64999999997,Toko Sepatu Bandung,IDLCPDWXGD
1729677742104742487,1729677742104545879,Sepatu Retrograde Low Cream,254672.75,Toko Sepatu Bandung,IDLCPDWXGD
1729677755464452695,1729677755464059479,Sepatu Gazelle Low Black White,184302.94999999998,Toko Sepatu Bandung,IDLCPDWXGD
1731927306071934551,1731927283872138839,Sepatu Tribune Shadow,466378.0,Toko Sepatu Bandung,IDLCPDWXGD
1729677742105070167,1729677742104545879,Sepatu Retrograde Low Cream,253045.0,Toko Sepatu Bandung,IDLCPDWXGD
1729677743140932183,1729677743140473431,Sepatu Retrograde Low Black White,247962.0,Toko Sepatu Bandung,IDLCPDWXGD
1729677755464649303,1729677755464059479,Sepatu Gazelle Low Black White,171846.19999999998,Toko Sepatu Bandung,IDLCPDWXGD
1729677743140932183,1729677743140473431,Sepatu Retrograde Low Black White,245453.65,Toko Sepatu Bandung,IDLCPDWXGD
1729677759600167511,1729677759599905367,Sepatu Gazelle Low Cream,182554.5,Toko Sepatu Bandung,IDLCPDWXGD
1729677759600429655,1729677759599905367,Sepatu Gazelle Low Cream,179956.05,Toko Sepatu Bandung,IDLCPDWXGD
1729677758276078167,1729677758275553879,Sepatu Gazelle Low Black Gum,192190.94999999998,Toko Sepatu Bandung,IDLCPDWXGD
1729677755464583767,1729677755464059479,Sepatu Gazelle Low Black White,218603.85,Toko Sepatu Bandung,IDLCPDWXGD
1729677755464714839,1729677755464059479,Sepatu Gazelle Low Black White,187999.6,Toko Sepatu Bandung,IDLCPDWXGD
1729677758275816023,1729677758275553879,Sepatu Gazelle Low Black Gum,186552.05,Toko Sepatu Bandung,IDLCPDWXGD
1729677759600298583,1729677759599905367,Sepatu Gazelle Low Cream,183934.9,Toko Sepatu Bandung,IDLCPDWXGD
1729677759600495191,1729677759599905367,Sepatu Gazelle Low Cream,191560.25,Toko Sepatu Bandung,IDLCPDWXGD
1731401493348320855,1731401492200326743,Sepatu Retrograde Camp Hi Olive,379389.0,Toko Sepatu Bandung,IDLCPDWXGD
1729677743140932183,1729677743140473431,Sepatu Retrograde Low Black White,233393.0,Toko Sepatu Bandung,IDLCPDWXGD
1729677743140670039,1729677743140473431,Sepatu Retrograde Low Black White,247962.0,Toko Sepatu Bandung,IDLCPDWXGD
1729677759600036439,1729677759599905367,Sepatu Gazelle Low Cream,192905.8,Toko Sepatu Bandung,IDLCPDWXGD
1729677746703534679,1729677747184175703,Sepatu Retrograde Low White Blue,254745.0,Toko Sepatu Bandung,IDLCPDWXGD
1729677742104939095,1729677742104545879,Sepatu Retrograde Low Cream,254745.0,Toko Sepatu Bandung,IDLCPDWXGD
1729677755464452695,1729677755464059479,Sepatu Gazelle Low Black White,176002.69999999998,Toko Sepatu Bandung,IDLCPDWXGD
1729677743141128791,1729677743140473431,Sepatu Retrograde Low Black White,242880.69999999998,Toko Sepatu Bandung,IDLCPDWXGD
1729677743140735575,1729677743140473431,Sepatu Retrograde Low Black White,255630.69999999998,Toko Sepatu Bandung,IDLCPDWXGD
1729677759600233047,1729677759599905367,Sepatu Gazelle Low Cream,181441.0,Toko Sepatu Bandung,IDLCPDWXGD
1729677755464649303,1729677755464059479,Sepatu Gazelle Low Black White,188917.6,Toko Sepatu Bandung,IDLCPDWXGD
1730706106318685783,1730706116728161879,Sepatu Tribune Home Black,491300.0,Toko Sepatu Bandung,IDLCPDWXGD
1729677759600429655,1729677759599905367,Sepatu Gazelle Low Cream,205870.0,Toko Sepatu Bandung,IDLCPDWXGD
1729677742105135703,1729677742104545879,Sepatu Retrograde Low Cream,254745.0,Toko Sepatu Bandung,IDLCPDWXGD
1729677759600429655,1729677759599905367,Sepatu Gazelle Low Cream,189306.05,Toko Sepatu Bandung,IDLCPDWXGD
1730706107471988311,1730706116728161879,Sepatu Tribune Home Black,499800.0,Toko Sepatu Bandung,IDLCPDWXGD
1729677755464583767,1729677755464059479,Sepatu Gazelle Low Black White,204114.75,Toko Sepatu Bandung,IDLCPDWXGD
1729677755464518231,1729677755464059479,Sepatu Gazelle Low Black White,204114.75,Toko Sepatu Bandung,IDLCPDWXGD
1729677743140801111,1729677743140473431,Sepatu Retrograde Low Black White,241995.0,Toko Sepatu Bandung,IDLCPDWXGD
1730706088343078487,1730706121172026967,Sepatu Tribune Away Maroon,477224.0,Toko Sepatu Bandung,IDLCPDWXGD
1730806636781143639,1730806637054625367,Sepatu Gazelle Low Weaves Sand,182395.55,Toko Sepatu Bandung,IDLCPDWXGD
1730865703077316168,1730148724140508744,Mybasic - Boxy Crop T-Shirt Kaos Boxy Fit with Cotton Combed 24s dengan 200 gsm ++,55176.9,Store_2,IDLCUQLL7K
1729677742968834647,1729677742968441431,Sepatu Gazelle Hi Black Gum,200430.85,Toko Sepatu Bandung,IDLCPDWXGD
1729677759600101975,1729677759599905367,Sepatu Gazelle Low Cream,183897.5,Toko Sepatu Bandung,IDLCPDWXGD
1729677759600101975,1729677759599905367,Sepatu Gazelle Low Cream,184438.94999999998,Toko Sepatu Bandung,IDLCPDWXGD
1729677759600101975,1729677759599905367,Sepatu Gazelle Low Cream,190184.94999999998,Toko Sepatu Bandung,IDLCPDWXGD
1731927306071934551,1731927283872138839,Sepatu Tribune Shadow,464100.0,Toko Sepatu Bandung,IDLCPDWXGD
1730651001345640023,1730651021212354135,Sepatu Tribune Navy Gum,453050.0,Toko Sepatu Bandung,IDLCPDWXGD
1729677743140801111,1729677743140473431,Sepatu Retrograde Low Black White,245453.65,Toko Sepatu Bandung,IDLCPDWXGD
1729677759600495191,1729677759599905367,Sepatu Gazelle Low Cream,166139.3,Toko Sepatu Bandung,IDLCPDWXGD
1731927306072196695,1731927283872138839,Sepatu Tribune Shadow,464100.0,Toko Sepatu Bandung,IDLCPDWXGD
1729677743140997719,1729677743140473431,Sepatu Retrograde Low Black White,240768.44999999998,Toko Sepatu Bandung,IDLCPDWXGD
1729677747184503383,1729677747184175703,Sepatu Retrograde Low White Blue,246245.0,Toko Sepatu Bandung,IDLCPDWXGD
1729677742968834647,1729677742968441431,Sepatu Gazelle Hi Black Gum,196838.75,Toko Sepatu Bandung,IDLCPDWXGD
1729677743140997719,1729677743140473431,Sepatu Retrograde Low Black White,250759.35,Toko Sepatu Bandung,IDLCPDWXGD
1729677759600167511,1729677759599905367,Sepatu Gazelle Low Cream,191560.25,Toko Sepatu Bandung,IDLCPDWXGD
1729677755464714839,1729677755464059479,Sepatu Gazelle Low Black White,189860.25,Toko Sepatu Bandung,IDLCPDWXGD
1729677743140997719,1729677743140473431,Sepatu Retrograde Low Black White,297245.0,Toko Sepatu Bandung,IDLCPDWXGD
1729677746703403607,1729677747184175703,Sepatu Retrograde Low White Blue,240108.0,Toko Sepatu Bandung,IDLCPDWXGD
1729677755464452695,1729677755464059479,Sepatu Gazelle Low Black White,179571.0,Toko Sepatu Bandung,IDLCPDWXGD
1729677742105004631,1729677742104545879,Sepatu Retrograde Low Cream,241995.0,Toko Sepatu Bandung,IDLCPDWXGD
1729677742105070167,1729677742104545879,Sepatu Retrograde Low Cream,251919.6,Toko Sepatu Bandung,IDLCPDWXGD
1734650508941362563,1734483785564784003,Slider Mono Black / Mono Grey / Mono Beige / Black,279650.0,Toko Sepatu Bandung,IDLCT8WHEM
1729677746703534679,1729677747184175703,Sepatu Retrograde Low White Blue,237955.8,Toko Sepatu Bandung,IDLCPDWXGD
1729677743140866647,1729677743140473431,Sepatu Retrograde Low Black White,253521.0,Toko Sepatu Bandung,IDLCPDWXGD
1729677736927136343,1729677736926480983,Sepatu Retrograde Hi Decon Black White,356306.39999999997,Toko Sepatu Bandung,IDLCPDWXGD
1729677743140801111,1729677743140473431,Sepatu Retrograde Low Black White,238119.0,Toko Sepatu Bandung,IDLCPDWXGD
1729677742104939095,1729677742104545879,Sepatu Retrograde Low Cream,247102.65,Toko Sepatu Bandung,IDLCPDWXGD
1729677742968834647,1729677742968441431,Sepatu Gazelle Hi Black Gum,208064.69999999998,Toko Sepatu Bandung,IDLCPDWXGD
1729677755464452695,1729677755464059479,Sepatu Gazelle Low Black White,182210.25,Toko Sepatu Bandung,IDLCPDWXGD
1729677755464256087,1729677755464059479,Sepatu Gazelle Low Black White,207463.75,Toko Sepatu Bandung,IDLCPDWXGD
1729677755464387159,1729677755464059479,Sepatu Gazelle Low Black White,181982.44999999998,Toko Sepatu Bandung,IDLCPDWXGD
1729677742968834647,1729677742968441431,Sepatu Gazelle Hi Black Gum,187125.8,Toko Sepatu Bandung,IDLCPDWXGD
1729768205592790615,1729768199000000087,Sepatu Retrograde Slip On Herringbone Black,359635.0,Toko Sepatu Bandung,IDLCPDWXGD
1729677743140735575,1729677743140473431,Sepatu Retrograde Low Black White,297245.0,Toko Sepatu Bandung,IDLCPDWXGD
1729677742968834647,1729677742968441431,Sepatu Gazelle Hi Black Gum,203275.8,Toko Sepatu Bandung,IDLCPDWXGD
1729677747184503383,1729677747184175703,Sepatu Retrograde Low White Blue,247945.0,Toko Sepatu Bandung,IDLCPDWXGD
1729677743140735575,1729677743140473431,Sepatu Retrograde Low Black White,242278.9,Toko Sepatu Bandung,IDLCPDWXGD
1729677743140997719,1729677743140473431,Sepatu Retrograde Low Black White,243669.5,Toko Sepatu Bandung,IDLCPDWXGD
1729677747184503383,1729677747184175703,Sepatu Retrograde Low White Blue,258603.15,Toko Sepatu Bandung,IDLCPDWXGD
1729677758275816023,1729677758275553879,Sepatu Gazelle Low Black Gum,204114.75,Toko Sepatu Bandung,IDLCPDWXGD
1729677755464452695,1729677755464059479,Sepatu Gazelle Low Black White,204114.75,Toko Sepatu Bandung,IDLCPDWXGD
1729677759600101975,1729677759599905367,Sepatu Gazelle Low Cream,181474.15,Toko Sepatu Bandung,IDLCPDWXGD
1729677742968769111,1729677742968441431,Sepatu Gazelle Hi Black Gum,203275.8,Toko Sepatu Bandung,IDLCPDWXGD
1729677746703469143,1729677747184175703,Sepatu Retrograde Low White Blue,243669.5,Toko Sepatu Bandung,IDLCPDWXGD
1729677742968703575,1729677742968441431,Sepatu Gazelle Hi Black Gum,203190.8,Toko Sepatu Bandung,IDLCPDWXGD
1730806636780750423,1730806637054625367,Sepatu Gazelle Low Weaves Sand,182421.05,Toko Sepatu Bandung,IDLCPDWXGD
1729677743140866647,1729677743140473431,Sepatu Retrograde Low Black White,297245.0,Toko Sepatu Bandung,IDLCPDWXGD
1729677755464780375,1729677755464059479,Sepatu Gazelle Low Black White,183627.19999999998,Toko Sepatu Bandung,IDLCPDWXGD
1730706088342947415,1730706121172026967,Sepatu Tribune Away Maroon,525257.5,Toko Sepatu Bandung,IDLCPDWXGD
1729677755464780375,1729677755464059479,Sepatu Gazelle Low Black White,189306.05,Toko Sepatu Bandung,IDLCPDWXGD
1729677742105004631,1729677742104545879,Sepatu Retrograde Low Cream,280245.0,Toko Sepatu Bandung,IDLCPDWXGD
1729677755464649303,1729677755464059479,Sepatu Gazelle Low Black White,219850.8,Toko Sepatu Bandung,IDLCPDWXGD
1729677746703403607,1729677747184175703,Sepatu Retrograde Low White Blue,266665.39999999997,Toko Sepatu Bandung,IDLCPDWXGD
1729677743141128791,1729677743140473431,Sepatu Retrograde Low Black White,261507.6,Toko Sepatu Bandung,IDLCPDWXGD
1729677759600495191,1729677759599905367,Sepatu Gazelle Low Cream,208364.75,Toko Sepatu Bandung,IDLCPDWXGD
1729677755464518231,1729677755464059479,Sepatu Gazelle Low Black White,202577.1,Toko Sepatu Bandung,IDLCPDWXGD
1729677743140801111,1729677743140473431,Sepatu Retrograde Low Black White,270895.0,Toko Sepatu Bandung,IDLCPDWXGD
1731927306071869015,1731927283872138839,Sepatu Tribune Shadow,497787.2,Toko Sepatu Bandung,IDLCPDWXGD
1730174772819625559,1730174848005801559,Sepatu Tribune Red Gum,497787.2,Toko Sepatu Bandung,IDLCPDWXGD
1729677755464714839,1729677755464059479,Sepatu Gazelle Low Black White,198321.15,Toko Sepatu Bandung,IDLCPDWXGD
1729677755464256087,1729677755464059479,Sepatu Gazelle Low Black White,197314.75,Toko Sepatu Bandung,IDLCPDWXGD
1729677743140997719,1729677743140473431,Sepatu Retrograde Low Black White,271837.64999999997,Toko Sepatu Bandung,IDLCPDWXGD
1729677755464387159,1729677755464059479,Sepatu Gazelle Low Black White,218603.85,Toko Sepatu Bandung,IDLCPDWXGD
1730310850770470154,1730310857824109834,Paket 6 Pasang Kaos Kaki Oldschool Polos Panjang Dewasa Pria Wanita / Kaos Kaki Polos Cewek Cowok Sporty/Olahraga/Kerja/Casual Remaja Unisex Nyaman Tebal,27415.05,Store_1,IDLCJYLTBL
1729677743140735575,1729677743140473431,Sepatu Retrograde Low Black White,280245.0,Toko Sepatu Bandung,IDLCPDWXGD
1729677743140866647,1729677743140473431,Sepatu Retrograde Low Black White,270895.0,Toko Sepatu Bandung,IDLCPDWXGD
1730651001345640023,1730651021212354135,Sepatu Tribune Navy Gum,442245.64999999997,Toko Sepatu Bandung,IDLCPDWXGD
1731418659331999107,1730005626441402755,Giordano Polo 3D Lion / Napoleon Shirt ORIGINAL Men Pria Kerah Baju Kaos Katun,146841.75,Toko Sepatu Bandung,IDLCT8WHEM
1729677746703600215,1729677747184175703,Sepatu Retrograde Low White Blue,246713.35,Toko Sepatu Bandung,IDLCPDWXGD
1729677755464714839,1729677755464059479,Sepatu Gazelle Low Black White,208364.75,Toko Sepatu Bandung,IDLCPDWXGD
1729677746703534679,1729677747184175703,Sepatu Retrograde Low White Blue,280245.0,Toko Sepatu Bandung,IDLCPDWXGD
1729677743141063255,1729677743140473431,Sepatu Retrograde Low Black White,261575.6,Toko Sepatu Bandung,IDLCPDWXGD
1729677743140801111,1729677743140473431,Sepatu Retrograde Low Black White,228878.65,Toko Sepatu Bandung,IDLCPDWXGD
1729677755464452695,1729677755464059479,Sepatu Gazelle Low Black White,205082.05,Toko Sepatu Bandung,IDLCPDWXGD
1729677755464780375,1729677755464059479,Sepatu Gazelle Low Black White,208339.25,Toko Sepatu Bandung,IDLCPDWXGD
1729677742105201239,1729677742104545879,Sepatu Retrograde Low Cream,280245.0,Toko Sepatu Bandung,IDLCPDWXGD
1729677755464649303,1729677755464059479,Sepatu Gazelle Low Black White,195869.75,Toko Sepatu Bandung,IDLCPDWXGD
1729677743140932183,1729677743140473431,Sepatu Retrograde Low Black White,269195.0,Toko Sepatu Bandung,IDLCPDWXGD
1729677759600233047,1729677759599905367,Sepatu Gazelle Low Cream,199014.75,Toko Sepatu Bandung,IDLCPDWXGD
1729677747184503383,1729677747184175703,Sepatu Retrograde Low White Blue,261575.6,Toko Sepatu Bandung,IDLCPDWXGD
1729677755464452695,1729677755464059479,Sepatu Gazelle Low Black White,180291.8,Toko Sepatu Bandung,IDLCPDWXGD
1729677742105004631,1729677742104545879,Sepatu Retrograde Low Cream,271837.64999999997,Toko Sepatu Bandung,IDLCPDWXGD
1730706088342816343,1730706121172026967,Sepatu Tribune Away Maroon,456399.0,Toko Sepatu Bandung,IDLCPDWXGD
1729677743141063255,1729677743140473431,Sepatu Retrograde Low Black White,228878.65,Toko Sepatu Bandung,IDLCPDWXGD
1729677755464387159,1729677755464059479,Sepatu Gazelle Low Black White,186626.85,Toko Sepatu Bandung,IDLCPDWXGD
1729677759600298583,1729677759599905367,Sepatu Gazelle Low Cream,225420.0,Toko Sepatu Bandung,IDLCPDWXGD
1729677755464518231,1729677755464059479,Sepatu Gazelle Low Black White,215938.25,Toko Sepatu Bandung,IDLCPDWXGD
1729677755464518231,1729677755464059479,Sepatu Gazelle Low Black White,208420.0,Toko Sepatu Bandung,IDLCPDWXGD
1729677755464780375,1729677755464059479,Sepatu Gazelle Low Black White,209589.6,Toko Sepatu Bandung,IDLCPDWXGD
1729677743140932183,1729677743140473431,Sepatu Retrograde Low Black White,280219.5,Toko Sepatu Bandung,IDLCPDWXGD
1729677759600364119,1729677759599905367,Sepatu Gazelle Low Cream,193499.94999999998,Toko Sepatu Bandung,IDLCPDWXGD
1729677746703403607,1729677747184175703,Sepatu Retrograde Low White Blue,271382.05,Toko Sepatu Bandung,IDLCPDWXGD
1729677755464387159,1729677755464059479,Sepatu Gazelle Low Black White,208364.75,Toko Sepatu Bandung,IDLCPDWXGD
1729677742105135703,1729677742104545879,Sepatu Retrograde Low Cream,261575.6,Toko Sepatu Bandung,IDLCPDWXGD
1729677743140997719,1729677743140473431,Sepatu Retrograde Low Black White,274652.85,Toko Sepatu Bandung,IDLCPDWXGD
1729677755464780375,1729677755464059479,Sepatu Gazelle Low Black White,198295.65,Toko Sepatu Bandung,IDLCPDWXGD
1729677755464518231,1729677755464059479,Sepatu Gazelle Low Black White,177378.85,Toko Sepatu Bandung,IDLCPDWXGD
1729677743140932183,1729677743140473431,Sepatu Retrograde Low Black White,222856.4,Toko Sepatu Bandung,IDLCPDWXGD
1729677755464583767,1729677755464059479,Sepatu Gazelle Low Black White,183361.15,Toko Sepatu Bandung,IDLCPDWXGD
1729677743140866647,1729677743140473431,Sepatu Retrograde Low Black White,275830.95,Toko Sepatu Bandung,IDLCPDWXGD
1729677743140866647,1729677743140473431,Sepatu Retrograde Low Black White,279410.3,Toko Sepatu Bandung,IDLCPDWXGD
1729677755464583767,1729677755464059479,Sepatu Gazelle Low Black White,202113.85,Toko Sepatu Bandung,IDLCPDWXGD
1729677759600364119,1729677759599905367,Sepatu Gazelle Low Cream,193813.6,Toko Sepatu Bandung,IDLCPDWXGD
1729677759600364119,1729677759599905367,Sepatu Gazelle Low Cream,208364.75,Toko Sepatu Bandung,IDLCPDWXGD
1729677743140866647,1729677743140473431,Sepatu Retrograde Low Black White,292264.0,Toko Sepatu Bandung,IDLCPDWXGD
1729677755464518231,1729677755464059479,Sepatu Gazelle Low Black White,204232.05,Toko Sepatu Bandung,IDLCPDWXGD
1729677759600298583,1729677759599905367,Sepatu Gazelle Low Cream,202113.85,Toko Sepatu Bandung,IDLCPDWXGD
1729677743140997719,1729677743140473431,Sepatu Retrograde Low Black White,280245.0,Toko Sepatu Bandung,IDLCPDWXGD
1729677758327130711,1729677758326606423,Sepatu Gazelle Low White Blue,346715.0,Toko Sepatu Bandung,IDLCPDWXGD
1729677746703469143,1729677747184175703,Sepatu Retrograde Low White Blue,273465.39999999997,Toko Sepatu Bandung,IDLCPDWXGD
1729677746703403607,1729677747184175703,Sepatu Retrograde Low White Blue,240649.44999999998,Toko Sepatu Bandung,IDLCPDWXGD
1729677755464780375,1729677755464059479,Sepatu Gazelle Low Black White,181441.0,Toko Sepatu Bandung,IDLCPDWXGD
1730806648018798167,1730806654709565015,Sepatu Gazelle Low Weaves Graphite,234322.9,Toko Sepatu Bandung,IDLCPDWXGD
1729677743140866647,1729677743140473431,Sepatu Retrograde Low Black White,274683.45,Toko Sepatu Bandung,IDLCPDWXGD
1731927306072196695,1731927283872138839,Sepatu Tribune Shadow,542300.0,Toko Sepatu Bandung,IDLCPDWXGD
1729677755464714839,1729677755464059479,Sepatu Gazelle Low Black White,187237.15,Toko Sepatu Bandung,IDLCPDWXGD
1729677743140735575,1729677743140473431,Sepatu Retrograde Low Black White,261575.6,Toko Sepatu Bandung,IDLCPDWXGD
1729677755464649303,1729677755464059479,Sepatu Gazelle Low Black White,183537.94999999998,Toko Sepatu Bandung,IDLCPDWXGD
1733552678294423127,1733552678688163415,Sepatu Tribune Kids Shadow,215934.0,Toko Sepatu Bandung,IDLCPDWXGD
1730665336293983816,1730148724140508744,Mybasic - Boxy Crop T-Shirt Kaos Boxy Fit with Cotton Combed 24s dengan 200 gsm ++,51866.15,Store_2,IDLCUQLL7K
1729677755464387159,1729677755464059479,Sepatu Gazelle Low Black White,178150.65,Toko Sepatu Bandung,IDLCPDWXGD
1731927306071869015,1731927283872138839,Sepatu Tribune Shadow,472480.14999999997,Toko Sepatu Bandung,IDLCPDWXGD
1731927306072000087,1731927283872138839,Sepatu Tribune Shadow,447965.3,Toko Sepatu Bandung,IDLCPDWXGD
1729677755464518231,1729677755464059479,Sepatu Gazelle Low Black White,185813.4,Toko Sepatu Bandung,IDLCPDWXGD
1731927306072131159,1731927283872138839,Sepatu Tribune Shadow,445876.0,Toko Sepatu Bandung,IDLCPDWXGD
1734439118025623127,1734439112649180759,Sepatu Tribune Nylon White,472600.0,Toko Sepatu Bandung,IDLCPDWXGD
1729677746703403607,1729677747184175703,Sepatu Retrograde Low White Blue,401675.14999999997,Toko Sepatu Bandung,IDLCPDWXGD
1729677755464583767,1729677755464059479,Sepatu Gazelle Low Black White,175951.69999999998,Toko Sepatu Bandung,IDLCPDWXGD
1729677746703534679,1729677747184175703,Sepatu Retrograde Low White Blue,255630.69999999998,Toko Sepatu Bandung,IDLCPDWXGD
1729677742105201239,1729677742104545879,Sepatu Retrograde Low Cream,254745.0,Toko Sepatu Bandung,IDLCPDWXGD
1729677755464583767,1729677755464059479,Sepatu Gazelle Low Black White,194986.6,Toko Sepatu Bandung,IDLCPDWXGD
1732963233651918408,1732067307942741576,MyBasic Fitted Tee Heavy Weight 200 GSM Premium,51673.2,Store_2,IDLCUQLL7K
1729677742968834647,1729677742968441431,Sepatu Gazelle Hi Black Gum,203066.69999999998,Toko Sepatu Bandung,IDLCPDWXGD
1729677742968834647,1729677742968441431,Sepatu Gazelle Hi Black Gum,199524.75,Toko Sepatu Bandung,IDLCPDWXGD
1729677759600036439,1729677759599905367,Sepatu Gazelle Low Cream,204017.0,Toko Sepatu Bandung,IDLCPDWXGD
1729677755464387159,1729677755464059479,Sepatu Gazelle Low Black White,204017.0,Toko Sepatu Bandung,IDLCPDWXGD
1729677743140604503,1729677743140473431,Sepatu Retrograde Low Black White,254745.0,Toko Sepatu Bandung,IDLCPDWXGD
1729677755464190551,1729677755464059479,Sepatu Gazelle Low Black White,189003.44999999998,Toko Sepatu Bandung,IDLCPDWXGD
1729677755464387159,1729677755464059479,Sepatu Gazelle Low Black White,216864.75,Toko Sepatu Bandung,IDLCPDWXGD
1729677755464518231,1729677755464059479,Sepatu Gazelle Low Black White,216864.75,Toko Sepatu Bandung,IDLCPDWXGD
1729677743140735575,1729677743140473431,Sepatu Retrograde Low Black White,288719.5,Toko Sepatu Bandung,IDLCPDWXGD
1729677755464714839,1729677755464059479,Sepatu Gazelle Low Black White,216839.25,Toko Sepatu Bandung,IDLCPDWXGD
1729677743140801111,1729677743140473431,Sepatu Retrograde Low Black White,281622.0,Toko Sepatu Bandung,IDLCPDWXGD
1729677755464256087,1729677755464059479,Sepatu Gazelle Low Black White,185813.4,Toko Sepatu Bandung,IDLCPDWXGD
1729677755464452695,1729677755464059479,Sepatu Gazelle Low Black White,200464.85,Toko Sepatu Bandung,IDLCPDWXGD
1734650508941362563,1734483785564784003,Slider Mono Black / Mono Grey / Mono Beige / Black,296650.0,Toko Sepatu Bandung,IDLCT8WHEM
1729677755464583767,1729677755464059479,Sepatu Gazelle Low Black White,216864.75,Toko Sepatu Bandung,IDLCPDWXGD
1729677755464452695,1729677755464059479,Sepatu Gazelle Low Black White,171277.55,Toko Sepatu Bandung,IDLCPDWXGD
1729677743141063255,1729677743140473431,Sepatu Retrograde Low Black White,292995.0,Toko Sepatu Bandung,IDLCPDWXGD
1729677743140932183,1729677743140473431,Sepatu Retrograde Low Black White,288745.0,Toko Sepatu Bandung,IDLCPDWXGD
1729677746703469143,1729677747184175703,Sepatu Retrograde Low White Blue,292995.0,Toko Sepatu Bandung,IDLCPDWXGD
1729677755464452695,1729677755464059479,Sepatu Gazelle Low Black White,180484.75,Toko Sepatu Bandung,IDLCPDWXGD
1729677755464583767,1729677755464059479,Sepatu Gazelle Low Black White,182210.25,Toko Sepatu Bandung,IDLCPDWXGD
1729677743140997719,1729677743140473431,Sepatu Retrograde Low Black White,247824.3,Toko Sepatu Bandung,IDLCPDWXGD
1729677759600429655,1729677759599905367,Sepatu Gazelle Low Cream,191560.25,Toko Sepatu Bandung,IDLCPDWXGD
1731927306072000087,1731927283872138839,Sepatu Tribune Shadow,465800.0,Toko Sepatu Bandung,IDLCPDWXGD
1729677755464321623,1729677755464059479,Sepatu Gazelle Low Black White,214070.8,Toko Sepatu Bandung,IDLCPDWXGD
1729677743141063255,1729677743140473431,Sepatu Retrograde Low Black White,239337.05,Toko Sepatu Bandung,IDLCPDWXGD
1729677743141063255,1729677743140473431,Sepatu Retrograde Low Black White,254745.0,Toko Sepatu Bandung,IDLCPDWXGD
1729677743140866647,1729677743140473431,Sepatu Retrograde Low Black White,224175.6,Toko Sepatu Bandung,IDLCPDWXGD
1729677755464583767,1729677755464059479,Sepatu Gazelle Low Black White,182184.75,Toko Sepatu Bandung,IDLCPDWXGD
1729677755464452695,1729677755464059479,Sepatu Gazelle Low Black White,188968.6,Toko Sepatu Bandung,IDLCPDWXGD
1729677755464583767,1729677755464059479,Sepatu Gazelle Low Black White,187729.3,Toko Sepatu Bandung,IDLCPDWXGD
1729677759600298583,1729677759599905367,Sepatu Gazelle Low Cream,185813.4,Toko Sepatu Bandung,IDLCPDWXGD
1729677742105266775,1729677742104545879,Sepatu Retrograde Low Cream,247102.65,Toko Sepatu Bandung,IDLCPDWXGD
1729677743140932183,1729677743140473431,Sepatu Retrograde Low Black White,238765.0,Toko Sepatu Bandung,IDLCPDWXGD
1730310850770535690,1730310857824109834,Paket 6 Pasang Kaos Kaki Oldschool Polos Panjang Dewasa Pria Wanita / Kaos Kaki Polos Cewek Cowok Sporty/Olahraga/Kerja/Casual Remaja Unisex Nyaman Tebal,27992.2,Store_1,IDLCJYLTBL
1729677755464780375,1729677755464059479,Sepatu Gazelle Low Black White,200826.94999999998,Toko Sepatu Bandung,IDLCPDWXGD
1729677742105266775,1729677742104545879,Sepatu Retrograde Low Cream,264879.55,Toko Sepatu Bandung,IDLCPDWXGD
1729677755464321623,1729677755464059479,Sepatu Gazelle Low Black White,180510.25,Toko Sepatu Bandung,IDLCPDWXGD
1729677743140866647,1729677743140473431,Sepatu Retrograde Low Black White,251908.55,Toko Sepatu Bandung,IDLCPDWXGD
1729677758275816023,1729677758275553879,Sepatu Gazelle Low Black Gum,186776.44999999998,Toko Sepatu Bandung,IDLCPDWXGD
1729677746703469143,1729677747184175703,Sepatu Retrograde Low White Blue,247102.65,Toko Sepatu Bandung,IDLCPDWXGD
1729677755464583767,1729677755464059479,Sepatu Gazelle Low Black White,180510.25,Toko Sepatu Bandung,IDLCPDWXGD
1729677759600364119,1729677759599905367,Sepatu Gazelle Low Cream,185813.4,Toko Sepatu Bandung,IDLCPDWXGD
1729677742104808023,1729677742104545879,Sepatu Retrograde Low Cream,252195.0,Toko Sepatu Bandung,IDLCPDWXGD
1729677743140866647,1729677743140473431,Sepatu Retrograde Low Black White,257480.3,Toko Sepatu Bandung,IDLCPDWXGD
1729677759600298583,1729677759599905367,Sepatu Gazelle Low Cream,191560.25,Toko Sepatu Bandung,IDLCPDWXGD
1729677755464452695,1729677755464059479,Sepatu Gazelle Low Black White,168572.85,Toko Sepatu Bandung,IDLCPDWXGD
1729677755464321623,1729677755464059479,Sepatu Gazelle Low Black White,191560.25,Toko Sepatu Bandung,IDLCPDWXGD
1731927306072065623,1731927283872138839,Sepatu Tribune Shadow,455610.2,Toko Sepatu Bandung,IDLCPDWXGD
1729677759600167511,1729677759599905367,Sepatu Gazelle Low Cream,185813.4,Toko Sepatu Bandung,IDLCPDWXGD
1729677758275684951,1729677758275553879,Sepatu Gazelle Low Black Gum,225420.0,Toko Sepatu Bandung,IDLCPDWXGD
1729677742968834647,1729677742968441431,Sepatu Gazelle Hi Black Gum,201955.75,Toko Sepatu Bandung,IDLCPDWXGD
1729677742105070167,1729677742104545879,Sepatu Retrograde Low Cream,247102.65,Toko Sepatu Bandung,IDLCPDWXGD
1729677755464452695,1729677755464059479,Sepatu Gazelle Low Black White,178150.65,Toko Sepatu Bandung,IDLCPDWXGD
1729677746703403607,1729677747184175703,Sepatu Retrograde Low White Blue,252717.75,Toko Sepatu Bandung,IDLCPDWXGD
1729677743140801111,1729677743140473431,Sepatu Retrograde Low Black White,252090.44999999998,Toko Sepatu Bandung,IDLCPDWXGD
1729677743140932183,1729677743140473431,Sepatu Retrograde Low Black White,236895.0,Toko Sepatu Bandung,IDLCPDWXGD
1730149094126552648,1730148724140508744,Mybasic - Boxy Crop T-Shirt Kaos Boxy Fit with Cotton Combed 24s dengan 200 gsm ++,53990.299999999996,Store_2,IDLCUQLL7K
1730806636781078103,1730806637054625367,Sepatu Gazelle Low Weaves Sand,186816.4,Toko Sepatu Bandung,IDLCPDWXGD
1729677758275947095,1729677758275553879,Sepatu Gazelle Low Black Gum,180459.25,Toko Sepatu Bandung,IDLCPDWXGD
1729677755464256087,1729677755464059479,Sepatu Gazelle Low Black White,191560.25,Toko Sepatu Bandung,IDLCPDWXGD
1729677759600298583,1729677759599905367,Sepatu Gazelle Low Cream,221114.75,Toko Sepatu Bandung,IDLCPDWXGD
1729677755464518231,1729677755464059479,Sepatu Gazelle Low Black White,187999.6,Toko Sepatu Bandung,IDLCPDWXGD
1729677747184503383,1729677747184175703,Sepatu Retrograde Low White Blue,248194.05,Toko Sepatu Bandung,IDLCPDWXGD
1729677742968769111,1729677742968441431,Sepatu Gazelle Hi Black Gum,205695.75,Toko Sepatu Bandung,IDLCPDWXGD
1729677743140997719,1729677743140473431,Sepatu Retrograde Low Black White,247945.0,Toko Sepatu Bandung,IDLCPDWXGD
1729677755464583767,1729677755464059479,Sepatu Gazelle Low Black White,191235.55,Toko Sepatu Bandung,IDLCPDWXGD
1729677746703403607,1729677747184175703,Sepatu Retrograde Low White Blue,249464.8,Toko Sepatu Bandung,IDLCPDWXGD
1729677746703403607,1729677747184175703,Sepatu Retrograde Low White Blue,252477.19999999998,Toko Sepatu Bandung,IDLCPDWXGD
1729677743140932183,1729677743140473431,Sepatu Retrograde Low Black White,242007.75,Toko Sepatu Bandung,IDLCPDWXGD
1729677755464583767,1729677755464059479,Sepatu Gazelle Low Black White,191228.75,Toko Sepatu Bandung,IDLCPDWXGD
1729677742104808023,1729677742104545879,Sepatu Retrograde Low Cream,247102.65,Toko Sepatu Bandung,IDLCPDWXGD
1729677755464518231,1729677755464059479,Sepatu Gazelle Low Black White,199758.5,Toko Sepatu Bandung,IDLCPDWXGD
1729677755464387159,1729677755464059479,Sepatu Gazelle Low Black White,199758.5,Toko Sepatu Bandung,IDLCPDWXGD
1729677743140932183,1729677743140473431,Sepatu Retrograde Low Black White,255605.19999999998,Toko Sepatu Bandung,IDLCPDWXGD
1729677758275684951,1729677758275553879,Sepatu Gazelle Low Black Gum,191560.25,Toko Sepatu Bandung,IDLCPDWXGD
1729677755464452695,1729677755464059479,Sepatu Gazelle Low Black White,190326.05,Toko Sepatu Bandung,IDLCPDWXGD
1729677743140866647,1729677743140473431,Sepatu Retrograde Low Black White,253895.0,Toko Sepatu Bandung,IDLCPDWXGD
1729677743140735575,1729677743140473431,Sepatu Retrograde Low Black White,248149.0,Toko Sepatu Bandung,IDLCPDWXGD
1729677755464583767,1729677755464059479,Sepatu Gazelle Low Black White,186083.69999999998,Toko Sepatu Bandung,IDLCPDWXGD
1729677742968834647,1729677742968441431,Sepatu Gazelle Hi Black Gum,241995.0,Toko Sepatu Bandung,IDLCPDWXGD
1729677755464583767,1729677755464059479,Sepatu Gazelle Low Black White,189834.75,Toko Sepatu Bandung,IDLCPDWXGD
1729677755464321623,1729677755464059479,Sepatu Gazelle Low Black White,189482.0,Toko Sepatu Bandung,IDLCPDWXGD
1729677746703403607,1729677747184175703,Sepatu Retrograde Low White Blue,251277.0,Toko Sepatu Bandung,IDLCPDWXGD
1729677743140997719,1729677743140473431,Sepatu Retrograde Low Black White,227386.05,Toko Sepatu Bandung,IDLCPDWXGD
1729677746703469143,1729677747184175703,Sepatu Retrograde Low White Blue,253150.4,Toko Sepatu Bandung,IDLCPDWXGD
1729677758275816023,1729677758275553879,Sepatu Gazelle Low Black Gum,191441.25,Toko Sepatu Bandung,IDLCPDWXGD
1729677755464518231,1729677755464059479,Sepatu Gazelle Low Black White,182022.4,Toko Sepatu Bandung,IDLCPDWXGD
1729677743141063255,1729677743140473431,Sepatu Retrograde Low Black White,273071.85,Toko Sepatu Bandung,IDLCPDWXGD
1729677742968703575,1729677742968441431,Sepatu Gazelle Hi Black Gum,200944.25,Toko Sepatu Bandung,IDLCPDWXGD
1729677755464387159,1729677755464059479,Sepatu Gazelle Low Black White,166139.3,Toko Sepatu Bandung,IDLCPDWXGD
1729677755464518231,1729677755464059479,Sepatu Gazelle Low Black White,190370.25,Toko Sepatu Bandung,IDLCPDWXGD
1729677743140932183,1729677743140473431,Sepatu Retrograde Low Black White,251502.25,Toko Sepatu Bandung,IDLCPDWXGD
1730787814072878664,1730148724140508744,Mybasic - Boxy Crop T-Shirt Kaos Boxy Fit with Cotton Combed 24s dengan 200 gsm ++,53990.299999999996,Store_2,IDLCUQLL7K
1731927306071934551,1731927283872138839,Sepatu Tribune Shadow,465800.0,Toko Sepatu Bandung,IDLCPDWXGD
1729677743140866647,1729677743140473431,Sepatu Retrograde Low Black White,245395.0,Toko Sepatu Bandung,IDLCPDWXGD
1729677747184503383,1729677747184175703,Sepatu Retrograde Low White Blue,248117.55,Toko Sepatu Bandung,IDLCPDWXGD
1729677743140866647,1729677743140473431,Sepatu Retrograde Low Black White,235744.94999999998,Toko Sepatu Bandung,IDLCPDWXGD
1729677743140932183,1729677743140473431,Sepatu Retrograde Low Black White,267520.5,Toko Sepatu Bandung,IDLCPDWXGD
1731927306072065623,1731927283872138839,Sepatu Tribune Shadow,465800.0,Toko Sepatu Bandung,IDLCPDWXGD
1729677742104939095,1729677742104545879,Sepatu Retrograde Low Cream,255630.69999999998,Toko Sepatu Bandung,IDLCPDWXGD
1729677746703534679,1729677747184175703,Sepatu Retrograde Low White Blue,261575.6,Toko Sepatu Bandung,IDLCPDWXGD
1729677746703534679,1729677747184175703,Sepatu Retrograde Low White Blue,234541.35,Toko Sepatu Bandung,IDLCPDWXGD
1729677743140932183,1729677743140473431,Sepatu Retrograde Low Black White,247851.5,Toko Sepatu Bandung,IDLCPDWXGD
1729677743140866647,1729677743140473431,Sepatu Retrograde Low Black White,237057.35,Toko Sepatu Bandung,IDLCPDWXGD
1729677746703469143,1729677747184175703,Sepatu Retrograde Low White Blue,247988.35,Toko Sepatu Bandung,IDLCPDWXGD
1729677758275816023,1729677758275553879,Sepatu Gazelle Low Black Gum,185813.4,Toko Sepatu Bandung,IDLCPDWXGD
1729677743140997719,1729677743140473431,Sepatu Retrograde Low Black White,254719.5,Toko Sepatu Bandung,IDLCPDWXGD
1729677755464387159,1729677755464059479,Sepatu Gazelle Low Black White,191167.55,Toko Sepatu Bandung,IDLCPDWXGD
1729677758275816023,1729677758275553879,Sepatu Gazelle Low Black Gum,186127.9,Toko Sepatu Bandung,IDLCPDWXGD
1729677759600429655,1729677759599905367,Sepatu Gazelle Low Cream,191607.0,Toko Sepatu Bandung,IDLCPDWXGD
1729677746703534679,1729677747184175703,Sepatu Retrograde Low White Blue,273465.39999999997,Toko Sepatu Bandung,IDLCPDWXGD
1729677758275750487,1729677758275553879,Sepatu Gazelle Low Black Gum,200574.5,Toko Sepatu Bandung,IDLCPDWXGD
1729677743140997719,1729677743140473431,Sepatu Retrograde Low Black White,264548.05,Toko Sepatu Bandung,IDLCPDWXGD
1729677743140801111,1729677743140473431,Sepatu Retrograde Low Black White,236895.0,Toko Sepatu Bandung,IDLCPDWXGD
1729677759600101975,1729677759599905367,Sepatu Gazelle Low Cream,184734.75,Toko Sepatu Bandung,IDLCPDWXGD
1729677759600298583,1729677759599905367,Sepatu Gazelle Low Cream,180484.75,Toko Sepatu Bandung,IDLCPDWXGD
1729677755464649303,1729677755464059479,Sepatu Gazelle Low Black White,225271.25,Toko Sepatu Bandung,IDLCPDWXGD
1729677742968703575,1729677742968441431,Sepatu Gazelle Hi Black Gum,199524.75,Toko Sepatu Bandung,IDLCPDWXGD
1729677755464583767,1729677755464059479,Sepatu Gazelle Low Black White,189010.25,Toko Sepatu Bandung,IDLCPDWXGD
1729677758275816023,1729677758275553879,Sepatu Gazelle Low Black Gum,182382.8,Toko Sepatu Bandung,IDLCPDWXGD
1729677743140735575,1729677743140473431,Sepatu Retrograde Low Black White,247945.0,Toko Sepatu Bandung,IDLCPDWXGD
1731927306072131159,1731927283872138839,Sepatu Tribune Shadow,451826.0,Toko Sepatu Bandung,IDLCPDWXGD
1729677742105135703,1729677742104545879,Sepatu Retrograde Low Cream,247102.65,Toko Sepatu Bandung,IDLCPDWXGD
1729677755464518231,1729677755464059479,Sepatu Gazelle Low Black White,172404.65,Toko Sepatu Bandung,IDLCPDWXGD
1730806636781078103,1730806637054625367,Sepatu Gazelle Low Weaves Sand,181211.5,Toko Sepatu Bandung,IDLCPDWXGD
1729677755464780375,1729677755464059479,Sepatu Gazelle Low Black White,185813.4,Toko Sepatu Bandung,IDLCPDWXGD
1729677758276274775,1729677758275553879,Sepatu Gazelle Low Black Gum,185813.4,Toko Sepatu Bandung,IDLCPDWXGD
1729677743140932183,1729677743140473431,Sepatu Retrograde Low Black White,251254.9,Toko Sepatu Bandung,IDLCPDWXGD
1729677755464387159,1729677755464059479,Sepatu Gazelle Low Black White,173378.75,Toko Sepatu Bandung,IDLCPDWXGD
1729677746703469143,1729677747184175703,Sepatu Retrograde Low White Blue,237065.0,Toko Sepatu Bandung,IDLCPDWXGD
1729677755464714839,1729677755464059479,Sepatu Gazelle Low Black White,191560.25,Toko Sepatu Bandung,IDLCPDWXGD
1730149094126487112,1730148724140508744,Mybasic - Boxy Crop T-Shirt Kaos Boxy Fit with Cotton Combed 24s dengan 200 gsm ++,50193.35,Store_2,IDLCUQLL7K
1730149094126093896,1730148724140508744,Mybasic - Boxy Crop T-Shirt Kaos Boxy Fit with Cotton Combed 24s dengan 200 gsm ++,50193.35,Store_2,IDLCUQLL7K
1729677755464518231,1729677755464059479,Sepatu Gazelle Low Black White,189408.05,Toko Sepatu Bandung,IDLCPDWXGD
1729677758275750487,1729677758275553879,Sepatu Gazelle Low Black Gum,191560.25,Toko Sepatu Bandung,IDLCPDWXGD
1729677743140866647,1729677743140473431,Sepatu Retrograde Low Black White,233545.15,Toko Sepatu Bandung,IDLCPDWXGD
1729677743140932183,1729677743140473431,Sepatu Retrograde Low Black White,251873.69999999998,Toko Sepatu Bandung,IDLCPDWXGD
1729677743140997719,1729677743140473431,Sepatu Retrograde Low Black White,250294.4,Toko Sepatu Bandung,IDLCPDWXGD
1730174743204038231,1730174756446373463,Sepatu Tribune Black Gum,451826.0,Toko Sepatu Bandung,IDLCPDWXGD
1729677743140932183,1729677743140473431,Sepatu Retrograde Low Black White,253980.0,Toko Sepatu Bandung,IDLCPDWXGD
1729677746703403607,1729677747184175703,Sepatu Retrograde Low White Blue,224175.6,Toko Sepatu Bandung,IDLCPDWXGD
1729677758275947095,1729677758275553879,Sepatu Gazelle Low Black Gum,182210.25,Toko Sepatu Bandung,IDLCPDWXGD
1729677742968834647,1729677742968441431,Sepatu Gazelle Hi Black Gum,181012.6,Toko Sepatu Bandung,IDLCPDWXGD
1731622713472878167,1731622766964541015,Sepatu Tribune Away Ocean,499800.0,Toko Sepatu Bandung,IDLCPDWXGD
1729677755464649303,1729677755464059479,Sepatu Gazelle Low Black White,179867.65,Toko Sepatu Bandung,IDLCPDWXGD
1729677743141063255,1729677743140473431,Sepatu Retrograde Low Black White,254609.0,Toko Sepatu Bandung,IDLCPDWXGD
1729677755464387159,1729677755464059479,Sepatu Gazelle Low Black White,172404.65,Toko Sepatu Bandung,IDLCPDWXGD
1729677746703469143,1729677747184175703,Sepatu Retrograde Low White Blue,243695.0,Toko Sepatu Bandung,IDLCPDWXGD
1731079464715912579,1729768344261264771,Sepatu Tribune Black Gum / White Blue / Navy Gum / Home Black / Away Maroon,383718.05,Toko Sepatu Bandung,IDLCT8WHEM
1729677758275816023,1729677758275553879,Sepatu Gazelle Low Black Gum,225420.0,Toko Sepatu Bandung,IDLCPDWXGD
1729677758275750487,1729677758275553879,Sepatu Gazelle Low Black Gum,178382.69999999998,Toko Sepatu Bandung,IDLCPDWXGD
1729677743140866647,1729677743140473431,Sepatu Retrograde Low Black White,247921.19999999998,Toko Sepatu Bandung,IDLCPDWXGD
1729677742104939095,1729677742104545879,Sepatu Retrograde Low Cream,247945.0,Toko Sepatu Bandung,IDLCPDWXGD
1729677743140670039,1729677743140473431,Sepatu Retrograde Low Black White,251466.55,Toko Sepatu Bandung,IDLCPDWXGD
1729677755464190551,1729677755464059479,Sepatu Gazelle Low Black White,191560.25,Toko Sepatu Bandung,IDLCPDWXGD
1729677743140932183,1729677743140473431,Sepatu Retrograde Low Black White,243298.9,Toko Sepatu Bandung,IDLCPDWXGD
1729677742105135703,1729677742104545879,Sepatu Retrograde Low Cream,297245.0,Toko Sepatu Bandung,IDLCPDWXGD
1729677743140932183,1729677743140473431,Sepatu Retrograde Low Black White,243695.0,Toko Sepatu Bandung,IDLCPDWXGD
1729677747184503383,1729677747184175703,Sepatu Retrograde Low White Blue,253564.35,Toko Sepatu Bandung,IDLCPDWXGD
1729677743141128791,1729677743140473431,Sepatu Retrograde Low Black White,253728.4,Toko Sepatu Bandung,IDLCPDWXGD
1729677755464321623,1729677755464059479,Sepatu Gazelle Low Black White,168572.85,Toko Sepatu Bandung,IDLCPDWXGD
1731401465609487959,1731401464730912343,Sepatu Retrograde Camp Low Camel,464193.5,Toko Sepatu Bandung,IDLCPDWXGD
1729677759600101975,1729677759599905367,Sepatu Gazelle Low Cream,185813.4,Toko Sepatu Bandung,IDLCPDWXGD
1729677743141128791,1729677743140473431,Sepatu Retrograde Low Black White,243669.5,Toko Sepatu Bandung,IDLCPDWXGD
1729677746703403607,1729677747184175703,Sepatu Retrograde Low White Blue,254694.0,Toko Sepatu Bandung,IDLCPDWXGD
1729677743141128791,1729677743140473431,Sepatu Retrograde Low Black White,249182.6,Toko Sepatu Bandung,IDLCPDWXGD
1729677755464256087,1729677755464059479,Sepatu Gazelle Low Black White,180066.55,Toko Sepatu Bandung,IDLCPDWXGD
1729677742968703575,1729677742968441431,Sepatu Gazelle Hi Black Gum,191296.75,Toko Sepatu Bandung,IDLCPDWXGD
1729677743140997719,1729677743140473431,Sepatu Retrograde Low Black White,245395.0,Toko Sepatu Bandung,IDLCPDWXGD
1729677743141063255,1729677743140473431,Sepatu Retrograde Low Black White,254626.0,Toko Sepatu Bandung,IDLCPDWXGD
1729677755464780375,1729677755464059479,Sepatu Gazelle Low Black White,187990.25,Toko Sepatu Bandung,IDLCPDWXGD
1729677743141063255,1729677743140473431,Sepatu Retrograde Low Black White,226669.5,Toko Sepatu Bandung,IDLCPDWXGD
1729677759600167511,1729677759599905367,Sepatu Gazelle Low Cream,218790.0,Toko Sepatu Bandung,IDLCPDWXGD
1729677755464583767,1729677755464059479,Sepatu Gazelle Low Black White,184760.25,Toko Sepatu Bandung,IDLCPDWXGD
1729677743141063255,1729677743140473431,Sepatu Retrograde Low Black White,224175.6,Toko Sepatu Bandung,IDLCPDWXGD
1729677742105070167,1729677742104545879,Sepatu Retrograde Low Cream,248830.69999999998,Toko Sepatu Bandung,IDLCPDWXGD
1729677755464583767,1729677755464059479,Sepatu Gazelle Low Black White,182116.75,Toko Sepatu Bandung,IDLCPDWXGD
1729677746703403607,1729677747184175703,Sepatu Retrograde Low White Blue,261575.6,Toko Sepatu Bandung,IDLCPDWXGD
1729677755464452695,1729677755464059479,Sepatu Gazelle Low Black White,180066.55,Toko Sepatu Bandung,IDLCPDWXGD
1729677758275816023,1729677758275553879,Sepatu Gazelle Low Black Gum,182210.25,Toko Sepatu Bandung,IDLCPDWXGD
1731927306071803479,1731927283872138839,Sepatu Tribune Shadow,504050.0,Toko Sepatu Bandung,IDLCPDWXGD
1729677758275816023,1729677758275553879,Sepatu Gazelle Low Black Gum,189860.25,Toko Sepatu Bandung,IDLCPDWXGD
1729677742105004631,1729677742104545879,Sepatu Retrograde Low Cream,247102.65,Toko Sepatu Bandung,IDLCPDWXGD
1731079464715912579,1729768344261264771,Sepatu Tribune Black Gum / White Blue / Navy Gum / Home Black / Away Maroon,406640.0,Toko Sepatu Bandung,IDLCT8WHEM
1730174743203907159,1730174756446373463,Sepatu Tribune Black Gum,438634.0,Toko Sepatu Bandung,IDLCPDWXGD
1729677755464583767,1729677755464059479,Sepatu Gazelle Low Black White,168572.85,Toko Sepatu Bandung,IDLCPDWXGD
1729677759600036439,1729677759599905367,Sepatu Gazelle Low Cream,191560.25,Toko Sepatu Bandung,IDLCPDWXGD
1730806636780750423,1730806637054625367,Sepatu Gazelle Low Weaves Sand,181211.5,Toko Sepatu Bandung,IDLCPDWXGD
1729677743141128791,1729677743140473431,Sepatu Retrograde Low Black White,247490.25,Toko Sepatu Bandung,IDLCPDWXGD
1729677755464321623,1729677755464059479,Sepatu Gazelle Low Black White,182210.25,Toko Sepatu Bandung,IDLCPDWXGD
1729677755464387159,1729677755464059479,Sepatu Gazelle Low Black White,188789.25,Toko Sepatu Bandung,IDLCPDWXGD
1731308689765205379,1729768344261264771,Sepatu Tribune Black Gum / White Blue / Navy Gum / Home Black / Away Maroon,421479.3,Toko Sepatu Bandung,IDLCT8WHEM
1729677746703534679,1729677747184175703,Sepatu Retrograde Low White Blue,252518.0,Toko Sepatu Bandung,IDLCPDWXGD
1731079464715191683,1729768344261264771,Sepatu Tribune Black Gum / White Blue / Navy Gum / Home Black / Away Maroon,393781.2,Toko Sepatu Bandung,IDLCT8WHEM
1731016355289269416,1731016368585475240,Paket Pembersih Sepatu Suede & Nubuck / Suede Brush + Suede Eraser Bonus Tali Sepatu,15111.3,Store_0,IDLCEHLLQ6
1729677746703665751,1729677747184175703,Sepatu Retrograde Low White Blue,252167.8,Toko Sepatu Bandung,IDLCPDWXGD
1729677743140670039,1729677743140473431,Sepatu Retrograde Low Black White,247102.65,Toko Sepatu Bandung,IDLCPDWXGD
1729677743140932183,1729677743140473431,Sepatu Retrograde Low Black White,247945.0,Toko Sepatu Bandung,IDLCPDWXGD
1731308689765336451,1729768344261264771,Sepatu Tribune Black Gum / White Blue / Navy Gum / Home Black / Away Maroon,433160.0,Toko Sepatu Bandung,IDLCT8WHEM
1731418659331802499,1730005626441402755,Giordano Polo 3D Lion / Napoleon Shirt ORIGINAL Men Pria Kerah Baju Kaos Katun,126610.05,Toko Sepatu Bandung,IDLCT8WHEM
1729677755464387159,1729677755464059479,Sepatu Gazelle Low Black White,188558.05,Toko Sepatu Bandung,IDLCPDWXGD
1729677755464649303,1729677755464059479,Sepatu Gazelle Low Black White,174560.25,Toko Sepatu Bandung,IDLCPDWXGD
1729725175196125783,1729725175195863639,Sepatu Velocity Black,617968.7,Toko Sepatu Bandung,IDLCPDWXGD
1729677759600167511,1729677759599905367,Sepatu Gazelle Low Cream,179254.8,Toko Sepatu Bandung,IDLCPDWXGD
1729677759600101975,1729677759599905367,Sepatu Gazelle Low Cream,179254.8,Toko Sepatu Bandung,IDLCPDWXGD
1729677759600036439,1729677759599905367,Sepatu Gazelle Low Cream,179255.65,Toko Sepatu Bandung,IDLCPDWXGD
1729677755464583767,1729677755464059479,Sepatu Gazelle Low Black White,179255.65,Toko Sepatu Bandung,IDLCPDWXGD
1729677755464518231,1729677755464059479,Sepatu Gazelle Low Black White,179255.65,Toko Sepatu Bandung,IDLCPDWXGD
1729677746703403607,1729677747184175703,Sepatu Retrograde Low White Blue,249850.69999999998,Toko Sepatu Bandung,IDLCPDWXGD
1729677755464452695,1729677755464059479,Sepatu Gazelle Low Black White,176235.6,Toko Sepatu Bandung,IDLCPDWXGD
1729677755464518231,1729677755464059479,Sepatu Gazelle Low Black White,188821.55,Toko Sepatu Bandung,IDLCPDWXGD
1729677755464321623,1729677755464059479,Sepatu Gazelle Low Black White,172404.65,Toko Sepatu Bandung,IDLCPDWXGD
1729677759600429655,1729677759599905367,Sepatu Gazelle Low Cream,183910.25,Toko Sepatu Bandung,IDLCPDWXGD
1729677758275947095,1729677758275553879,Sepatu Gazelle Low Black Gum,185813.4,Toko Sepatu Bandung,IDLCPDWXGD
1729677758276274775,1729677758275553879,Sepatu Gazelle Low Black Gum,187999.6,Toko Sepatu Bandung,IDLCPDWXGD
1729677759600101975,1729677759599905367,Sepatu Gazelle Low Cream,184799.35,Toko Sepatu Bandung,IDLCPDWXGD
1729677759600036439,1729677759599905367,Sepatu Gazelle Low Cream,184799.35,Toko Sepatu Bandung,IDLCPDWXGD
1729677755464649303,1729677755464059479,Sepatu Gazelle Low Black White,184799.35,Toko Sepatu Bandung,IDLCPDWXGD
1729677755464583767,1729677755464059479,Sepatu Gazelle Low Black White,184799.35,Toko Sepatu Bandung,IDLCPDWXGD
1729677755464518231,1729677755464059479,Sepatu Gazelle Low Black White,184799.35,Toko Sepatu Bandung,IDLCPDWXGD
1729677755464190551,1729677755464059479,Sepatu Gazelle Low Black White,185813.4,Toko Sepatu Bandung,IDLCPDWXGD
1729677743140866647,1729677743140473431,Sepatu Retrograde Low Black White,254368.44999999998,Toko Sepatu Bandung,IDLCPDWXGD
1731308725958116739,1729768344261264771,Sepatu Tribune Black Gum / White Blue / Navy Gum / Home Black / Away Maroon,420824.8,Toko Sepatu Bandung,IDLCT8WHEM
1729677743140932183,1729677743140473431,Sepatu Retrograde Low Black White,252920.9,Toko Sepatu Bandung,IDLCPDWXGD
1729677759600364119,1729677759599905367,Sepatu Gazelle Low Cream,170555.9,Toko Sepatu Bandung,IDLCPDWXGD
1729677743140866647,1729677743140473431,Sepatu Retrograde Low Black White,250495.0,Toko Sepatu Bandung,IDLCPDWXGD
1729677743140997719,1729677743140473431,Sepatu Retrograde Low Black White,250624.19999999998,Toko Sepatu Bandung,IDLCPDWXGD
1729677755464583767,1729677755464059479,Sepatu Gazelle Low Black White,188908.25,Toko Sepatu Bandung,IDLCPDWXGD
1729677755464583767,1729677755464059479,Sepatu Gazelle Low Black White,176813.6,Toko Sepatu Bandung,IDLCPDWXGD
1729677759600036439,1729677759599905367,Sepatu Gazelle Low Cream,193404.75,Toko Sepatu Bandung,IDLCPDWXGD
1729677755464649303,1729677755464059479,Sepatu Gazelle Low Black White,168572.85,Toko Sepatu Bandung,IDLCPDWXGD
1729677759600560727,1729677759599905367,Sepatu Gazelle Low Cream,191560.25,Toko Sepatu Bandung,IDLCPDWXGD
1729677759600364119,1729677759599905367,Sepatu Gazelle Low Cream,180306.25,Toko Sepatu Bandung,IDLCPDWXGD
1729677759600101975,1729677759599905367,Sepatu Gazelle Low Cream,187999.6,Toko Sepatu Bandung,IDLCPDWXGD
1731927306071803479,1731927283872138839,Sepatu Tribune Shadow,456450.0,Toko Sepatu Bandung,IDLCPDWXGD
1729677759600167511,1729677759599905367,Sepatu Gazelle Low Cream,190514.75,Toko Sepatu Bandung,IDLCPDWXGD
1729677758275947095,1729677758275553879,Sepatu Gazelle Low Black Gum,179255.65,Toko Sepatu Bandung,IDLCPDWXGD
1729677755464780375,1729677755464059479,Sepatu Gazelle Low Black White,189545.75,Toko Sepatu Bandung,IDLCPDWXGD
1729677755464321623,1729677755464059479,Sepatu Gazelle Low Black White,185813.4,Toko Sepatu Bandung,IDLCPDWXGD
1729677743140932183,1729677743140473431,Sepatu Retrograde Low Black White,248115.0,Toko Sepatu Bandung,IDLCPDWXGD
1731079464715978115,1729768344261264771,Sepatu Tribune Black Gum / White Blue / Navy Gum / Home Black / Away Maroon,402186.0,Toko Sepatu Bandung,IDLCT8WHEM
1729677755464518231,1729677755464059479,Sepatu Gazelle Low Black White,189860.25,Toko Sepatu Bandung,IDLCPDWXGD
1729677759600233047,1729677759599905367,Sepatu Gazelle Low Cream,180484.75,Toko Sepatu Bandung,IDLCPDWXGD
1729677755464452695,1729677755464059479,Sepatu Gazelle Low Black White,225420.0,Toko Sepatu Bandung,IDLCPDWXGD
1729677755464649303,1729677755464059479,Sepatu Gazelle Low Black White,176354.6,Toko Sepatu Bandung,IDLCPDWXGD
1729677755464649303,1729677755464059479,Sepatu Gazelle Low Black White,182985.44999999998,Toko Sepatu Bandung,IDLCPDWXGD
1729677743140997719,1729677743140473431,Sepatu Retrograde Low Black White,237780.69999999998,Toko Sepatu Bandung,IDLCPDWXGD
1731308725958116739,1729768344261264771,Sepatu Tribune Black Gum / White Blue / Navy Gum / Home Black / Away Maroon,433840.0,Toko Sepatu Bandung,IDLCT8WHEM
1731079464714732931,1729768344261264771,Sepatu Tribune Black Gum / White Blue / Navy Gum / Home Black / Away Maroon,394440.8,Toko Sepatu Bandung,IDLCT8WHEM
1729677758276274775,1729677758275553879,Sepatu Gazelle Low Black Gum,192371.15,Toko Sepatu Bandung,IDLCPDWXGD
1729677742104808023,1729677742104545879,Sepatu Retrograde Low Cream,254745.0,Toko Sepatu Bandung,IDLCPDWXGD
1729677743141063255,1729677743140473431,Sepatu Retrograde Low Black White,251851.6,Toko Sepatu Bandung,IDLCPDWXGD
1729677755464714839,1729677755464059479,Sepatu Gazelle Low Black White,178783.05,Toko Sepatu Bandung,IDLCPDWXGD
1730806636781078103,1730806637054625367,Sepatu Gazelle Low Weaves Sand,202784.5,Toko Sepatu Bandung,IDLCPDWXGD
1731079464714536323,1729768344261264771,Sepatu Tribune Black Gum / White Blue / Navy Gum / Home Black / Away Maroon,405960.0,Toko Sepatu Bandung,IDLCT8WHEM
1729677755464714839,1729677755464059479,Sepatu Gazelle Low Black White,176235.6,Toko Sepatu Bandung,IDLCPDWXGD
1730806636781078103,1730806637054625367,Sepatu Gazelle Low Weaves Sand,183410.44999999998,Toko Sepatu Bandung,IDLCPDWXGD
1729677759600233047,1729677759599905367,Sepatu Gazelle Low Cream,188571.65,Toko Sepatu Bandung,IDLCPDWXGD
1729677747184437847,1729677747184175703,Sepatu Retrograde Low White Blue,254700.8,Toko Sepatu Bandung,IDLCPDWXGD
1729677759600233047,1729677759599905367,Sepatu Gazelle Low Cream,166139.3,Toko Sepatu Bandung,IDLCPDWXGD
1729677759600233047,1729677759599905367,Sepatu Gazelle Low Cream,218603.85,Toko Sepatu Bandung,IDLCPDWXGD
1729677743140997719,1729677743140473431,Sepatu Retrograde Low Black White,248864.69999999998,Toko Sepatu Bandung,IDLCPDWXGD
1729677755464649303,1729677755464059479,Sepatu Gazelle Low Black White,191521.15,Toko Sepatu Bandung,IDLCPDWXGD
1729677755464714839,1729677755464059479,Sepatu Gazelle Low Black White,182545.15,Toko Sepatu Bandung,IDLCPDWXGD
1729677747184437847,1729677747184175703,Sepatu Retrograde Low White Blue,255630.69999999998,Toko Sepatu Bandung,IDLCPDWXGD
1729677743141063255,1729677743140473431,Sepatu Retrograde Low Black White,253930.69999999998,Toko Sepatu Bandung,IDLCPDWXGD
1729677743141063255,1729677743140473431,Sepatu Retrograde Low Black White,254780.69999999998,Toko Sepatu Bandung,IDLCPDWXGD
1730806636781143639,1730806637054625367,Sepatu Gazelle Low Weaves Sand,189014.5,Toko Sepatu Bandung,IDLCPDWXGD
1729677755464190551,1729677755464059479,Sepatu Gazelle Low Black White,193813.6,Toko Sepatu Bandung,IDLCPDWXGD
1729677743140997719,1729677743140473431,Sepatu Retrograde Low Black White,247962.0,Toko Sepatu Bandung,IDLCPDWXGD
1729677758275947095,1729677758275553879,Sepatu Gazelle Low Black Gum,191875.6,Toko Sepatu Bandung,IDLCPDWXGD
1729677755464649303,1729677755464059479,Sepatu Gazelle Low Black White,187999.6,Toko Sepatu Bandung,IDLCPDWXGD
1729677755464583767,1729677755464059479,Sepatu Gazelle Low Black White,187999.6,Toko Sepatu Bandung,IDLCPDWXGD
1729677755464649303,1729677755464059479,Sepatu Gazelle Low Black White,186143.19999999998,Toko Sepatu Bandung,IDLCPDWXGD
1729677743141063255,1729677743140473431,Sepatu Retrograde Low Black White,247962.0,Toko Sepatu Bandung,IDLCPDWXGD
1729677755464321623,1729677755464059479,Sepatu Gazelle Low Black White,193813.6,Toko Sepatu Bandung,IDLCPDWXGD
1729677755464649303,1729677755464059479,Sepatu Gazelle Low Black White,203371.85,Toko Sepatu Bandung,IDLCPDWXGD
1729677743141128791,1729677743140473431,Sepatu Retrograde Low Black White,268237.89999999997,Toko Sepatu Bandung,IDLCPDWXGD
1729677742968572503,1729677742968441431,Sepatu Gazelle Hi Black Gum,241995.0,Toko Sepatu Bandung,IDLCPDWXGD
1729677743141063255,1729677743140473431,Sepatu Retrograde Low Black White,253971.5,Toko Sepatu Bandung,IDLCPDWXGD
1729677759600364119,1729677759599905367,Sepatu Gazelle Low Cream,225364.75,Toko Sepatu Bandung,IDLCPDWXGD
1729677759600233047,1729677759599905367,Sepatu Gazelle Low Cream,212614.75,Toko Sepatu Bandung,IDLCPDWXGD
1729677743140932183,1729677743140473431,Sepatu Retrograde Low Black White,263245.0,Toko Sepatu Bandung,IDLCPDWXGD
1733814102157788759,1730706116728161879,Sepatu Tribune Home Black,508300.0,Toko Sepatu Bandung,IDLCPDWXGD
1729677746703469143,1729677747184175703,Sepatu Retrograde Low White Blue,230422.25,Toko Sepatu Bandung,IDLCPDWXGD
1729677755464518231,1729677755464059479,Sepatu Gazelle Low Black White,203573.3,Toko Sepatu Bandung,IDLCPDWXGD
1729677746703403607,1729677747184175703,Sepatu Retrograde Low White Blue,256445.0,Toko Sepatu Bandung,IDLCPDWXGD
1729677755464714839,1729677755464059479,Sepatu Gazelle Low Black White,212614.75,Toko Sepatu Bandung,IDLCPDWXGD
1733814102157788759,1730706116728161879,Sepatu Tribune Home Black,477224.0,Toko Sepatu Bandung,IDLCPDWXGD
1729677747184437847,1729677747184175703,Sepatu Retrograde Low White Blue,253045.0,Toko Sepatu Bandung,IDLCPDWXGD
1729677743140997719,1729677743140473431,Sepatu Retrograde Low Black White,256445.0,Toko Sepatu Bandung,IDLCPDWXGD
1730706088342750807,1730706121172026967,Sepatu Tribune Away Maroon,498100.0,Toko Sepatu Bandung,IDLCPDWXGD
1729677747184437847,1729677747184175703,Sepatu Retrograde Low White Blue,256445.0,Toko Sepatu Bandung,IDLCPDWXGD
1729665691842022090,1729665691841759946,Insurgent Club - Hoodie Basic Boxy Washed,317310.95,Store_7,IDLCCTLLJ7
1729677743140735575,1729677743140473431,Sepatu Retrograde Low Black White,255347.65,Toko Sepatu Bandung,IDLCPDWXGD
1729677759600167511,1729677759599905367,Sepatu Gazelle Low Cream,208364.75,Toko Sepatu Bandung,IDLCPDWXGD
1729677758275947095,1729677758275553879,Sepatu Gazelle Low Black Gum,161451.55,Toko Sepatu Bandung,IDLCPDWXGD
1729677743141063255,1729677743140473431,Sepatu Retrograde Low Black White,243622.75,Toko Sepatu Bandung,IDLCPDWXGD
1729677746703469143,1729677747184175703,Sepatu Retrograde Low White Blue,256445.0,Toko Sepatu Bandung,IDLCPDWXGD
1729677755464780375,1729677755464059479,Sepatu Gazelle Low Black White,208364.75,Toko Sepatu Bandung,IDLCPDWXGD
1729677743140801111,1729677743140473431,Sepatu Retrograde Low Black White,255347.65,Toko Sepatu Bandung,IDLCPDWXGD
1729677746703665751,1729677747184175703,Sepatu Retrograde Low White Blue,245453.65,Toko Sepatu Bandung,IDLCPDWXGD
1729677743140932183,1729677743140473431,Sepatu Retrograde Low Black White,256445.0,Toko Sepatu Bandung,IDLCPDWXGD
1729677743140866647,1729677743140473431,Sepatu Retrograde Low Black White,263245.0,Toko Sepatu Bandung,IDLCPDWXGD
1730138691708880259,1729589830065359235,(ORIGINAL) Velocity Blackwihite / Navy / Grey / Olive / Blue Yellow / Blackgum / Whitegum Casual Karet Shoes,617253.0,Toko Sepatu Bandung,IDLCT8WHEM
1730138686761043331,1729589830065359235,(ORIGINAL) Velocity Blackwihite / Navy / Grey / Olive / Blue Yellow / Blackgum / Whitegum Casual Karet Shoes,617253.0,Toko Sepatu Bandung,IDLCT8WHEM
1729677743140997719,1729677743140473431,Sepatu Retrograde Low Black White,255347.65,Toko Sepatu Bandung,IDLCPDWXGD
1729677759600495191,1729677759599905367,Sepatu Gazelle Low Cream,218603.85,Toko Sepatu Bandung,IDLCPDWXGD
1729677743140997719,1729677743140473431,Sepatu Retrograde Low Black White,245773.25,Toko Sepatu Bandung,IDLCPDWXGD
1729677743140866647,1729677743140473431,Sepatu Retrograde Low Black White,285345.0,Toko Sepatu Bandung,IDLCPDWXGD
1729677743140801111,1729677743140473431,Sepatu Retrograde Low Black White,249619.5,Toko Sepatu Bandung,IDLCPDWXGD
1729677742105135703,1729677742104545879,Sepatu Retrograde Low Cream,253728.4,Toko Sepatu Bandung,IDLCPDWXGD
1730806636781078103,1730806637054625367,Sepatu Gazelle Low Weaves Sand,215606.75,Toko Sepatu Bandung,IDLCPDWXGD
1729677742968703575,1729677742968441431,Sepatu Gazelle Hi Black Gum,196015.94999999998,Toko Sepatu Bandung,IDLCPDWXGD
1730806636780750423,1730806637054625367,Sepatu Gazelle Low Weaves Sand,208795.69999999998,Toko Sepatu Bandung,IDLCPDWXGD
1729677755464780375,1729677755464059479,Sepatu Gazelle Low Black White,202113.85,Toko Sepatu Bandung,IDLCPDWXGD
1729677755464780375,1729677755464059479,Sepatu Gazelle Low Black White,225420.0,Toko Sepatu Bandung,IDLCPDWXGD
1729677742104808023,1729677742104545879,Sepatu Retrograde Low Cream,297245.0,Toko Sepatu Bandung,IDLCPDWXGD
1729677742105004631,1729677742104545879,Sepatu Retrograde Low Cream,278519.5,Toko Sepatu Bandung,IDLCPDWXGD
1729677743141063255,1729677743140473431,Sepatu Retrograde Low Black White,297245.0,Toko Sepatu Bandung,IDLCPDWXGD
1729677743140866647,1729677743140473431,Sepatu Retrograde Low Black White,261575.6,Toko Sepatu Bandung,IDLCPDWXGD
1729677742104742487,1729677742104545879,Sepatu Retrograde Low Cream,297245.0,Toko Sepatu Bandung,IDLCPDWXGD
1729677759600495191,1729677759599905367,Sepatu Gazelle Low Cream,198321.15,Toko Sepatu Bandung,IDLCPDWXGD
1729677759600495191,1729677759599905367,Sepatu Gazelle Low Cream,209214.75,Toko Sepatu Bandung,IDLCPDWXGD
1729677743141063255,1729677743140473431,Sepatu Retrograde Low Black White,243669.5,Toko Sepatu Bandung,IDLCPDWXGD
1730174772503152215,1730174800969827927,Sepatu Tribune White Blue,471750.0,Toko Sepatu Bandung,IDLCPDWXGD
1729677743140932183,1729677743140473431,Sepatu Retrograde Low Black White,287045.0,Toko Sepatu Bandung,IDLCPDWXGD
1729677746703403607,1729677747184175703,Sepatu Retrograde Low White Blue,288327.64999999997,Toko Sepatu Bandung,IDLCPDWXGD
1729677755464321623,1729677755464059479,Sepatu Gazelle Low Black White,219027.15,Toko Sepatu Bandung,IDLCPDWXGD
1729677743140932183,1729677743140473431,Sepatu Retrograde Low Black White,297245.0,Toko Sepatu Bandung,IDLCPDWXGD
1729677758275947095,1729677758275553879,Sepatu Gazelle Low Black Gum,209589.6,Toko Sepatu Bandung,IDLCPDWXGD
1731927306072065623,1731927283872138839,Sepatu Tribune Shadow,450177.0,Toko Sepatu Bandung,IDLCPDWXGD
1729677743141063255,1729677743140473431,Sepatu Retrograde Low Black White,245807.25,Toko Sepatu Bandung,IDLCPDWXGD
1729677743140997719,1729677743140473431,Sepatu Retrograde Low Black White,259471.0,Toko Sepatu Bandung,IDLCPDWXGD
1729677755464583767,1729677755464059479,Sepatu Gazelle Low Black White,225364.75,Toko Sepatu Bandung,IDLCPDWXGD
1729677743140866647,1729677743140473431,Sepatu Retrograde Low Black White,288327.64999999997,Toko Sepatu Bandung,IDLCPDWXGD
1729677755464518231,1729677755464059479,Sepatu Gazelle Low Black White,223959.69999999998,Toko Sepatu Bandung,IDLCPDWXGD
1729677759600167511,1729677759599905367,Sepatu Gazelle Low Cream,208709.85,Toko Sepatu Bandung,IDLCPDWXGD
1733552705549534807,1733552704957089367,Sepatu Gazelle Kids Low Bluesky,208845.0,Toko Sepatu Bandung,IDLCPDWXGD
1729677743140932183,1729677743140473431,Sepatu Retrograde Low Black White,248496.65,Toko Sepatu Bandung,IDLCPDWXGD
1729677747184503383,1729677747184175703,Sepatu Retrograde Low White Blue,273911.64999999997,Toko Sepatu Bandung,IDLCPDWXGD
1729677742104939095,1729677742104545879,Sepatu Retrograde Low Cream,297245.0,Toko Sepatu Bandung,IDLCPDWXGD
1729677755464518231,1729677755464059479,Sepatu Gazelle Low Black White,218603.85,Toko Sepatu Bandung,IDLCPDWXGD
1731927306072065623,1731927283872138839,Sepatu Tribune Shadow,503200.0,Toko Sepatu Bandung,IDLCPDWXGD
1729677755464452695,1729677755464059479,Sepatu Gazelle Low Black White,218603.85,Toko Sepatu Bandung,IDLCPDWXGD
1729677742968834647,1729677742968441431,Sepatu Gazelle Hi Black Gum,212955.6,Toko Sepatu Bandung,IDLCPDWXGD
1729677755464583767,1729677755464059479,Sepatu Gazelle Low Black White,213464.75,Toko Sepatu Bandung,IDLCPDWXGD
1729677743141063255,1729677743140473431,Sepatu Retrograde Low Black White,261119.15,Toko Sepatu Bandung,IDLCPDWXGD
1729677755464387159,1729677755464059479,Sepatu Gazelle Low Black White,225364.75,Toko Sepatu Bandung,IDLCPDWXGD
1729677759600364119,1729677759599905367,Sepatu Gazelle Low Cream,182545.15,Toko Sepatu Bandung,IDLCPDWXGD
1729677743141063255,1729677743140473431,Sepatu Retrograde Low Black White,287869.5,Toko Sepatu Bandung,IDLCPDWXGD
1729677742105135703,1729677742104545879,Sepatu Retrograde Low Cream,256445.0,Toko Sepatu Bandung,IDLCPDWXGD
1729677755464518231,1729677755464059479,Sepatu Gazelle Low Black White,225364.75,Toko Sepatu Bandung,IDLCPDWXGD
1730651001345443415,1730651021212354135,Sepatu Tribune Navy Gum,484500.0,Toko Sepatu Bandung,IDLCPDWXGD
1729677759600495191,1729677759599905367,Sepatu Gazelle Low Cream,171252.05,Toko Sepatu Bandung,IDLCPDWXGD
1729677746703403607,1729677747184175703,Sepatu Retrograde Low White Blue,271837.64999999997,Toko Sepatu Bandung,IDLCPDWXGD
1729768205592790615,1729768199000000087,Sepatu Retrograde Slip On Herringbone Black,353878.8,Toko Sepatu Bandung,IDLCPDWXGD
1729677742104808023,1729677742104545879,Sepatu Retrograde Low Cream,288327.64999999997,Toko Sepatu Bandung,IDLCPDWXGD
1730310858187965706,1730310857824109834,Paket 6 Pasang Kaos Kaki Oldschool Polos Panjang Dewasa Pria Wanita / Kaos Kaki Polos Cewek Cowok Sporty/Olahraga/Kerja/Casual Remaja Unisex Nyaman Tebal,28198.75,Store_1,IDLCJYLTBL
1729677743141063255,1729677743140473431,Sepatu Retrograde Low Black White,248638.6,Toko Sepatu Bandung,IDLCPDWXGD
1729677755464583767,1729677755464059479,Sepatu Gazelle Low Black White,207060.85,Toko Sepatu Bandung,IDLCPDWXGD
1730310850770470154,1730310857824109834,Paket 6 Pasang Kaos Kaki Oldschool Polos Panjang Dewasa Pria Wanita / Kaos Kaki Polos Cewek Cowok Sporty/Olahraga/Kerja/Casual Remaja Unisex Nyaman Tebal,28198.75,Store_1,IDLCJYLTBL
1729677743140997719,1729677743140473431,Sepatu Retrograde Low Black White,288745.0,Toko Sepatu Bandung,IDLCPDWXGD
1729677743140735575,1729677743140473431,Sepatu Retrograde Low Black White,260695.0,Toko Sepatu Bandung,IDLCPDWXGD
1729677755464649303,1729677755464059479,Sepatu Gazelle Low Black White,218603.85,Toko Sepatu Bandung,IDLCPDWXGD
1729677758276274775,1729677758275553879,Sepatu Gazelle Low Black Gum,208709.85,Toko Sepatu Bandung,IDLCPDWXGD
1729677758276274775,1729677758275553879,Sepatu Gazelle Low Black Gum,225364.75,Toko Sepatu Bandung,IDLCPDWXGD
1729677755464649303,1729677755464059479,Sepatu Gazelle Low Black White,202113.85,Toko Sepatu Bandung,IDLCPDWXGD
1729677755464387159,1729677755464059479,Sepatu Gazelle Low Black White,210358.85,Toko Sepatu Bandung,IDLCPDWXGD
1729677742105070167,1729677742104545879,Sepatu Retrograde Low Cream,268212.39999999997,Toko Sepatu Bandung,IDLCPDWXGD
1729677746703403607,1729677747184175703,Sepatu Retrograde Low White Blue,240700.44999999998,Toko Sepatu Bandung,IDLCPDWXGD
1729677758275816023,1729677758275553879,Sepatu Gazelle Low Black Gum,219856.75,Toko Sepatu Bandung,IDLCPDWXGD
1729677759600495191,1729677759599905367,Sepatu Gazelle Low Cream,207335.4,Toko Sepatu Bandung,IDLCPDWXGD
1729677743141063255,1729677743140473431,Sepatu Retrograde Low Black White,263245.0,Toko Sepatu Bandung,IDLCPDWXGD
1733552688701539927,1733552716657559127,Sepatu Gazelle Kids Low Black Gum,185895.0,Toko Sepatu Bandung,IDLCPDWXGD
1729677742968769111,1729677742968441431,Sepatu Gazelle Hi Black Gum,240295.0,Toko Sepatu Bandung,IDLCPDWXGD
1729677758275816023,1729677758275553879,Sepatu Gazelle Low Black Gum,225364.75,Toko Sepatu Bandung,IDLCPDWXGD
1729677759600167511,1729677759599905367,Sepatu Gazelle Low Cream,225364.75,Toko Sepatu Bandung,IDLCPDWXGD
1729677755464321623,1729677755464059479,Sepatu Gazelle Low Black White,225364.75,Toko Sepatu Bandung,IDLCPDWXGD
1729677759600560727,1729677759599905367,Sepatu Gazelle Low Cream,192371.15,Toko Sepatu Bandung,IDLCPDWXGD
1734483831936681347,1734483785564784003,Slider Mono Black / Mono Grey / Mono Beige / Black,263298.55,Toko Sepatu Bandung,IDLCT8WHEM
1729677755464649303,1729677755464059479,Sepatu Gazelle Low Black White,211764.75,Toko Sepatu Bandung,IDLCPDWXGD
1729677742968834647,1729677742968441431,Sepatu Gazelle Hi Black Gum,234735.15,Toko Sepatu Bandung,IDLCPDWXGD
1731927306072065623,1731927283872138839,Sepatu Tribune Shadow,447304.0,Toko Sepatu Bandung,IDLCPDWXGD
1729677755464387159,1729677755464059479,Sepatu Gazelle Low Black White,225313.75,Toko Sepatu Bandung,IDLCPDWXGD
1729677755464714839,1729677755464059479,Sepatu Gazelle Low Black White,218603.85,Toko Sepatu Bandung,IDLCPDWXGD
1729677742105004631,1729677742104545879,Sepatu Retrograde Low Cream,273465.39999999997,Toko Sepatu Bandung,IDLCPDWXGD
1729677755464649303,1729677755464059479,Sepatu Gazelle Low Black White,225420.0,Toko Sepatu Bandung,IDLCPDWXGD
1729561361793123927,1729561362209539671,Sepatu Retrograde Low Triple Black,436492.0,Toko Sepatu Bandung,IDLCPDWXGD
1729677743140932183,1729677743140473431,Sepatu Retrograde Low Black White,279395.0,Toko Sepatu Bandung,IDLCPDWXGD
1729677755464518231,1729677755464059479,Sepatu Gazelle Low Black White,208709.85,Toko Sepatu Bandung,IDLCPDWXGD
1729677755464583767,1729677755464059479,Sepatu Gazelle Low Black White,216014.75,Toko Sepatu Bandung,IDLCPDWXGD
1729677746703469143,1729677747184175703,Sepatu Retrograde Low White Blue,263245.0,Toko Sepatu Bandung,IDLCPDWXGD
1729677742105004631,1729677742104545879,Sepatu Retrograde Low Cream,297245.0,Toko Sepatu Bandung,IDLCPDWXGD
1729677758275684951,1729677758275553879,Sepatu Gazelle Low Black Gum,192371.15,Toko Sepatu Bandung,IDLCPDWXGD
1729677743140932183,1729677743140473431,Sepatu Retrograde Low Black White,241995.0,Toko Sepatu Bandung,IDLCPDWXGD
1729677758276012631,1729677758275553879,Sepatu Gazelle Low Black Gum,208364.75,Toko Sepatu Bandung,IDLCPDWXGD
1729677755464518231,1729677755464059479,Sepatu Gazelle Low Black White,214314.75,Toko Sepatu Bandung,IDLCPDWXGD
1729677742968769111,1729677742968441431,Sepatu Gazelle Hi Black Gum,230095.0,Toko Sepatu Bandung,IDLCPDWXGD
1729677746703403607,1729677747184175703,Sepatu Retrograde Low White Blue,268224.3,Toko Sepatu Bandung,IDLCPDWXGD
1731927306071869015,1731927283872138839,Sepatu Tribune Shadow,471276.55,Toko Sepatu Bandung,IDLCPDWXGD
1729677742105004631,1729677742104545879,Sepatu Retrograde Low Cream,290445.0,Toko Sepatu Bandung,IDLCPDWXGD
1729677743140866647,1729677743140473431,Sepatu Retrograde Low Black White,255347.65,Toko Sepatu Bandung,IDLCPDWXGD
1729677743140932183,1729677743140473431,Sepatu Retrograde Low Black White,273465.39999999997,Toko Sepatu Bandung,IDLCPDWXGD
1729677743140801111,1729677743140473431,Sepatu Retrograde Low Black White,261575.6,Toko Sepatu Bandung,IDLCPDWXGD
1729677743140997719,1729677743140473431,Sepatu Retrograde Low Black White,273465.39999999997,Toko Sepatu Bandung,IDLCPDWXGD
1729677755464583767,1729677755464059479,Sepatu Gazelle Low Black White,218564.75,Toko Sepatu Bandung,IDLCPDWXGD
1729677743141128791,1729677743140473431,Sepatu Retrograde Low Black White,285345.0,Toko Sepatu Bandung,IDLCPDWXGD
1729677755464190551,1729677755464059479,Sepatu Gazelle Low Black White,211043.1,Toko Sepatu Bandung,IDLCPDWXGD
1729677743140932183,1729677743140473431,Sepatu Retrograde Low Black White,252874.15,Toko Sepatu Bandung,IDLCPDWXGD
1729677759600429655,1729677759599905367,Sepatu Gazelle Low Cream,207335.4,Toko Sepatu Bandung,IDLCPDWXGD
1729677742105070167,1729677742104545879,Sepatu Retrograde Low Cream,260695.0,Toko Sepatu Bandung,IDLCPDWXGD
1729677755464321623,1729677755464059479,Sepatu Gazelle Low Black White,213520.0,Toko Sepatu Bandung,IDLCPDWXGD
1729677755464780375,1729677755464059479,Sepatu Gazelle Low Black White,225364.75,Toko Sepatu Bandung,IDLCPDWXGD
1729677743140932183,1729677743140473431,Sepatu Retrograde Low Black White,222223.15,Toko Sepatu Bandung,IDLCPDWXGD
1729677743141063255,1729677743140473431,Sepatu Retrograde Low Black White,285345.0,Toko Sepatu Bandung,IDLCPDWXGD
1729677742105070167,1729677742104545879,Sepatu Retrograde Low Cream,288327.64999999997,Toko Sepatu Bandung,IDLCPDWXGD
1731927306072000087,1731927283872138839,Sepatu Tribune Shadow,503200.0,Toko Sepatu Bandung,IDLCPDWXGD
1731927306071934551,1731927283872138839,Sepatu Tribune Shadow,499800.0,Toko Sepatu Bandung,IDLCPDWXGD
1729677743140997719,1729677743140473431,Sepatu Retrograde Low Black White,269195.0,Toko Sepatu Bandung,IDLCPDWXGD
1729677743141063255,1729677743140473431,Sepatu Retrograde Low Black White,239839.4,Toko Sepatu Bandung,IDLCPDWXGD
1729677759600298583,1729677759599905367,Sepatu Gazelle Low Cream,188971.15,Toko Sepatu Bandung,IDLCPDWXGD
1729677755464256087,1729677755464059479,Sepatu Gazelle Low Black White,225364.75,Toko Sepatu Bandung,IDLCPDWXGD
1729677742104611415,1729677742104545879,Sepatu Retrograde Low Cream,297245.0,Toko Sepatu Bandung,IDLCPDWXGD
1729677758276209239,1729677758275553879,Sepatu Gazelle Low Black Gum,198321.15,Toko Sepatu Bandung,IDLCPDWXGD
1729677759600495191,1729677759599905367,Sepatu Gazelle Low Cream,212614.75,Toko Sepatu Bandung,IDLCPDWXGD
1729677759600233047,1729677759599905367,Sepatu Gazelle Low Cream,207309.9,Toko Sepatu Bandung,IDLCPDWXGD
1729677759600036439,1729677759599905367,Sepatu Gazelle Low Cream,212614.75,Toko Sepatu Bandung,IDLCPDWXGD
1729677758275619415,1729677758275553879,Sepatu Gazelle Low Black Gum,225364.75,Toko Sepatu Bandung,IDLCPDWXGD
1733552687641560663,1733552687523661399,Sepatu Tribune Kids Black Gum,258570.0,Toko Sepatu Bandung,IDLCPDWXGD
1729677755464321623,1729677755464059479,Sepatu Gazelle Low Black White,220264.75,Toko Sepatu Bandung,IDLCPDWXGD
1729677758276209239,1729677758275553879,Sepatu Gazelle Low Black Gum,218603.85,Toko Sepatu Bandung,IDLCPDWXGD
1729677755464518231,1729677755464059479,Sepatu Gazelle Low Black White,180471.15,Toko Sepatu Bandung,IDLCPDWXGD
1729677743140801111,1729677743140473431,Sepatu Retrograde Low Black White,283143.5,Toko Sepatu Bandung,IDLCPDWXGD
1729677743141063255,1729677743140473431,Sepatu Retrograde Low Black White,254065.0,Toko Sepatu Bandung,IDLCPDWXGD
1729677743140932183,1729677743140473431,Sepatu Retrograde Low Black White,255039.1,Toko Sepatu Bandung,IDLCPDWXGD
1729677758275947095,1729677758275553879,Sepatu Gazelle Low Black Gum,207335.4,Toko Sepatu Bandung,IDLCPDWXGD
1731079464714732931,1729768344261264771,Sepatu Tribune Black Gum / White Blue / Navy Gum / Home Black / Away Maroon,433885.05,Toko Sepatu Bandung,IDLCT8WHEM
1729677743140932183,1729677743140473431,Sepatu Retrograde Low Black White,278545.0,Toko Sepatu Bandung,IDLCPDWXGD
1729677758276209239,1729677758275553879,Sepatu Gazelle Low Black Gum,201115.1,Toko Sepatu Bandung,IDLCPDWXGD
1730806636781078103,1730806637054625367,Sepatu Gazelle Low Weaves Sand,197961.6,Toko Sepatu Bandung,IDLCPDWXGD
1729677743140866647,1729677743140473431,Sepatu Retrograde Low Black White,260695.0,Toko Sepatu Bandung,IDLCPDWXGD
1729677742968834647,1729677742968441431,Sepatu Gazelle Hi Black Gum,218169.5,Toko Sepatu Bandung,IDLCPDWXGD
1729677743140997719,1729677743140473431,Sepatu Retrograde Low Black White,278769.39999999997,Toko Sepatu Bandung,IDLCPDWXGD
1729677755464518231,1729677755464059479,Sepatu Gazelle Low Black White,218564.75,Toko Sepatu Bandung,IDLCPDWXGD
1730310858187965706,1730310857824109834,Paket 6 Pasang Kaos Kaki Oldschool Polos Panjang Dewasa Pria Wanita / Kaos Kaki Polos Cewek Cowok Sporty/Olahraga/Kerja/Casual Remaja Unisex Nyaman Tebal,27992.2,Store_1,IDLCJYLTBL
1729677742104808023,1729677742104545879,Sepatu Retrograde Low Cream,248751.65,Toko Sepatu Bandung,IDLCPDWXGD
1729677755464583767,1729677755464059479,Sepatu Gazelle Low Black White,198215.75,Toko Sepatu Bandung,IDLCPDWXGD
1729677759600429655,1729677759599905367,Sepatu Gazelle Low Cream,208709.85,Toko Sepatu Bandung,IDLCPDWXGD
1730706088342881879,1730706121172026967,Sepatu Tribune Away Maroon,528942.25,Toko Sepatu Bandung,IDLCPDWXGD
1729677743140801111,1729677743140473431,Sepatu Retrograde Low Black White,290105.0,Toko Sepatu Bandung,IDLCPDWXGD
1731927306071869015,1731927283872138839,Sepatu Tribune Shadow,467500.0,Toko Sepatu Bandung,IDLCPDWXGD
1729677743141128791,1729677743140473431,Sepatu Retrograde Low Black White,291300.1,Toko Sepatu Bandung,IDLCPDWXGD
1729677743140932183,1729677743140473431,Sepatu Retrograde Low Black White,253728.4,Toko Sepatu Bandung,IDLCPDWXGD
1729677755464583767,1729677755464059479,Sepatu Gazelle Low Black White,207040.44999999998,Toko Sepatu Bandung,IDLCPDWXGD
1729677743140801111,1729677743140473431,Sepatu Retrograde Low Black White,263245.0,Toko Sepatu Bandung,IDLCPDWXGD
1729677742968769111,1729677742968441431,Sepatu Gazelle Hi Black Gum,213894.0,Toko Sepatu Bandung,IDLCPDWXGD
1729677755464583767,1729677755464059479,Sepatu Gazelle Low Black White,187271.15,Toko Sepatu Bandung,IDLCPDWXGD
1729677758276209239,1729677758275553879,Sepatu Gazelle Low Black Gum,215164.75,Toko Sepatu Bandung,IDLCPDWXGD
1729677743140997719,1729677743140473431,Sepatu Retrograde Low Black White,263245.0,Toko Sepatu Bandung,IDLCPDWXGD
1729677755464321623,1729677755464059479,Sepatu Gazelle Low Black White,204445.4,Toko Sepatu Bandung,IDLCPDWXGD
1729677755464518231,1729677755464059479,Sepatu Gazelle Low Black White,183361.15,Toko Sepatu Bandung,IDLCPDWXGD
1729677758275816023,1729677758275553879,Sepatu Gazelle Low Black Gum,204243.1,Toko Sepatu Bandung,IDLCPDWXGD
1729677746703403607,1729677747184175703,Sepatu Retrograde Low White Blue,237796.0,Toko Sepatu Bandung,IDLCPDWXGD
1729677743141194327,1729677743140473431,Sepatu Retrograde Low Black White,240768.44999999998,Toko Sepatu Bandung,IDLCPDWXGD
1729677742968572503,1729677742968441431,Sepatu Gazelle Hi Black Gum,187787.94999999998,Toko Sepatu Bandung,IDLCPDWXGD
1729677755464452695,1729677755464059479,Sepatu Gazelle Low Black White,213464.75,Toko Sepatu Bandung,IDLCPDWXGD
1729677755464583767,1729677755464059479,Sepatu Gazelle Low Black White,197314.75,Toko Sepatu Bandung,IDLCPDWXGD
1729677759600560727,1729677759599905367,Sepatu Gazelle Low Cream,225364.75,Toko Sepatu Bandung,IDLCPDWXGD
1729677755464583767,1729677755464059479,Sepatu Gazelle Low Black White,174883.25,Toko Sepatu Bandung,IDLCPDWXGD
1729677755464452695,1729677755464059479,Sepatu Gazelle Low Black White,174883.25,Toko Sepatu Bandung,IDLCPDWXGD
1729677759600429655,1729677759599905367,Sepatu Gazelle Low Cream,211842.94999999998,Toko Sepatu Bandung,IDLCPDWXGD
1729677759600429655,1729677759599905367,Sepatu Gazelle Low Cream,215164.75,Toko Sepatu Bandung,IDLCPDWXGD
1729677743140997719,1729677743140473431,Sepatu Retrograde Low Black White,201413.44999999998,Toko Sepatu Bandung,IDLCPDWXGD
1729677743141194327,1729677743140473431,Sepatu Retrograde Low Black White,259875.6,Toko Sepatu Bandung,IDLCPDWXGD
1729677743141063255,1729677743140473431,Sepatu Retrograde Low Black White,267665.0,Toko Sepatu Bandung,IDLCPDWXGD
1729677755464452695,1729677755464059479,Sepatu Gazelle Low Black White,210861.19999999998,Toko Sepatu Bandung,IDLCPDWXGD
1729677743140866647,1729677743140473431,Sepatu Retrograde Low Black White,224434.0,Toko Sepatu Bandung,IDLCPDWXGD
1729677759600298583,1729677759599905367,Sepatu Gazelle Low Cream,225339.25,Toko Sepatu Bandung,IDLCPDWXGD
1729677758275684951,1729677758275553879,Sepatu Gazelle Low Black Gum,223165.8,Toko Sepatu Bandung,IDLCPDWXGD
1729677746703469143,1729677747184175703,Sepatu Retrograde Low White Blue,294343.95,Toko Sepatu Bandung,IDLCPDWXGD
1729677742105070167,1729677742104545879,Sepatu Retrograde Low Cream,263245.0,Toko Sepatu Bandung,IDLCPDWXGD
1729677743140997719,1729677743140473431,Sepatu Retrograde Low Black White,256394.0,Toko Sepatu Bandung,IDLCPDWXGD
1729677755464125015,1729677755464059479,Sepatu Gazelle Low Black White,200714.75,Toko Sepatu Bandung,IDLCPDWXGD
1729677759600429655,1729677759599905367,Sepatu Gazelle Low Cream,180291.8,Toko Sepatu Bandung,IDLCPDWXGD
1729677743140932183,1729677743140473431,Sepatu Retrograde Low Black White,288327.64999999997,Toko Sepatu Bandung,IDLCPDWXGD
1729677755464387159,1729677755464059479,Sepatu Gazelle Low Black White,180291.8,Toko Sepatu Bandung,IDLCPDWXGD
1729677755464256087,1729677755464059479,Sepatu Gazelle Low Black White,216864.75,Toko Sepatu Bandung,IDLCPDWXGD
1729677742105070167,1729677742104545879,Sepatu Retrograde Low Cream,230661.94999999998,Toko Sepatu Bandung,IDLCPDWXGD
1729677759600429655,1729677759599905367,Sepatu Gazelle Low Cream,205082.05,Toko Sepatu Bandung,IDLCPDWXGD
1729677742968834647,1729677742968441431,Sepatu Gazelle Hi Black Gum,187787.94999999998,Toko Sepatu Bandung,IDLCPDWXGD
1729677746703534679,1729677747184175703,Sepatu Retrograde Low White Blue,237796.0,Toko Sepatu Bandung,IDLCPDWXGD
1729677743141063255,1729677743140473431,Sepatu Retrograde Low Black White,260695.0,Toko Sepatu Bandung,IDLCPDWXGD
1729677747184437847,1729677747184175703,Sepatu Retrograde Low White Blue,237796.0,Toko Sepatu Bandung,IDLCPDWXGD
1729677742105135703,1729677742104545879,Sepatu Retrograde Low Cream,230661.94999999998,Toko Sepatu Bandung,IDLCPDWXGD
1729677743140997719,1729677743140473431,Sepatu Retrograde Low Black White,276784.64999999997,Toko Sepatu Bandung,IDLCPDWXGD
1729677758275947095,1729677758275553879,Sepatu Gazelle Low Black Gum,180291.8,Toko Sepatu Bandung,IDLCPDWXGD
1729677742105070167,1729677742104545879,Sepatu Retrograde Low Cream,219946.0,Toko Sepatu Bandung,IDLCPDWXGD
1729677743140801111,1729677743140473431,Sepatu Retrograde Low Black White,260695.0,Toko Sepatu Bandung,IDLCPDWXGD
1729677755464583767,1729677755464059479,Sepatu Gazelle Low Black White,180291.8,Toko Sepatu Bandung,IDLCPDWXGD
1729677743141063255,1729677743140473431,Sepatu Retrograde Low Black White,252225.6,Toko Sepatu Bandung,IDLCPDWXGD
1729677746703469143,1729677747184175703,Sepatu Retrograde Low White Blue,226270.0,Toko Sepatu Bandung,IDLCPDWXGD
1729677743140997719,1729677743140473431,Sepatu Retrograde Low Black White,237796.0,Toko Sepatu Bandung,IDLCPDWXGD
1729677742968769111,1729677742968441431,Sepatu Gazelle Hi Black Gum,212955.6,Toko Sepatu Bandung,IDLCPDWXGD
1731308689765336451,1729768344261264771,Sepatu Tribune Black Gum / White Blue / Navy Gum / Home Black / Away Maroon,529538.95,Toko Sepatu Bandung,IDLCT8WHEM
1729677743140866647,1729677743140473431,Sepatu Retrograde Low Black White,253163.15,Toko Sepatu Bandung,IDLCPDWXGD
1729677742968834647,1729677742968441431,Sepatu Gazelle Hi Black Gum,222635.4,Toko Sepatu Bandung,IDLCPDWXGD
1730174772819560023,1730174848005801559,Sepatu Tribune Red Gum,494792.64999999997,Toko Sepatu Bandung,IDLCPDWXGD
1733552687641626199,1733552687523661399,Sepatu Tribune Kids Black Gum,224907.44999999998,Toko Sepatu Bandung,IDLCPDWXGD
1729677747184503383,1729677747184175703,Sepatu Retrograde Low White Blue,288327.64999999997,Toko Sepatu Bandung,IDLCPDWXGD
1729677743140735575,1729677743140473431,Sepatu Retrograde Low Black White,288327.64999999997,Toko Sepatu Bandung,IDLCPDWXGD
1731622713472943703,1731622766964541015,Sepatu Tribune Away Ocean,438005.0,Toko Sepatu Bandung,IDLCPDWXGD
1729677755464321623,1729677755464059479,Sepatu Gazelle Low Black White,190709.4,Toko Sepatu Bandung,IDLCPDWXGD
1729677755464649303,1729677755464059479,Sepatu Gazelle Low Black White,204556.75,Toko Sepatu Bandung,IDLCPDWXGD
1729677743140997719,1729677743140473431,Sepatu Retrograde Low Black White,280075.0,Toko Sepatu Bandung,IDLCPDWXGD
1729677755464387159,1729677755464059479,Sepatu Gazelle Low Black White,188405.05,Toko Sepatu Bandung,IDLCPDWXGD
1729677759600298583,1729677759599905367,Sepatu Gazelle Low Cream,171277.55,Toko Sepatu Bandung,IDLCPDWXGD
1729677755464452695,1729677755464059479,Sepatu Gazelle Low Black White,216014.75,Toko Sepatu Bandung,IDLCPDWXGD
1729677758276143703,1729677758275553879,Sepatu Gazelle Low Black Gum,225420.0,Toko Sepatu Bandung,IDLCPDWXGD
1729677759600364119,1729677759599905367,Sepatu Gazelle Low Cream,223111.4,Toko Sepatu Bandung,IDLCPDWXGD
1729677758275947095,1729677758275553879,Sepatu Gazelle Low Black Gum,218603.85,Toko Sepatu Bandung,IDLCPDWXGD
1729677759600167511,1729677759599905367,Sepatu Gazelle Low Cream,207335.4,Toko Sepatu Bandung,IDLCPDWXGD
1729677755464583767,1729677755464059479,Sepatu Gazelle Low Black White,180471.15,Toko Sepatu Bandung,IDLCPDWXGD
1729677755464387159,1729677755464059479,Sepatu Gazelle Low Black White,206236.35,Toko Sepatu Bandung,IDLCPDWXGD
1729677743140997719,1729677743140473431,Sepatu Retrograde Low Black White,285345.0,Toko Sepatu Bandung,IDLCPDWXGD
1729677746703403607,1729677747184175703,Sepatu Retrograde Low White Blue,254702.5,Toko Sepatu Bandung,IDLCPDWXGD
1729677743141063255,1729677743140473431,Sepatu Retrograde Low Black White,248751.65,Toko Sepatu Bandung,IDLCPDWXGD
1729677755464583767,1729677755464059479,Sepatu Gazelle Low Black White,208709.85,Toko Sepatu Bandung,IDLCPDWXGD
1729677755464583767,1729677755464059479,Sepatu Gazelle Low Black White,212007.85,Toko Sepatu Bandung,IDLCPDWXGD
1729677742104939095,1729677742104545879,Sepatu Retrograde Low Cream,263219.5,Toko Sepatu Bandung,IDLCPDWXGD
1729677743140997719,1729677743140473431,Sepatu Retrograde Low Black White,261575.6,Toko Sepatu Bandung,IDLCPDWXGD
1729677755464321623,1729677755464059479,Sepatu Gazelle Low Black White,218603.85,Toko Sepatu Bandung,IDLCPDWXGD
1729677742104939095,1729677742104545879,Sepatu Retrograde Low Cream,261549.25,Toko Sepatu Bandung,IDLCPDWXGD
1729677746703403607,1729677747184175703,Sepatu Retrograde Low White Blue,280430.3,Toko Sepatu Bandung,IDLCPDWXGD
1734650508941428099,1734483785564784003,Slider Mono Black / Mono Grey / Mono Beige / Black,276207.5,Toko Sepatu Bandung,IDLCT8WHEM
1729677755464387159,1729677755464059479,Sepatu Gazelle Low Black White,202113.85,Toko Sepatu Bandung,IDLCPDWXGD
1729677755464452695,1729677755464059479,Sepatu Gazelle Low Black White,195512.75,Toko Sepatu Bandung,IDLCPDWXGD
1729677755464452695,1729677755464059479,Sepatu Gazelle Low Black White,166139.3,Toko Sepatu Bandung,IDLCPDWXGD
1729677742105070167,1729677742104545879,Sepatu Retrograde Low Cream,261575.6,Toko Sepatu Bandung,IDLCPDWXGD
1729677758275816023,1729677758275553879,Sepatu Gazelle Low Black Gum,218603.85,Toko Sepatu Bandung,IDLCPDWXGD
1729677743140932183,1729677743140473431,Sepatu Retrograde Low Black White,259870.5,Toko Sepatu Bandung,IDLCPDWXGD
1729677759600298583,1729677759599905367,Sepatu Gazelle Low Cream,208709.85,Toko Sepatu Bandung,IDLCPDWXGD
1729677742968769111,1729677742968441431,Sepatu Gazelle Hi Black Gum,241995.0,Toko Sepatu Bandung,IDLCPDWXGD
1729677758275684951,1729677758275553879,Sepatu Gazelle Low Black Gum,212614.75,Toko Sepatu Bandung,IDLCPDWXGD
1729677743141063255,1729677743140473431,Sepatu Retrograde Low Black White,284495.0,Toko Sepatu Bandung,IDLCPDWXGD
1729677758275947095,1729677758275553879,Sepatu Gazelle Low Black Gum,204114.75,Toko Sepatu Bandung,IDLCPDWXGD
1729677742968769111,1729677742968441431,Sepatu Gazelle Hi Black Gum,229245.0,Toko Sepatu Bandung,IDLCPDWXGD
1729677743141063255,1729677743140473431,Sepatu Retrograde Low Black White,241969.5,Toko Sepatu Bandung,IDLCPDWXGD
1729677755464649303,1729677755464059479,Sepatu Gazelle Low Black White,211842.94999999998,Toko Sepatu Bandung,IDLCPDWXGD
1729677755464452695,1729677755464059479,Sepatu Gazelle Low Black White,212007.85,Toko Sepatu Bandung,IDLCPDWXGD
1729677746703469143,1729677747184175703,Sepatu Retrograde Low White Blue,239311.55,Toko Sepatu Bandung,IDLCPDWXGD
1729677742968769111,1729677742968441431,Sepatu Gazelle Hi Black Gum,235195.0,Toko Sepatu Bandung,IDLCPDWXGD
1729677759600036439,1729677759599905367,Sepatu Gazelle Low Cream,225364.75,Toko Sepatu Bandung,IDLCPDWXGD
1729677758276143703,1729677758275553879,Sepatu Gazelle Low Black Gum,225364.75,Toko Sepatu Bandung,IDLCPDWXGD
1729677758276143703,1729677758275553879,Sepatu Gazelle Low Black Gum,202113.85,Toko Sepatu Bandung,IDLCPDWXGD
1729677743140997719,1729677743140473431,Sepatu Retrograde Low Black White,292145.0,Toko Sepatu Bandung,IDLCPDWXGD
1729677758275947095,1729677758275553879,Sepatu Gazelle Low Black Gum,215164.75,Toko Sepatu Bandung,IDLCPDWXGD
1729677742968834647,1729677742968441431,Sepatu Gazelle Hi Black Gum,215956.1,Toko Sepatu Bandung,IDLCPDWXGD
1729677758276143703,1729677758275553879,Sepatu Gazelle Low Black Gum,223664.75,Toko Sepatu Bandung,IDLCPDWXGD
1729677755464649303,1729677755464059479,Sepatu Gazelle Low Black White,207514.75,Toko Sepatu Bandung,IDLCPDWXGD
1729677758275947095,1729677758275553879,Sepatu Gazelle Low Black Gum,194895.65,Toko Sepatu Bandung,IDLCPDWXGD
1729677755464583767,1729677755464059479,Sepatu Gazelle Low Black White,194877.8,Toko Sepatu Bandung,IDLCPDWXGD
1729677755464518231,1729677755464059479,Sepatu Gazelle Low Black White,194878.65,Toko Sepatu Bandung,IDLCPDWXGD
1729677755464452695,1729677755464059479,Sepatu Gazelle Low Black White,194877.8,Toko Sepatu Bandung,IDLCPDWXGD
1729677755464387159,1729677755464059479,Sepatu Gazelle Low Black White,194877.8,Toko Sepatu Bandung,IDLCPDWXGD
1729677743141063255,1729677743140473431,Sepatu Retrograde Low Black White,257034.9,Toko Sepatu Bandung,IDLCPDWXGD
1729677743140866647,1729677743140473431,Sepatu Retrograde Low Black White,257034.9,Toko Sepatu Bandung,IDLCPDWXGD
1729677743140735575,1729677743140473431,Sepatu Retrograde Low Black White,257034.05,Toko Sepatu Bandung,IDLCPDWXGD
1729677755464452695,1729677755464059479,Sepatu Gazelle Low Black White,206664.75,Toko Sepatu Bandung,IDLCPDWXGD
1729677755464321623,1729677755464059479,Sepatu Gazelle Low Black White,225420.0,Toko Sepatu Bandung,IDLCPDWXGD
1729677755464125015,1729677755464059479,Sepatu Gazelle Low Black White,225364.75,Toko Sepatu Bandung,IDLCPDWXGD
1729677755464387159,1729677755464059479,Sepatu Gazelle Low Black White,207335.4,Toko Sepatu Bandung,IDLCPDWXGD
1729677755464780375,1729677755464059479,Sepatu Gazelle Low Black White,190514.75,Toko Sepatu Bandung,IDLCPDWXGD
1730310850770470154,1730310857824109834,Paket 6 Pasang Kaos Kaki Oldschool Polos Panjang Dewasa Pria Wanita / Kaos Kaki Polos Cewek Cowok Sporty/Olahraga/Kerja/Casual Remaja Unisex Nyaman Tebal,26690.0,Store_1,IDLCJYLTBL
1729677759600101975,1729677759599905367,Sepatu Gazelle Low Cream,207335.4,Toko Sepatu Bandung,IDLCPDWXGD
1729677743140866647,1729677743140473431,Sepatu Retrograde Low Black White,256445.0,Toko Sepatu Bandung,IDLCPDWXGD
1729677755464518231,1729677755464059479,Sepatu Gazelle Low Black White,220857.19999999998,Toko Sepatu Bandung,IDLCPDWXGD
1729677758276143703,1729677758275553879,Sepatu Gazelle Low Black Gum,208420.0,Toko Sepatu Bandung,IDLCPDWXGD
1729677755464452695,1729677755464059479,Sepatu Gazelle Low Black White,191321.4,Toko Sepatu Bandung,IDLCPDWXGD
1729677743140670039,1729677743140473431,Sepatu Retrograde Low Black White,259845.0,Toko Sepatu Bandung,IDLCPDWXGD
1729677755464518231,1729677755464059479,Sepatu Gazelle Low Black White,215164.75,Toko Sepatu Bandung,IDLCPDWXGD
1729677759600101975,1729677759599905367,Sepatu Gazelle Low Cream,208364.75,Toko Sepatu Bandung,IDLCPDWXGD
1729677746703665751,1729677747184175703,Sepatu Retrograde Low White Blue,253045.0,Toko Sepatu Bandung,IDLCPDWXGD
1729677746703469143,1729677747184175703,Sepatu Retrograde Low White Blue,248751.65,Toko Sepatu Bandung,IDLCPDWXGD
1729677743140932183,1729677743140473431,Sepatu Retrograde Low Black White,281642.39999999997,Toko Sepatu Bandung,IDLCPDWXGD
1729677743140866647,1729677743140473431,Sepatu Retrograde Low Black White,241054.05,Toko Sepatu Bandung,IDLCPDWXGD
1729677758276209239,1729677758275553879,Sepatu Gazelle Low Black Gum,208364.75,Toko Sepatu Bandung,IDLCPDWXGD
1729677759600495191,1729677759599905367,Sepatu Gazelle Low Cream,202061.15,Toko Sepatu Bandung,IDLCPDWXGD
1729677743141063255,1729677743140473431,Sepatu Retrograde Low Black White,266509.0,Toko Sepatu Bandung,IDLCPDWXGD
1729677743140932183,1729677743140473431,Sepatu Retrograde Low Black White,236920.5,Toko Sepatu Bandung,IDLCPDWXGD
1729677755464583767,1729677755464059479,Sepatu Gazelle Low Black White,204386.75,Toko Sepatu Bandung,IDLCPDWXGD
1730121322704766339,1729583996951366019,Sepatu Gazelle Low Black White / Cream / White Blue / White red / Black Gum,292697.5,Toko Sepatu Bandung,IDLCT8WHEM
1729677746703403607,1729677747184175703,Sepatu Retrograde Low White Blue,253844.0,Toko Sepatu Bandung,IDLCPDWXGD
1730806636780750423,1730806637054625367,Sepatu Gazelle Low Weaves Sand,227541.6,Toko Sepatu Bandung,IDLCPDWXGD
1729677755464583767,1729677755464059479,Sepatu Gazelle Low Black White,207309.9,Toko Sepatu Bandung,IDLCPDWXGD
1729677758275750487,1729677758275553879,Sepatu Gazelle Low Black Gum,225364.75,Toko Sepatu Bandung,IDLCPDWXGD
1729677755464714839,1729677755464059479,Sepatu Gazelle Low Black White,225364.75,Toko Sepatu Bandung,IDLCPDWXGD
1729677743140932183,1729677743140473431,Sepatu Retrograde Low Black White,294516.5,Toko Sepatu Bandung,IDLCPDWXGD
1729677758276209239,1729677758275553879,Sepatu Gazelle Low Black Gum,188462.0,Toko Sepatu Bandung,IDLCPDWXGD
1729677747184437847,1729677747184175703,Sepatu Retrograde Low White Blue,297245.0,Toko Sepatu Bandung,IDLCPDWXGD
1729677755464518231,1729677755464059479,Sepatu Gazelle Low Black White,188241.85,Toko Sepatu Bandung,IDLCPDWXGD
1729677746703403607,1729677747184175703,Sepatu Retrograde Low White Blue,222679.6,Toko Sepatu Bandung,IDLCPDWXGD
1729677755464583767,1729677755464059479,Sepatu Gazelle Low Black White,202726.69999999998,Toko Sepatu Bandung,IDLCPDWXGD
1729677758275947095,1729677758275553879,Sepatu Gazelle Low Black Gum,194990.0,Toko Sepatu Bandung,IDLCPDWXGD
1729677743140866647,1729677743140473431,Sepatu Retrograde Low Black White,257182.8,Toko Sepatu Bandung,IDLCPDWXGD
1729677746703600215,1729677747184175703,Sepatu Retrograde Low White Blue,255347.65,Toko Sepatu Bandung,IDLCPDWXGD
1729677755464583767,1729677755464059479,Sepatu Gazelle Low Black White,208420.0,Toko Sepatu Bandung,IDLCPDWXGD
1729677758276209239,1729677758275553879,Sepatu Gazelle Low Black Gum,207335.4,Toko Sepatu Bandung,IDLCPDWXGD
1729677743140997719,1729677743140473431,Sepatu Retrograde Low Black White,271745.0,Toko Sepatu Bandung,IDLCPDWXGD
1729677742104939095,1729677742104545879,Sepatu Retrograde Low Cream,263245.0,Toko Sepatu Bandung,IDLCPDWXGD
1729677743140801111,1729677743140473431,Sepatu Retrograde Low Black White,256445.0,Toko Sepatu Bandung,IDLCPDWXGD
1729677743140997719,1729677743140473431,Sepatu Retrograde Low Black White,247095.0,Toko Sepatu Bandung,IDLCPDWXGD
1730806636781078103,1730806637054625367,Sepatu Gazelle Low Weaves Sand,219784.5,Toko Sepatu Bandung,IDLCPDWXGD
1729677743141128791,1729677743140473431,Sepatu Retrograde Low Black White,297245.0,Toko Sepatu Bandung,IDLCPDWXGD
1730706088342947415,1730706121172026967,Sepatu Tribune Away Maroon,457300.0,Toko Sepatu Bandung,IDLCPDWXGD
1729677758276274775,1729677758275553879,Sepatu Gazelle Low Black Gum,180291.8,Toko Sepatu Bandung,IDLCPDWXGD
1729677758276209239,1729677758275553879,Sepatu Gazelle Low Black Gum,185648.5,Toko Sepatu Bandung,IDLCPDWXGD
1729677759600036439,1729677759599905367,Sepatu Gazelle Low Cream,187052.69999999998,Toko Sepatu Bandung,IDLCPDWXGD
1734483831936681347,1734483785564784003,Slider Mono Black / Mono Grey / Mono Beige / Black,252450.0,Toko Sepatu Bandung,IDLCT8WHEM
1729677758276143703,1729677758275553879,Sepatu Gazelle Low Black Gum,190463.75,Toko Sepatu Bandung,IDLCPDWXGD
1729677747184437847,1729677747184175703,Sepatu Retrograde Low White Blue,243740.9,Toko Sepatu Bandung,IDLCPDWXGD
1729677746703469143,1729677747184175703,Sepatu Retrograde Low White Blue,243740.9,Toko Sepatu Bandung,IDLCPDWXGD
1729677746703338071,1729677747184175703,Sepatu Retrograde Low White Blue,243740.9,Toko Sepatu Bandung,IDLCPDWXGD
1729677742105070167,1729677742104545879,Sepatu Retrograde Low Cream,243740.9,Toko Sepatu Bandung,IDLCPDWXGD
1729677742105004631,1729677742104545879,Sepatu Retrograde Low Cream,243740.9,Toko Sepatu Bandung,IDLCPDWXGD
1729677742104873559,1729677742104545879,Sepatu Retrograde Low Cream,243740.9,Toko Sepatu Bandung,IDLCPDWXGD
1729677742105004631,1729677742104545879,Sepatu Retrograde Low Cream,245453.65,Toko Sepatu Bandung,IDLCPDWXGD
1729677743141063255,1729677743140473431,Sepatu Retrograde Low Black White,237333.6,Toko Sepatu Bandung,IDLCPDWXGD
1729677758276274775,1729677758275553879,Sepatu Gazelle Low Black Gum,187052.69999999998,Toko Sepatu Bandung,IDLCPDWXGD
1729677758275947095,1729677758275553879,Sepatu Gazelle Low Black Gum,181441.0,Toko Sepatu Bandung,IDLCPDWXGD
1729677758276012631,1729677758275553879,Sepatu Gazelle Low Black Gum,187027.19999999998,Toko Sepatu Bandung,IDLCPDWXGD
1729677746703338071,1729677747184175703,Sepatu Retrograde Low White Blue,246713.35,Toko Sepatu Bandung,IDLCPDWXGD
1729677743140932183,1729677743140473431,Sepatu Retrograde Low Black White,275969.5,Toko Sepatu Bandung,IDLCPDWXGD
1729677746703665751,1729677747184175703,Sepatu Retrograde Low White Blue,260695.0,Toko Sepatu Bandung,IDLCPDWXGD
1729677743140670039,1729677743140473431,Sepatu Retrograde Low Black White,263245.0,Toko Sepatu Bandung,IDLCPDWXGD
1729677746703534679,1729677747184175703,Sepatu Retrograde Low White Blue,275991.6,Toko Sepatu Bandung,IDLCPDWXGD
1729677743140997719,1729677743140473431,Sepatu Retrograde Low Black White,252994.0,Toko Sepatu Bandung,IDLCPDWXGD
1729677743140997719,1729677743140473431,Sepatu Retrograde Low Black White,263592.64999999997,Toko Sepatu Bandung,IDLCPDWXGD
1729677743140670039,1729677743140473431,Sepatu Retrograde Low Black White,241723.0,Toko Sepatu Bandung,IDLCPDWXGD
1729677759600233047,1729677759599905367,Sepatu Gazelle Low Cream,189903.6,Toko Sepatu Bandung,IDLCPDWXGD
1729677758276012631,1729677758275553879,Sepatu Gazelle Low Black Gum,189904.44999999998,Toko Sepatu Bandung,IDLCPDWXGD
1729677758275947095,1729677758275553879,Sepatu Gazelle Low Black Gum,189904.44999999998,Toko Sepatu Bandung,IDLCPDWXGD
1729677742968834647,1729677742968441431,Sepatu Gazelle Hi Black Gum,203917.55,Toko Sepatu Bandung,IDLCPDWXGD
1729677742104939095,1729677742104545879,Sepatu Retrograde Low Cream,250474.6,Toko Sepatu Bandung,IDLCPDWXGD
1729677742104873559,1729677742104545879,Sepatu Retrograde Low Cream,250474.6,Toko Sepatu Bandung,IDLCPDWXGD
1729677743141063255,1729677743140473431,Sepatu Retrograde Low Black White,254694.0,Toko Sepatu Bandung,IDLCPDWXGD
1730806636780881495,1730806637054625367,Sepatu Gazelle Low Weaves Sand,227541.6,Toko Sepatu Bandung,IDLCPDWXGD
1729677755464452695,1729677755464059479,Sepatu Gazelle Low Black White,192384.75,Toko Sepatu Bandung,IDLCPDWXGD
1729677755464452695,1729677755464059479,Sepatu Gazelle Low Black White,197289.25,Toko Sepatu Bandung,IDLCPDWXGD
1729677743140997719,1729677743140473431,Sepatu Retrograde Low Black White,253019.5,Toko Sepatu Bandung,IDLCPDWXGD
1729677758276209239,1729677758275553879,Sepatu Gazelle Low Black Gum,202113.85,Toko Sepatu Bandung,IDLCPDWXGD
1729677746703469143,1729677747184175703,Sepatu Retrograde Low White Blue,246245.0,Toko Sepatu Bandung,IDLCPDWXGD
1729677743140866647,1729677743140473431,Sepatu Retrograde Low Black White,253758.15,Toko Sepatu Bandung,IDLCPDWXGD
1729677743140801111,1729677743140473431,Sepatu Retrograde Low Black White,257703.0,Toko Sepatu Bandung,IDLCPDWXGD
1729677742968769111,1729677742968441431,Sepatu Gazelle Hi Black Gum,224995.0,Toko Sepatu Bandung,IDLCPDWXGD
1729677746703403607,1729677747184175703,Sepatu Retrograde Low White Blue,248943.75,Toko Sepatu Bandung,IDLCPDWXGD
1729677743140932183,1729677743140473431,Sepatu Retrograde Low Black White,246245.0,Toko Sepatu Bandung,IDLCPDWXGD
1729677758276012631,1729677758275553879,Sepatu Gazelle Low Black Gum,225364.75,Toko Sepatu Bandung,IDLCPDWXGD
1729677758275947095,1729677758275553879,Sepatu Gazelle Low Black Gum,208420.0,Toko Sepatu Bandung,IDLCPDWXGD
1729677755464452695,1729677755464059479,Sepatu Gazelle Low Black White,218564.75,Toko Sepatu Bandung,IDLCPDWXGD
1729677747184503383,1729677747184175703,Sepatu Retrograde Low White Blue,249645.0,Toko Sepatu Bandung,IDLCPDWXGD
1729677743141063255,1729677743140473431,Sepatu Retrograde Low Black White,224008.15,Toko Sepatu Bandung,IDLCPDWXGD
1729677759600298583,1729677759599905367,Sepatu Gazelle Low Cream,202446.19999999998,Toko Sepatu Bandung,IDLCPDWXGD
1729677755464387159,1729677755464059479,Sepatu Gazelle Low Black White,208007.75,Toko Sepatu Bandung,IDLCPDWXGD
1729677743140866647,1729677743140473431,Sepatu Retrograde Low Black White,263592.64999999997,Toko Sepatu Bandung,IDLCPDWXGD
1729677758276078167,1729677758275553879,Sepatu Gazelle Low Black Gum,202113.85,Toko Sepatu Bandung,IDLCPDWXGD
1729677734992906839,1729677734992710231,Sepatu Gazelle Hi Black White,330950.89999999997,Toko Sepatu Bandung,IDLCPDWXGD
1729677746703338071,1729677747184175703,Sepatu Retrograde Low White Blue,253045.0,Toko Sepatu Bandung,IDLCPDWXGD
1729677743140866647,1729677743140473431,Sepatu Retrograde Low Black White,254507.0,Toko Sepatu Bandung,IDLCPDWXGD
1729677743140932183,1729677743140473431,Sepatu Retrograde Low Black White,246219.5,Toko Sepatu Bandung,IDLCPDWXGD
1729677755464452695,1729677755464059479,Sepatu Gazelle Low Black White,206662.19999999998,Toko Sepatu Bandung,IDLCPDWXGD
1729677758276143703,1729677758275553879,Sepatu Gazelle Low Black Gum,205435.65,Toko Sepatu Bandung,IDLCPDWXGD
1730706088342881879,1730706121172026967,Sepatu Tribune Away Maroon,477224.0,Toko Sepatu Bandung,IDLCPDWXGD
1730706106318620247,1730706116728161879,Sepatu Tribune Home Black,488230.64999999997,Toko Sepatu Bandung,IDLCPDWXGD
1729677758276209239,1729677758275553879,Sepatu Gazelle Low Black Gum,187271.15,Toko Sepatu Bandung,IDLCPDWXGD
1729677743140932183,1729677743140473431,Sepatu Retrograde Low Black White,263117.5,Toko Sepatu Bandung,IDLCPDWXGD
1729677755464649303,1729677755464059479,Sepatu Gazelle Low Black White,212614.75,Toko Sepatu Bandung,IDLCPDWXGD
1729677742105266775,1729677742104545879,Sepatu Retrograde Low Cream,256445.0,Toko Sepatu Bandung,IDLCPDWXGD
1729677755464780375,1729677755464059479,Sepatu Gazelle Low Black White,182864.75,Toko Sepatu Bandung,IDLCPDWXGD
1729677758276012631,1729677758275553879,Sepatu Gazelle Low Black Gum,201734.75,Toko Sepatu Bandung,IDLCPDWXGD
1729677746703469143,1729677747184175703,Sepatu Retrograde Low White Blue,245453.65,Toko Sepatu Bandung,IDLCPDWXGD
1729677759600298583,1729677759599905367,Sepatu Gazelle Low Cream,204038.25,Toko Sepatu Bandung,IDLCPDWXGD
1730310858187965706,1730310857824109834,Paket 6 Pasang Kaos Kaki Oldschool Polos Panjang Dewasa Pria Wanita / Kaos Kaki Polos Cewek Cowok Sporty/Olahraga/Kerja/Casual Remaja Unisex Nyaman Tebal,26690.0,Store_1,IDLCJYLTBL
1734483831936681347,1734483785564784003,Slider Mono Black / Mono Grey / Mono Beige / Black,246219.5,Toko Sepatu Bandung,IDLCT8WHEM
1729561361792927319,1729561362209539671,Sepatu Retrograde Low Triple Black,393278.0,Toko Sepatu Bandung,IDLCPDWXGD
1730706088342947415,1730706121172026967,Sepatu Tribune Away Maroon,508300.0,Toko Sepatu Bandung,IDLCPDWXGD
1729768205592725079,1729768199000000087,Sepatu Retrograde Slip On Herringbone Black,357935.0,Toko Sepatu Bandung,IDLCPDWXGD
1729677755464452695,1729677755464059479,Sepatu Gazelle Low Black White,334789.5,Toko Sepatu Bandung,IDLCPDWXGD
1730706106318751319,1730706116728161879,Sepatu Tribune Home Black,478550.0,Toko Sepatu Bandung,IDLCPDWXGD
1734650508941493635,1734483785564784003,Slider Mono Black / Mono Grey / Mono Beige / Black,244876.5,Toko Sepatu Bandung,IDLCT8WHEM
1729677755464518231,1729677755464059479,Sepatu Gazelle Low Black White,346800.0,Toko Sepatu Bandung,IDLCPDWXGD
1729677734993234519,1729677734992710231,Sepatu Gazelle Hi Black White,330553.95,Toko Sepatu Bandung,IDLCPDWXGD
1734650508941559171,1734483785564784003,Slider Mono Black / Mono Grey / Mono Beige / Black,260009.9,Toko Sepatu Bandung,IDLCT8WHEM
1734650508941493635,1734483785564784003,Slider Mono Black / Mono Grey / Mono Beige / Black,255850.0,Toko Sepatu Bandung,IDLCT8WHEM
1730706088343012951,1730706121172026967,Sepatu Tribune Away Maroon,508300.0,Toko Sepatu Bandung,IDLCPDWXGD
1734483831936943491,1734483785564784003,Slider Mono Black / Mono Grey / Mono Beige / Black,252450.0,Toko Sepatu Bandung,IDLCT8WHEM
1729677759600429655,1729677759599905367,Sepatu Gazelle Low Cream,302600.0,Toko Sepatu Bandung,IDLCPDWXGD
1731079464715912579,1729768344261264771,Sepatu Tribune Black Gum / White Blue / Navy Gum / Home Black / Away Maroon,482800.0,Toko Sepatu Bandung,IDLCT8WHEM
1731622713472681559,1731622766964541015,Sepatu Tribune Away Ocean,497071.5,Toko Sepatu Bandung,IDLCPDWXGD
1729677758275816023,1729677758275553879,Sepatu Gazelle Low Black Gum,306765.0,Toko Sepatu Bandung,IDLCPDWXGD
1734650508941493635,1734483785564784003,Slider Mono Black / Mono Grey / Mono Beige / Black,287750.5,Toko Sepatu Bandung,IDLCT8WHEM
1730706088342816343,1730706121172026967,Sepatu Tribune Away Maroon,488070.0,Toko Sepatu Bandung,IDLCPDWXGD
1730706088342881879,1730706121172026967,Sepatu Tribune Away Maroon,516800.0,Toko Sepatu Bandung,IDLCPDWXGD
1734650508941428099,1734483785564784003,Slider Mono Black / Mono Grey / Mono Beige / Black,230200.4,Toko Sepatu Bandung,IDLCT8WHEM
1729699503707687155,1729699503707556083,Reytorrm UVJaket Olahraga Wanita Lengan Panjang Sport UPF50+.（WT003）,150697.35,Store_8,IDLC3DL29S
1730706088342947415,1730706121172026967,Sepatu Tribune Away Maroon,497250.0,Toko Sepatu Bandung,IDLCPDWXGD
1731927306071737943,1731927283872138839,Sepatu Tribune Shadow,447304.0,Toko Sepatu Bandung,IDLCPDWXGD
1729677742968834647,1729677742968441431,Sepatu Gazelle Hi Black Gum,321555.0,Toko Sepatu Bandung,IDLCPDWXGD
1731927306071803479,1731927283872138839,Sepatu Tribune Shadow,491470.0,Toko Sepatu Bandung,IDLCPDWXGD
1731079464715912579,1729768344261264771,Sepatu Tribune Black Gum / White Blue / Navy Gum / Home Black / Away Maroon,498100.0,Toko Sepatu Bandung,IDLCT8WHEM
1730174772503021143,1730174800969827927,Sepatu Tribune White Blue,480683.5,Toko Sepatu Bandung,IDLCPDWXGD
1729677743141063255,1729677743140473431,Sepatu Retrograde Low Black White,431800.0,Toko Sepatu Bandung,IDLCPDWXGD
1731927306071869015,1731927283872138839,Sepatu Tribune Shadow,430338.0,Toko Sepatu Bandung,IDLCPDWXGD
1731927306072000087,1731927283872138839,Sepatu Tribune Shadow,495568.7,Toko Sepatu Bandung,IDLCPDWXGD
1729561361792992855,1729561362209539671,Sepatu Retrograde Low Triple Black,445578.5,Toko Sepatu Bandung,IDLCPDWXGD
1730793833131443799,1730793845432550999,Sepatu Jersey LS Home Black,353592.35,Toko Sepatu Bandung,IDLCPDWXGD
1733108638778164611,1733108613292459395,Shoelace Black Sepatu,49300.0,Toko Sepatu Bandung,IDLCT8WHEM
1729677755464518231,1729677755464059479,Sepatu Gazelle Low Black White,301288.45,Toko Sepatu Bandung,IDLCPDWXGD
1731308689765401987,1729768344261264771,Sepatu Tribune Black Gum / White Blue / Navy Gum / Home Black / Away Maroon,410116.5,Toko Sepatu Bandung,IDLCT8WHEM
1729677742968834647,1729677742968441431,Sepatu Gazelle Hi Black Gum,317050.0,Toko Sepatu Bandung,IDLCPDWXGD
1729677742968769111,1729677742968441431,Sepatu Gazelle Hi Black Gum,317050.0,Toko Sepatu Bandung,IDLCPDWXGD
1731308725958116739,1729768344261264771,Sepatu Tribune Black Gum / White Blue / Navy Gum / Home Black / Away Maroon,477224.0,Toko Sepatu Bandung,IDLCT8WHEM
1731927306072131159,1731927283872138839,Sepatu Tribune Shadow,464100.0,Toko Sepatu Bandung,IDLCPDWXGD
1729677755464518231,1729677755464059479,Sepatu Gazelle Low Black White,277372.0,Toko Sepatu Bandung,IDLCPDWXGD
1730706106318620247,1730706116728161879,Sepatu Tribune Home Black,462907.45,Toko Sepatu Bandung,IDLCPDWXGD
1730174772502955607,1730174800969827927,Sepatu Tribune White Blue,423300.0,Toko Sepatu Bandung,IDLCPDWXGD
1730706088342750807,1730706121172026967,Sepatu Tribune Away Maroon,457300.0,Toko Sepatu Bandung,IDLCPDWXGD
1730651001345574487,1730651021212354135,Sepatu Tribune Navy Gum,435453.3,Toko Sepatu Bandung,IDLCPDWXGD
1730706106318751319,1730706116728161879,Sepatu Tribune Home Black,532950.0,Toko Sepatu Bandung,IDLCPDWXGD
1730706107472053847,1730706116728161879,Sepatu Tribune Home Black,476986.0,Toko Sepatu Bandung,IDLCPDWXGD
1730174772503348823,1730174800969827927,Sepatu Tribune White Blue,447304.0,Toko Sepatu Bandung,IDLCPDWXGD
1730706107471922775,1730706116728161879,Sepatu Tribune Home Black,488750.0,Toko Sepatu Bandung,IDLCPDWXGD
1729677746703534679,1729677747184175703,Sepatu Retrograde Low White Blue,400707.0,Toko Sepatu Bandung,IDLCPDWXGD
1730706088342881879,1730706121172026967,Sepatu Tribune Away Maroon,502521.7,Toko Sepatu Bandung,IDLCPDWXGD
1730706107472119383,1730706116728161879,Sepatu Tribune Home Black,535500.0,Toko Sepatu Bandung,IDLCPDWXGD
1730174772502758999,1730174800969827927,Sepatu Tribune White Blue,498100.0,Toko Sepatu Bandung,IDLCPDWXGD
1731927306072000087,1731927283872138839,Sepatu Tribune Shadow,508300.0,Toko Sepatu Bandung,IDLCPDWXGD
1730706088342750807,1730706121172026967,Sepatu Tribune Away Maroon,466378.0,Toko Sepatu Bandung,IDLCPDWXGD
1730806636780881495,1730806637054625367,Sepatu Gazelle Low Weaves Sand,342108.0,Toko Sepatu Bandung,IDLCPDWXGD
1731927306072000087,1731927283872138839,Sepatu Tribune Shadow,467636.0,Toko Sepatu Bandung,IDLCPDWXGD
1730651001345508951,1730651021212354135,Sepatu Tribune Navy Gum,498074.5,Toko Sepatu Bandung,IDLCPDWXGD
1729677746703338071,1729677747184175703,Sepatu Retrograde Low White Blue,370413.0,Toko Sepatu Bandung,IDLCPDWXGD
1729677759600364119,1729677759599905367,Sepatu Gazelle Low Cream,324585.25,Toko Sepatu Bandung,IDLCPDWXGD
1730706088342947415,1730706121172026967,Sepatu Tribune Away Maroon,516800.0,Toko Sepatu Bandung,IDLCPDWXGD
1730868728727897687,1730868777127282263,Sepatu Tribune White Green,542300.0,Toko Sepatu Bandung,IDLCPDWXGD
1731079464714536323,1729768344261264771,Sepatu Tribune Black Gum / White Blue / Navy Gum / Home Black / Away Maroon,492226.5,Toko Sepatu Bandung,IDLCT8WHEM
1734650508941428099,1734483785564784003,Slider Mono Black / Mono Grey / Mono Beige / Black,296650.0,Toko Sepatu Bandung,IDLCT8WHEM
1729561361937368663,1729561361936909911,Sepatu Retrograde Hi Decon Triple Black,424864.0,Toko Sepatu Bandung,IDLCPDWXGD
1731927306072196695,1731927283872138839,Sepatu Tribune Shadow,482800.0,Toko Sepatu Bandung,IDLCPDWXGD
1730706088342685271,1730706121172026967,Sepatu Tribune Away Maroon,517843.8,Toko Sepatu Bandung,IDLCPDWXGD
1729677758275947095,1729677758275553879,Sepatu Gazelle Low Black Gum,328068.55,Toko Sepatu Bandung,IDLCPDWXGD
1731927306071934551,1731927283872138839,Sepatu Tribune Shadow,525300.0,Toko Sepatu Bandung,IDLCPDWXGD
1731308689765205379,1729768344261264771,Sepatu Tribune Black Gum / White Blue / Navy Gum / Home Black / Away Maroon,507450.0,Toko Sepatu Bandung,IDLCT8WHEM
1730174772820084311,1730174848005801559,Sepatu Tribune Red Gum,481508.0,Toko Sepatu Bandung,IDLCPDWXGD
1731308689765139843,1729768344261264771,Sepatu Tribune Black Gum / White Blue / Navy Gum / Home Black / Away Maroon,443989.0,Toko Sepatu Bandung,IDLCT8WHEM
1730651001345640023,1730651021212354135,Sepatu Tribune Navy Gum,423274.5,Toko Sepatu Bandung,IDLCPDWXGD
1730651001345705559,1730651021212354135,Sepatu Tribune Navy Gum,502887.2,Toko Sepatu Bandung,IDLCPDWXGD
1730706106318751319,1730706116728161879,Sepatu Tribune Home Black,457300.0,Toko Sepatu Bandung,IDLCPDWXGD
1730706106318620247,1730706116728161879,Sepatu Tribune Home Black,457300.0,Toko Sepatu Bandung,IDLCPDWXGD
1730310850770470154,1730310857824109834,Paket 6 Pasang Kaos Kaki Oldschool Polos Panjang Dewasa Pria Wanita / Kaos Kaki Polos Cewek Cowok Sporty/Olahraga/Kerja/Casual Remaja Unisex Nyaman Tebal,17315.35,Store_1,IDLCJYLTBL
1730174772502824535,1730174800969827927,Sepatu Tribune White Blue,429330.75,Toko Sepatu Bandung,IDLCPDWXGD
1729677759600364119,1729677759599905367,Sepatu Gazelle Low Cream,292848.8,Toko Sepatu Bandung,IDLCPDWXGD
1730706107471922775,1730706116728161879,Sepatu Tribune Home Black,447002.25,Toko Sepatu Bandung,IDLCPDWXGD
1730706088342947415,1730706121172026967,Sepatu Tribune Away Maroon,459379.95,Toko Sepatu Bandung,IDLCPDWXGD
1730706088342881879,1730706121172026967,Sepatu Tribune Away Maroon,459379.95,Toko Sepatu Bandung,IDLCPDWXGD
1730706088342816343,1730706121172026967,Sepatu Tribune Away Maroon,459379.95,Toko Sepatu Bandung,IDLCPDWXGD
1730706088342685271,1730706121172026967,Sepatu Tribune Away Maroon,459379.95,Toko Sepatu Bandung,IDLCPDWXGD
1731622765730039383,1731622711600252503,Sepatu Tribune Home Olive,457300.0,Toko Sepatu Bandung,IDLCPDWXGD
1734483831936681347,1734483785564784003,Slider Mono Black / Mono Grey / Mono Beige / Black,296020.14999999997,Toko Sepatu Bandung,IDLCT8WHEM
1730706088342816343,1730706121172026967,Sepatu Tribune Away Maroon,542300.0,Toko Sepatu Bandung,IDLCPDWXGD
1731308689765401987,1729768344261264771,Sepatu Tribune Black Gum / White Blue / Navy Gum / Home Black / Away Maroon,456450.0,Toko Sepatu Bandung,IDLCT8WHEM
1732072010571679304,1732067307942741576,MyBasic Fitted Tee Heavy Weight 200 GSM Premium,49702.9,Store_2,IDLCUQLL7K
1730651001345443415,1730651021212354135,Sepatu Tribune Navy Gum,508300.0,Toko Sepatu Bandung,IDLCPDWXGD
1729677758276078167,1729677758275553879,Sepatu Gazelle Low Black Gum,277372.0,Toko Sepatu Bandung,IDLCPDWXGD
1730706088342685271,1730706121172026967,Sepatu Tribune Away Maroon,456773.0,Toko Sepatu Bandung,IDLCPDWXGD
1729677746703534679,1729677747184175703,Sepatu Retrograde Low White Blue,395068.1,Toko Sepatu Bandung,IDLCPDWXGD
1731927306072262231,1731927283872138839,Sepatu Tribune Shadow,416806.0,Toko Sepatu Bandung,IDLCPDWXGD
1731927306072000087,1731927283872138839,Sepatu Tribune Shadow,423300.0,Toko Sepatu Bandung,IDLCPDWXGD
1730706106318685783,1730706116728161879,Sepatu Tribune Home Black,477224.0,Toko Sepatu Bandung,IDLCPDWXGD
1730174743203972695,1730174756446373463,Sepatu Tribune Black Gum,423300.0,Toko Sepatu Bandung,IDLCPDWXGD
1730706088343012951,1730706121172026967,Sepatu Tribune Away Maroon,532100.0,Toko Sepatu Bandung,IDLCPDWXGD
1731622765729973847,1731622711600252503,Sepatu Tribune Home Olive,532100.0,Toko Sepatu Bandung,IDLCPDWXGD
1731927306071737943,1731927283872138839,Sepatu Tribune Shadow,416806.0,Toko Sepatu Bandung,IDLCPDWXGD
1731308689765401987,1729768344261264771,Sepatu Tribune Black Gum / White Blue / Navy Gum / Home Black / Away Maroon,467126.0,Toko Sepatu Bandung,IDLCT8WHEM
1730706106318620247,1730706116728161879,Sepatu Tribune Home Black,492014.0,Toko Sepatu Bandung,IDLCPDWXGD
1729677736927005271,1729677736926480983,Sepatu Retrograde Hi Decon Black White,429006.05,Toko Sepatu Bandung,IDLCPDWXGD
1730868728727897687,1730868777127282263,Sepatu Tribune White Green,537200.0,Toko Sepatu Bandung,IDLCPDWXGD
1731308689765336451,1729768344261264771,Sepatu Tribune Black Gum / White Blue / Navy Gum / Home Black / Away Maroon,476476.0,Toko Sepatu Bandung,IDLCT8WHEM
1730706107471922775,1730706116728161879,Sepatu Tribune Home Black,497126.75,Toko Sepatu Bandung,IDLCPDWXGD
1730706088342947415,1730706121172026967,Sepatu Tribune Away Maroon,542300.0,Toko Sepatu Bandung,IDLCPDWXGD
1734439118025688663,1734439112649180759,Sepatu Tribune Nylon White,480369.0,Toko Sepatu Bandung,IDLCPDWXGD
1734650508941493635,1734483785564784003,Slider Mono Black / Mono Grey / Mono Beige / Black,262650.0,Toko Sepatu Bandung,IDLCT8WHEM
1730651001345705559,1730651021212354135,Sepatu Tribune Navy Gum,407507.0,Toko Sepatu Bandung,IDLCPDWXGD
1731622713472550487,1731622766964541015,Sepatu Tribune Away Ocean,474900.95,Toko Sepatu Bandung,IDLCPDWXGD
1731599579957462615,1731599579011909207,Sepatu Gazelle Low Ice Cream,303699.05,Toko Sepatu Bandung,IDLCPDWXGD
1731308725958182275,1729768344261264771,Sepatu Tribune Black Gum / White Blue / Navy Gum / Home Black / Away Maroon,453738.5,Toko Sepatu Bandung,IDLCT8WHEM
1731308689765270915,1729768344261264771,Sepatu Tribune Black Gum / White Blue / Navy Gum / Home Black / Away Maroon,457300.0,Toko Sepatu Bandung,IDLCT8WHEM
1729677734993300055,1729677734992710231,Sepatu Gazelle Hi Black White,308938.45,Toko Sepatu Bandung,IDLCPDWXGD
1734483831936681347,1734483785564784003,Slider Mono Black / Mono Grey / Mono Beige / Black,238833.0,Toko Sepatu Bandung,IDLCT8WHEM
1731927306072065623,1731927283872138839,Sepatu Tribune Shadow,423300.0,Toko Sepatu Bandung,IDLCPDWXGD
1731079464714536323,1729768344261264771,Sepatu Tribune Black Gum / White Blue / Navy Gum / Home Black / Away Maroon,422450.0,Toko Sepatu Bandung,IDLCT8WHEM
1729677759600101975,1729677759599905367,Sepatu Gazelle Low Cream,280973.45,Toko Sepatu Bandung,IDLCPDWXGD
1730706088342685271,1730706121172026967,Sepatu Tribune Away Maroon,449369.5,Toko Sepatu Bandung,IDLCPDWXGD
1731308689765270915,1729768344261264771,Sepatu Tribune Black Gum / White Blue / Navy Gum / Home Black / Away Maroon,453016.0,Toko Sepatu Bandung,IDLCT8WHEM
1731308725957920131,1729768344261264771,Sepatu Tribune Black Gum / White Blue / Navy Gum / Home Black / Away Maroon,456450.0,Toko Sepatu Bandung,IDLCT8WHEM
1734650508941493635,1734483785564784003,Slider Mono Black / Mono Grey / Mono Beige / Black,238833.0,Toko Sepatu Bandung,IDLCT8WHEM
1730651001345771095,1730651021212354135,Sepatu Tribune Navy Gum,410601.0,Toko Sepatu Bandung,IDLCPDWXGD
1731308725957854595,1729768344261264771,Sepatu Tribune Black Gum / White Blue / Navy Gum / Home Black / Away Maroon,457300.0,Toko Sepatu Bandung,IDLCT8WHEM
1731622713473074775,1731622766964541015,Sepatu Tribune Away Ocean,447950.0,Toko Sepatu Bandung,IDLCPDWXGD
1731079464714798467,1729768344261264771,Sepatu Tribune Black Gum / White Blue / Navy Gum / Home Black / Away Maroon,410601.0,Toko Sepatu Bandung,IDLCT8WHEM
1731622713472812631,1731622766964541015,Sepatu Tribune Away Ocean,457300.0,Toko Sepatu Bandung,IDLCPDWXGD
1730174743203907159,1730174756446373463,Sepatu Tribune Black Gum,421829.5,Toko Sepatu Bandung,IDLCPDWXGD
1734483831936943491,1734483785564784003,Slider Mono Black / Mono Grey / Mono Beige / Black,286450.0,Toko Sepatu Bandung,IDLCT8WHEM
1730136533760574851,1729587963613710723,Sepatu Gazelle High Black White / Cream / White Blue / White red / Black Gum,309009.0,Toko Sepatu Bandung,IDLCT8WHEM
1731298756262069635,1731298756864148867,Sepatu Gazelle Popsicle Yellow / Blue / Green / Red,191882.4,Toko Sepatu Bandung,IDLCT8WHEM
1731927306071869015,1731927283872138839,Sepatu Tribune Shadow,416500.0,Toko Sepatu Bandung,IDLCPDWXGD
1731927306071934551,1731927283872138839,Sepatu Tribune Shadow,421721.55,Toko Sepatu Bandung,IDLCPDWXGD
1731308725957985667,1729768344261264771,Sepatu Tribune Black Gum / White Blue / Navy Gum / Home Black / Away Maroon,457274.5,Toko Sepatu Bandung,IDLCT8WHEM
1734650508941493635,1734483785564784003,Slider Mono Black / Mono Grey / Mono Beige / Black,246219.5,Toko Sepatu Bandung,IDLCT8WHEM
1730651001345705559,1730651021212354135,Sepatu Tribune Navy Gum,423300.0,Toko Sepatu Bandung,IDLCPDWXGD
1730706088343012951,1730706121172026967,Sepatu Tribune Away Maroon,457300.0,Toko Sepatu Bandung,IDLCPDWXGD
1730651001345771095,1730651021212354135,Sepatu Tribune Navy Gum,493051.0,Toko Sepatu Bandung,IDLCPDWXGD
1729677743140932183,1729677743140473431,Sepatu Retrograde Low Black White,444425.05,Toko Sepatu Bandung,IDLCPDWXGD
1729677761805191767,1729677761804798551,Sepatu Gazelle Low White Red,286821.45,Toko Sepatu Bandung,IDLCPDWXGD
1729677734993234519,1729677734992710231,Sepatu Gazelle Hi Black White,308938.45,Toko Sepatu Bandung,IDLCPDWXGD
1731079464714798467,1729768344261264771,Sepatu Tribune Black Gum / White Blue / Navy Gum / Home Black / Away Maroon,423274.5,Toko Sepatu Bandung,IDLCT8WHEM
1729677755464387159,1729677755464059479,Sepatu Gazelle Low Black White,287773.45,Toko Sepatu Bandung,IDLCPDWXGD
1731927306071869015,1731927283872138839,Sepatu Tribune Shadow,423300.0,Toko Sepatu Bandung,IDLCPDWXGD
1730174772819887703,1730174848005801559,Sepatu Tribune Red Gum,423300.0,Toko Sepatu Bandung,IDLCPDWXGD
1731967978191095171,1731967941545657731,Sepatu Velocity Canvas Black / Natural / Grey,344707.3,Toko Sepatu Bandung,IDLCT8WHEM
1729677755464583767,1729677755464059479,Sepatu Gazelle Low Black White,280123.45,Toko Sepatu Bandung,IDLCPDWXGD
1730174772819822167,1730174848005801559,Sepatu Tribune Red Gum,416667.45,Toko Sepatu Bandung,IDLCPDWXGD
1731363766937945687,1731363766937290327,Sepatu Velocity Grey,678215.0,Toko Sepatu Bandung,IDLCPDWXGD
1731927306072065623,1731927283872138839,Sepatu Tribune Shadow,414918.14999999997,Toko Sepatu Bandung,IDLCPDWXGD
1731079464715388291,1729768344261264771,Sepatu Tribune Black Gum / White Blue / Navy Gum / Home Black / Away Maroon,422450.0,Toko Sepatu Bandung,IDLCT8WHEM
1730174743203579479,1730174756446373463,Sepatu Tribune Black Gum,412250.0,Toko Sepatu Bandung,IDLCPDWXGD
1729677743140866647,1729677743140473431,Sepatu Retrograde Low Black White,370183.5,Toko Sepatu Bandung,IDLCPDWXGD
1731308689765336451,1729768344261264771,Sepatu Tribune Black Gum / White Blue / Navy Gum / Home Black / Away Maroon,456450.0,Toko Sepatu Bandung,IDLCT8WHEM
1731622713472878167,1731622766964541015,Sepatu Tribune Away Ocean,457300.0,Toko Sepatu Bandung,IDLCPDWXGD
1734650508941428099,1734483785564784003,Slider Mono Black / Mono Grey / Mono Beige / Black,246219.5,Toko Sepatu Bandung,IDLCT8WHEM
1731308689765139843,1729768344261264771,Sepatu Tribune Black Gum / White Blue / Navy Gum / Home Black / Away Maroon,456450.0,Toko Sepatu Bandung,IDLCT8WHEM
1731927306072000087,1731927283872138839,Sepatu Tribune Shadow,414001.0,Toko Sepatu Bandung,IDLCPDWXGD
1731622765730235991,1731622711600252503,Sepatu Tribune Home Olive,457300.0,Toko Sepatu Bandung,IDLCPDWXGD
1731308689765467523,1729768344261264771,Sepatu Tribune Black Gum / White Blue / Navy Gum / Home Black / Away Maroon,446250.0,Toko Sepatu Bandung,IDLCT8WHEM
1731967978191029635,1731967941545657731,Sepatu Velocity Canvas Black / Natural / Grey,335475.45,Toko Sepatu Bandung,IDLCT8WHEM
1734650508941428099,1734483785564784003,Slider Mono Black / Mono Grey / Mono Beige / Black,239394.0,Toko Sepatu Bandung,IDLCT8WHEM
1731622713472878167,1731622766964541015,Sepatu Tribune Away Ocean,457257.5,Toko Sepatu Bandung,IDLCPDWXGD
1734483831937205635,1734483785564784003,Slider Mono Black / Mono Grey / Mono Beige / Black,244519.5,Toko Sepatu Bandung,IDLCT8WHEM
1729677759600233047,1729677759599905367,Sepatu Gazelle Low Cream,279783.45,Toko Sepatu Bandung,IDLCPDWXGD
1730706107471922775,1730706116728161879,Sepatu Tribune Home Black,457300.0,Toko Sepatu Bandung,IDLCPDWXGD
1733552718079034967,1733552689539090007,Sepatu Gazelle Kids Low Black White,266679.0,Toko Sepatu Bandung,IDLCPDWXGD
1734483831937205635,1734483785564784003,Slider Mono Black / Mono Grey / Mono Beige / Black,246219.5,Toko Sepatu Bandung,IDLCT8WHEM
1731927306072000087,1731927283872138839,Sepatu Tribune Shadow,495550.0,Toko Sepatu Bandung,IDLCPDWXGD
1730149094126093896,1730148724140508744,Mybasic - Boxy Crop T-Shirt Kaos Boxy Fit with Cotton Combed 24s dengan 200 gsm ++,61880.0,Store_2,IDLCUQLL7K
1734650508941559171,1734483785564784003,Slider Mono Black / Mono Grey / Mono Beige / Black,235169.5,Toko Sepatu Bandung,IDLCT8WHEM
1731927306072131159,1731927283872138839,Sepatu Tribune Shadow,423300.0,Toko Sepatu Bandung,IDLCPDWXGD
1731927306072065623,1731927283872138839,Sepatu Tribune Shadow,423278.75,Toko Sepatu Bandung,IDLCPDWXGD
1731622713472681559,1731622766964541015,Sepatu Tribune Away Ocean,448001.85,Toko Sepatu Bandung,IDLCPDWXGD
1731599579957659223,1731599579011909207,Sepatu Gazelle Low Ice Cream,320240.89999999997,Toko Sepatu Bandung,IDLCPDWXGD
1734483831936681347,1734483785564784003,Slider Mono Black / Mono Grey / Mono Beige / Black,244876.5,Toko Sepatu Bandung,IDLCT8WHEM
1729677742104939095,1729677742104545879,Sepatu Retrograde Low Cream,416500.0,Toko Sepatu Bandung,IDLCPDWXGD
1731927306072131159,1731927283872138839,Sepatu Tribune Shadow,508300.0,Toko Sepatu Bandung,IDLCPDWXGD
1731927306072131159,1731927283872138839,Sepatu Tribune Shadow,489600.0,Toko Sepatu Bandung,IDLCPDWXGD
1730706106318685783,1730706116728161879,Sepatu Tribune Home Black,532100.0,Toko Sepatu Bandung,IDLCPDWXGD
1730706107471988311,1730706116728161879,Sepatu Tribune Home Black,498916.0,Toko Sepatu Bandung,IDLCPDWXGD
1729677746703403607,1729677747184175703,Sepatu Retrograde Low White Blue,393278.0,Toko Sepatu Bandung,IDLCPDWXGD
1734133394288772967,1729858726131895143,Chambre De La Vain CHMB Hoodie & Zip Jacket All Collection,734808.0,Store_9,IDLCCPWYWL
1729677759600495191,1729677759599905367,Sepatu Gazelle Low Cream,302515.0,Toko Sepatu Bandung,IDLCPDWXGD
1731304172234442115,1731304184835245443,Sepatu Tribune Away Maroon,457300.0,Toko Sepatu Bandung,IDLCT8WHEM
1731927306072131159,1731927283872138839,Sepatu Tribune Shadow,474300.0,Toko Sepatu Bandung,IDLCPDWXGD
1730706088342947415,1730706121172026967,Sepatu Tribune Away Maroon,535500.0,Toko Sepatu Bandung,IDLCPDWXGD
1730706106318751319,1730706116728161879,Sepatu Tribune Home Black,488183.05,Toko Sepatu Bandung,IDLCPDWXGD
1730706107471922775,1730706116728161879,Sepatu Tribune Home Black,462907.45,Toko Sepatu Bandung,IDLCPDWXGD
1729677759600364119,1729677759599905367,Sepatu Gazelle Low Cream,319823.55,Toko Sepatu Bandung,IDLCPDWXGD
1730868728727701079,1730868777127282263,Sepatu Tribune White Green,477224.0,Toko Sepatu Bandung,IDLCPDWXGD
1730706107471922775,1730706116728161879,Sepatu Tribune Home Black,527000.0,Toko Sepatu Bandung,IDLCPDWXGD
1730706106318685783,1730706116728161879,Sepatu Tribune Home Black,457274.5,Toko Sepatu Bandung,IDLCPDWXGD
1730706088342947415,1730706121172026967,Sepatu Tribune Away Maroon,443700.0,Toko Sepatu Bandung,IDLCPDWXGD
1729677758326999639,1729677758326606423,Sepatu Gazelle Low White Blue,287773.45,Toko Sepatu Bandung,IDLCPDWXGD
1734483831936943491,1734483785564784003,Slider Mono Black / Mono Grey / Mono Beige / Black,245973.0,Toko Sepatu Bandung,IDLCT8WHEM
1731418659331999107,1730005626441402755,Giordano Polo 3D Lion / Napoleon Shirt ORIGINAL Men Pria Kerah Baju Kaos Katun,155509.19999999998,Toko Sepatu Bandung,IDLCT8WHEM
1730706106318685783,1730706116728161879,Sepatu Tribune Home Black,457300.0,Toko Sepatu Bandung,IDLCPDWXGD
1729677755464518231,1729677755464059479,Sepatu Gazelle Low Black White,287773.45,Toko Sepatu Bandung,IDLCPDWXGD
1729677755464387159,1729677755464059479,Sepatu Gazelle Low Black White,269897.95,Toko Sepatu Bandung,IDLCPDWXGD
1731308725958182275,1729768344261264771,Sepatu Tribune Black Gum / White Blue / Navy Gum / Home Black / Away Maroon,443581.0,Toko Sepatu Bandung,IDLCT8WHEM
1730706088342947415,1730706121172026967,Sepatu Tribune Away Maroon,446224.5,Toko Sepatu Bandung,IDLCPDWXGD
1731622765730301527,1731622711600252503,Sepatu Tribune Home Olive,457300.0,Toko Sepatu Bandung,IDLCPDWXGD
1730706088342816343,1730706121172026967,Sepatu Tribune Away Maroon,436186.0,Toko Sepatu Bandung,IDLCPDWXGD
1730174772820018775,1730174848005801559,Sepatu Tribune Red Gum,423300.0,Toko Sepatu Bandung,IDLCPDWXGD
1731996015553709443,1731995980503090563,Sepatu Tribune Shadow,453196.2,Toko Sepatu Bandung,IDLCT8WHEM
1733706003728008653,1732311523353003469,Cartiera Omar Baju Koko Pria Kemeja Lengan Panjang Baju Muslim Premium Regular Fit,144415.0,Store_4,IDLCTKL22Q
1730706088342881879,1730706121172026967,Sepatu Tribune Away Maroon,488264.64999999997,Toko Sepatu Bandung,IDLCPDWXGD
1733193079876650583,1733193092004808279,Sepatu Velocity Sashiko BDG,1254248.95,Toko Sepatu Bandung,IDLCPDWXGD
1731622765730104919,1731622711600252503,Sepatu Tribune Home Olive,442594.14999999997,Toko Sepatu Bandung,IDLCPDWXGD
1731079464715322755,1729768344261264771,Sepatu Tribune Black Gum / White Blue / Navy Gum / Home Black / Away Maroon,422450.0,Toko Sepatu Bandung,IDLCT8WHEM
1730706088342947415,1730706121172026967,Sepatu Tribune Away Maroon,477224.0,Toko Sepatu Bandung,IDLCPDWXGD
1733814102157788759,1730706116728161879,Sepatu Tribune Home Black,530400.0,Toko Sepatu Bandung,IDLCPDWXGD
1731622713472550487,1731622766964541015,Sepatu Tribune Away Ocean,536157.0499999999,Toko Sepatu Bandung,IDLCPDWXGD
1730174772819560023,1730174848005801559,Sepatu Tribune Red Gum,481582.8,Toko Sepatu Bandung,IDLCPDWXGD
1730174743203907159,1730174756446373463,Sepatu Tribune Black Gum,487080.6,Toko Sepatu Bandung,IDLCPDWXGD
1730706088342816343,1730706121172026967,Sepatu Tribune Away Maroon,471638.64999999997,Toko Sepatu Bandung,IDLCPDWXGD
1729677758276078167,1729677758275553879,Sepatu Gazelle Low Black Gum,284511.14999999997,Toko Sepatu Bandung,IDLCPDWXGD
1734483831936681347,1734483785564784003,Slider Mono Black / Mono Grey / Mono Beige / Black,242751.5,Toko Sepatu Bandung,IDLCT8WHEM
1731308725957920131,1729768344261264771,Sepatu Tribune Black Gum / White Blue / Navy Gum / Home Black / Away Maroon,452710.0,Toko Sepatu Bandung,IDLCT8WHEM
1729561361793189463,1729561362209539671,Sepatu Retrograde Low Triple Black,375021.7,Toko Sepatu Bandung,IDLCPDWXGD
1734650508941428099,1734483785564784003,Slider Mono Black / Mono Grey / Mono Beige / Black,245956.0,Toko Sepatu Bandung,IDLCT8WHEM
1729677736926939735,1729677736926480983,Sepatu Retrograde Hi Decon Black White,396328.64999999997,Toko Sepatu Bandung,IDLCPDWXGD
1734650508941493635,1734483785564784003,Slider Mono Black / Mono Grey / Mono Beige / Black,286450.0,Toko Sepatu Bandung,IDLCT8WHEM
1730706106318751319,1730706116728161879,Sepatu Tribune Home Black,443581.0,Toko Sepatu Bandung,IDLCPDWXGD
1730806636781143639,1730806637054625367,Sepatu Gazelle Low Weaves Sand,369969.3,Toko Sepatu Bandung,IDLCPDWXGD
1730706088342750807,1730706121172026967,Sepatu Tribune Away Maroon,443581.0,Toko Sepatu Bandung,IDLCPDWXGD
1734418658207827815,1729999402715679591,Rucas Tee “Chinese New Year” Capsule Collection Year of Horse Original 100%,554880.0,Store_9,IDLCCPWYWL
1729677758327130711,1729677758326606423,Sepatu Gazelle Low White Blue,276723.45,Toko Sepatu Bandung,IDLCPDWXGD
1729677758327065175,1729677758326606423,Sepatu Gazelle Low White Blue,279140.0,Toko Sepatu Bandung,IDLCPDWXGD
1731927306071803479,1731927283872138839,Sepatu Tribune Shadow,423300.0,Toko Sepatu Bandung,IDLCPDWXGD
1730651001345443415,1730651021212354135,Sepatu Tribune Navy Gum,496400.0,Toko Sepatu Bandung,IDLCPDWXGD
1730651001345771095,1730651021212354135,Sepatu Tribune Navy Gum,423300.0,Toko Sepatu Bandung,IDLCPDWXGD
1731079464714798467,1729768344261264771,Sepatu Tribune Black Gum / White Blue / Navy Gum / Home Black / Away Maroon,416500.0,Toko Sepatu Bandung,IDLCT8WHEM
1729677743140866647,1729677743140473431,Sepatu Retrograde Low Black White,257720.85,Toko Sepatu Bandung,IDLCPDWXGD
1729677736926939735,1729677736926480983,Sepatu Retrograde Hi Decon Black White,399024.0,Toko Sepatu Bandung,IDLCPDWXGD
1729628808088290903,1729628808088028759,Sepatu Gazelle Hi Cream,308938.45,Toko Sepatu Bandung,IDLCPDWXGD
1731622713472550487,1731622766964541015,Sepatu Tribune Away Ocean,444147.95,Toko Sepatu Bandung,IDLCPDWXGD
1731079464714601859,1729768344261264771,Sepatu Tribune Black Gum / White Blue / Navy Gum / Home Black / Away Maroon,411872.6,Toko Sepatu Bandung,IDLCT8WHEM
1729677746703469143,1729677747184175703,Sepatu Retrograde Low White Blue,379559.0,Toko Sepatu Bandung,IDLCPDWXGD
1730174772503217751,1730174800969827927,Sepatu Tribune White Blue,423300.0,Toko Sepatu Bandung,IDLCPDWXGD
1731308725958116739,1729768344261264771,Sepatu Tribune Black Gum / White Blue / Navy Gum / Home Black / Away Maroon,457300.0,Toko Sepatu Bandung,IDLCT8WHEM
1729677736927070807,1729677736926480983,Sepatu Retrograde Hi Decon Black White,398800.45,Toko Sepatu Bandung,IDLCPDWXGD
1734650508941559171,1734483785564784003,Slider Mono Black / Mono Grey / Mono Beige / Black,254150.0,Toko Sepatu Bandung,IDLCT8WHEM
1734650508941493635,1734483785564784003,Slider Mono Black / Mono Grey / Mono Beige / Black,254150.0,Toko Sepatu Bandung,IDLCT8WHEM
1729677758276274775,1729677758275553879,Sepatu Gazelle Low Black Gum,280973.45,Toko Sepatu Bandung,IDLCPDWXGD
1729677755464649303,1729677755464059479,Sepatu Gazelle Low Black White,287773.45,Toko Sepatu Bandung,IDLCPDWXGD
1729677743140801111,1729677743140473431,Sepatu Retrograde Low Black White,265691.3,Toko Sepatu Bandung,IDLCPDWXGD
1729677758275947095,1729677758275553879,Sepatu Gazelle Low Black Gum,201441.5,Toko Sepatu Bandung,IDLCPDWXGD
1731308725957854595,1729768344261264771,Sepatu Tribune Black Gum / White Blue / Navy Gum / Home Black / Away Maroon,453169.0,Toko Sepatu Bandung,IDLCT8WHEM
1730174743204038231,1730174756446373463,Sepatu Tribune Black Gum,410601.0,Toko Sepatu Bandung,IDLCPDWXGD
1731079464714732931,1729768344261264771,Sepatu Tribune Black Gum / White Blue / Navy Gum / Home Black / Away Maroon,413950.0,Toko Sepatu Bandung,IDLCT8WHEM
1729677736926874199,1729677736926480983,Sepatu Retrograde Hi Decon Black White,457300.0,Toko Sepatu Bandung,IDLCPDWXGD
1729677755464452695,1729677755464059479,Sepatu Gazelle Low Black White,279140.0,Toko Sepatu Bandung,IDLCPDWXGD
1730868728727963223,1730868777127282263,Sepatu Tribune White Green,450500.0,Toko Sepatu Bandung,IDLCPDWXGD
1732072010571679304,1732067307942741576,MyBasic Fitted Tee Heavy Weight 200 GSM Premium,53380.0,Store_2,IDLCUQLL7K
1731079464716043651,1729768344261264771,Sepatu Tribune Black Gum / White Blue / Navy Gum / Home Black / Away Maroon,423300.0,Toko Sepatu Bandung,IDLCT8WHEM
1729677755464387159,1729677755464059479,Sepatu Gazelle Low Black White,280973.45,Toko Sepatu Bandung,IDLCPDWXGD
1731308689765205379,1729768344261264771,Sepatu Tribune Black Gum / White Blue / Navy Gum / Home Black / Away Maroon,454750.0,Toko Sepatu Bandung,IDLCT8WHEM
1730868728727766615,1730868777127282263,Sepatu Tribune White Green,457300.0,Toko Sepatu Bandung,IDLCPDWXGD
1729677755464583767,1729677755464059479,Sepatu Gazelle Low Black White,279140.0,Toko Sepatu Bandung,IDLCPDWXGD
1729677746703534679,1729677747184175703,Sepatu Retrograde Low White Blue,372607.7,Toko Sepatu Bandung,IDLCPDWXGD
1730149094126290504,1730148724140508744,Mybasic - Boxy Crop T-Shirt Kaos Boxy Fit with Cotton Combed 24s dengan 200 gsm ++,52598.0,Store_2,IDLCUQLL7K
1731308689765205379,1729768344261264771,Sepatu Tribune Black Gum / White Blue / Navy Gum / Home Black / Away Maroon,516961.5,Toko Sepatu Bandung,IDLCT8WHEM
1734650508941493635,1734483785564784003,Slider Mono Black / Mono Grey / Mono Beige / Black,266594.0,Toko Sepatu Bandung,IDLCT8WHEM
1731308689765467523,1729768344261264771,Sepatu Tribune Black Gum / White Blue / Navy Gum / Home Black / Away Maroon,487356.0,Toko Sepatu Bandung,IDLCT8WHEM
1731622765730104919,1731622711600252503,Sepatu Tribune Home Olive,480080.0,Toko Sepatu Bandung,IDLCPDWXGD
1729677761805191767,1729677761804798551,Sepatu Gazelle Low White Red,306935.0,Toko Sepatu Bandung,IDLCPDWXGD
1729677758275947095,1729677758275553879,Sepatu Gazelle Low Black Gum,287773.45,Toko Sepatu Bandung,IDLCPDWXGD
1733814097185506903,1730706121172026967,Sepatu Tribune Away Maroon,457300.0,Toko Sepatu Bandung,IDLCPDWXGD
1731079464714601859,1729768344261264771,Sepatu Tribune Black Gum / White Blue / Navy Gum / Home Black / Away Maroon,423300.0,Toko Sepatu Bandung,IDLCT8WHEM
1731308689765336451,1729768344261264771,Sepatu Tribune Black Gum / White Blue / Navy Gum / Home Black / Away Maroon,442756.5,Toko Sepatu Bandung,IDLCT8WHEM
1731308689765139843,1729768344261264771,Sepatu Tribune Black Gum / White Blue / Navy Gum / Home Black / Away Maroon,449650.0,Toko Sepatu Bandung,IDLCT8WHEM
1730174743203972695,1730174756446373463,Sepatu Tribune Black Gum,410601.0,Toko Sepatu Bandung,IDLCPDWXGD
1729677734993037911,1729677734992710231,Sepatu Gazelle Hi Black White,293561.95,Toko Sepatu Bandung,IDLCPDWXGD
1731079464715978115,1729768344261264771,Sepatu Tribune Black Gum / White Blue / Navy Gum / Home Black / Away Maroon,421212.39999999997,Toko Sepatu Bandung,IDLCT8WHEM
1731985620630734423,1730706121172026967,Sepatu Tribune Away Maroon,417571.0,Toko Sepatu Bandung,IDLCPDWXGD
1729677755464452695,1729677755464059479,Sepatu Gazelle Low Black White,283116.3,Toko Sepatu Bandung,IDLCPDWXGD
1731308725957920131,1729768344261264771,Sepatu Tribune Black Gum / White Blue / Navy Gum / Home Black / Away Maroon,447074.5,Toko Sepatu Bandung,IDLCT8WHEM
1729677758276012631,1729677758275553879,Sepatu Gazelle Low Black Gum,278423.45,Toko Sepatu Bandung,IDLCPDWXGD
1729677758276078167,1729677758275553879,Sepatu Gazelle Low Black Gum,223312.85,Toko Sepatu Bandung,IDLCPDWXGD
1729677755464518231,1729677755464059479,Sepatu Gazelle Low Black White,201441.5,Toko Sepatu Bandung,IDLCPDWXGD
1729677758276012631,1729677758275553879,Sepatu Gazelle Low Black Gum,201441.5,Toko Sepatu Bandung,IDLCPDWXGD
1729677743140932183,1729677743140473431,Sepatu Retrograde Low Black White,265691.3,Toko Sepatu Bandung,IDLCPDWXGD
1729677758276143703,1729677758275553879,Sepatu Gazelle Low Black Gum,195398.0,Toko Sepatu Bandung,IDLCPDWXGD
1729677758276143703,1729677758275553879,Sepatu Gazelle Low Black Gum,242700.5,Toko Sepatu Bandung,IDLCPDWXGD
1729677758276078167,1729677758275553879,Sepatu Gazelle Low Black Gum,201441.5,Toko Sepatu Bandung,IDLCPDWXGD
1729677758276143703,1729677758275553879,Sepatu Gazelle Low Black Gum,190391.5,Toko Sepatu Bandung,IDLCPDWXGD
1729677758275816023,1729677758275553879,Sepatu Gazelle Low Black Gum,195398.0,Toko Sepatu Bandung,IDLCPDWXGD
1729677758275881559,1729677758275553879,Sepatu Gazelle Low Black Gum,201441.5,Toko Sepatu Bandung,IDLCPDWXGD
1731622713473009239,1731622766964541015,Sepatu Tribune Away Ocean,457300.0,Toko Sepatu Bandung,IDLCPDWXGD
1729677755464387159,1729677755464059479,Sepatu Gazelle Low Black White,201441.5,Toko Sepatu Bandung,IDLCPDWXGD
1729677755464452695,1729677755464059479,Sepatu Gazelle Low Black White,193740.5,Toko Sepatu Bandung,IDLCPDWXGD
1729677743140866647,1729677743140473431,Sepatu Retrograde Low Black White,265648.8,Toko Sepatu Bandung,IDLCPDWXGD
1729677755464583767,1729677755464059479,Sepatu Gazelle Low Black White,201441.5,Toko Sepatu Bandung,IDLCPDWXGD
1729677758276012631,1729677758275553879,Sepatu Gazelle Low Black Gum,195398.85,Toko Sepatu Bandung,IDLCPDWXGD
1729677758275750487,1729677758275553879,Sepatu Gazelle Low Black Gum,195398.0,Toko Sepatu Bandung,IDLCPDWXGD
1729677747184503383,1729677747184175703,Sepatu Retrograde Low White Blue,265691.3,Toko Sepatu Bandung,IDLCPDWXGD
1729677755464649303,1729677755464059479,Sepatu Gazelle Low Black White,195398.0,Toko Sepatu Bandung,IDLCPDWXGD
1729677758276078167,1729677758275553879,Sepatu Gazelle Low Black Gum,195398.0,Toko Sepatu Bandung,IDLCPDWXGD
1729677758275816023,1729677758275553879,Sepatu Gazelle Low Black Gum,201441.5,Toko Sepatu Bandung,IDLCPDWXGD
1729677758276078167,1729677758275553879,Sepatu Gazelle Low Black Gum,195432.0,Toko Sepatu Bandung,IDLCPDWXGD
1729677743140997719,1729677743140473431,Sepatu Retrograde Low Black White,257720.85,Toko Sepatu Bandung,IDLCPDWXGD
1731308725958051203,1729768344261264771,Sepatu Tribune Black Gum / White Blue / Navy Gum / Home Black / Away Maroon,457300.0,Toko Sepatu Bandung,IDLCT8WHEM
1729677743141063255,1729677743140473431,Sepatu Retrograde Low Black White,257720.85,Toko Sepatu Bandung,IDLCPDWXGD
1729677743140997719,1729677743140473431,Sepatu Retrograde Low Black White,265691.3,Toko Sepatu Bandung,IDLCPDWXGD
1729677759600429655,1729677759599905367,Sepatu Gazelle Low Cream,211877.8,Toko Sepatu Bandung,IDLCPDWXGD
1729677755464321623,1729677755464059479,Sepatu Gazelle Low Black White,201441.5,Toko Sepatu Bandung,IDLCPDWXGD
1731967978190767491,1731967941545657731,Sepatu Velocity Canvas Black / Natural / Grey,344707.3,Toko Sepatu Bandung,IDLCT8WHEM
1729677755464452695,1729677755464059479,Sepatu Gazelle Low Black White,201441.5,Toko Sepatu Bandung,IDLCPDWXGD
1729677758275947095,1729677758275553879,Sepatu Gazelle Low Black Gum,242760.0,Toko Sepatu Bandung,IDLCPDWXGD
1730806636781143639,1730806637054625367,Sepatu Gazelle Low Weaves Sand,224188.35,Toko Sepatu Bandung,IDLCPDWXGD
1729677758276012631,1729677758275553879,Sepatu Gazelle Low Black Gum,195398.0,Toko Sepatu Bandung,IDLCPDWXGD
1729677755464387159,1729677755464059479,Sepatu Gazelle Low Black White,195398.0,Toko Sepatu Bandung,IDLCPDWXGD
1729677742104939095,1729677742104545879,Sepatu Retrograde Low Cream,257720.85,Toko Sepatu Bandung,IDLCPDWXGD
1729677759600167511,1729677759599905367,Sepatu Gazelle Low Cream,200771.69999999998,Toko Sepatu Bandung,IDLCPDWXGD
1729677743140932183,1729677743140473431,Sepatu Retrograde Low Black White,249541.3,Toko Sepatu Bandung,IDLCPDWXGD
1730138691708224899,1729589830065359235,(ORIGINAL) Velocity Blackwihite / Navy / Grey / Olive / Blue Yellow / Blackgum / Whitegum Casual Karet Shoes,575501.0,Toko Sepatu Bandung,IDLCT8WHEM
1729677758276078167,1729677758275553879,Sepatu Gazelle Low Black Gum,235900.5,Toko Sepatu Bandung,IDLCPDWXGD
1729677759600298583,1729677759599905367,Sepatu Gazelle Low Cream,192091.5,Toko Sepatu Bandung,IDLCPDWXGD
1729677758276209239,1729677758275553879,Sepatu Gazelle Low Black Gum,201441.5,Toko Sepatu Bandung,IDLCPDWXGD
1729677755464583767,1729677755464059479,Sepatu Gazelle Low Black White,183591.5,Toko Sepatu Bandung,IDLCPDWXGD
1729677742105004631,1729677742104545879,Sepatu Retrograde Low Cream,257720.85,Toko Sepatu Bandung,IDLCPDWXGD
1731079464714732931,1729768344261264771,Sepatu Tribune Black Gum / White Blue / Navy Gum / Home Black / Away Maroon,401178.75,Toko Sepatu Bandung,IDLCT8WHEM
1731079464714667395,1729768344261264771,Sepatu Tribune Black Gum / White Blue / Navy Gum / Home Black / Away Maroon,423300.0,Toko Sepatu Bandung,IDLCT8WHEM
1729677742968834647,1729677742968441431,Sepatu Gazelle Hi Black Gum,216306.3,Toko Sepatu Bandung,IDLCPDWXGD
1729677758276078167,1729677758275553879,Sepatu Gazelle Low Black Gum,192091.5,Toko Sepatu Bandung,IDLCPDWXGD
1729677755464780375,1729677755464059479,Sepatu Gazelle Low Black White,201441.5,Toko Sepatu Bandung,IDLCPDWXGD
1729677746703534679,1729677747184175703,Sepatu Retrograde Low White Blue,265691.3,Toko Sepatu Bandung,IDLCPDWXGD
1729677755464714839,1729677755464059479,Sepatu Gazelle Low Black White,201441.5,Toko Sepatu Bandung,IDLCPDWXGD
1729677743140866647,1729677743140473431,Sepatu Retrograde Low Black White,265691.3,Toko Sepatu Bandung,IDLCPDWXGD
1729677758275816023,1729677758275553879,Sepatu Gazelle Low Black Gum,230800.5,Toko Sepatu Bandung,IDLCPDWXGD
1730806636781143639,1730806637054625367,Sepatu Gazelle Low Weaves Sand,231121.8,Toko Sepatu Bandung,IDLCPDWXGD
1729677755464518231,1729677755464059479,Sepatu Gazelle Low Black White,195398.0,Toko Sepatu Bandung,IDLCPDWXGD
1730174743203841623,1730174756446373463,Sepatu Tribune Black Gum,402754.64999999997,Toko Sepatu Bandung,IDLCPDWXGD
1729677743140735575,1729677743140473431,Sepatu Retrograde Low Black White,265691.3,Toko Sepatu Bandung,IDLCPDWXGD
1729677734993168983,1729677734992710231,Sepatu Gazelle Hi Black White,308938.45,Toko Sepatu Bandung,IDLCPDWXGD
1730706107471922775,1730706116728161879,Sepatu Tribune Home Black,446250.0,Toko Sepatu Bandung,IDLCPDWXGD
1729677758276143703,1729677758275553879,Sepatu Gazelle Low Black Gum,201441.5,Toko Sepatu Bandung,IDLCPDWXGD
1729677743140997719,1729677743140473431,Sepatu Retrograde Low Black White,315010.0,Toko Sepatu Bandung,IDLCPDWXGD
1729677755464583767,1729677755464059479,Sepatu Gazelle Low Black White,199399.8,Toko Sepatu Bandung,IDLCPDWXGD
1729677743141128791,1729677743140473431,Sepatu Retrograde Low Black White,258891.3,Toko Sepatu Bandung,IDLCPDWXGD
1729677759600560727,1729677759599905367,Sepatu Gazelle Low Cream,235419.4,Toko Sepatu Bandung,IDLCPDWXGD
1729677755464714839,1729677755464059479,Sepatu Gazelle Low Black White,235419.4,Toko Sepatu Bandung,IDLCPDWXGD
1729677746703403607,1729677747184175703,Sepatu Retrograde Low White Blue,265691.3,Toko Sepatu Bandung,IDLCPDWXGD
1729677743140801111,1729677743140473431,Sepatu Retrograde Low Black White,267752.55,Toko Sepatu Bandung,IDLCPDWXGD
1729677742104873559,1729677742104545879,Sepatu Retrograde Low Cream,267751.7,Toko Sepatu Bandung,IDLCPDWXGD
1729677743140997719,1729677743140473431,Sepatu Retrograde Low Black White,258891.3,Toko Sepatu Bandung,IDLCPDWXGD
1729677743140997719,1729677743140473431,Sepatu Retrograde Low Black White,294501.2,Toko Sepatu Bandung,IDLCPDWXGD
1729677742968834647,1729677742968441431,Sepatu Gazelle Hi Black Gum,209817.4,Toko Sepatu Bandung,IDLCPDWXGD
1729677758275750487,1729677758275553879,Sepatu Gazelle Low Black Gum,196939.9,Toko Sepatu Bandung,IDLCPDWXGD
1729677743141063255,1729677743140473431,Sepatu Retrograde Low Black White,265691.3,Toko Sepatu Bandung,IDLCPDWXGD
1729677761805519447,1729677761804798551,Sepatu Gazelle Low White Red,276723.45,Toko Sepatu Bandung,IDLCPDWXGD
1729677742968572503,1729677742968441431,Sepatu Gazelle Hi Black Gum,216306.3,Toko Sepatu Bandung,IDLCPDWXGD
1734483831936943491,1734483785564784003,Slider Mono Black / Mono Grey / Mono Beige / Black,246219.5,Toko Sepatu Bandung,IDLCT8WHEM
1729677743141194327,1729677743140473431,Sepatu Retrograde Low Black White,265691.3,Toko Sepatu Bandung,IDLCPDWXGD
1729677755464583767,1729677755464059479,Sepatu Gazelle Low Black White,195398.0,Toko Sepatu Bandung,IDLCPDWXGD
1729677743141063255,1729677743140473431,Sepatu Retrograde Low Black White,313310.0,Toko Sepatu Bandung,IDLCPDWXGD
1729677755464649303,1729677755464059479,Sepatu Gazelle Low Black White,201441.5,Toko Sepatu Bandung,IDLCPDWXGD
1730174743204103767,1730174756446373463,Sepatu Tribune Black Gum,423300.0,Toko Sepatu Bandung,IDLCPDWXGD
1729677759600495191,1729677759599905367,Sepatu Gazelle Low Cream,195398.0,Toko Sepatu Bandung,IDLCPDWXGD
1729677743140997719,1729677743140473431,Sepatu Retrograde Low Black White,301410.0,Toko Sepatu Bandung,IDLCPDWXGD
1729677755464452695,1729677755464059479,Sepatu Gazelle Low Black White,183591.5,Toko Sepatu Bandung,IDLCPDWXGD
1729677755464256087,1729677755464059479,Sepatu Gazelle Low Black White,201441.5,Toko Sepatu Bandung,IDLCPDWXGD
1729677746703534679,1729677747184175703,Sepatu Retrograde Low White Blue,281696.8,Toko Sepatu Bandung,IDLCPDWXGD
1729677759600167511,1729677759599905367,Sepatu Gazelle Low Cream,201441.5,Toko Sepatu Bandung,IDLCPDWXGD
1729677755464518231,1729677755464059479,Sepatu Gazelle Low Black White,200001.6,Toko Sepatu Bandung,IDLCPDWXGD
1729677755464518231,1729677755464059479,Sepatu Gazelle Low Black White,201365.0,Toko Sepatu Bandung,IDLCPDWXGD
1729677759600298583,1729677759599905367,Sepatu Gazelle Low Cream,200180.94999999998,Toko Sepatu Bandung,IDLCPDWXGD
1729677743141194327,1729677743140473431,Sepatu Retrograde Low Black White,264029.55,Toko Sepatu Bandung,IDLCPDWXGD
1729677755464518231,1729677755464059479,Sepatu Gazelle Low Black White,224467.15,Toko Sepatu Bandung,IDLCPDWXGD
1729677746703469143,1729677747184175703,Sepatu Retrograde Low White Blue,265691.3,Toko Sepatu Bandung,IDLCPDWXGD
1729677743140997719,1729677743140473431,Sepatu Retrograde Low Black White,258763.8,Toko Sepatu Bandung,IDLCPDWXGD
1729677759600495191,1729677759599905367,Sepatu Gazelle Low Cream,201441.5,Toko Sepatu Bandung,IDLCPDWXGD
1729677758275619415,1729677758275553879,Sepatu Gazelle Low Black Gum,201441.5,Toko Sepatu Bandung,IDLCPDWXGD
1730706088342750807,1730706121172026967,Sepatu Tribune Away Maroon,454688.8,Toko Sepatu Bandung,IDLCPDWXGD
1729677743140932183,1729677743140473431,Sepatu Retrograde Low Black White,267632.7,Toko Sepatu Bandung,IDLCPDWXGD
1729677755464583767,1729677755464059479,Sepatu Gazelle Low Black White,192091.5,Toko Sepatu Bandung,IDLCPDWXGD
1729677758276012631,1729677758275553879,Sepatu Gazelle Low Black Gum,190391.5,Toko Sepatu Bandung,IDLCPDWXGD
1730138502596953475,1729569931567334787,Retrograde Intro White / Grey / Sage Green / Camel / Black,280083.5,Toko Sepatu Bandung,IDLCT8WHEM
1729677758275947095,1729677758275553879,Sepatu Gazelle Low Black Gum,195398.0,Toko Sepatu Bandung,IDLCPDWXGD
1729677759600233047,1729677759599905367,Sepatu Gazelle Low Cream,196587.15,Toko Sepatu Bandung,IDLCPDWXGD
1729677743140538967,1729677743140473431,Sepatu Retrograde Low Black White,260293.8,Toko Sepatu Bandung,IDLCPDWXGD
1729438565128439978,1729438565128374442,House of Smith Vintage Sherpa Jacket Lasket Black #4 - Jaket Casual Pria Polar Fleece,193080.9,Store_5,IDLC9VLLPY
1729385454017283242,1729385454017217706,House of Smith Harrington Jacket Hangor Black #6 - Jaket Harrington Pria Hitam,180833.25,Store_5,IDLC9VLLPY
1730793833131443799,1730793845432550999,Sepatu Jersey LS Home Black,368662.0,Toko Sepatu Bandung,IDLCPDWXGD
1729677743141063255,1729677743140473431,Sepatu Retrograde Low Black White,263094.55,Toko Sepatu Bandung,IDLCPDWXGD
1729677755464518231,1729677755464059479,Sepatu Gazelle Low Black White,237886.94999999998,Toko Sepatu Bandung,IDLCPDWXGD
1729677743140932183,1729677743140473431,Sepatu Retrograde Low Black White,313760.5,Toko Sepatu Bandung,IDLCPDWXGD
1729677759600233047,1729677759599905367,Sepatu Gazelle Low Cream,200747.05,Toko Sepatu Bandung,IDLCPDWXGD
1729677758276078167,1729677758275553879,Sepatu Gazelle Low Black Gum,201416.0,Toko Sepatu Bandung,IDLCPDWXGD
1730174743203776087,1730174756446373463,Sepatu Tribune Black Gum,423300.0,Toko Sepatu Bandung,IDLCPDWXGD
1729677755464321623,1729677755464059479,Sepatu Gazelle Low Black White,195398.0,Toko Sepatu Bandung,IDLCPDWXGD
1729677758276012631,1729677758275553879,Sepatu Gazelle Low Black Gum,237660.0,Toko Sepatu Bandung,IDLCPDWXGD
1729677743141194327,1729677743140473431,Sepatu Retrograde Low Black White,257720.85,Toko Sepatu Bandung,IDLCPDWXGD
1729677759600560727,1729677759599905367,Sepatu Gazelle Low Cream,201441.5,Toko Sepatu Bandung,IDLCPDWXGD
1729677743140735575,1729677743140473431,Sepatu Retrograde Low Black White,257720.85,Toko Sepatu Bandung,IDLCPDWXGD
1729677755464583767,1729677755464059479,Sepatu Gazelle Low Black White,207527.5,Toko Sepatu Bandung,IDLCPDWXGD
1731308689765467523,1729768344261264771,Sepatu Tribune Black Gum / White Blue / Navy Gum / Home Black / Away Maroon,457300.0,Toko Sepatu Bandung,IDLCT8WHEM
1729677747184503383,1729677747184175703,Sepatu Retrograde Low White Blue,257720.85,Toko Sepatu Bandung,IDLCPDWXGD
1729677743140932183,1729677743140473431,Sepatu Retrograde Low Black White,265614.8,Toko Sepatu Bandung,IDLCPDWXGD
1729677743140997719,1729677743140473431,Sepatu Retrograde Low Black White,309910.0,Toko Sepatu Bandung,IDLCPDWXGD
1729677755464452695,1729677755464059479,Sepatu Gazelle Low Black White,197165.15,Toko Sepatu Bandung,IDLCPDWXGD
1731308725958051203,1729768344261264771,Sepatu Tribune Black Gum / White Blue / Navy Gum / Home Black / Away Maroon,417571.0,Toko Sepatu Bandung,IDLCT8WHEM
1731308725957920131,1729768344261264771,Sepatu Tribune Black Gum / White Blue / Navy Gum / Home Black / Away Maroon,451605.85,Toko Sepatu Bandung,IDLCT8WHEM
1731927306072065623,1731927283872138839,Sepatu Tribune Shadow,413498.64999999997,Toko Sepatu Bandung,IDLCPDWXGD
1729677743140735575,1729677743140473431,Sepatu Retrograde Low Black White,261298.5,Toko Sepatu Bandung,IDLCPDWXGD
1729677742105004631,1729677742104545879,Sepatu Retrograde Low Cream,265266.3,Toko Sepatu Bandung,IDLCPDWXGD
1730706088343078487,1730706121172026967,Sepatu Tribune Away Maroon,450066.5,Toko Sepatu Bandung,IDLCPDWXGD
1730174743203972695,1730174756446373463,Sepatu Tribune Black Gum,423257.5,Toko Sepatu Bandung,IDLCPDWXGD
1729677743141063255,1729677743140473431,Sepatu Retrograde Low Black White,261122.55,Toko Sepatu Bandung,IDLCPDWXGD
1731298803850970499,1731298756864148867,Sepatu Gazelle Popsicle Yellow / Blue / Green / Red,193227.94999999998,Toko Sepatu Bandung,IDLCT8WHEM
1729677755464321623,1729677755464059479,Sepatu Gazelle Low Black White,200017.75,Toko Sepatu Bandung,IDLCPDWXGD
1729677746703338071,1729677747184175703,Sepatu Retrograde Low White Blue,265691.3,Toko Sepatu Bandung,IDLCPDWXGD
1729677743141128791,1729677743140473431,Sepatu Retrograde Low Black White,258865.8,Toko Sepatu Bandung,IDLCPDWXGD
1729677743140670039,1729677743140473431,Sepatu Retrograde Low Black White,265691.3,Toko Sepatu Bandung,IDLCPDWXGD
1729677743140932183,1729677743140473431,Sepatu Retrograde Low Black White,257720.85,Toko Sepatu Bandung,IDLCPDWXGD
1729677742105201239,1729677742104545879,Sepatu Retrograde Low Cream,265691.3,Toko Sepatu Bandung,IDLCPDWXGD
1729677742104939095,1729677742104545879,Sepatu Retrograde Low Cream,265691.3,Toko Sepatu Bandung,IDLCPDWXGD
1729677746703403607,1729677747184175703,Sepatu Retrograde Low White Blue,258891.3,Toko Sepatu Bandung,IDLCPDWXGD
1731079464715388291,1729768344261264771,Sepatu Tribune Black Gum / White Blue / Navy Gum / Home Black / Away Maroon,383086.5,Toko Sepatu Bandung,IDLCT8WHEM
1730706088343012951,1730706121172026967,Sepatu Tribune Away Maroon,453031.3,Toko Sepatu Bandung,IDLCPDWXGD
1729677742104873559,1729677742104545879,Sepatu Retrograde Low Cream,265691.3,Toko Sepatu Bandung,IDLCPDWXGD
1729677758276274775,1729677758275553879,Sepatu Gazelle Low Black Gum,195398.0,Toko Sepatu Bandung,IDLCPDWXGD
1729677746703403607,1729677747184175703,Sepatu Retrograde Low White Blue,246484.69999999998,Toko Sepatu Bandung,IDLCPDWXGD
1729677758275947095,1729677758275553879,Sepatu Gazelle Low Black Gum,197562.1,Toko Sepatu Bandung,IDLCPDWXGD
1731401465609619031,1731401464730912343,Sepatu Retrograde Camp Low Camel,400724.0,Toko Sepatu Bandung,IDLCPDWXGD
1729677743140801111,1729677743140473431,Sepatu Retrograde Low Black White,258891.3,Toko Sepatu Bandung,IDLCPDWXGD
1729677743141063255,1729677743140473431,Sepatu Retrograde Low Black White,301879.2,Toko Sepatu Bandung,IDLCPDWXGD
1729677759600233047,1729677759599905367,Sepatu Gazelle Low Cream,201306.35,Toko Sepatu Bandung,IDLCPDWXGD
1731967978190833027,1731967941545657731,Sepatu Velocity Canvas Black / Natural / Grey,344707.3,Toko Sepatu Bandung,IDLCT8WHEM
1729677743140801111,1729677743140473431,Sepatu Retrograde Low Black White,256341.3,Toko Sepatu Bandung,IDLCPDWXGD
1729677759600429655,1729677759599905367,Sepatu Gazelle Low Cream,195795.8,Toko Sepatu Bandung,IDLCPDWXGD
1729677743140932183,1729677743140473431,Sepatu Retrograde Low Black White,261044.35,Toko Sepatu Bandung,IDLCPDWXGD
1729677743140801111,1729677743140473431,Sepatu Retrograde Low Black White,257720.85,Toko Sepatu Bandung,IDLCPDWXGD
1729677743140932183,1729677743140473431,Sepatu Retrograde Low Black White,260817.4,Toko Sepatu Bandung,IDLCPDWXGD
1729677758276078167,1729677758275553879,Sepatu Gazelle Low Black Gum,183541.35,Toko Sepatu Bandung,IDLCPDWXGD
1729677759600298583,1729677759599905367,Sepatu Gazelle Low Cream,220857.19999999998,Toko Sepatu Bandung,IDLCPDWXGD
1729677755464452695,1729677755464059479,Sepatu Gazelle Low Black White,199265.5,Toko Sepatu Bandung,IDLCPDWXGD
1729677755464518231,1729677755464059479,Sepatu Gazelle Low Black White,230800.5,Toko Sepatu Bandung,IDLCPDWXGD
1729677755464190551,1729677755464059479,Sepatu Gazelle Low Black White,196497.05,Toko Sepatu Bandung,IDLCPDWXGD
1731079464716109187,1729768344261264771,Sepatu Tribune Black Gum / White Blue / Navy Gum / Home Black / Away Maroon,423300.0,Toko Sepatu Bandung,IDLCT8WHEM
1729677759600298583,1729677759599905367,Sepatu Gazelle Low Cream,203113.44999999998,Toko Sepatu Bandung,IDLCPDWXGD
1729677743140866647,1729677743140473431,Sepatu Retrograde Low Black White,267897.05,Toko Sepatu Bandung,IDLCPDWXGD
1729677743141063255,1729677743140473431,Sepatu Retrograde Low Black White,258725.55,Toko Sepatu Bandung,IDLCPDWXGD
1729677755464452695,1729677755464059479,Sepatu Gazelle Low Black White,196948.4,Toko Sepatu Bandung,IDLCPDWXGD
1729706772145145431,1729706759929169495,Sepatu Velocity Black Gum,593215.0,Toko Sepatu Bandung,IDLCPDWXGD
1729677755464387159,1729677755464059479,Sepatu Gazelle Low Black White,223876.4,Toko Sepatu Bandung,IDLCPDWXGD
1729677747184437847,1729677747184175703,Sepatu Retrograde Low White Blue,265691.3,Toko Sepatu Bandung,IDLCPDWXGD
1731418673451468163,1730005626441402755,Giordano Polo 3D Lion / Napoleon Shirt ORIGINAL Men Pria Kerah Baju Kaos Katun,150843.55,Toko Sepatu Bandung,IDLCT8WHEM
1729677755464256087,1729677755464059479,Sepatu Gazelle Low Black White,192066.0,Toko Sepatu Bandung,IDLCPDWXGD
1729677755464387159,1729677755464059479,Sepatu Gazelle Low Black White,224000.5,Toko Sepatu Bandung,IDLCPDWXGD
1729677755464649303,1729677755464059479,Sepatu Gazelle Low Black White,199741.5,Toko Sepatu Bandung,IDLCPDWXGD
1729677755464387159,1729677755464059479,Sepatu Gazelle Low Black White,200863.5,Toko Sepatu Bandung,IDLCPDWXGD
1729677758275947095,1729677758275553879,Sepatu Gazelle Low Black Gum,228823.4,Toko Sepatu Bandung,IDLCPDWXGD
1729677742968834647,1729677742968441431,Sepatu Gazelle Hi Black Gum,260610.0,Toko Sepatu Bandung,IDLCPDWXGD
1730174772819953239,1730174848005801559,Sepatu Tribune Red Gum,447304.0,Toko Sepatu Bandung,IDLCPDWXGD
1731079464714798467,1729768344261264771,Sepatu Tribune Black Gum / White Blue / Navy Gum / Home Black / Away Maroon,423300.0,Toko Sepatu Bandung,IDLCT8WHEM
1729677759600101975,1729677759599905367,Sepatu Gazelle Low Cream,223352.8,Toko Sepatu Bandung,IDLCPDWXGD
1729677743140801111,1729677743140473431,Sepatu Retrograde Low Black White,256281.8,Toko Sepatu Bandung,IDLCPDWXGD
1729677742104676951,1729677742104545879,Sepatu Retrograde Low Cream,265691.3,Toko Sepatu Bandung,IDLCPDWXGD
1729677758275947095,1729677758275553879,Sepatu Gazelle Low Black Gum,197395.5,Toko Sepatu Bandung,IDLCPDWXGD
1729677755464256087,1729677755464059479,Sepatu Gazelle Low Black White,195398.0,Toko Sepatu Bandung,IDLCPDWXGD
1729677755464452695,1729677755464059479,Sepatu Gazelle Low Black White,190336.25,Toko Sepatu Bandung,IDLCPDWXGD
1731622713472812631,1731622766964541015,Sepatu Tribune Away Ocean,443581.0,Toko Sepatu Bandung,IDLCPDWXGD
1729677758275816023,1729677758275553879,Sepatu Gazelle Low Black Gum,201093.0,Toko Sepatu Bandung,IDLCPDWXGD
1729677758276012631,1729677758275553879,Sepatu Gazelle Low Black Gum,234200.5,Toko Sepatu Bandung,IDLCPDWXGD
1729677743141128791,1729677743140473431,Sepatu Retrograde Low Black White,265691.3,Toko Sepatu Bandung,IDLCPDWXGD
1729677755464583767,1729677755464059479,Sepatu Gazelle Low Black White,199252.75,Toko Sepatu Bandung,IDLCPDWXGD
1730806636781274711,1730806637054625367,Sepatu Gazelle Low Weaves Sand,231121.8,Toko Sepatu Bandung,IDLCPDWXGD
1729677743140997719,1729677743140473431,Sepatu Retrograde Low Black White,279310.0,Toko Sepatu Bandung,IDLCPDWXGD
1729677759600364119,1729677759599905367,Sepatu Gazelle Low Cream,190391.5,Toko Sepatu Bandung,IDLCPDWXGD
1731079464715978115,1729768344261264771,Sepatu Tribune Black Gum / White Blue / Navy Gum / Home Black / Away Maroon,422450.0,Toko Sepatu Bandung,IDLCT8WHEM
1729677755464518231,1729677755464059479,Sepatu Gazelle Low Black White,184452.55,Toko Sepatu Bandung,IDLCPDWXGD
1729677742968769111,1729677742968441431,Sepatu Gazelle Hi Black Gum,216306.3,Toko Sepatu Bandung,IDLCPDWXGD
1734650508941493635,1734483785564784003,Slider Mono Black / Mono Grey / Mono Beige / Black,239419.5,Toko Sepatu Bandung,IDLCT8WHEM
1730706107471988311,1730706116728161879,Sepatu Tribune Home Black,457300.0,Toko Sepatu Bandung,IDLCPDWXGD
1729677755464583767,1729677755464059479,Sepatu Gazelle Low Black White,201390.5,Toko Sepatu Bandung,IDLCPDWXGD
1729677742104742487,1729677742104545879,Sepatu Retrograde Low Cream,265691.3,Toko Sepatu Bandung,IDLCPDWXGD
1729677758276078167,1729677758275553879,Sepatu Gazelle Low Black Gum,234200.5,Toko Sepatu Bandung,IDLCPDWXGD
1730806636781078103,1730806637054625367,Sepatu Gazelle Low Weaves Sand,231121.8,Toko Sepatu Bandung,IDLCPDWXGD
1729677755464714839,1729677755464059479,Sepatu Gazelle Low Black White,187841.5,Toko Sepatu Bandung,IDLCPDWXGD
1729677743140735575,1729677743140473431,Sepatu Retrograde Low Black White,258891.3,Toko Sepatu Bandung,IDLCPDWXGD
1729677743140932183,1729677743140473431,Sepatu Retrograde Low Black White,258145.0,Toko Sepatu Bandung,IDLCPDWXGD
1729677746703403607,1729677747184175703,Sepatu Retrograde Low White Blue,257720.85,Toko Sepatu Bandung,IDLCPDWXGD
1731967978190898563,1731967941545657731,Sepatu Velocity Canvas Black / Natural / Grey,344554.3,Toko Sepatu Bandung,IDLCT8WHEM
1734483831936681347,1734483785564784003,Slider Mono Black / Mono Grey / Mono Beige / Black,250868.15,Toko Sepatu Bandung,IDLCT8WHEM
1734650508941362563,1734483785564784003,Slider Mono Black / Mono Grey / Mono Beige / Black,238833.0,Toko Sepatu Bandung,IDLCT8WHEM
1729677755464387159,1729677755464059479,Sepatu Gazelle Low Black White,199860.5,Toko Sepatu Bandung,IDLCPDWXGD
1729677743140997719,1729677743140473431,Sepatu Retrograde Low Black White,297712.5,Toko Sepatu Bandung,IDLCPDWXGD
1729677758275684951,1729677758275553879,Sepatu Gazelle Low Black Gum,195398.0,Toko Sepatu Bandung,IDLCPDWXGD
1729677742968703575,1729677742968441431,Sepatu Gazelle Hi Black Gum,216306.3,Toko Sepatu Bandung,IDLCPDWXGD
1729677759600036439,1729677759599905367,Sepatu Gazelle Low Cream,196587.15,Toko Sepatu Bandung,IDLCPDWXGD
1729677755464452695,1729677755464059479,Sepatu Gazelle Low Black White,190391.5,Toko Sepatu Bandung,IDLCPDWXGD
1731079464714732931,1729768344261264771,Sepatu Tribune Black Gum / White Blue / Navy Gum / Home Black / Away Maroon,423300.0,Toko Sepatu Bandung,IDLCT8WHEM
1729677743140866647,1729677743140473431,Sepatu Retrograde Low Black White,258891.3,Toko Sepatu Bandung,IDLCPDWXGD
1729677759600233047,1729677759599905367,Sepatu Gazelle Low Cream,201441.5,Toko Sepatu Bandung,IDLCPDWXGD
1729677743141194327,1729677743140473431,Sepatu Retrograde Low Black White,254641.3,Toko Sepatu Bandung,IDLCPDWXGD
1729677755464583767,1729677755464059479,Sepatu Gazelle Low Black White,195466.0,Toko Sepatu Bandung,IDLCPDWXGD
1729677743141063255,1729677743140473431,Sepatu Retrograde Low Black White,258232.55,Toko Sepatu Bandung,IDLCPDWXGD
1729677758276078167,1729677758275553879,Sepatu Gazelle Low Black Gum,196564.19999999998,Toko Sepatu Bandung,IDLCPDWXGD
1729677747184437847,1729677747184175703,Sepatu Retrograde Low White Blue,308210.0,Toko Sepatu Bandung,IDLCPDWXGD
1731927306071934551,1731927283872138839,Sepatu Tribune Shadow,423300.0,Toko Sepatu Bandung,IDLCPDWXGD
1729677755464452695,1729677755464059479,Sepatu Gazelle Low Black White,183934.9,Toko Sepatu Bandung,IDLCPDWXGD
1729677758275750487,1729677758275553879,Sepatu Gazelle Low Black Gum,201288.5,Toko Sepatu Bandung,IDLCPDWXGD
1729677742968703575,1729677742968441431,Sepatu Gazelle Hi Black Gum,194675.5,Toko Sepatu Bandung,IDLCPDWXGD
1729677758276209239,1729677758275553879,Sepatu Gazelle Low Black Gum,195398.0,Toko Sepatu Bandung,IDLCPDWXGD
1729677755464649303,1729677755464059479,Sepatu Gazelle Low Black White,196418.0,Toko Sepatu Bandung,IDLCPDWXGD
1729677758275684951,1729677758275553879,Sepatu Gazelle Low Black Gum,200897.5,Toko Sepatu Bandung,IDLCPDWXGD
1729677746703469143,1729677747184175703,Sepatu Retrograde Low White Blue,256341.3,Toko Sepatu Bandung,IDLCPDWXGD
1729677758276012631,1729677758275553879,Sepatu Gazelle Low Black Gum,197519.6,Toko Sepatu Bandung,IDLCPDWXGD
1731401493348451927,1731401492200326743,Sepatu Retrograde Camp Hi Olive,423300.0,Toko Sepatu Bandung,IDLCPDWXGD
1729677758275816023,1729677758275553879,Sepatu Gazelle Low Black Gum,196089.9,Toko Sepatu Bandung,IDLCPDWXGD
1730174743204038231,1730174756446373463,Sepatu Tribune Black Gum,411865.8,Toko Sepatu Bandung,IDLCPDWXGD
1729677758276078167,1729677758275553879,Sepatu Gazelle Low Black Gum,194641.5,Toko Sepatu Bandung,IDLCPDWXGD
1729677743140932183,1729677743140473431,Sepatu Retrograde Low Black White,259442.94999999998,Toko Sepatu Bandung,IDLCPDWXGD
1729677758276143703,1729677758275553879,Sepatu Gazelle Low Black Gum,197699.8,Toko Sepatu Bandung,IDLCPDWXGD
1734483831936943491,1734483785564784003,Slider Mono Black / Mono Grey / Mono Beige / Black,241359.19999999998,Toko Sepatu Bandung,IDLCT8WHEM
1729677759600364119,1729677759599905367,Sepatu Gazelle Low Cream,242700.5,Toko Sepatu Bandung,IDLCPDWXGD
1729677755464583767,1729677755464059479,Sepatu Gazelle Low Black White,190391.5,Toko Sepatu Bandung,IDLCPDWXGD
1729677743141063255,1729677743140473431,Sepatu Retrograde Low Black White,258891.3,Toko Sepatu Bandung,IDLCPDWXGD
1731967978190898563,1731967941545657731,Sepatu Velocity Canvas Black / Natural / Grey,335357.3,Toko Sepatu Bandung,IDLCT8WHEM
1729677743140866647,1729677743140473431,Sepatu Retrograde Low Black White,258865.8,Toko Sepatu Bandung,IDLCPDWXGD
1729677758276012631,1729677758275553879,Sepatu Gazelle Low Black Gum,193791.5,Toko Sepatu Bandung,IDLCPDWXGD
1729677743141128791,1729677743140473431,Sepatu Retrograde Low Black White,258926.15,Toko Sepatu Bandung,IDLCPDWXGD
1729677758276209239,1729677758275553879,Sepatu Gazelle Low Black Gum,230472.4,Toko Sepatu Bandung,IDLCPDWXGD
1729677742105004631,1729677742104545879,Sepatu Retrograde Low Cream,265691.3,Toko Sepatu Bandung,IDLCPDWXGD
1729677742104873559,1729677742104545879,Sepatu Retrograde Low Cream,263034.2,Toko Sepatu Bandung,IDLCPDWXGD
1729677758276209239,1729677758275553879,Sepatu Gazelle Low Black Gum,230800.5,Toko Sepatu Bandung,IDLCPDWXGD
1729677743140932183,1729677743140473431,Sepatu Retrograde Low Black White,248169.4,Toko Sepatu Bandung,IDLCPDWXGD
1729677759600364119,1729677759599905367,Sepatu Gazelle Low Cream,201441.5,Toko Sepatu Bandung,IDLCPDWXGD
1731927306072000087,1731927283872138839,Sepatu Tribune Shadow,410601.0,Toko Sepatu Bandung,IDLCPDWXGD
1729677742104808023,1729677742104545879,Sepatu Retrograde Low Cream,258865.8,Toko Sepatu Bandung,IDLCPDWXGD
1734650508941493635,1734483785564784003,Slider Mono Black / Mono Grey / Mono Beige / Black,257840.69999999998,Toko Sepatu Bandung,IDLCT8WHEM
1731927306072196695,1731927283872138839,Sepatu Tribune Shadow,441801.95,Toko Sepatu Bandung,IDLCPDWXGD
1729677759600429655,1729677759599905367,Sepatu Gazelle Low Cream,195398.0,Toko Sepatu Bandung,IDLCPDWXGD
1729677746703403607,1729677747184175703,Sepatu Retrograde Low White Blue,260264.05,Toko Sepatu Bandung,IDLCPDWXGD
1729677758276078167,1729677758275553879,Sepatu Gazelle Low Black Gum,184452.55,Toko Sepatu Bandung,IDLCPDWXGD
1729677759600167511,1729677759599905367,Sepatu Gazelle Low Cream,212804.3,Toko Sepatu Bandung,IDLCPDWXGD
1729677755464518231,1729677755464059479,Sepatu Gazelle Low Black White,195398.85,Toko Sepatu Bandung,IDLCPDWXGD
1729677755464452695,1729677755464059479,Sepatu Gazelle Low Black White,195398.0,Toko Sepatu Bandung,IDLCPDWXGD
1729677759600626263,1729677759599905367,Sepatu Gazelle Low Cream,201441.5,Toko Sepatu Bandung,IDLCPDWXGD
1729677759600364119,1729677759599905367,Sepatu Gazelle Low Cream,195398.0,Toko Sepatu Bandung,IDLCPDWXGD
1731927306071672407,1731927283872138839,Sepatu Tribune Shadow,418071.64999999997,Toko Sepatu Bandung,IDLCPDWXGD
1731308725957985667,1729768344261264771,Sepatu Tribune Black Gum / White Blue / Navy Gum / Home Black / Away Maroon,446088.5,Toko Sepatu Bandung,IDLCT8WHEM
1729677747184503383,1729677747184175703,Sepatu Retrograde Low White Blue,293853.5,Toko Sepatu Bandung,IDLCPDWXGD
1729677759600101975,1729677759599905367,Sepatu Gazelle Low Cream,201441.5,Toko Sepatu Bandung,IDLCPDWXGD
1730121322703455619,1729583996951366019,Sepatu Gazelle Low Black White / Cream / White Blue / White red / Black Gum,279208.85,Toko Sepatu Bandung,IDLCT8WHEM
1729677758275881559,1729677758275553879,Sepatu Gazelle Low Black Gum,184452.55,Toko Sepatu Bandung,IDLCPDWXGD
1729677743140997719,1729677743140473431,Sepatu Retrograde Low Black White,247093.3,Toko Sepatu Bandung,IDLCPDWXGD
1729677747184503383,1729677747184175703,Sepatu Retrograde Low White Blue,310760.0,Toko Sepatu Bandung,IDLCPDWXGD
1729677759600233047,1729677759599905367,Sepatu Gazelle Low Cream,195398.0,Toko Sepatu Bandung,IDLCPDWXGD
1729677755464649303,1729677755464059479,Sepatu Gazelle Low Black White,201263.0,Toko Sepatu Bandung,IDLCPDWXGD
1729677759600101975,1729677759599905367,Sepatu Gazelle Low Cream,195398.0,Toko Sepatu Bandung,IDLCPDWXGD
1729677758276274775,1729677758275553879,Sepatu Gazelle Low Black Gum,201441.5,Toko Sepatu Bandung,IDLCPDWXGD
1729677742968769111,1729677742968441431,Sepatu Gazelle Hi Black Gum,210618.1,Toko Sepatu Bandung,IDLCPDWXGD
1734650508941362563,1734483785564784003,Slider Mono Black / Mono Grey / Mono Beige / Black,246151.5,Toko Sepatu Bandung,IDLCT8WHEM
1729677743140932183,1729677743140473431,Sepatu Retrograde Low Black White,279996.8,Toko Sepatu Bandung,IDLCPDWXGD
1729677759600298583,1729677759599905367,Sepatu Gazelle Low Cream,205081.19999999998,Toko Sepatu Bandung,IDLCPDWXGD
1729677759600233047,1729677759599905367,Sepatu Gazelle Low Cream,205080.35,Toko Sepatu Bandung,IDLCPDWXGD
1729677755464452695,1729677755464059479,Sepatu Gazelle Low Black White,205081.19999999998,Toko Sepatu Bandung,IDLCPDWXGD
1729677755464387159,1729677755464059479,Sepatu Gazelle Low Black White,205080.35,Toko Sepatu Bandung,IDLCPDWXGD
1729677742104873559,1729677742104545879,Sepatu Retrograde Low Cream,270492.1,Toko Sepatu Bandung,IDLCPDWXGD
1730706106318751319,1730706116728161879,Sepatu Tribune Home Black,453550.64999999997,Toko Sepatu Bandung,IDLCPDWXGD
1729677759600298583,1729677759599905367,Sepatu Gazelle Low Cream,201441.5,Toko Sepatu Bandung,IDLCPDWXGD
1729677759600298583,1729677759599905367,Sepatu Gazelle Low Cream,241762.1,Toko Sepatu Bandung,IDLCPDWXGD
1729677755464452695,1729677755464059479,Sepatu Gazelle Low Black White,183158.0,Toko Sepatu Bandung,IDLCPDWXGD
1731927306071803479,1731927283872138839,Sepatu Tribune Shadow,415650.0,Toko Sepatu Bandung,IDLCPDWXGD
1734650508941493635,1734483785564784003,Slider Mono Black / Mono Grey / Mono Beige / Black,236869.5,Toko Sepatu Bandung,IDLCT8WHEM
1729677742968703575,1729677742968441431,Sepatu Gazelle Hi Black Gum,209817.4,Toko Sepatu Bandung,IDLCPDWXGD
1729677743140932183,1729677743140473431,Sepatu Retrograde Low Black White,265661.55,Toko Sepatu Bandung,IDLCPDWXGD
1729677755464452695,1729677755464059479,Sepatu Gazelle Low Black White,193936.85,Toko Sepatu Bandung,IDLCPDWXGD
1729677755464256087,1729677755464059479,Sepatu Gazelle Low Black White,189626.5,Toko Sepatu Bandung,IDLCPDWXGD
1729677746703338071,1729677747184175703,Sepatu Retrograde Low White Blue,257720.85,Toko Sepatu Bandung,IDLCPDWXGD
1729677755464583767,1729677755464059479,Sepatu Gazelle Low Black White,196892.3,Toko Sepatu Bandung,IDLCPDWXGD
1729677743140866647,1729677743140473431,Sepatu Retrograde Low Black White,252410.9,Toko Sepatu Bandung,IDLCPDWXGD
1729677742104873559,1729677742104545879,Sepatu Retrograde Low Cream,257720.85,Toko Sepatu Bandung,IDLCPDWXGD
1729677743140997719,1729677743140473431,Sepatu Retrograde Low Black White,248504.3,Toko Sepatu Bandung,IDLCPDWXGD
1729677758276078167,1729677758275553879,Sepatu Gazelle Low Black Gum,242760.0,Toko Sepatu Bandung,IDLCPDWXGD
1729677755464583767,1729677755464059479,Sepatu Gazelle Low Black White,190366.0,Toko Sepatu Bandung,IDLCPDWXGD
1729677758276078167,1729677758275553879,Sepatu Gazelle Low Black Gum,195556.94999999998,Toko Sepatu Bandung,IDLCPDWXGD
1729677742105070167,1729677742104545879,Sepatu Retrograde Low Cream,257901.05,Toko Sepatu Bandung,IDLCPDWXGD
1729677742105201239,1729677742104545879,Sepatu Retrograde Low Cream,320110.0,Toko Sepatu Bandung,IDLCPDWXGD
1729677758275881559,1729677758275553879,Sepatu Gazelle Low Black Gum,227174.4,Toko Sepatu Bandung,IDLCPDWXGD
1731308725957920131,1729768344261264771,Sepatu Tribune Black Gum / White Blue / Navy Gum / Home Black / Away Maroon,450881.64999999997,Toko Sepatu Bandung,IDLCT8WHEM
1729677743141063255,1729677743140473431,Sepatu Retrograde Low Black White,261521.19999999998,Toko Sepatu Bandung,IDLCPDWXGD
1731298803851101571,1731298756864148867,Sepatu Gazelle Popsicle Yellow / Blue / Green / Red,193236.44999999998,Toko Sepatu Bandung,IDLCT8WHEM
1729677743140932183,1729677743140473431,Sepatu Retrograde Low Black White,256341.3,Toko Sepatu Bandung,IDLCPDWXGD
1730706106318751319,1730706116728161879,Sepatu Tribune Home Black,448154.0,Toko Sepatu Bandung,IDLCPDWXGD
1729677740302699095,1729677742968441431,Sepatu Gazelle Hi Black Gum,209817.4,Toko Sepatu Bandung,IDLCPDWXGD
1729677740302699095,1729677742968441431,Sepatu Gazelle Hi Black Gum,210602.8,Toko Sepatu Bandung,IDLCPDWXGD
1729677742105070167,1729677742104545879,Sepatu Retrograde Low Cream,265691.3,Toko Sepatu Bandung,IDLCPDWXGD
1730868728727570007,1730868777127282263,Sepatu Tribune White Green,457300.0,Toko Sepatu Bandung,IDLCPDWXGD
1729561361792992855,1729561362209539671,Sepatu Retrograde Low Triple Black,368172.39999999997,Toko Sepatu Bandung,IDLCPDWXGD
1729677746703403607,1729677747184175703,Sepatu Retrograde Low White Blue,262933.05,Toko Sepatu Bandung,IDLCPDWXGD
1729628808088356439,1729628808088028759,Sepatu Gazelle Hi Cream,308938.45,Toko Sepatu Bandung,IDLCPDWXGD
1729677755464714839,1729677755464059479,Sepatu Gazelle Low Black White,195398.0,Toko Sepatu Bandung,IDLCPDWXGD
1729677742968769111,1729677742968441431,Sepatu Gazelle Hi Black Gum,215078.05,Toko Sepatu Bandung,IDLCPDWXGD
1731308689765401987,1729768344261264771,Sepatu Tribune Black Gum / White Blue / Navy Gum / Home Black / Away Maroon,442756.5,Toko Sepatu Bandung,IDLCT8WHEM
1729677742968769111,1729677742968441431,Sepatu Gazelle Hi Black Gum,211453.65,Toko Sepatu Bandung,IDLCPDWXGD
1729677758276274775,1729677758275553879,Sepatu Gazelle Low Black Gum,230800.5,Toko Sepatu Bandung,IDLCPDWXGD
1731079464714667395,1729768344261264771,Sepatu Tribune Black Gum / White Blue / Navy Gum / Home Black / Away Maroon,508300.0,Toko Sepatu Bandung,IDLCT8WHEM
1731967978190833027,1731967941545657731,Sepatu Velocity Canvas Black / Natural / Grey,335331.8,Toko Sepatu Bandung,IDLCT8WHEM
1729677759600233047,1729677759599905367,Sepatu Gazelle Low Cream,202776.0,Toko Sepatu Bandung,IDLCPDWXGD
1729677743140801111,1729677743140473431,Sepatu Retrograde Low Black White,260842.05,Toko Sepatu Bandung,IDLCPDWXGD
1729677746703338071,1729677747184175703,Sepatu Retrograde Low White Blue,265640.3,Toko Sepatu Bandung,IDLCPDWXGD
1731079464714601859,1729768344261264771,Sepatu Tribune Black Gum / White Blue / Navy Gum / Home Black / Away Maroon,421651.85,Toko Sepatu Bandung,IDLCT8WHEM
1729677742105004631,1729677742104545879,Sepatu Retrograde Low Cream,258891.3,Toko Sepatu Bandung,IDLCPDWXGD
1730806636780881495,1730806637054625367,Sepatu Gazelle Low Weaves Sand,224188.35,Toko Sepatu Bandung,IDLCPDWXGD
1729677758276078167,1729677758275553879,Sepatu Gazelle Low Black Gum,201407.5,Toko Sepatu Bandung,IDLCPDWXGD
1729562551000073603,1729562534016288131,[ORIGINAL] Kanky Story Kitadake Green / Navy / Charcoal / All Black / Black Forest - Sport Style,210389.44999999998,Toko Sepatu Bandung,IDLCT8WHEM
1729677755464452695,1729677755464059479,Sepatu Gazelle Low Black White,185266.0,Toko Sepatu Bandung,IDLCPDWXGD
1731927306071737943,1731927283872138839,Sepatu Tribune Shadow,423300.0,Toko Sepatu Bandung,IDLCPDWXGD
1729677755464452695,1729677755464059479,Sepatu Gazelle Low Black White,191369.0,Toko Sepatu Bandung,IDLCPDWXGD
1729677755464452695,1729677755464059479,Sepatu Gazelle Low Black White,235900.5,Toko Sepatu Bandung,IDLCPDWXGD
1729677740302699095,1729677742968441431,Sepatu Gazelle Hi Black Gum,216306.3,Toko Sepatu Bandung,IDLCPDWXGD
1729677746703469143,1729677747184175703,Sepatu Retrograde Low White Blue,258585.3,Toko Sepatu Bandung,IDLCPDWXGD
1729677758276012631,1729677758275553879,Sepatu Gazelle Low Black Gum,201390.5,Toko Sepatu Bandung,IDLCPDWXGD
1731308689765401987,1729768344261264771,Sepatu Tribune Black Gum / White Blue / Navy Gum / Home Black / Away Maroon,442799.0,Toko Sepatu Bandung,IDLCT8WHEM
1729677742968834647,1729677742968441431,Sepatu Gazelle Hi Black Gum,211094.1,Toko Sepatu Bandung,IDLCPDWXGD
1730651001345574487,1730651021212354135,Sepatu Tribune Navy Gum,419262.5,Toko Sepatu Bandung,IDLCPDWXGD
1729677743140866647,1729677743140473431,Sepatu Retrograde Low Black White,264510.64999999997,Toko Sepatu Bandung,IDLCPDWXGD
1729561361937303127,1729561361936909911,Sepatu Retrograde Hi Decon Triple Black,438600.0,Toko Sepatu Bandung,IDLCPDWXGD
1729677755464452695,1729677755464059479,Sepatu Gazelle Low Black White,191845.0,Toko Sepatu Bandung,IDLCPDWXGD
1729677746703338071,1729677747184175703,Sepatu Retrograde Low White Blue,265665.8,Toko Sepatu Bandung,IDLCPDWXGD
1731308689765336451,1729768344261264771,Sepatu Tribune Black Gum / White Blue / Navy Gum / Home Black / Away Maroon,498100.0,Toko Sepatu Bandung,IDLCT8WHEM
1729677747184372311,1729677747184175703,Sepatu Retrograde Low White Blue,258891.3,Toko Sepatu Bandung,IDLCPDWXGD
1729677746703469143,1729677747184175703,Sepatu Retrograde Low White Blue,258687.3,Toko Sepatu Bandung,IDLCPDWXGD
1730706088343012951,1730706121172026967,Sepatu Tribune Away Maroon,446250.0,Toko Sepatu Bandung,IDLCPDWXGD
1729677755464649303,1729677755464059479,Sepatu Gazelle Low Black White,183128.25,Toko Sepatu Bandung,IDLCPDWXGD
1729562551000728963,1729562534016288131,[ORIGINAL] Kanky Story Kitadake Green / Navy / Charcoal / All Black / Black Forest - Sport Style,212637.69999999998,Toko Sepatu Bandung,IDLCT8WHEM
1729677743140801111,1729677743140473431,Sepatu Retrograde Low Black White,263182.95,Toko Sepatu Bandung,IDLCPDWXGD
1729677755464452695,1729677755464059479,Sepatu Gazelle Low Black White,192091.5,Toko Sepatu Bandung,IDLCPDWXGD
1729677759600101975,1729677759599905367,Sepatu Gazelle Low Cream,242700.5,Toko Sepatu Bandung,IDLCPDWXGD
1729677755464649303,1729677755464059479,Sepatu Gazelle Low Black White,183737.69999999998,Toko Sepatu Bandung,IDLCPDWXGD
1730174743204169303,1730174756446373463,Sepatu Tribune Black Gum,414494.0,Toko Sepatu Bandung,IDLCPDWXGD
1729677747184503383,1729677747184175703,Sepatu Retrograde Low White Blue,249311.8,Toko Sepatu Bandung,IDLCPDWXGD
1731298803850904963,1731298756864148867,Sepatu Gazelle Popsicle Yellow / Blue / Green / Red,193236.44999999998,Toko Sepatu Bandung,IDLCT8WHEM
1731079464714798467,1729768344261264771,Sepatu Tribune Black Gum / White Blue / Navy Gum / Home Black / Away Maroon,412250.0,Toko Sepatu Bandung,IDLCT8WHEM
1729677746703403607,1729677747184175703,Sepatu Retrograde Low White Blue,286110.0,Toko Sepatu Bandung,IDLCPDWXGD
1729677742104611415,1729677742104545879,Sepatu Retrograde Low Cream,257720.85,Toko Sepatu Bandung,IDLCPDWXGD
1730174772820084311,1730174848005801559,Sepatu Tribune Red Gum,413950.0,Toko Sepatu Bandung,IDLCPDWXGD
1729677747184503383,1729677747184175703,Sepatu Retrograde Low White Blue,233990.55,Toko Sepatu Bandung,IDLCPDWXGD
1729677746703403607,1729677747184175703,Sepatu Retrograde Low White Blue,249515.8,Toko Sepatu Bandung,IDLCPDWXGD
1729677759600429655,1729677759599905367,Sepatu Gazelle Low Cream,201441.5,Toko Sepatu Bandung,IDLCPDWXGD
1729677758276012631,1729677758275553879,Sepatu Gazelle Low Black Gum,200004.15,Toko Sepatu Bandung,IDLCPDWXGD
1729677743140997719,1729677743140473431,Sepatu Retrograde Low Black White,239122.0,Toko Sepatu Bandung,IDLCPDWXGD
1731308725957854595,1729768344261264771,Sepatu Tribune Black Gum / White Blue / Navy Gum / Home Black / Away Maroon,452633.5,Toko Sepatu Bandung,IDLCT8WHEM
1730651001345508951,1730651021212354135,Sepatu Tribune Navy Gum,419350.89999999997,Toko Sepatu Bandung,IDLCPDWXGD
1729677759600298583,1729677759599905367,Sepatu Gazelle Low Cream,196674.69999999998,Toko Sepatu Bandung,IDLCPDWXGD
1729677742105004631,1729677742104545879,Sepatu Retrograde Low Cream,261434.5,Toko Sepatu Bandung,IDLCPDWXGD
1729677758276143703,1729677758275553879,Sepatu Gazelle Low Black Gum,177268.35,Toko Sepatu Bandung,IDLCPDWXGD
1729677742105135703,1729677742104545879,Sepatu Retrograde Low Cream,263217.8,Toko Sepatu Bandung,IDLCPDWXGD
1729677743140735575,1729677743140473431,Sepatu Retrograde Low Black White,259743.0,Toko Sepatu Bandung,IDLCPDWXGD
1731308725957985667,1729768344261264771,Sepatu Tribune Black Gum / White Blue / Navy Gum / Home Black / Away Maroon,457300.0,Toko Sepatu Bandung,IDLCT8WHEM
1729677743140932183,1729677743140473431,Sepatu Retrograde Low Black White,279310.0,Toko Sepatu Bandung,IDLCPDWXGD
1734483831936943491,1734483785564784003,Slider Mono Black / Mono Grey / Mono Beige / Black,238833.0,Toko Sepatu Bandung,IDLCT8WHEM
1729677755464321623,1729677755464059479,Sepatu Gazelle Low Black White,223051.9,Toko Sepatu Bandung,IDLCPDWXGD
1731308725958051203,1729768344261264771,Sepatu Tribune Black Gum / White Blue / Navy Gum / Home Black / Away Maroon,508300.0,Toko Sepatu Bandung,IDLCT8WHEM
1731927306072000087,1731927283872138839,Sepatu Tribune Shadow,414800.0,Toko Sepatu Bandung,IDLCPDWXGD
1729677759600298583,1729677759599905367,Sepatu Gazelle Low Cream,195737.15,Toko Sepatu Bandung,IDLCPDWXGD
1731308725957920131,1729768344261264771,Sepatu Tribune Black Gum / White Blue / Navy Gum / Home Black / Away Maroon,453182.6,Toko Sepatu Bandung,IDLCT8WHEM
1729677734993234519,1729677734992710231,Sepatu Gazelle Hi Black White,299670.05,Toko Sepatu Bandung,IDLCPDWXGD
1730651001345705559,1730651021212354135,Sepatu Tribune Navy Gum,410601.0,Toko Sepatu Bandung,IDLCPDWXGD
1729677759600233047,1729677759599905367,Sepatu Gazelle Low Cream,199540.9,Toko Sepatu Bandung,IDLCPDWXGD
1729677746703600215,1729677747184175703,Sepatu Retrograde Low White Blue,254641.3,Toko Sepatu Bandung,IDLCPDWXGD
1729562550999811459,1729562534016288131,[ORIGINAL] Kanky Story Kitadake Green / Navy / Charcoal / All Black / Black Forest - Sport Style,212637.69999999998,Toko Sepatu Bandung,IDLCT8WHEM
1734483831936681347,1734483785564784003,Slider Mono Black / Mono Grey / Mono Beige / Black,248174.5,Toko Sepatu Bandung,IDLCT8WHEM
1730154400086394243,1729562534016288131,[ORIGINAL] Kanky Story Kitadake Green / Navy / Charcoal / All Black / Black Forest - Sport Style,212637.69999999998,Toko Sepatu Bandung,IDLCT8WHEM
1729677758276209239,1729677758275553879,Sepatu Gazelle Low Black Gum,236536.3,Toko Sepatu Bandung,IDLCPDWXGD
1729677755464649303,1729677755464059479,Sepatu Gazelle Low Black White,201416.0,Toko Sepatu Bandung,IDLCPDWXGD
1731298756262135171,1731298756864148867,Sepatu Gazelle Popsicle Yellow / Blue / Green / Red,190295.44999999998,Toko Sepatu Bandung,IDLCT8WHEM
1729677758275881559,1729677758275553879,Sepatu Gazelle Low Black Gum,242700.5,Toko Sepatu Bandung,IDLCPDWXGD
1729677758275947095,1729677758275553879,Sepatu Gazelle Low Black Gum,200088.3,Toko Sepatu Bandung,IDLCPDWXGD
1730806636781143639,1730806637054625367,Sepatu Gazelle Low Weaves Sand,221746.3,Toko Sepatu Bandung,IDLCPDWXGD
1734650508941559171,1734483785564784003,Slider Mono Black / Mono Grey / Mono Beige / Black,238833.0,Toko Sepatu Bandung,IDLCT8WHEM
1729677758275947095,1729677758275553879,Sepatu Gazelle Low Black Gum,197134.55,Toko Sepatu Bandung,IDLCPDWXGD
1729677758275881559,1729677758275553879,Sepatu Gazelle Low Black Gum,195398.0,Toko Sepatu Bandung,IDLCPDWXGD
1729677759600429655,1729677759599905367,Sepatu Gazelle Low Cream,195398.85,Toko Sepatu Bandung,IDLCPDWXGD
1729677758275947095,1729677758275553879,Sepatu Gazelle Low Black Gum,194641.5,Toko Sepatu Bandung,IDLCPDWXGD
1729677758276078167,1729677758275553879,Sepatu Gazelle Low Black Gum,189355.35,Toko Sepatu Bandung,IDLCPDWXGD
1729677758276012631,1729677758275553879,Sepatu Gazelle Low Black Gum,190366.0,Toko Sepatu Bandung,IDLCPDWXGD
1729677759600364119,1729677759599905367,Sepatu Gazelle Low Cream,230860.0,Toko Sepatu Bandung,IDLCPDWXGD
1729677755464321623,1729677755464059479,Sepatu Gazelle Low Black White,187841.5,Toko Sepatu Bandung,IDLCPDWXGD
1729677755464518231,1729677755464059479,Sepatu Gazelle Low Black White,190689.85,Toko Sepatu Bandung,IDLCPDWXGD
1729677743140932183,1729677743140473431,Sepatu Retrograde Low Black White,320110.0,Toko Sepatu Bandung,IDLCPDWXGD
1731418659331868035,1730005626441402755,Giordano Polo 3D Lion / Napoleon Shirt ORIGINAL Men Pria Kerah Baju Kaos Katun,150843.55,Toko Sepatu Bandung,IDLCT8WHEM
1729677758275816023,1729677758275553879,Sepatu Gazelle Low Black Gum,189355.35,Toko Sepatu Bandung,IDLCPDWXGD
1729677743141194327,1729677743140473431,Sepatu Retrograde Low Black White,262088.15,Toko Sepatu Bandung,IDLCPDWXGD
1730137722202981763,1729602012917762435,Sepatu Retrograde High Decon Black White / Cream / Triple Black,360859.0,Toko Sepatu Bandung,IDLCT8WHEM
1729677758276078167,1729677758275553879,Sepatu Gazelle Low Black Gum,177268.35,Toko Sepatu Bandung,IDLCPDWXGD
1729677758275750487,1729677758275553879,Sepatu Gazelle Low Black Gum,199741.5,Toko Sepatu Bandung,IDLCPDWXGD
1729677758275881559,1729677758275553879,Sepatu Gazelle Low Black Gum,230800.5,Toko Sepatu Bandung,IDLCPDWXGD
1734483831936681347,1734483785564784003,Slider Mono Black / Mono Grey / Mono Beige / Black,244700.55,Toko Sepatu Bandung,IDLCT8WHEM
1734439081841296983,1734439093365802583,Sepatu Tribune Nylon Modular,419254.0,Toko Sepatu Bandung,IDLCPDWXGD
1729677743140801111,1729677743140473431,Sepatu Retrograde Low Black White,259670.75,Toko Sepatu Bandung,IDLCPDWXGD
1729677758275947095,1729677758275553879,Sepatu Gazelle Low Black Gum,190366.0,Toko Sepatu Bandung,IDLCPDWXGD
1729677743141063255,1729677743140473431,Sepatu Retrograde Low Black White,259436.15,Toko Sepatu Bandung,IDLCPDWXGD
1729677755464321623,1729677755464059479,Sepatu Gazelle Low Black White,196775.0,Toko Sepatu Bandung,IDLCPDWXGD
1729677743140604503,1729677743140473431,Sepatu Retrograde Low Black White,257720.85,Toko Sepatu Bandung,IDLCPDWXGD
1730806648018863703,1730806654709565015,Sepatu Gazelle Low Weaves Graphite,231121.8,Toko Sepatu Bandung,IDLCPDWXGD
1729677755464321623,1729677755464059479,Sepatu Gazelle Low Black White,199841.8,Toko Sepatu Bandung,IDLCPDWXGD
1729677743141063255,1729677743140473431,Sepatu Retrograde Low Black White,265487.3,Toko Sepatu Bandung,IDLCPDWXGD
1729677755464583767,1729677755464059479,Sepatu Gazelle Low Black White,182455.9,Toko Sepatu Bandung,IDLCPDWXGD
1729677743141128791,1729677743140473431,Sepatu Retrograde Low Black White,257720.85,Toko Sepatu Bandung,IDLCPDWXGD
1729677758276078167,1729677758275553879,Sepatu Gazelle Low Black Gum,200118.9,Toko Sepatu Bandung,IDLCPDWXGD
1729677742105266775,1729677742104545879,Sepatu Retrograde Low Cream,265691.3,Toko Sepatu Bandung,IDLCPDWXGD
1729677758275947095,1729677758275553879,Sepatu Gazelle Low Black Gum,194590.5,Toko Sepatu Bandung,IDLCPDWXGD
1729677759600364119,1729677759599905367,Sepatu Gazelle Low Cream,242760.0,Toko Sepatu Bandung,IDLCPDWXGD
1729677758276143703,1729677758275553879,Sepatu Gazelle Low Black Gum,197055.5,Toko Sepatu Bandung,IDLCPDWXGD
1729677758275816023,1729677758275553879,Sepatu Gazelle Low Black Gum,196587.15,Toko Sepatu Bandung,IDLCPDWXGD
1734483831936943491,1734483785564784003,Slider Mono Black / Mono Grey / Mono Beige / Black,239575.05,Toko Sepatu Bandung,IDLCT8WHEM
1729677755464387159,1729677755464059479,Sepatu Gazelle Low Black White,192091.5,Toko Sepatu Bandung,IDLCPDWXGD
1729677755464583767,1729677755464059479,Sepatu Gazelle Low Black White,198942.5,Toko Sepatu Bandung,IDLCPDWXGD
1729677758276012631,1729677758275553879,Sepatu Gazelle Low Black Gum,180437.15,Toko Sepatu Bandung,IDLCPDWXGD
1729677755464649303,1729677755464059479,Sepatu Gazelle Low Black White,197571.44999999998,Toko Sepatu Bandung,IDLCPDWXGD
1729677742968834647,1729677742968441431,Sepatu Gazelle Hi Black Gum,206956.3,Toko Sepatu Bandung,IDLCPDWXGD
1732312223986845133,1732311523353003469,Cartiera Omar Baju Koko Pria Kemeja Lengan Panjang Baju Muslim Premium Regular Fit,152914.15,Store_4,IDLCTKL22Q
1730174772819953239,1730174848005801559,Sepatu Tribune Red Gum,413150.14999999997,Toko Sepatu Bandung,IDLCPDWXGD
1729677742104808023,1729677742104545879,Sepatu Retrograde Low Cream,268494.6,Toko Sepatu Bandung,IDLCPDWXGD
1730806636781274711,1730806637054625367,Sepatu Gazelle Low Weaves Sand,224188.35,Toko Sepatu Bandung,IDLCPDWXGD
1729677755464649303,1729677755464059479,Sepatu Gazelle Low Black White,230860.0,Toko Sepatu Bandung,IDLCPDWXGD
1731079464714536323,1729768344261264771,Sepatu Tribune Black Gum / White Blue / Navy Gum / Home Black / Away Maroon,409776.5,Toko Sepatu Bandung,IDLCT8WHEM
1729677759600233047,1729677759599905367,Sepatu Gazelle Low Cream,185326.35,Toko Sepatu Bandung,IDLCPDWXGD
1731308725958182275,1729768344261264771,Sepatu Tribune Black Gum / White Blue / Navy Gum / Home Black / Away Maroon,456943.85,Toko Sepatu Bandung,IDLCT8WHEM
1729677755464518231,1729677755464059479,Sepatu Gazelle Low Black White,177268.35,Toko Sepatu Bandung,IDLCPDWXGD
1731622713472616023,1731622766964541015,Sepatu Tribune Away Ocean,492421.14999999997,Toko Sepatu Bandung,IDLCPDWXGD
1730706106318685783,1730706116728161879,Sepatu Tribune Home Black,492421.14999999997,Toko Sepatu Bandung,IDLCPDWXGD
1729677758276209239,1729677758275553879,Sepatu Gazelle Low Black Gum,177268.35,Toko Sepatu Bandung,IDLCPDWXGD
1731079464714601859,1729768344261264771,Sepatu Tribune Black Gum / White Blue / Navy Gum / Home Black / Away Maroon,418925.05,Toko Sepatu Bandung,IDLCT8WHEM
1729677758276012631,1729677758275553879,Sepatu Gazelle Low Black Gum,196693.4,Toko Sepatu Bandung,IDLCPDWXGD
1729677736927070807,1729677736926480983,Sepatu Retrograde Hi Decon Black White,388702.45,Toko Sepatu Bandung,IDLCPDWXGD
1729677758275947095,1729677758275553879,Sepatu Gazelle Low Black Gum,192091.5,Toko Sepatu Bandung,IDLCPDWXGD
1729677746703469143,1729677747184175703,Sepatu Retrograde Low White Blue,257720.85,Toko Sepatu Bandung,IDLCPDWXGD
1729677758276012631,1729677758275553879,Sepatu Gazelle Low Black Gum,196924.6,Toko Sepatu Bandung,IDLCPDWXGD
1729677742104808023,1729677742104545879,Sepatu Retrograde Low Cream,265691.3,Toko Sepatu Bandung,IDLCPDWXGD
1729677747184437847,1729677747184175703,Sepatu Retrograde Low White Blue,260417.9,Toko Sepatu Bandung,IDLCPDWXGD
1729677746703534679,1729677747184175703,Sepatu Retrograde Low White Blue,304810.0,Toko Sepatu Bandung,IDLCPDWXGD
1729677759600233047,1729677759599905367,Sepatu Gazelle Low Cream,191333.3,Toko Sepatu Bandung,IDLCPDWXGD
1729677759600298583,1729677759599905367,Sepatu Gazelle Low Cream,195934.35,Toko Sepatu Bandung,IDLCPDWXGD
1729677740302961239,1729677742968441431,Sepatu Gazelle Hi Black Gum,216306.3,Toko Sepatu Bandung,IDLCPDWXGD
1729677740302961239,1729677742968441431,Sepatu Gazelle Hi Black Gum,209817.4,Toko Sepatu Bandung,IDLCPDWXGD
1729677758276143703,1729677758275553879,Sepatu Gazelle Low Black Gum,193791.5,Toko Sepatu Bandung,IDLCPDWXGD
1730174772503021143,1730174800969827927,Sepatu Tribune White Blue,423300.0,Toko Sepatu Bandung,IDLCPDWXGD
1729677743140997719,1729677743140473431,Sepatu Retrograde Low Black White,258190.9,Toko Sepatu Bandung,IDLCPDWXGD
1729677742105070167,1729677742104545879,Sepatu Retrograde Low Cream,260418.75,Toko Sepatu Bandung,IDLCPDWXGD
1729677743140801111,1729677743140473431,Sepatu Retrograde Low Black White,261552.65,Toko Sepatu Bandung,IDLCPDWXGD
1734439101179528791,1734439043897263703,Sepatu Tribune Nylon Black,418846.0,Toko Sepatu Bandung,IDLCPDWXGD
1729677743140932183,1729677743140473431,Sepatu Retrograde Low Black White,259044.3,Toko Sepatu Bandung,IDLCPDWXGD
1731298803850446211,1731298756864148867,Sepatu Gazelle Popsicle Yellow / Blue / Green / Red,192391.55,Toko Sepatu Bandung,IDLCT8WHEM
1729677755464780375,1729677755464059479,Sepatu Gazelle Low Black White,200560.9,Toko Sepatu Bandung,IDLCPDWXGD
1729677743140932183,1729677743140473431,Sepatu Retrograde Low Black White,258891.3,Toko Sepatu Bandung,IDLCPDWXGD
1729677746703534679,1729677747184175703,Sepatu Retrograde Low White Blue,251288.05,Toko Sepatu Bandung,IDLCPDWXGD
1729677758276078167,1729677758275553879,Sepatu Gazelle Low Black Gum,181297.35,Toko Sepatu Bandung,IDLCPDWXGD
1729677755464583767,1729677755464059479,Sepatu Gazelle Low Black White,232500.5,Toko Sepatu Bandung,IDLCPDWXGD
1729677742968572503,1729677742968441431,Sepatu Gazelle Hi Black Gum,250410.0,Toko Sepatu Bandung,IDLCPDWXGD
1730706107472053847,1730706116728161879,Sepatu Tribune Home Black,443581.0,Toko Sepatu Bandung,IDLCPDWXGD
1729677758275881559,1729677758275553879,Sepatu Gazelle Low Black Gum,201229.0,Toko Sepatu Bandung,IDLCPDWXGD
1729677742104808023,1729677742104545879,Sepatu Retrograde Low Cream,244436.19999999998,Toko Sepatu Bandung,IDLCPDWXGD
1729677759600364119,1729677759599905367,Sepatu Gazelle Low Cream,208210.9,Toko Sepatu Bandung,IDLCPDWXGD
1729677743141063255,1729677743140473431,Sepatu Retrograde Low Black White,265597.8,Toko Sepatu Bandung,IDLCPDWXGD
1730310850770470154,1730310857824109834,Paket 6 Pasang Kaos Kaki Oldschool Polos Panjang Dewasa Pria Wanita / Kaos Kaki Polos Cewek Cowok Sporty/Olahraga/Kerja/Casual Remaja Unisex Nyaman Tebal,30090.0,Store_1,IDLCJYLTBL
1731401465609487959,1731401464730912343,Sepatu Retrograde Camp Low Camel,392709.35,Toko Sepatu Bandung,IDLCPDWXGD
1729561361793058391,1729561362209539671,Sepatu Retrograde Low Triple Black,379559.0,Toko Sepatu Bandung,IDLCPDWXGD
1734439101179922007,1734439043897263703,Sepatu Tribune Nylon Black,431800.0,Toko Sepatu Bandung,IDLCPDWXGD
1730310858187965706,1730310857824109834,Paket 6 Pasang Kaos Kaki Oldschool Polos Panjang Dewasa Pria Wanita / Kaos Kaki Polos Cewek Cowok Sporty/Olahraga/Kerja/Casual Remaja Unisex Nyaman Tebal,29283.35,Store_1,IDLCJYLTBL
1731016355289269416,1731016368585475240,Paket Pembersih Sepatu Suede & Nubuck / Suede Brush + Suede Eraser Bonus Tali Sepatu,15741.15,Store_0,IDLCEHLLQ6
1729677747184372311,1729677747184175703,Sepatu Retrograde Low White Blue,265691.3,Toko Sepatu Bandung,IDLCPDWXGD
1731967978190898563,1731967941545657731,Sepatu Velocity Canvas Black / Natural / Grey,344707.3,Toko Sepatu Bandung,IDLCT8WHEM
1729677746703469143,1729677747184175703,Sepatu Retrograde Low White Blue,263991.3,Toko Sepatu Bandung,IDLCPDWXGD
1729677746703403607,1729677747184175703,Sepatu Retrograde Low White Blue,237981.3,Toko Sepatu Bandung,IDLCPDWXGD
1729677746703469143,1729677747184175703,Sepatu Retrograde Low White Blue,258581.05,Toko Sepatu Bandung,IDLCPDWXGD
1729677743140735575,1729677743140473431,Sepatu Retrograde Low Black White,256341.3,Toko Sepatu Bandung,IDLCPDWXGD
1729677743140997719,1729677743140473431,Sepatu Retrograde Low Black White,257950.35,Toko Sepatu Bandung,IDLCPDWXGD
1731967978191160707,1731967941545657731,Sepatu Velocity Canvas Black / Natural / Grey,415310.0,Toko Sepatu Bandung,IDLCT8WHEM
1729677759600626263,1729677759599905367,Sepatu Gazelle Low Cream,242700.5,Toko Sepatu Bandung,IDLCPDWXGD
1729677755464714839,1729677755464059479,Sepatu Gazelle Low Black White,190391.5,Toko Sepatu Bandung,IDLCPDWXGD
1729677758276143703,1729677758275553879,Sepatu Gazelle Low Black Gum,180048.69999999998,Toko Sepatu Bandung,IDLCPDWXGD
1731308725958051203,1729768344261264771,Sepatu Tribune Black Gum / White Blue / Navy Gum / Home Black / Away Maroon,452680.25,Toko Sepatu Bandung,IDLCT8WHEM
1729677759600364119,1729677759599905367,Sepatu Gazelle Low Cream,223875.55,Toko Sepatu Bandung,IDLCPDWXGD
1729677743140997719,1729677743140473431,Sepatu Retrograde Low Black White,258041.3,Toko Sepatu Bandung,IDLCPDWXGD
1729677755464452695,1729677755464059479,Sepatu Gazelle Low Black White,196447.75,Toko Sepatu Bandung,IDLCPDWXGD
1729677743140997719,1729677743140473431,Sepatu Retrograde Low Black White,256341.3,Toko Sepatu Bandung,IDLCPDWXGD
1734650508941428099,1734483785564784003,Slider Mono Black / Mono Grey / Mono Beige / Black,238833.0,Toko Sepatu Bandung,IDLCT8WHEM
1729677742968638039,1729677742968441431,Sepatu Gazelle Hi Black Gum,216306.3,Toko Sepatu Bandung,IDLCPDWXGD
1731308725957854595,1729768344261264771,Sepatu Tribune Black Gum / White Blue / Navy Gum / Home Black / Away Maroon,443581.0,Toko Sepatu Bandung,IDLCT8WHEM
1731967978191029635,1731967941545657731,Sepatu Velocity Canvas Black / Natural / Grey,334366.2,Toko Sepatu Bandung,IDLCT8WHEM
1729677746703338071,1729677747184175703,Sepatu Retrograde Low White Blue,254641.3,Toko Sepatu Bandung,IDLCPDWXGD
1729677755464321623,1729677755464059479,Sepatu Gazelle Low Black White,197217.0,Toko Sepatu Bandung,IDLCPDWXGD
1729677743140866647,1729677743140473431,Sepatu Retrograde Low Black White,265665.8,Toko Sepatu Bandung,IDLCPDWXGD
1729677759600101975,1729677759599905367,Sepatu Gazelle Low Cream,228823.4,Toko Sepatu Bandung,IDLCPDWXGD
1729677758276143703,1729677758275553879,Sepatu Gazelle Low Black Gum,201314.0,Toko Sepatu Bandung,IDLCPDWXGD
1731927306072196695,1731927283872138839,Sepatu Tribune Shadow,423300.0,Toko Sepatu Bandung,IDLCPDWXGD
1729677743140604503,1729677743140473431,Sepatu Retrograde Low Black White,265691.3,Toko Sepatu Bandung,IDLCPDWXGD
1729677736926874199,1729677736926480983,Sepatu Retrograde Hi Decon Black White,387721.55,Toko Sepatu Bandung,IDLCPDWXGD
1729677758327130711,1729677758326606423,Sepatu Gazelle Low White Blue,287773.45,Toko Sepatu Bandung,IDLCPDWXGD
1729677742104873559,1729677742104545879,Sepatu Retrograde Low Cream,258836.05,Toko Sepatu Bandung,IDLCPDWXGD
1731308689765270915,1729768344261264771,Sepatu Tribune Black Gum / White Blue / Navy Gum / Home Black / Away Maroon,448800.0,Toko Sepatu Bandung,IDLCT8WHEM
1729677743140997719,1729677743140473431,Sepatu Retrograde Low Black White,262838.7,Toko Sepatu Bandung,IDLCPDWXGD
1731308725958182275,1729768344261264771,Sepatu Tribune Black Gum / White Blue / Navy Gum / Home Black / Away Maroon,443700.0,Toko Sepatu Bandung,IDLCT8WHEM
1734650508941493635,1734483785564784003,Slider Mono Black / Mono Grey / Mono Beige / Black,244586.65,Toko Sepatu Bandung,IDLCT8WHEM
1729677758275947095,1729677758275553879,Sepatu Gazelle Low Black Gum,194160.4,Toko Sepatu Bandung,IDLCPDWXGD
1729677743140866647,1729677743140473431,Sepatu Retrograde Low Black White,225357.1,Toko Sepatu Bandung,IDLCPDWXGD
1731079464714536323,1729768344261264771,Sepatu Tribune Black Gum / White Blue / Navy Gum / Home Black / Away Maroon,413100.0,Toko Sepatu Bandung,IDLCT8WHEM
1730868728728028759,1730868777127282263,Sepatu Tribune White Green,443581.0,Toko Sepatu Bandung,IDLCPDWXGD
1729677742968834647,1729677742968441431,Sepatu Gazelle Hi Black Gum,204905.25,Toko Sepatu Bandung,IDLCPDWXGD
1729677743141063255,1729677743140473431,Sepatu Retrograde Low Black White,248405.69999999998,Toko Sepatu Bandung,IDLCPDWXGD
1729677747184503383,1729677747184175703,Sepatu Retrograde Low White Blue,248405.69999999998,Toko Sepatu Bandung,IDLCPDWXGD
1729677759600364119,1729677759599905367,Sepatu Gazelle Low Cream,198084.0,Toko Sepatu Bandung,IDLCPDWXGD
1729677758327196247,1729677758326606423,Sepatu Gazelle Low White Blue,287773.45,Toko Sepatu Bandung,IDLCPDWXGD
1729677746703600215,1729677747184175703,Sepatu Retrograde Low White Blue,265691.3,Toko Sepatu Bandung,IDLCPDWXGD
1731308689765205379,1729768344261264771,Sepatu Tribune Black Gum / White Blue / Navy Gum / Home Black / Away Maroon,441039.5,Toko Sepatu Bandung,IDLCT8WHEM
1731308689765205379,1729768344261264771,Sepatu Tribune Black Gum / White Blue / Navy Gum / Home Black / Away Maroon,456450.0,Toko Sepatu Bandung,IDLCT8WHEM
1729677742104939095,1729677742104545879,Sepatu Retrograde Low Cream,308210.0,Toko Sepatu Bandung,IDLCPDWXGD
1729677758276078167,1729677758275553879,Sepatu Gazelle Low Black Gum,195398.85,Toko Sepatu Bandung,IDLCPDWXGD
1729677759600429655,1729677759599905367,Sepatu Gazelle Low Cream,223876.4,Toko Sepatu Bandung,IDLCPDWXGD
1729677758275881559,1729677758275553879,Sepatu Gazelle Low Black Gum,201416.0,Toko Sepatu Bandung,IDLCPDWXGD
1729677758275816023,1729677758275553879,Sepatu Gazelle Low Black Gum,201416.0,Toko Sepatu Bandung,IDLCPDWXGD
1729677743141194327,1729677743140473431,Sepatu Retrograde Low Black White,247093.3,Toko Sepatu Bandung,IDLCPDWXGD
1729677742968769111,1729677742968441431,Sepatu Gazelle Hi Black Gum,206395.3,Toko Sepatu Bandung,IDLCPDWXGD
1729677759600036439,1729677759599905367,Sepatu Gazelle Low Cream,201441.5,Toko Sepatu Bandung,IDLCPDWXGD
1730806636781012567,1730806637054625367,Sepatu Gazelle Low Weaves Sand,231121.8,Toko Sepatu Bandung,IDLCPDWXGD
1731308689765270915,1729768344261264771,Sepatu Tribune Black Gum / White Blue / Navy Gum / Home Black / Away Maroon,443700.0,Toko Sepatu Bandung,IDLCT8WHEM
1729677743140604503,1729677743140473431,Sepatu Retrograde Low Black White,258891.3,Toko Sepatu Bandung,IDLCPDWXGD
1729677743140997719,1729677743140473431,Sepatu Retrograde Low Black White,252091.3,Toko Sepatu Bandung,IDLCPDWXGD
1731927306072131159,1731927283872138839,Sepatu Tribune Shadow,410601.0,Toko Sepatu Bandung,IDLCPDWXGD
1734483831936681347,1734483785564784003,Slider Mono Black / Mono Grey / Mono Beige / Black,241657.55,Toko Sepatu Bandung,IDLCT8WHEM
1729677758276012631,1729677758275553879,Sepatu Gazelle Low Black Gum,200390.9,Toko Sepatu Bandung,IDLCPDWXGD
1729677758276012631,1729677758275553879,Sepatu Gazelle Low Black Gum,181660.3,Toko Sepatu Bandung,IDLCPDWXGD
1729677746703469143,1729677747184175703,Sepatu Retrograde Low White Blue,254615.8,Toko Sepatu Bandung,IDLCPDWXGD
1729677743140866647,1729677743140473431,Sepatu Retrograde Low Black White,258466.3,Toko Sepatu Bandung,IDLCPDWXGD
1729677746703338071,1729677747184175703,Sepatu Retrograde Low White Blue,261575.6,Toko Sepatu Bandung,IDLCPDWXGD
1729677755464518231,1729677755464059479,Sepatu Gazelle Low Black White,201416.0,Toko Sepatu Bandung,IDLCPDWXGD
1729677743141128791,1729677743140473431,Sepatu Retrograde Low Black White,320110.0,Toko Sepatu Bandung,IDLCPDWXGD
1729677747184437847,1729677747184175703,Sepatu Retrograde Low White Blue,261069.85,Toko Sepatu Bandung,IDLCPDWXGD
1731079464715978115,1729768344261264771,Sepatu Tribune Black Gum / White Blue / Navy Gum / Home Black / Away Maroon,409776.5,Toko Sepatu Bandung,IDLCT8WHEM
1729677755464387159,1729677755464059479,Sepatu Gazelle Low Black White,198526.85,Toko Sepatu Bandung,IDLCPDWXGD
1729677758276078167,1729677758275553879,Sepatu Gazelle Low Black Gum,185208.19999999998,Toko Sepatu Bandung,IDLCPDWXGD
1731079464714667395,1729768344261264771,Sepatu Tribune Black Gum / White Blue / Navy Gum / Home Black / Away Maroon,487126.5,Toko Sepatu Bandung,IDLCT8WHEM
1729677743140997719,1729677743140473431,Sepatu Retrograde Low Black White,265636.05,Toko Sepatu Bandung,IDLCPDWXGD
1730806636781012567,1730806637054625367,Sepatu Gazelle Low Weaves Sand,224188.35,Toko Sepatu Bandung,IDLCPDWXGD
1729677742968769111,1729677742968441431,Sepatu Gazelle Hi Black Gum,209817.4,Toko Sepatu Bandung,IDLCPDWXGD
1729677743140801111,1729677743140473431,Sepatu Retrograde Low Black White,261018.0,Toko Sepatu Bandung,IDLCPDWXGD
1729677747184306775,1729677747184175703,Sepatu Retrograde Low White Blue,265691.3,Toko Sepatu Bandung,IDLCPDWXGD
1731927306071803479,1731927283872138839,Sepatu Tribune Shadow,416500.0,Toko Sepatu Bandung,IDLCPDWXGD
1729677758275816023,1729677758275553879,Sepatu Gazelle Low Black Gum,227174.4,Toko Sepatu Bandung,IDLCPDWXGD
1729677742968834647,1729677742968441431,Sepatu Gazelle Hi Black Gum,210094.5,Toko Sepatu Bandung,IDLCPDWXGD
1729677759600429655,1729677759599905367,Sepatu Gazelle Low Cream,201420.25,Toko Sepatu Bandung,IDLCPDWXGD
1729677743141194327,1729677743140473431,Sepatu Retrograde Low Black White,262275.14999999997,Toko Sepatu Bandung,IDLCPDWXGD
1729677743140670039,1729677743140473431,Sepatu Retrograde Low Black White,261244.1,Toko Sepatu Bandung,IDLCPDWXGD
1729677755464518231,1729677755464059479,Sepatu Gazelle Low Black White,230860.0,Toko Sepatu Bandung,IDLCPDWXGD
1729677743141063255,1729677743140473431,Sepatu Retrograde Low Black White,249082.3,Toko Sepatu Bandung,IDLCPDWXGD
1729677743140932183,1729677743140473431,Sepatu Retrograde Low Black White,255063.75,Toko Sepatu Bandung,IDLCPDWXGD
1731308725958116739,1729768344261264771,Sepatu Tribune Black Gum / White Blue / Navy Gum / Home Black / Away Maroon,496400.0,Toko Sepatu Bandung,IDLCT8WHEM
1731308725957985667,1729768344261264771,Sepatu Tribune Black Gum / White Blue / Navy Gum / Home Black / Away Maroon,496400.0,Toko Sepatu Bandung,IDLCT8WHEM
1729677743140932183,1729677743140473431,Sepatu Retrograde Low Black White,263995.55,Toko Sepatu Bandung,IDLCPDWXGD
1729677755464780375,1729677755464059479,Sepatu Gazelle Low Black White,191369.0,Toko Sepatu Bandung,IDLCPDWXGD
1731308689765270915,1729768344261264771,Sepatu Tribune Black Gum / White Blue / Navy Gum / Home Black / Away Maroon,444587.39999999997,Toko Sepatu Bandung,IDLCT8WHEM
1729677746703534679,1729677747184175703,Sepatu Retrograde Low White Blue,257720.85,Toko Sepatu Bandung,IDLCPDWXGD
1731079464714667395,1729768344261264771,Sepatu Tribune Black Gum / White Blue / Navy Gum / Home Black / Away Maroon,411290.35,Toko Sepatu Bandung,IDLCT8WHEM
1729677758275881559,1729677758275553879,Sepatu Gazelle Low Black Gum,194641.5,Toko Sepatu Bandung,IDLCPDWXGD
1729677755464518231,1729677755464059479,Sepatu Gazelle Low Black White,197683.65,Toko Sepatu Bandung,IDLCPDWXGD
1730806648018863703,1730806654709565015,Sepatu Gazelle Low Weaves Graphite,214920.8,Toko Sepatu Bandung,IDLCPDWXGD
1729677755464452695,1729677755464059479,Sepatu Gazelle Low Black White,224000.5,Toko Sepatu Bandung,IDLCPDWXGD
1734650508941297027,1734483785564784003,Slider Mono Black / Mono Grey / Mono Beige / Black,238833.0,Toko Sepatu Bandung,IDLCT8WHEM
1734439118025557591,1734439112649180759,Sepatu Tribune Nylon White,424974.5,Toko Sepatu Bandung,IDLCPDWXGD
1729677755464452695,1729677755464059479,Sepatu Gazelle Low Black White,201416.0,Toko Sepatu Bandung,IDLCPDWXGD
1729677758276078167,1729677758275553879,Sepatu Gazelle Low Black Gum,223876.4,Toko Sepatu Bandung,IDLCPDWXGD
1729677740302961239,1729677742968441431,Sepatu Gazelle Hi Black Gum,210267.9,Toko Sepatu Bandung,IDLCPDWXGD
1729677743140866647,1729677743140473431,Sepatu Retrograde Low Black White,309910.0,Toko Sepatu Bandung,IDLCPDWXGD
1729677758276143703,1729677758275553879,Sepatu Gazelle Low Black Gum,194616.0,Toko Sepatu Bandung,IDLCPDWXGD
1734650508941559171,1734483785564784003,Slider Mono Black / Mono Grey / Mono Beige / Black,246219.5,Toko Sepatu Bandung,IDLCT8WHEM
1729677759600298583,1729677759599905367,Sepatu Gazelle Low Cream,195398.0,Toko Sepatu Bandung,IDLCPDWXGD
1731622765730235991,1731622711600252503,Sepatu Tribune Home Olive,443581.0,Toko Sepatu Bandung,IDLCPDWXGD
1734483831936157059,1734483785564784003,Slider Mono Black / Mono Grey / Mono Beige / Black,239419.5,Toko Sepatu Bandung,IDLCT8WHEM
1729677743141128791,1729677743140473431,Sepatu Retrograde Low Black White,259676.69999999998,Toko Sepatu Bandung,IDLCPDWXGD
1730706106318620247,1730706116728161879,Sepatu Tribune Home Black,531477.7999999999,Toko Sepatu Bandung,IDLCPDWXGD
1729677755464387159,1729677755464059479,Sepatu Gazelle Low Black White,199542.6,Toko Sepatu Bandung,IDLCPDWXGD
1730174772819953239,1730174848005801559,Sepatu Tribune Red Gum,410601.0,Toko Sepatu Bandung,IDLCPDWXGD
1729677742968834647,1729677742968441431,Sepatu Gazelle Hi Black Gum,213832.8,Toko Sepatu Bandung,IDLCPDWXGD
1729677742968834647,1729677742968441431,Sepatu Gazelle Hi Black Gum,214490.69999999998,Toko Sepatu Bandung,IDLCPDWXGD
1730806636781143639,1730806637054625367,Sepatu Gazelle Low Weaves Sand,221771.8,Toko Sepatu Bandung,IDLCPDWXGD
1729677758275750487,1729677758275553879,Sepatu Gazelle Low Black Gum,183591.5,Toko Sepatu Bandung,IDLCPDWXGD
1729677758327065175,1729677758326606423,Sepatu Gazelle Low White Blue,287773.45,Toko Sepatu Bandung,IDLCPDWXGD
1731308725957985667,1729768344261264771,Sepatu Tribune Black Gum / White Blue / Navy Gum / Home Black / Away Maroon,457232.0,Toko Sepatu Bandung,IDLCT8WHEM
1729677743141063255,1729677743140473431,Sepatu Retrograde Low Black White,254615.8,Toko Sepatu Bandung,IDLCPDWXGD
1729677759600495191,1729677759599905367,Sepatu Gazelle Low Cream,201076.0,Toko Sepatu Bandung,IDLCPDWXGD
1729677758276078167,1729677758275553879,Sepatu Gazelle Low Black Gum,199870.69999999998,Toko Sepatu Bandung,IDLCPDWXGD
1729677755464583767,1729677755464059479,Sepatu Gazelle Low Black White,201161.0,Toko Sepatu Bandung,IDLCPDWXGD
1733814097185506903,1730706121172026967,Sepatu Tribune Away Maroon,443581.0,Toko Sepatu Bandung,IDLCPDWXGD
1729677746703338071,1729677747184175703,Sepatu Retrograde Low White Blue,320110.0,Toko Sepatu Bandung,IDLCPDWXGD
1729677759600560727,1729677759599905367,Sepatu Gazelle Low Cream,196311.75,Toko Sepatu Bandung,IDLCPDWXGD
1731622765730039383,1731622711600252503,Sepatu Tribune Home Olive,450801.75,Toko Sepatu Bandung,IDLCPDWXGD
1729677747184372311,1729677747184175703,Sepatu Retrograde Low White Blue,257935.05,Toko Sepatu Bandung,IDLCPDWXGD
1729677758275881559,1729677758275553879,Sepatu Gazelle Low Black Gum,196510.65,Toko Sepatu Bandung,IDLCPDWXGD
1729677747184503383,1729677747184175703,Sepatu Retrograde Low White Blue,277610.0,Toko Sepatu Bandung,IDLCPDWXGD
1729677743140866647,1729677743140473431,Sepatu Retrograde Low Black White,277610.0,Toko Sepatu Bandung,IDLCPDWXGD
1729677743140932183,1729677743140473431,Sepatu Retrograde Low Black White,260473.15,Toko Sepatu Bandung,IDLCPDWXGD
1729677743140670039,1729677743140473431,Sepatu Retrograde Low Black White,262911.8,Toko Sepatu Bandung,IDLCPDWXGD
1729677755464649303,1729677755464059479,Sepatu Gazelle Low Black White,196587.15,Toko Sepatu Bandung,IDLCPDWXGD
1729677743140670039,1729677743140473431,Sepatu Retrograde Low Black White,258865.8,Toko Sepatu Bandung,IDLCPDWXGD
1729677758276012631,1729677758275553879,Sepatu Gazelle Low Black Gum,223876.4,Toko Sepatu Bandung,IDLCPDWXGD
1734483831936681347,1734483785564784003,Slider Mono Black / Mono Grey / Mono Beige / Black,236844.0,Toko Sepatu Bandung,IDLCT8WHEM
1729677758275881559,1729677758275553879,Sepatu Gazelle Low Black Gum,196446.9,Toko Sepatu Bandung,IDLCPDWXGD
1729677743141128791,1729677743140473431,Sepatu Retrograde Low Black White,273255.45,Toko Sepatu Bandung,IDLCPDWXGD
1729677740302961239,1729677742968441431,Sepatu Gazelle Hi Black Gum,222464.55,Toko Sepatu Bandung,IDLCPDWXGD
1729677761805453911,1729677761804798551,Sepatu Gazelle Low White Red,282430.35,Toko Sepatu Bandung,IDLCPDWXGD
1729677758275684951,1729677758275553879,Sepatu Gazelle Low Black Gum,201441.5,Toko Sepatu Bandung,IDLCPDWXGD
1734483831936681347,1734483785564784003,Slider Mono Black / Mono Grey / Mono Beige / Black,239765.44999999998,Toko Sepatu Bandung,IDLCT8WHEM
1731308689765467523,1729768344261264771,Sepatu Tribune Black Gum / White Blue / Navy Gum / Home Black / Away Maroon,443700.0,Toko Sepatu Bandung,IDLCT8WHEM
1729677743140932183,1729677743140473431,Sepatu Retrograde Low Black White,254641.3,Toko Sepatu Bandung,IDLCPDWXGD
1731079464714732931,1729768344261264771,Sepatu Tribune Black Gum / White Blue / Navy Gum / Home Black / Away Maroon,410601.0,Toko Sepatu Bandung,IDLCT8WHEM
1729677743140801111,1729677743140473431,Sepatu Retrograde Low Black White,313310.0,Toko Sepatu Bandung,IDLCPDWXGD
1729677755464714839,1729677755464059479,Sepatu Gazelle Low Black White,230800.5,Toko Sepatu Bandung,IDLCPDWXGD
1729677758275619415,1729677758275553879,Sepatu Gazelle Low Black Gum,195398.0,Toko Sepatu Bandung,IDLCPDWXGD
1729677758275947095,1729677758275553879,Sepatu Gazelle Low Black Gum,197711.69999999998,Toko Sepatu Bandung,IDLCPDWXGD
1729677742968638039,1729677742968441431,Sepatu Gazelle Hi Black Gum,209817.4,Toko Sepatu Bandung,IDLCPDWXGD
1730793833131509335,1730793845432550999,Sepatu Jersey LS Home Black,309009.0,Toko Sepatu Bandung,IDLCPDWXGD
1729677743140670039,1729677743140473431,Sepatu Retrograde Low Black White,257720.85,Toko Sepatu Bandung,IDLCPDWXGD
1734483831936419203,1734483785564784003,Slider Mono Black / Mono Grey / Mono Beige / Black,246219.5,Toko Sepatu Bandung,IDLCT8WHEM
1731927306071934551,1731927283872138839,Sepatu Tribune Shadow,417474.1,Toko Sepatu Bandung,IDLCPDWXGD
1731308725958182275,1729768344261264771,Sepatu Tribune Black Gum / White Blue / Navy Gum / Home Black / Away Maroon,457300.0,Toko Sepatu Bandung,IDLCT8WHEM
1729677758275816023,1729677758275553879,Sepatu Gazelle Low Black Gum,193766.0,Toko Sepatu Bandung,IDLCPDWXGD
1734650508941559171,1734483785564784003,Slider Mono Black / Mono Grey / Mono Beige / Black,246177.0,Toko Sepatu Bandung,IDLCT8WHEM
1729677758276078167,1729677758275553879,Sepatu Gazelle Low Black Gum,183591.5,Toko Sepatu Bandung,IDLCPDWXGD
1729677755464321623,1729677755464059479,Sepatu Gazelle Low Black White,242700.5,Toko Sepatu Bandung,IDLCPDWXGD
1729677755464190551,1729677755464059479,Sepatu Gazelle Low Black White,201441.5,Toko Sepatu Bandung,IDLCPDWXGD
1729677755464321623,1729677755464059479,Sepatu Gazelle Low Black White,198232.75,Toko Sepatu Bandung,IDLCPDWXGD
1729677755464452695,1729677755464059479,Sepatu Gazelle Low Black White,197270.55,Toko Sepatu Bandung,IDLCPDWXGD
1731298756262659459,1731298756864148867,Sepatu Gazelle Popsicle Yellow / Blue / Green / Red,193236.44999999998,Toko Sepatu Bandung,IDLCT8WHEM
1729677755464518231,1729677755464059479,Sepatu Gazelle Low Black White,237575.0,Toko Sepatu Bandung,IDLCPDWXGD
1731016355289269416,1731016368585475240,Paket Pembersih Sepatu Suede & Nubuck / Suede Brush + Suede Eraser Bonus Tali Sepatu,16876.75,Store_0,IDLCEHLLQ6
1729677743140932183,1729677743140473431,Sepatu Retrograde Low Black White,253267.69999999998,Toko Sepatu Bandung,IDLCPDWXGD
1729677743141063255,1729677743140473431,Sepatu Retrograde Low Black White,249288.0,Toko Sepatu Bandung,IDLCPDWXGD
1729677747184372311,1729677747184175703,Sepatu Retrograde Low White Blue,237728.0,Toko Sepatu Bandung,IDLCPDWXGD
1729677755464452695,1729677755464059479,Sepatu Gazelle Low Black White,194616.0,Toko Sepatu Bandung,IDLCPDWXGD
1731308725958051203,1729768344261264771,Sepatu Tribune Black Gum / White Blue / Navy Gum / Home Black / Away Maroon,457274.5,Toko Sepatu Bandung,IDLCT8WHEM
1729677755464387159,1729677755464059479,Sepatu Gazelle Low Black White,242700.5,Toko Sepatu Bandung,IDLCPDWXGD
1729677755464518231,1729677755464059479,Sepatu Gazelle Low Black White,225525.4,Toko Sepatu Bandung,IDLCPDWXGD
1729677755464780375,1729677755464059479,Sepatu Gazelle Low Black White,201215.4,Toko Sepatu Bandung,IDLCPDWXGD
1729677755464518231,1729677755464059479,Sepatu Gazelle Low Black White,200561.75,Toko Sepatu Bandung,IDLCPDWXGD
1729677758326934103,1729677758326606423,Sepatu Gazelle Low White Blue,279140.0,Toko Sepatu Bandung,IDLCPDWXGD
1731079464714732931,1729768344261264771,Sepatu Tribune Black Gum / White Blue / Navy Gum / Home Black / Away Maroon,418115.0,Toko Sepatu Bandung,IDLCT8WHEM
1729677743141063255,1729677743140473431,Sepatu Retrograde Low Black White,249511.55,Toko Sepatu Bandung,IDLCPDWXGD
1729677758275881559,1729677758275553879,Sepatu Gazelle Low Black Gum,181297.35,Toko Sepatu Bandung,IDLCPDWXGD
1729677755464780375,1729677755464059479,Sepatu Gazelle Low Black White,188816.44999999998,Toko Sepatu Bandung,IDLCPDWXGD
1729677755464649303,1729677755464059479,Sepatu Gazelle Low Black White,197978.6,Toko Sepatu Bandung,IDLCPDWXGD
1729677758275947095,1729677758275553879,Sepatu Gazelle Low Black Gum,192040.5,Toko Sepatu Bandung,IDLCPDWXGD
1729677759600167511,1729677759599905367,Sepatu Gazelle Low Cream,195398.0,Toko Sepatu Bandung,IDLCPDWXGD
1729677758275750487,1729677758275553879,Sepatu Gazelle Low Black Gum,201441.5,Toko Sepatu Bandung,IDLCPDWXGD
1729677758276012631,1729677758275553879,Sepatu Gazelle Low Black Gum,201416.0,Toko Sepatu Bandung,IDLCPDWXGD
1731927306072065623,1731927283872138839,Sepatu Tribune Shadow,380970.0,Toko Sepatu Bandung,IDLCPDWXGD
1731079464714798467,1729768344261264771,Sepatu Tribune Black Gum / White Blue / Navy Gum / Home Black / Away Maroon,413882.0,Toko Sepatu Bandung,IDLCT8WHEM
1729677755464387159,1729677755464059479,Sepatu Gazelle Low Black White,186690.6,Toko Sepatu Bandung,IDLCPDWXGD
1729706772144948823,1729706759929169495,Sepatu Velocity Black Gum,593215.0,Toko Sepatu Bandung,IDLCPDWXGD
1731401465609619031,1731401464730912343,Sepatu Retrograde Camp Low Camel,393924.0,Toko Sepatu Bandung,IDLCPDWXGD
1729677740302961239,1729677742968441431,Sepatu Gazelle Hi Black Gum,196288.8,Toko Sepatu Bandung,IDLCPDWXGD
1729677743140801111,1729677743140473431,Sepatu Retrograde Low Black White,265661.55,Toko Sepatu Bandung,IDLCPDWXGD
1731079464715978115,1729768344261264771,Sepatu Tribune Black Gum / White Blue / Navy Gum / Home Black / Away Maroon,495550.0,Toko Sepatu Bandung,IDLCT8WHEM
1729677742105004631,1729677742104545879,Sepatu Retrograde Low Cream,254641.3,Toko Sepatu Bandung,IDLCPDWXGD
1729677758276012631,1729677758275553879,Sepatu Gazelle Low Black Gum,230800.5,Toko Sepatu Bandung,IDLCPDWXGD
1729677747184306775,1729677747184175703,Sepatu Retrograde Low White Blue,257720.85,Toko Sepatu Bandung,IDLCPDWXGD
1729677736927005271,1729677736926480983,Sepatu Retrograde Hi Decon Black White,400724.0,Toko Sepatu Bandung,IDLCPDWXGD
1729677746703469143,1729677747184175703,Sepatu Retrograde Low White Blue,258840.3,Toko Sepatu Bandung,IDLCPDWXGD
1729677747184437847,1729677747184175703,Sepatu Retrograde Low White Blue,257871.3,Toko Sepatu Bandung,IDLCPDWXGD
1729677758276078167,1729677758275553879,Sepatu Gazelle Low Black Gum,197463.5,Toko Sepatu Bandung,IDLCPDWXGD
1729677759600298583,1729677759599905367,Sepatu Gazelle Low Cream,195491.5,Toko Sepatu Bandung,IDLCPDWXGD
1729725175196256855,1729725175195863639,Sepatu Velocity Black,652800.0,Toko Sepatu Bandung,IDLCPDWXGD
1729677755464452695,1729677755464059479,Sepatu Gazelle Low Black White,189757.4,Toko Sepatu Bandung,IDLCPDWXGD
1729677755464518231,1729677755464059479,Sepatu Gazelle Low Black White,235419.4,Toko Sepatu Bandung,IDLCPDWXGD
1729677743859796567,1729677743859534423,Sepatu Gazelle Hi White Blue,262657.64999999997,Toko Sepatu Bandung,IDLCPDWXGD
1731308689765205379,1729768344261264771,Sepatu Tribune Black Gum / White Blue / Navy Gum / Home Black / Away Maroon,404408.75,Toko Sepatu Bandung,IDLCT8WHEM
1729677755464256087,1729677755464059479,Sepatu Gazelle Low Black White,199565.55,Toko Sepatu Bandung,IDLCPDWXGD
1729677746703403607,1729677747184175703,Sepatu Retrograde Low White Blue,259155.65,Toko Sepatu Bandung,IDLCPDWXGD
1729677759600101975,1729677759599905367,Sepatu Gazelle Low Cream,213173.19999999998,Toko Sepatu Bandung,IDLCPDWXGD
1731927306072262231,1731927283872138839,Sepatu Tribune Shadow,489397.7,Toko Sepatu Bandung,IDLCPDWXGD
1734483831937205635,1734483785564784003,Slider Mono Black / Mono Grey / Mono Beige / Black,239419.5,Toko Sepatu Bandung,IDLCT8WHEM
1731401465609487959,1731401464730912343,Sepatu Retrograde Camp Low Camel,397322.3,Toko Sepatu Bandung,IDLCPDWXGD
1734650508941559171,1734483785564784003,Slider Mono Black / Mono Grey / Mono Beige / Black,243698.4,Toko Sepatu Bandung,IDLCT8WHEM
1729677755464780375,1729677755464059479,Sepatu Gazelle Low Black White,199377.69999999998,Toko Sepatu Bandung,IDLCPDWXGD
1729677755464452695,1729677755464059479,Sepatu Gazelle Low Black White,197733.8,Toko Sepatu Bandung,IDLCPDWXGD
1729677740302961239,1729677742968441431,Sepatu Gazelle Hi Black Gum,206930.8,Toko Sepatu Bandung,IDLCPDWXGD
1734650508941493635,1734483785564784003,Slider Mono Black / Mono Grey / Mono Beige / Black,241765.5,Toko Sepatu Bandung,IDLCT8WHEM
1729677742968703575,1729677742968441431,Sepatu Gazelle Hi Black Gum,211124.69999999998,Toko Sepatu Bandung,IDLCPDWXGD
1731927306072065623,1731927283872138839,Sepatu Tribune Shadow,489600.0,Toko Sepatu Bandung,IDLCPDWXGD
1729677742968769111,1729677742968441431,Sepatu Gazelle Hi Black Gum,216280.8,Toko Sepatu Bandung,IDLCPDWXGD
1729677743140932183,1729677743140473431,Sepatu Retrograde Low Black White,260149.3,Toko Sepatu Bandung,IDLCPDWXGD
1729677743140932183,1729677743140473431,Sepatu Retrograde Low Black White,260337.15,Toko Sepatu Bandung,IDLCPDWXGD
1729677758276012631,1729677758275553879,Sepatu Gazelle Low Black Gum,232500.5,Toko Sepatu Bandung,IDLCPDWXGD
1729677743141128791,1729677743140473431,Sepatu Retrograde Low Black White,303875.0,Toko Sepatu Bandung,IDLCPDWXGD
1729725175196125783,1729725175195863639,Sepatu Velocity Black,658865.6,Toko Sepatu Bandung,IDLCPDWXGD
1730868728727635543,1730868777127282263,Sepatu Tribune White Green,443581.0,Toko Sepatu Bandung,IDLCPDWXGD
1729677758276143703,1729677758275553879,Sepatu Gazelle Low Black Gum,184452.55,Toko Sepatu Bandung,IDLCPDWXGD
1729677758276012631,1729677758275553879,Sepatu Gazelle Low Black Gum,227850.15,Toko Sepatu Bandung,IDLCPDWXGD
1734650508941362563,1734483785564784003,Slider Mono Black / Mono Grey / Mono Beige / Black,246219.5,Toko Sepatu Bandung,IDLCT8WHEM
1729677742105070167,1729677742104545879,Sepatu Retrograde Low Cream,257720.85,Toko Sepatu Bandung,IDLCPDWXGD
1731079464715257219,1729768344261264771,Sepatu Tribune Black Gum / White Blue / Navy Gum / Home Black / Away Maroon,419560.0,Toko Sepatu Bandung,IDLCT8WHEM
1729677759600167511,1729677759599905367,Sepatu Gazelle Low Cream,230860.0,Toko Sepatu Bandung,IDLCPDWXGD
1731401465609487959,1731401464730912343,Sepatu Retrograde Camp Low Camel,390439.0,Toko Sepatu Bandung,IDLCPDWXGD
1729677743140866647,1729677743140473431,Sepatu Retrograde Low Black White,256476.44999999998,Toko Sepatu Bandung,IDLCPDWXGD
1729677758275816023,1729677758275553879,Sepatu Gazelle Low Black Gum,196795.4,Toko Sepatu Bandung,IDLCPDWXGD
1729677759600495191,1729677759599905367,Sepatu Gazelle Low Cream,195398.85,Toko Sepatu Bandung,IDLCPDWXGD
1731927306072065623,1731927283872138839,Sepatu Tribune Shadow,412088.5,Toko Sepatu Bandung,IDLCPDWXGD
1729677755464780375,1729677755464059479,Sepatu Gazelle Low Black White,242700.5,Toko Sepatu Bandung,IDLCPDWXGD
1729677743140997719,1729677743140473431,Sepatu Retrograde Low Black White,250814.6,Toko Sepatu Bandung,IDLCPDWXGD
1734483831936681347,1734483785564784003,Slider Mono Black / Mono Grey / Mono Beige / Black,242052.8,Toko Sepatu Bandung,IDLCT8WHEM
1729677743140997719,1729677743140473431,Sepatu Retrograde Low Black White,258783.35,Toko Sepatu Bandung,IDLCPDWXGD
1729677746703534679,1729677747184175703,Sepatu Retrograde Low White Blue,259522.85,Toko Sepatu Bandung,IDLCPDWXGD
1729677743140866647,1729677743140473431,Sepatu Retrograde Low Black White,263965.8,Toko Sepatu Bandung,IDLCPDWXGD
1731079464715912579,1729768344261264771,Sepatu Tribune Black Gum / White Blue / Navy Gum / Home Black / Away Maroon,423300.0,Toko Sepatu Bandung,IDLCT8WHEM
1730706088342947415,1730706121172026967,Sepatu Tribune Away Maroon,535839.15,Toko Sepatu Bandung,IDLCPDWXGD
1729677758275816023,1729677758275553879,Sepatu Gazelle Low Black Gum,239130.5,Toko Sepatu Bandung,IDLCPDWXGD
1729677759600429655,1729677759599905367,Sepatu Gazelle Low Cream,195882.5,Toko Sepatu Bandung,IDLCPDWXGD
1729677759600364119,1729677759599905367,Sepatu Gazelle Low Cream,195882.5,Toko Sepatu Bandung,IDLCPDWXGD
1729677758276078167,1729677758275553879,Sepatu Gazelle Low Black Gum,200336.5,Toko Sepatu Bandung,IDLCPDWXGD
1729677758276012631,1729677758275553879,Sepatu Gazelle Low Black Gum,200336.5,Toko Sepatu Bandung,IDLCPDWXGD
1731927306072065623,1731927283872138839,Sepatu Tribune Shadow,416372.5,Toko Sepatu Bandung,IDLCPDWXGD
1729677743140801111,1729677743140473431,Sepatu Retrograde Low Black White,265546.8,Toko Sepatu Bandung,IDLCPDWXGD
1731418659333113219,1730005626441402755,Giordano Polo 3D Lion / Napoleon Shirt ORIGINAL Men Pria Kerah Baju Kaos Katun,175143.35,Toko Sepatu Bandung,IDLCT8WHEM
1729677755464452695,1729677755464059479,Sepatu Gazelle Low Black White,230800.5,Toko Sepatu Bandung,IDLCPDWXGD
1729677758276078167,1729677758275553879,Sepatu Gazelle Low Black Gum,218277.44999999998,Toko Sepatu Bandung,IDLCPDWXGD
1729677740302961239,1729677742968441431,Sepatu Gazelle Hi Black Gum,255807.5,Toko Sepatu Bandung,IDLCPDWXGD
1729677755464583767,1729677755464059479,Sepatu Gazelle Low Black White,232432.5,Toko Sepatu Bandung,IDLCPDWXGD
1731927306071934551,1731927283872138839,Sepatu Tribune Shadow,417582.89999999997,Toko Sepatu Bandung,IDLCPDWXGD
1734483831936943491,1734483785564784003,Slider Mono Black / Mono Grey / Mono Beige / Black,292944.0,Toko Sepatu Bandung,IDLCT8WHEM
1729677755464518231,1729677755464059479,Sepatu Gazelle Low Black White,197166.0,Toko Sepatu Bandung,IDLCPDWXGD
1731079464714536323,1729768344261264771,Sepatu Tribune Black Gum / White Blue / Navy Gum / Home Black / Away Maroon,414956.39999999997,Toko Sepatu Bandung,IDLCT8WHEM
1729677747184503383,1729677747184175703,Sepatu Retrograde Low White Blue,265640.3,Toko Sepatu Bandung,IDLCPDWXGD
1731927306072065623,1731927283872138839,Sepatu Tribune Shadow,414193.1,Toko Sepatu Bandung,IDLCPDWXGD
1729677743140866647,1729677743140473431,Sepatu Retrograde Low Black White,262291.3,Toko Sepatu Bandung,IDLCPDWXGD
1731308689765467523,1729768344261264771,Sepatu Tribune Black Gum / White Blue / Navy Gum / Home Black / Away Maroon,477966.05,Toko Sepatu Bandung,IDLCT8WHEM
1729733013272364631,1729732985888409175,Sepatu Socks Low White,65926.0,Toko Sepatu Bandung,IDLCPDWXGD
1729677759600036439,1729677759599905367,Sepatu Gazelle Low Cream,213908.44999999998,Toko Sepatu Bandung,IDLCPDWXGD
1729677743140866647,1729677743140473431,Sepatu Retrograde Low Black White,246484.69999999998,Toko Sepatu Bandung,IDLCPDWXGD
1731308725958116739,1729768344261264771,Sepatu Tribune Black Gum / White Blue / Navy Gum / Home Black / Away Maroon,446250.0,Toko Sepatu Bandung,IDLCT8WHEM
1730806636781078103,1730806637054625367,Sepatu Gazelle Low Weaves Sand,268260.0,Toko Sepatu Bandung,IDLCPDWXGD
1731079464715453827,1729768344261264771,Sepatu Tribune Black Gum / White Blue / Navy Gum / Home Black / Away Maroon,422450.0,Toko Sepatu Bandung,IDLCT8WHEM
1729677743140997719,1729677743140473431,Sepatu Retrograde Low Black White,263893.55,Toko Sepatu Bandung,IDLCPDWXGD
1729677758276274775,1729677758275553879,Sepatu Gazelle Low Black Gum,192091.5,Toko Sepatu Bandung,IDLCPDWXGD
1729677740302699095,1729677742968441431,Sepatu Gazelle Hi Black Gum,208630.8,Toko Sepatu Bandung,IDLCPDWXGD
1729677755464583767,1729677755464059479,Sepatu Gazelle Low Black White,242700.5,Toko Sepatu Bandung,IDLCPDWXGD
1731401493348124247,1731401492200326743,Sepatu Retrograde Camp Hi Olive,423300.0,Toko Sepatu Bandung,IDLCPDWXGD
1731308725958051203,1729768344261264771,Sepatu Tribune Black Gum / White Blue / Navy Gum / Home Black / Away Maroon,445893.0,Toko Sepatu Bandung,IDLCT8WHEM
1729677758275816023,1729677758275553879,Sepatu Gazelle Low Black Gum,218501.0,Toko Sepatu Bandung,IDLCPDWXGD
1729677743140932183,1729677743140473431,Sepatu Retrograde Low Black White,247396.75,Toko Sepatu Bandung,IDLCPDWXGD
1731304172234507651,1731304184835245443,Sepatu Tribune Away Maroon,530400.0,Toko Sepatu Bandung,IDLCT8WHEM
1729677743140866647,1729677743140473431,Sepatu Retrograde Low Black White,254641.3,Toko Sepatu Bandung,IDLCPDWXGD
1730121322704831875,1729583996951366019,Sepatu Gazelle Low Black White / Cream / White Blue / White red / Black Gum,287844.0,Toko Sepatu Bandung,IDLCT8WHEM
1729677759600429655,1729677759599905367,Sepatu Gazelle Low Cream,193791.5,Toko Sepatu Bandung,IDLCPDWXGD
1729677755464518231,1729677755464059479,Sepatu Gazelle Low Black White,196933.1,Toko Sepatu Bandung,IDLCPDWXGD
1729677747184437847,1729677747184175703,Sepatu Retrograde Low White Blue,274091.85,Toko Sepatu Bandung,IDLCPDWXGD
1729677742104808023,1729677742104545879,Sepatu Retrograde Low Cream,274092.7,Toko Sepatu Bandung,IDLCPDWXGD
1729677743141063255,1729677743140473431,Sepatu Retrograde Low Black White,311610.0,Toko Sepatu Bandung,IDLCPDWXGD
1729677743140997719,1729677743140473431,Sepatu Retrograde Low Black White,254641.3,Toko Sepatu Bandung,IDLCPDWXGD
1729677759600429655,1729677759599905367,Sepatu Gazelle Low Cream,197226.35,Toko Sepatu Bandung,IDLCPDWXGD
1729677743140932183,1729677743140473431,Sepatu Retrograde Low Black White,252714.35,Toko Sepatu Bandung,IDLCPDWXGD
1730806636780881495,1730806637054625367,Sepatu Gazelle Low Weaves Sand,229024.85,Toko Sepatu Bandung,IDLCPDWXGD
1730121322704962947,1729583996951366019,Sepatu Gazelle Low Black White / Cream / White Blue / White red / Black Gum,278494.0,Toko Sepatu Bandung,IDLCT8WHEM
1731996015553512835,1731995980503090563,Sepatu Tribune Shadow,451664.5,Toko Sepatu Bandung,IDLCT8WHEM
1731079464714536323,1729768344261264771,Sepatu Tribune Black Gum / White Blue / Navy Gum / Home Black / Away Maroon,417980.7,Toko Sepatu Bandung,IDLCT8WHEM
1734483831936681347,1734483785564784003,Slider Mono Black / Mono Grey / Mono Beige / Black,233908.1,Toko Sepatu Bandung,IDLCT8WHEM
1729677736927005271,1729677736926480983,Sepatu Retrograde Hi Decon Black White,389980.0,Toko Sepatu Bandung,IDLCPDWXGD
1730121322704307587,1729583996951366019,Sepatu Gazelle Low Black White / Cream / White Blue / White red / Black Gum,287844.0,Toko Sepatu Bandung,IDLCT8WHEM
1731401465609487959,1731401464730912343,Sepatu Retrograde Camp Low Camel,400724.0,Toko Sepatu Bandung,IDLCPDWXGD
1731308725958116739,1729768344261264771,Sepatu Tribune Black Gum / White Blue / Navy Gum / Home Black / Away Maroon,450500.0,Toko Sepatu Bandung,IDLCT8WHEM
1729677759600364119,1729677759599905367,Sepatu Gazelle Low Cream,177268.35,Toko Sepatu Bandung,IDLCPDWXGD
1729677740302895703,1729677742968441431,Sepatu Gazelle Hi Black Gum,216306.3,Toko Sepatu Bandung,IDLCPDWXGD
1729677755464518231,1729677755464059479,Sepatu Gazelle Low Black White,242700.5,Toko Sepatu Bandung,IDLCPDWXGD
1729677755464452695,1729677755464059479,Sepatu Gazelle Low Black White,189355.35,Toko Sepatu Bandung,IDLCPDWXGD
1729677746703665751,1729677747184175703,Sepatu Retrograde Low White Blue,254641.3,Toko Sepatu Bandung,IDLCPDWXGD
1729677743140997719,1729677743140473431,Sepatu Retrograde Low Black White,257829.65,Toko Sepatu Bandung,IDLCPDWXGD
1734650508941493635,1734483785564784003,Slider Mono Black / Mono Grey / Mono Beige / Black,296650.0,Toko Sepatu Bandung,IDLCT8WHEM
1734650508941428099,1734483785564784003,Slider Mono Black / Mono Grey / Mono Beige / Black,271150.0,Toko Sepatu Bandung,IDLCT8WHEM
1729677755464583767,1729677755464059479,Sepatu Gazelle Low Black White,189271.19999999998,Toko Sepatu Bandung,IDLCPDWXGD
1729677743140866647,1729677743140473431,Sepatu Retrograde Low Black White,263325.75,Toko Sepatu Bandung,IDLCPDWXGD
1730868728728028759,1730868777127282263,Sepatu Tribune White Green,455600.0,Toko Sepatu Bandung,IDLCPDWXGD
1729677742968769111,1729677742968441431,Sepatu Gazelle Hi Black Gum,208363.05,Toko Sepatu Bandung,IDLCPDWXGD
1729677759600233047,1729677759599905367,Sepatu Gazelle Low Cream,191964.0,Toko Sepatu Bandung,IDLCPDWXGD
1729677758276012631,1729677758275553879,Sepatu Gazelle Low Black Gum,233410.0,Toko Sepatu Bandung,IDLCPDWXGD
1731308689765139843,1729768344261264771,Sepatu Tribune Black Gum / White Blue / Navy Gum / Home Black / Away Maroon,452948.0,Toko Sepatu Bandung,IDLCT8WHEM
1729677740302699095,1729677742968441431,Sepatu Gazelle Hi Black Gum,216127.8,Toko Sepatu Bandung,IDLCPDWXGD
1729677755464649303,1729677755464059479,Sepatu Gazelle Low Black White,201407.5,Toko Sepatu Bandung,IDLCPDWXGD
1729677734993365591,1729677734992710231,Sepatu Gazelle Hi Black White,328015.0,Toko Sepatu Bandung,IDLCPDWXGD
1729677746703403607,1729677747184175703,Sepatu Retrograde Low White Blue,275884.5,Toko Sepatu Bandung,IDLCPDWXGD
1729677740302699095,1729677742968441431,Sepatu Gazelle Hi Black Gum,237155.1,Toko Sepatu Bandung,IDLCPDWXGD
1729677755464452695,1729677755464059479,Sepatu Gazelle Low Black White,232500.5,Toko Sepatu Bandung,IDLCPDWXGD
1731308725958182275,1729768344261264771,Sepatu Tribune Black Gum / White Blue / Navy Gum / Home Black / Away Maroon,447907.5,Toko Sepatu Bandung,IDLCT8WHEM
1729677755464714839,1729677755464059479,Sepatu Gazelle Low Black White,214650.5,Toko Sepatu Bandung,IDLCPDWXGD
1729677742105004631,1729677742104545879,Sepatu Retrograde Low Cream,265665.8,Toko Sepatu Bandung,IDLCPDWXGD
1731308689765467523,1729768344261264771,Sepatu Tribune Black Gum / White Blue / Navy Gum / Home Black / Away Maroon,452693.0,Toko Sepatu Bandung,IDLCT8WHEM
1729677743140866647,1729677743140473431,Sepatu Retrograde Low Black White,258321.8,Toko Sepatu Bandung,IDLCPDWXGD
1729677758275881559,1729677758275553879,Sepatu Gazelle Low Black Gum,200332.25,Toko Sepatu Bandung,IDLCPDWXGD
1729677743140997719,1729677743140473431,Sepatu Retrograde Low Black White,254615.8,Toko Sepatu Bandung,IDLCPDWXGD
1729677746703338071,1729677747184175703,Sepatu Retrograde Low White Blue,263991.3,Toko Sepatu Bandung,IDLCPDWXGD
1730706107471988311,1730706116728161879,Sepatu Tribune Home Black,532100.0,Toko Sepatu Bandung,IDLCPDWXGD
1729677758275816023,1729677758275553879,Sepatu Gazelle Low Black Gum,197523.0,Toko Sepatu Bandung,IDLCPDWXGD
1734650508941493635,1734483785564784003,Slider Mono Black / Mono Grey / Mono Beige / Black,241048.1,Toko Sepatu Bandung,IDLCT8WHEM
1731079464716043651,1729768344261264771,Sepatu Tribune Black Gum / White Blue / Navy Gum / Home Black / Away Maroon,410601.0,Toko Sepatu Bandung,IDLCT8WHEM
1731996015553774979,1731995980503090563,Sepatu Tribune Shadow,442527.0,Toko Sepatu Bandung,IDLCT8WHEM
1731996015553709443,1731995980503090563,Sepatu Tribune Shadow,444791.39999999997,Toko Sepatu Bandung,IDLCT8WHEM
1729677747184503383,1729677747184175703,Sepatu Retrograde Low White Blue,256341.3,Toko Sepatu Bandung,IDLCPDWXGD
1729677743140932183,1729677743140473431,Sepatu Retrograde Low Black White,262749.45,Toko Sepatu Bandung,IDLCPDWXGD
1734650508941362563,1734483785564784003,Slider Mono Black / Mono Grey / Mono Beige / Black,286450.0,Toko Sepatu Bandung,IDLCT8WHEM
1729677743141063255,1729677743140473431,Sepatu Retrograde Low Black White,256315.8,Toko Sepatu Bandung,IDLCPDWXGD
1729677740302830167,1729677742968441431,Sepatu Gazelle Hi Black Gum,216306.3,Toko Sepatu Bandung,IDLCPDWXGD
1729677743140866647,1729677743140473431,Sepatu Retrograde Low Black White,320110.0,Toko Sepatu Bandung,IDLCPDWXGD
1729677742105070167,1729677742104545879,Sepatu Retrograde Low Cream,261907.1,Toko Sepatu Bandung,IDLCPDWXGD
1729677743140801111,1729677743140473431,Sepatu Retrograde Low Black White,315230.14999999997,Toko Sepatu Bandung,IDLCPDWXGD
1729677755464452695,1729677755464059479,Sepatu Gazelle Low Black White,194160.4,Toko Sepatu Bandung,IDLCPDWXGD
1729677759600101975,1729677759599905367,Sepatu Gazelle Low Cream,192091.5,Toko Sepatu Bandung,IDLCPDWXGD
1729677743140997719,1729677743140473431,Sepatu Retrograde Low Black White,238397.8,Toko Sepatu Bandung,IDLCPDWXGD
1729677759600364119,1729677759599905367,Sepatu Gazelle Low Cream,194160.4,Toko Sepatu Bandung,IDLCPDWXGD
1729677755464649303,1729677755464059479,Sepatu Gazelle Low Black White,194160.4,Toko Sepatu Bandung,IDLCPDWXGD
1729677758276078167,1729677758275553879,Sepatu Gazelle Low Black Gum,234260.0,Toko Sepatu Bandung,IDLCPDWXGD
1729677761805126231,1729677761804798551,Sepatu Gazelle Low White Red,287773.45,Toko Sepatu Bandung,IDLCPDWXGD
1731308689765270915,1729768344261264771,Sepatu Tribune Black Gum / White Blue / Navy Gum / Home Black / Away Maroon,453675.6,Toko Sepatu Bandung,IDLCT8WHEM
1729677758275947095,1729677758275553879,Sepatu Gazelle Low Black Gum,235900.5,Toko Sepatu Bandung,IDLCPDWXGD
1729677755464387159,1729677755464059479,Sepatu Gazelle Low Black White,206045.94999999998,Toko Sepatu Bandung,IDLCPDWXGD
1729677746703403607,1729677747184175703,Sepatu Retrograde Low White Blue,271764.55,Toko Sepatu Bandung,IDLCPDWXGD
1729677742105135703,1729677742104545879,Sepatu Retrograde Low Cream,257720.85,Toko Sepatu Bandung,IDLCPDWXGD
1730806636780947031,1730806637054625367,Sepatu Gazelle Low Weaves Sand,225112.3,Toko Sepatu Bandung,IDLCPDWXGD
1729677746703403607,1729677747184175703,Sepatu Retrograde Low White Blue,259326.5,Toko Sepatu Bandung,IDLCPDWXGD
1729677755464780375,1729677755464059479,Sepatu Gazelle Low Black White,208071.5,Toko Sepatu Bandung,IDLCPDWXGD
1729677743140997719,1729677743140473431,Sepatu Retrograde Low Black White,272093.5,Toko Sepatu Bandung,IDLCPDWXGD
1734650508941493635,1734483785564784003,Slider Mono Black / Mono Grey / Mono Beige / Black,235169.5,Toko Sepatu Bandung,IDLCT8WHEM
1734650508941493635,1734483785564784003,Slider Mono Black / Mono Grey / Mono Beige / Black,245939.0,Toko Sepatu Bandung,IDLCT8WHEM
1730121322703586691,1729583996951366019,Sepatu Gazelle Low Black White / Cream / White Blue / White red / Black Gum,287844.0,Toko Sepatu Bandung,IDLCT8WHEM
1731308725958051203,1729768344261264771,Sepatu Tribune Black Gum / White Blue / Navy Gum / Home Black / Away Maroon,451675.55,Toko Sepatu Bandung,IDLCT8WHEM
1731308725958116739,1729768344261264771,Sepatu Tribune Black Gum / White Blue / Navy Gum / Home Black / Away Maroon,457223.5,Toko Sepatu Bandung,IDLCT8WHEM
1730706088342750807,1730706121172026967,Sepatu Tribune Away Maroon,537838.35,Toko Sepatu Bandung,IDLCPDWXGD
1730868728727766615,1730868777127282263,Sepatu Tribune White Green,443283.5,Toko Sepatu Bandung,IDLCPDWXGD
1734650508941493635,1734483785564784003,Slider Mono Black / Mono Grey / Mono Beige / Black,253274.5,Toko Sepatu Bandung,IDLCT8WHEM
1734439101179790935,1734439043897263703,Sepatu Tribune Nylon Black,426636.25,Toko Sepatu Bandung,IDLCPDWXGD
1729725175196060247,1729725175195863639,Sepatu Velocity Black,664440.75,Toko Sepatu Bandung,IDLCPDWXGD
1734483831936681347,1734483785564784003,Slider Mono Black / Mono Grey / Mono Beige / Black,305150.0,Toko Sepatu Bandung,IDLCT8WHEM
1731079464714601859,1729768344261264771,Sepatu Tribune Black Gum / White Blue / Navy Gum / Home Black / Away Maroon,506188.6,Toko Sepatu Bandung,IDLCT8WHEM
1734483831936681347,1734483785564784003,Slider Mono Black / Mono Grey / Mono Beige / Black,297500.0,Toko Sepatu Bandung,IDLCT8WHEM
1734650508941493635,1734483785564784003,Slider Mono Black / Mono Grey / Mono Beige / Black,245676.35,Toko Sepatu Bandung,IDLCT8WHEM
1730121322705683843,1729583996951366019,Sepatu Gazelle Low Black White / Cream / White Blue / White red / Black Gum,278494.0,Toko Sepatu Bandung,IDLCT8WHEM
1729677743140997719,1729677743140473431,Sepatu Retrograde Low Black White,377043.85,Toko Sepatu Bandung,IDLCPDWXGD
1731308725957985667,1729768344261264771,Sepatu Tribune Black Gum / White Blue / Navy Gum / Home Black / Away Maroon,445859.85,Toko Sepatu Bandung,IDLCT8WHEM
1734483831936943491,1734483785564784003,Slider Mono Black / Mono Grey / Mono Beige / Black,245676.35,Toko Sepatu Bandung,IDLCT8WHEM
1734483831936681347,1734483785564784003,Slider Mono Black / Mono Grey / Mono Beige / Black,242224.5,Toko Sepatu Bandung,IDLCT8WHEM
1734483831936681347,1734483785564784003,Slider Mono Black / Mono Grey / Mono Beige / Black,253274.5,Toko Sepatu Bandung,IDLCT8WHEM
1734439101179725399,1734439043897263703,Sepatu Tribune Nylon Black,431800.0,Toko Sepatu Bandung,IDLCPDWXGD
1730706107471922775,1730706116728161879,Sepatu Tribune Home Black,457274.5,Toko Sepatu Bandung,IDLCPDWXGD
1734650508941493635,1734483785564784003,Slider Mono Black / Mono Grey / Mono Beige / Black,305150.0,Toko Sepatu Bandung,IDLCT8WHEM
1730174772819756631,1730174848005801559,Sepatu Tribune Red Gum,423300.0,Toko Sepatu Bandung,IDLCPDWXGD
1734483831936943491,1734483785564784003,Slider Mono Black / Mono Grey / Mono Beige / Black,253274.5,Toko Sepatu Bandung,IDLCT8WHEM
1730706106318751319,1730706116728161879,Sepatu Tribune Home Black,450589.25,Toko Sepatu Bandung,IDLCPDWXGD
1731622765730104919,1731622711600252503,Sepatu Tribune Home Olive,437664.14999999997,Toko Sepatu Bandung,IDLCPDWXGD
1731622713472747095,1731622766964541015,Sepatu Tribune Away Ocean,437663.3,Toko Sepatu Bandung,IDLCPDWXGD
1730868728727832151,1730868777127282263,Sepatu Tribune White Green,437664.14999999997,Toko Sepatu Bandung,IDLCPDWXGD
1730868728727635543,1730868777127282263,Sepatu Tribune White Green,437663.3,Toko Sepatu Bandung,IDLCPDWXGD
1729677746703469143,1729677747184175703,Sepatu Retrograde Low White Blue,369064.05,Toko Sepatu Bandung,IDLCPDWXGD
1730706107471988311,1730706116728161879,Sepatu Tribune Home Black,477213.8,Toko Sepatu Bandung,IDLCPDWXGD
1731079464715191683,1729768344261264771,Sepatu Tribune Black Gum / White Blue / Navy Gum / Home Black / Away Maroon,371756.0,Toko Sepatu Bandung,IDLCT8WHEM
1730651001345705559,1730651021212354135,Sepatu Tribune Navy Gum,496400.0,Toko Sepatu Bandung,IDLCPDWXGD
1734650508941559171,1734483785564784003,Slider Mono Black / Mono Grey / Mono Beige / Black,253274.5,Toko Sepatu Bandung,IDLCT8WHEM
1731927306072065623,1731927283872138839,Sepatu Tribune Shadow,415548.85,Toko Sepatu Bandung,IDLCPDWXGD
1734483831936419203,1734483785564784003,Slider Mono Black / Mono Grey / Mono Beige / Black,250848.6,Toko Sepatu Bandung,IDLCT8WHEM
1734483831936419203,1734483785564784003,Slider Mono Black / Mono Grey / Mono Beige / Black,253274.5,Toko Sepatu Bandung,IDLCT8WHEM
1734483831936419203,1734483785564784003,Slider Mono Black / Mono Grey / Mono Beige / Black,286101.5,Toko Sepatu Bandung,IDLCT8WHEM
1734483831936419203,1734483785564784003,Slider Mono Black / Mono Grey / Mono Beige / Black,251393.44999999998,Toko Sepatu Bandung,IDLCT8WHEM
1729562551000794499,1729562534016288131,[ORIGINAL] Kanky Story Kitadake Green / Navy / Charcoal / All Black / Black Forest - Sport Style,212637.69999999998,Toko Sepatu Bandung,IDLCT8WHEM
1731401493348124247,1731401492200326743,Sepatu Retrograde Camp Hi Olive,415336.35,Toko Sepatu Bandung,IDLCPDWXGD
1734650508941493635,1734483785564784003,Slider Mono Black / Mono Grey / Mono Beige / Black,239292.0,Toko Sepatu Bandung,IDLCT8WHEM
1734483831936681347,1734483785564784003,Slider Mono Black / Mono Grey / Mono Beige / Black,239366.8,Toko Sepatu Bandung,IDLCT8WHEM
1731298756262135171,1731298756864148867,Sepatu Gazelle Popsicle Yellow / Blue / Green / Red,193197.35,Toko Sepatu Bandung,IDLCT8WHEM
1730706088343012951,1730706121172026967,Sepatu Tribune Away Maroon,460955.0,Toko Sepatu Bandung,IDLCPDWXGD
1734650508941493635,1734483785564784003,Slider Mono Black / Mono Grey / Mono Beige / Black,243873.5,Toko Sepatu Bandung,IDLCT8WHEM
1731177925754455547,1731177913703433723,QOTH - Certo Baggy Sweatpants,118150.0,Store_10,IDLCVWLLYC
1734483831937205635,1734483785564784003,Slider Mono Black / Mono Grey / Mono Beige / Black,255000.0,Toko Sepatu Bandung,IDLCT8WHEM
1734483831936484739,1734483785564784003,Slider Mono Black / Mono Grey / Mono Beige / Black,253274.5,Toko Sepatu Bandung,IDLCT8WHEM
1730706107471922775,1730706116728161879,Sepatu Tribune Home Black,444686.0,Toko Sepatu Bandung,IDLCPDWXGD
1734650508941493635,1734483785564784003,Slider Mono Black / Mono Grey / Mono Beige / Black,256267.35,Toko Sepatu Bandung,IDLCT8WHEM
1734483831936681347,1734483785564784003,Slider Mono Black / Mono Grey / Mono Beige / Black,256266.5,Toko Sepatu Bandung,IDLCT8WHEM
1734483831936681347,1734483785564784003,Slider Mono Black / Mono Grey / Mono Beige / Black,271150.0,Toko Sepatu Bandung,IDLCT8WHEM
1730706088342750807,1730706121172026967,Sepatu Tribune Away Maroon,492959.2,Toko Sepatu Bandung,IDLCPDWXGD
1731418659331540355,1730005626441402755,Giordano Polo 3D Lion / Napoleon Shirt ORIGINAL Men Pria Kerah Baju Kaos Katun,133789.15,Toko Sepatu Bandung,IDLCT8WHEM
1729677758276143703,1729677758275553879,Sepatu Gazelle Low Black Gum,200604.25,Toko Sepatu Bandung,IDLCPDWXGD
1730174772503152215,1730174800969827927,Sepatu Tribune White Blue,412357.95,Toko Sepatu Bandung,IDLCPDWXGD
1734650508941428099,1734483785564784003,Slider Mono Black / Mono Grey / Mono Beige / Black,230170.65,Toko Sepatu Bandung,IDLCT8WHEM
1729677734993037911,1729677734992710231,Sepatu Gazelle Hi Black White,353515.0,Toko Sepatu Bandung,IDLCPDWXGD
1734650508941428099,1734483785564784003,Slider Mono Black / Mono Grey / Mono Beige / Black,242306.94999999998,Toko Sepatu Bandung,IDLCT8WHEM
1729677761805257303,1729677761804798551,Sepatu Gazelle Low White Red,279322.75,Toko Sepatu Bandung,IDLCPDWXGD
1730806636781012567,1730806637054625367,Sepatu Gazelle Low Weaves Sand,326196.0,Toko Sepatu Bandung,IDLCPDWXGD
1730806636780947031,1730806637054625367,Sepatu Gazelle Low Weaves Sand,321526.1,Toko Sepatu Bandung,IDLCPDWXGD
1730706107471988311,1730706116728161879,Sepatu Tribune Home Black,406521.0,Toko Sepatu Bandung,IDLCPDWXGD
1730868728727832151,1730868777127282263,Sepatu Tribune White Green,460929.5,Toko Sepatu Bandung,IDLCPDWXGD
1731622713472550487,1731622766964541015,Sepatu Tribune Away Ocean,457300.0,Toko Sepatu Bandung,IDLCPDWXGD
1734650508941428099,1734483785564784003,Slider Mono Black / Mono Grey / Mono Beige / Black,226298.9,Toko Sepatu Bandung,IDLCT8WHEM
1731599579957528151,1731599579011909207,Sepatu Gazelle Low Ice Cream,284376.0,Toko Sepatu Bandung,IDLCPDWXGD
1734650508941428099,1734483785564784003,Slider Mono Black / Mono Grey / Mono Beige / Black,243253.0,Toko Sepatu Bandung,IDLCT8WHEM
1734650508941428099,1734483785564784003,Slider Mono Black / Mono Grey / Mono Beige / Black,240134.35,Toko Sepatu Bandung,IDLCT8WHEM
1730806636781274711,1730806637054625367,Sepatu Gazelle Low Weaves Sand,326196.0,Toko Sepatu Bandung,IDLCPDWXGD
1730121322704962947,1729583996951366019,Sepatu Gazelle Low Black White / Cream / White Blue / White red / Black Gum,302600.0,Toko Sepatu Bandung,IDLCT8WHEM
1731927306071934551,1731927283872138839,Sepatu Tribune Shadow,461944.39999999997,Toko Sepatu Bandung,IDLCPDWXGD
1729722361243272858,1729722361174918810,Celana pendek Snifr Enc / Shortpants/ Boardshort /Celana pendek berbahan Taslan,49852.5,Store_11,IDLC6SWE7Q
1734650508941559171,1734483785564784003,Slider Mono Black / Mono Grey / Mono Beige / Black,258085.5,Toko Sepatu Bandung,IDLCT8WHEM
1729677743140997719,1729677743140473431,Sepatu Retrograde Low Black White,374986.0,Toko Sepatu Bandung,IDLCPDWXGD
1729677743140801111,1729677743140473431,Sepatu Retrograde Low Black White,414800.0,Toko Sepatu Bandung,IDLCPDWXGD
1731308725958116739,1729768344261264771,Sepatu Tribune Black Gum / White Blue / Navy Gum / Home Black / Away Maroon,447924.5,Toko Sepatu Bandung,IDLCT8WHEM
1729677758327130711,1729677758326606423,Sepatu Gazelle Low White Blue,284306.3,Toko Sepatu Bandung,IDLCPDWXGD
1729677761804929623,1729677761804798551,Sepatu Gazelle Low White Red,274905.3,Toko Sepatu Bandung,IDLCPDWXGD
1730651001345508951,1730651021212354135,Sepatu Tribune Navy Gum,491300.0,Toko Sepatu Bandung,IDLCPDWXGD
1731418659333113219,1730005626441402755,Giordano Polo 3D Lion / Napoleon Shirt ORIGINAL Men Pria Kerah Baju Kaos Katun,133789.15,Toko Sepatu Bandung,IDLCT8WHEM
1731418673452582275,1730005626441402755,Giordano Polo 3D Lion / Napoleon Shirt ORIGINAL Men Pria Kerah Baju Kaos Katun,133789.15,Toko Sepatu Bandung,IDLCT8WHEM
1731079464715322755,1729768344261264771,Sepatu Tribune Black Gum / White Blue / Navy Gum / Home Black / Away Maroon,422297.0,Toko Sepatu Bandung,IDLCT8WHEM
1734381975993222202,1734382248844690490,"【COD】Sisir Styling Rambut Pria Viral untuk Membuat Rambut Mengembang, Bertekstur & Menutupi Garis Belahan Rambut – Sisir Rambut Fringe untuk Styling Kekinian",11049.15,Store_12,IDLCSELTQP
1734650508941559171,1734483785564784003,Slider Mono Black / Mono Grey / Mono Beige / Black,243253.0,Toko Sepatu Bandung,IDLCT8WHEM
1734483831937205635,1734483785564784003,Slider Mono Black / Mono Grey / Mono Beige / Black,235955.75,Toko Sepatu Bandung,IDLCT8WHEM
1730706088342881879,1730706121172026967,Sepatu Tribune Away Maroon,457300.0,Toko Sepatu Bandung,IDLCPDWXGD
1731079464715978115,1729768344261264771,Sepatu Tribune Black Gum / White Blue / Navy Gum / Home Black / Away Maroon,411400.0,Toko Sepatu Bandung,IDLCT8WHEM
1730121730617935235,1729583996951366019,Sepatu Gazelle Low Black White / Cream / White Blue / White red / Black Gum,278495.7,Toko Sepatu Bandung,IDLCT8WHEM
1731079464714536323,1729768344261264771,Sepatu Tribune Black Gum / White Blue / Navy Gum / Home Black / Away Maroon,416831.5,Toko Sepatu Bandung,IDLCT8WHEM
1730706088342881879,1730706121172026967,Sepatu Tribune Away Maroon,516336.75,Toko Sepatu Bandung,IDLCPDWXGD
1729677742105135703,1729677742104545879,Sepatu Retrograde Low Cream,374986.0,Toko Sepatu Bandung,IDLCPDWXGD
1731079464714601859,1729768344261264771,Sepatu Tribune Black Gum / White Blue / Navy Gum / Home Black / Away Maroon,412199.0,Toko Sepatu Bandung,IDLCT8WHEM
1729677746703534679,1729677747184175703,Sepatu Retrograde Low White Blue,440300.0,Toko Sepatu Bandung,IDLCPDWXGD
1730706088343144023,1730706121172026967,Sepatu Tribune Away Maroon,457300.0,Toko Sepatu Bandung,IDLCPDWXGD
1731418659333113219,1730005626441402755,Giordano Polo 3D Lion / Napoleon Shirt ORIGINAL Men Pria Kerah Baju Kaos Katun,129775.45,Toko Sepatu Bandung,IDLCT8WHEM
1731308689765139843,1729768344261264771,Sepatu Tribune Black Gum / White Blue / Navy Gum / Home Black / Away Maroon,443938.0,Toko Sepatu Bandung,IDLCT8WHEM
1730174743203972695,1730174756446373463,Sepatu Tribune Black Gum,417109.45,Toko Sepatu Bandung,IDLCPDWXGD
1730174772819887703,1730174848005801559,Sepatu Tribune Red Gum,401312.2,Toko Sepatu Bandung,IDLCPDWXGD
1731418659331999107,1730005626441402755,Giordano Polo 3D Lion / Napoleon Shirt ORIGINAL Men Pria Kerah Baju Kaos Katun,130526.0,Toko Sepatu Bandung,IDLCT8WHEM
1734483831936943491,1734483785564784003,Slider Mono Black / Mono Grey / Mono Beige / Black,243253.0,Toko Sepatu Bandung,IDLCT8WHEM
1731308725958116739,1729768344261264771,Sepatu Tribune Black Gum / White Blue / Navy Gum / Home Black / Away Maroon,421039.0,Toko Sepatu Bandung,IDLCT8WHEM
1731079464715584899,1729768344261264771,Sepatu Tribune Black Gum / White Blue / Navy Gum / Home Black / Away Maroon,405960.0,Toko Sepatu Bandung,IDLCT8WHEM
1729677734993037911,1729677734992710231,Sepatu Gazelle Hi Black White,303320.8,Toko Sepatu Bandung,IDLCPDWXGD
1731622765730235991,1731622711600252503,Sepatu Tribune Home Olive,518027.39999999997,Toko Sepatu Bandung,IDLCPDWXGD
1729562551000794499,1729562534016288131,[ORIGINAL] Kanky Story Kitadake Green / Navy / Charcoal / All Black / Black Forest - Sport Style,202902.65,Toko Sepatu Bandung,IDLCT8WHEM
1734483831936746883,1734483785564784003,Slider Mono Black / Mono Grey / Mono Beige / Black,243253.0,Toko Sepatu Bandung,IDLCT8WHEM
1729677736926874199,1729677736926480983,Sepatu Retrograde Hi Decon Black White,397800.0,Toko Sepatu Bandung,IDLCPDWXGD
1729561361792927319,1729561362209539671,Sepatu Retrograde Low Triple Black,363736.25,Toko Sepatu Bandung,IDLCPDWXGD
1731308725958051203,1729768344261264771,Sepatu Tribune Black Gum / White Blue / Navy Gum / Home Black / Away Maroon,433840.0,Toko Sepatu Bandung,IDLCT8WHEM
1731079464714601859,1729768344261264771,Sepatu Tribune Black Gum / White Blue / Navy Gum / Home Black / Away Maroon,406640.0,Toko Sepatu Bandung,IDLCT8WHEM
1730706106318620247,1730706116728161879,Sepatu Tribune Home Black,431898.6,Toko Sepatu Bandung,IDLCPDWXGD
1730706088342816343,1730706121172026967,Sepatu Tribune Away Maroon,431898.6,Toko Sepatu Bandung,IDLCPDWXGD
1734483831937205635,1734483785564784003,Slider Mono Black / Mono Grey / Mono Beige / Black,271260.5,Toko Sepatu Bandung,IDLCT8WHEM
1731079464715191683,1729768344261264771,Sepatu Tribune Black Gum / White Blue / Navy Gum / Home Black / Away Maroon,422450.0,Toko Sepatu Bandung,IDLCT8WHEM
1734483831936681347,1734483785564784003,Slider Mono Black / Mono Grey / Mono Beige / Black,235955.75,Toko Sepatu Bandung,IDLCT8WHEM
1731079464715978115,1729768344261264771,Sepatu Tribune Black Gum / White Blue / Navy Gum / Home Black / Away Maroon,405960.0,Toko Sepatu Bandung,IDLCT8WHEM
1731308725957985667,1729768344261264771,Sepatu Tribune Black Gum / White Blue / Navy Gum / Home Black / Away Maroon,433840.0,Toko Sepatu Bandung,IDLCT8WHEM
1731308725958182275,1729768344261264771,Sepatu Tribune Black Gum / White Blue / Navy Gum / Home Black / Away Maroon,422674.39999999997,Toko Sepatu Bandung,IDLCT8WHEM
1731308689765139843,1729768344261264771,Sepatu Tribune Black Gum / White Blue / Navy Gum / Home Black / Away Maroon,431907.95,Toko Sepatu Bandung,IDLCT8WHEM
1731079464716043651,1729768344261264771,Sepatu Tribune Black Gum / White Blue / Navy Gum / Home Black / Away Maroon,405465.3,Toko Sepatu Bandung,IDLCT8WHEM
1731308725958051203,1729768344261264771,Sepatu Tribune Black Gum / White Blue / Navy Gum / Home Black / Away Maroon,430357.55,Toko Sepatu Bandung,IDLCT8WHEM
1731079464715912579,1729768344261264771,Sepatu Tribune Black Gum / White Blue / Navy Gum / Home Black / Away Maroon,397290.0,Toko Sepatu Bandung,IDLCT8WHEM
1731308689765401987,1729768344261264771,Sepatu Tribune Black Gum / White Blue / Navy Gum / Home Black / Away Maroon,433160.0,Toko Sepatu Bandung,IDLCT8WHEM
1731308689765467523,1729768344261264771,Sepatu Tribune Black Gum / White Blue / Navy Gum / Home Black / Away Maroon,424490.0,Toko Sepatu Bandung,IDLCT8WHEM
1731079464716109187,1729768344261264771,Sepatu Tribune Black Gum / White Blue / Navy Gum / Home Black / Away Maroon,402849.0,Toko Sepatu Bandung,IDLCT8WHEM
1730706106318751319,1730706116728161879,Sepatu Tribune Home Black,451726.55,Toko Sepatu Bandung,IDLCPDWXGD
1731622765729908311,1731622711600252503,Sepatu Tribune Home Olive,454447.39999999997,Toko Sepatu Bandung,IDLCPDWXGD
1729677758327327319,1729677758326606423,Sepatu Gazelle Low White Blue,284306.3,Toko Sepatu Bandung,IDLCPDWXGD
1731927306072000087,1731927283872138839,Sepatu Tribune Shadow,405166.1,Toko Sepatu Bandung,IDLCPDWXGD
1729677755464452695,1729677755464059479,Sepatu Gazelle Low Black White,284306.3,Toko Sepatu Bandung,IDLCPDWXGD
1731079464715453827,1729768344261264771,Sepatu Tribune Black Gum / White Blue / Navy Gum / Home Black / Away Maroon,405960.0,Toko Sepatu Bandung,IDLCT8WHEM
1730174743203907159,1730174756446373463,Sepatu Tribune Black Gum,508300.0,Toko Sepatu Bandung,IDLCPDWXGD
1729547498196863146,1729438565128374442,House of Smith Vintage Sherpa Jacket Lasket Black #4 - Jaket Casual Pria Polar Fleece,167415.15,Store_5,IDLC9VLLPY
1730706088342685271,1730706121172026967,Sepatu Tribune Away Maroon,493552.5,Toko Sepatu Bandung,IDLCPDWXGD
1730706088342947415,1730706121172026967,Sepatu Tribune Away Maroon,445997.55,Toko Sepatu Bandung,IDLCPDWXGD
1729677743140997719,1729677743140473431,Sepatu Retrograde Low Black White,414800.0,Toko Sepatu Bandung,IDLCPDWXGD
1730121322705028483,1729583996951366019,Sepatu Gazelle Low Black White / Cream / White Blue / White red / Black Gum,284376.0,Toko Sepatu Bandung,IDLCT8WHEM
1729677743140801111,1729677743140473431,Sepatu Retrograde Low Black White,365874.0,Toko Sepatu Bandung,IDLCPDWXGD
1731418659331999107,1730005626441402755,Giordano Polo 3D Lion / Napoleon Shirt ORIGINAL Men Pria Kerah Baju Kaos Katun,133789.15,Toko Sepatu Bandung,IDLCT8WHEM
1734650508941362563,1734483785564784003,Slider Mono Black / Mono Grey / Mono Beige / Black,243253.0,Toko Sepatu Bandung,IDLCT8WHEM
1731308725958182275,1729768344261264771,Sepatu Tribune Black Gum / White Blue / Navy Gum / Home Black / Away Maroon,446199.0,Toko Sepatu Bandung,IDLCT8WHEM
1730174743203841623,1730174756446373463,Sepatu Tribune Black Gum,423300.0,Toko Sepatu Bandung,IDLCPDWXGD
1730868728727832151,1730868777127282263,Sepatu Tribune White Green,457300.0,Toko Sepatu Bandung,IDLCPDWXGD
1734483831936681347,1734483785564784003,Slider Mono Black / Mono Grey / Mono Beige / Black,243253.0,Toko Sepatu Bandung,IDLCT8WHEM
1729677743140801111,1729677743140473431,Sepatu Retrograde Low Black White,374986.0,Toko Sepatu Bandung,IDLCPDWXGD
1734483831936550275,1734483785564784003,Slider Mono Black / Mono Grey / Mono Beige / Black,236535.44999999998,Toko Sepatu Bandung,IDLCT8WHEM
1731927306071737943,1731927283872138839,Sepatu Tribune Shadow,414029.89999999997,Toko Sepatu Bandung,IDLCPDWXGD
1731622765730170455,1731622711600252503,Sepatu Tribune Home Olive,457300.0,Toko Sepatu Bandung,IDLCPDWXGD
1734439118025623127,1734439112649180759,Sepatu Tribune Nylon White,431800.0,Toko Sepatu Bandung,IDLCPDWXGD
1729562551000794499,1729562534016288131,[ORIGINAL] Kanky Story Kitadake Green / Navy / Charcoal / All Black / Black Forest - Sport Style,207975.44999999998,Toko Sepatu Bandung,IDLCT8WHEM
1730121322703193475,1729583996951366019,Sepatu Gazelle Low Black White / Cream / White Blue / White red / Black Gum,273037.0,Toko Sepatu Bandung,IDLCT8WHEM
1729677758276143703,1729677758275553879,Sepatu Gazelle Low Black Gum,284306.3,Toko Sepatu Bandung,IDLCPDWXGD
1731308689765205379,1729768344261264771,Sepatu Tribune Black Gum / White Blue / Navy Gum / Home Black / Away Maroon,447827.6,Toko Sepatu Bandung,IDLCT8WHEM
1729677743141194327,1729677743140473431,Sepatu Retrograde Low Black White,374986.0,Toko Sepatu Bandung,IDLCPDWXGD
1731622713472943703,1731622766964541015,Sepatu Tribune Away Ocean,457300.0,Toko Sepatu Bandung,IDLCPDWXGD
1731079464714667395,1729768344261264771,Sepatu Tribune Black Gum / White Blue / Navy Gum / Home Black / Away Maroon,409156.0,Toko Sepatu Bandung,IDLCT8WHEM
1731996015553709443,1731995980503090563,Sepatu Tribune Shadow,449821.7,Toko Sepatu Bandung,IDLCT8WHEM
1729677736926808663,1729677736926480983,Sepatu Retrograde Hi Decon Black White,390133.85,Toko Sepatu Bandung,IDLCPDWXGD
1734650508941297027,1734483785564784003,Slider Mono Black / Mono Grey / Mono Beige / Black,243253.0,Toko Sepatu Bandung,IDLCT8WHEM
1730706106318620247,1730706116728161879,Sepatu Tribune Home Black,519141.75,Toko Sepatu Bandung,IDLCPDWXGD
1731079464716109187,1729768344261264771,Sepatu Tribune Black Gum / White Blue / Navy Gum / Home Black / Away Maroon,423274.5,Toko Sepatu Bandung,IDLCT8WHEM
1734439101179922007,1734439043897263703,Sepatu Tribune Nylon Black,433857.0,Toko Sepatu Bandung,IDLCPDWXGD
1731308689765467523,1729768344261264771,Sepatu Tribune Black Gum / White Blue / Navy Gum / Home Black / Away Maroon,452019.8,Toko Sepatu Bandung,IDLCT8WHEM
1731298756262135171,1731298756864148867,Sepatu Gazelle Popsicle Yellow / Blue / Green / Red,181520.05,Toko Sepatu Bandung,IDLCT8WHEM
1731079464714929539,1729768344261264771,Sepatu Tribune Black Gum / White Blue / Navy Gum / Home Black / Away Maroon,422450.0,Toko Sepatu Bandung,IDLCT8WHEM
1734650508941362563,1734483785564784003,Slider Mono Black / Mono Grey / Mono Beige / Black,237292.8,Toko Sepatu Bandung,IDLCT8WHEM
1729677743859862103,1729677743859534423,Sepatu Gazelle Hi White Blue,259493.1,Toko Sepatu Bandung,IDLCPDWXGD
1734650508941493635,1734483785564784003,Slider Mono Black / Mono Grey / Mono Beige / Black,236453.0,Toko Sepatu Bandung,IDLCT8WHEM
1731079464714732931,1729768344261264771,Sepatu Tribune Black Gum / White Blue / Navy Gum / Home Black / Away Maroon,397290.0,Toko Sepatu Bandung,IDLCT8WHEM
1734650508941362563,1734483785564784003,Slider Mono Black / Mono Grey / Mono Beige / Black,232203.0,Toko Sepatu Bandung,IDLCT8WHEM
1734483831937205635,1734483785564784003,Slider Mono Black / Mono Grey / Mono Beige / Black,243253.0,Toko Sepatu Bandung,IDLCT8WHEM
1734650508941559171,1734483785564784003,Slider Mono Black / Mono Grey / Mono Beige / Black,235955.75,Toko Sepatu Bandung,IDLCT8WHEM
1731308689765467523,1729768344261264771,Sepatu Tribune Black Gum / White Blue / Navy Gum / Home Black / Away Maroon,433763.5,Toko Sepatu Bandung,IDLCT8WHEM
1734650508941362563,1734483785564784003,Slider Mono Black / Mono Grey / Mono Beige / Black,235955.75,Toko Sepatu Bandung,IDLCT8WHEM
1731308725958051203,1729768344261264771,Sepatu Tribune Black Gum / White Blue / Navy Gum / Home Black / Away Maroon,433797.5,Toko Sepatu Bandung,IDLCT8WHEM
1734483831937205635,1734483785564784003,Slider Mono Black / Mono Grey / Mono Beige / Black,237983.0,Toko Sepatu Bandung,IDLCT8WHEM
1734483831936419203,1734483785564784003,Slider Mono Black / Mono Grey / Mono Beige / Black,243253.0,Toko Sepatu Bandung,IDLCT8WHEM
1731079464715519363,1729768344261264771,Sepatu Tribune Black Gum / White Blue / Navy Gum / Home Black / Away Maroon,412102.95,Toko Sepatu Bandung,IDLCT8WHEM
1731308689765205379,1729768344261264771,Sepatu Tribune Black Gum / White Blue / Navy Gum / Home Black / Away Maroon,456382.0,Toko Sepatu Bandung,IDLCT8WHEM
1734483831936419203,1734483785564784003,Slider Mono Black / Mono Grey / Mono Beige / Black,235955.75,Toko Sepatu Bandung,IDLCT8WHEM
1733814149077042775,1731927283872138839,Sepatu Tribune Shadow,423300.0,Toko Sepatu Bandung,IDLCPDWXGD
1734483831936943491,1734483785564784003,Slider Mono Black / Mono Grey / Mono Beige / Black,243227.5,Toko Sepatu Bandung,IDLCT8WHEM
1731308725957920131,1729768344261264771,Sepatu Tribune Black Gum / White Blue / Navy Gum / Home Black / Away Maroon,450137.89999999997,Toko Sepatu Bandung,IDLCT8WHEM
1734483831936943491,1734483785564784003,Slider Mono Black / Mono Grey / Mono Beige / Black,235955.75,Toko Sepatu Bandung,IDLCT8WHEM
1731308725957985667,1729768344261264771,Sepatu Tribune Black Gum / White Blue / Navy Gum / Home Black / Away Maroon,456730.5,Toko Sepatu Bandung,IDLCT8WHEM
1734650508941297027,1734483785564784003,Slider Mono Black / Mono Grey / Mono Beige / Black,235955.75,Toko Sepatu Bandung,IDLCT8WHEM
1731418659332064643,1730005626441402755,Giordano Polo 3D Lion / Napoleon Shirt ORIGINAL Men Pria Kerah Baju Kaos Katun,133789.15,Toko Sepatu Bandung,IDLCT8WHEM
1729677743140932183,1729677743140473431,Sepatu Retrograde Low Black White,440300.0,Toko Sepatu Bandung,IDLCPDWXGD
1734483831936681347,1734483785564784003,Slider Mono Black / Mono Grey / Mono Beige / Black,235332.69999999998,Toko Sepatu Bandung,IDLCT8WHEM
1734650508941493635,1734483785564784003,Slider Mono Black / Mono Grey / Mono Beige / Black,243253.0,Toko Sepatu Bandung,IDLCT8WHEM
1734650508941559171,1734483785564784003,Slider Mono Black / Mono Grey / Mono Beige / Black,233903.0,Toko Sepatu Bandung,IDLCT8WHEM
1734483831936157059,1734483785564784003,Slider Mono Black / Mono Grey / Mono Beige / Black,240053.6,Toko Sepatu Bandung,IDLCT8WHEM
1734650508941362563,1734483785564784003,Slider Mono Black / Mono Grey / Mono Beige / Black,243227.5,Toko Sepatu Bandung,IDLCT8WHEM
1734650508941362563,1734483785564784003,Slider Mono Black / Mono Grey / Mono Beige / Black,243200.3,Toko Sepatu Bandung,IDLCT8WHEM
1730121322703521155,1729583996951366019,Sepatu Gazelle Low Black White / Cream / White Blue / White red / Black Gum,336600.0,Toko Sepatu Bandung,IDLCT8WHEM
1731308725958182275,1729768344261264771,Sepatu Tribune Black Gum / White Blue / Navy Gum / Home Black / Away Maroon,433840.0,Toko Sepatu Bandung,IDLCT8WHEM
1730706088342816343,1730706121172026967,Sepatu Tribune Away Maroon,478507.5,Toko Sepatu Bandung,IDLCPDWXGD
1731927306072065623,1731927283872138839,Sepatu Tribune Shadow,432055.0,Toko Sepatu Bandung,IDLCPDWXGD
1731927306071869015,1731927283872138839,Sepatu Tribune Shadow,464100.0,Toko Sepatu Bandung,IDLCPDWXGD
1734650508941559171,1734483785564784003,Slider Mono Black / Mono Grey / Mono Beige / Black,287750.5,Toko Sepatu Bandung,IDLCT8WHEM
1734483831937205635,1734483785564784003,Slider Mono Black / Mono Grey / Mono Beige / Black,287750.5,Toko Sepatu Bandung,IDLCT8WHEM
1730651001345705559,1730651021212354135,Sepatu Tribune Navy Gum,407765.39999999997,Toko Sepatu Bandung,IDLCPDWXGD
1730651001345508951,1730651021212354135,Sepatu Tribune Navy Gum,407765.39999999997,Toko Sepatu Bandung,IDLCPDWXGD
1729677761805388375,1729677761804798551,Sepatu Gazelle Low White Red,278139.55,Toko Sepatu Bandung,IDLCPDWXGD
1729677759600233047,1729677759599905367,Sepatu Gazelle Low Cream,278139.55,Toko Sepatu Bandung,IDLCPDWXGD
1730651001345705559,1730651021212354135,Sepatu Tribune Navy Gum,397083.45,Toko Sepatu Bandung,IDLCPDWXGD
1730651001345508951,1730651021212354135,Sepatu Tribune Navy Gum,397084.3,Toko Sepatu Bandung,IDLCPDWXGD
1729677761805388375,1729677761804798551,Sepatu Gazelle Low White Red,270854.2,Toko Sepatu Bandung,IDLCPDWXGD
1731927306072196695,1731927283872138839,Sepatu Tribune Shadow,485350.0,Toko Sepatu Bandung,IDLCPDWXGD
1730706088342947415,1730706121172026967,Sepatu Tribune Away Maroon,460955.0,Toko Sepatu Bandung,IDLCPDWXGD
1730706088342750807,1730706121172026967,Sepatu Tribune Away Maroon,460955.0,Toko Sepatu Bandung,IDLCPDWXGD
1730706107471988311,1730706116728161879,Sepatu Tribune Home Black,417571.0,Toko Sepatu Bandung,IDLCPDWXGD
1729677758276012631,1729677758275553879,Sepatu Gazelle Low Black Gum,284306.3,Toko Sepatu Bandung,IDLCPDWXGD
1731927306072131159,1731927283872138839,Sepatu Tribune Shadow,462553.0,Toko Sepatu Bandung,IDLCPDWXGD
1729677742104939095,1729677742104545879,Sepatu Retrograde Low Cream,374986.0,Toko Sepatu Bandung,IDLCPDWXGD
1730806636781078103,1730806637054625367,Sepatu Gazelle Low Weaves Sand,316744.0,Toko Sepatu Bandung,IDLCPDWXGD
1731996015553774979,1731995980503090563,Sepatu Tribune Shadow,449049.05,Toko Sepatu Bandung,IDLCT8WHEM
1731308725957985667,1729768344261264771,Sepatu Tribune Black Gum / White Blue / Navy Gum / Home Black / Away Maroon,442552.5,Toko Sepatu Bandung,IDLCT8WHEM
1731079464714536323,1729768344261264771,Sepatu Tribune Black Gum / White Blue / Navy Gum / Home Black / Away Maroon,419854.95,Toko Sepatu Bandung,IDLCT8WHEM
1730174772819953239,1730174848005801559,Sepatu Tribune Red Gum,415640.64999999997,Toko Sepatu Bandung,IDLCPDWXGD
1731308689765205379,1729768344261264771,Sepatu Tribune Black Gum / White Blue / Navy Gum / Home Black / Away Maroon,450933.5,Toko Sepatu Bandung,IDLCT8WHEM
1731308689765533059,1729768344261264771,Sepatu Tribune Black Gum / White Blue / Navy Gum / Home Black / Away Maroon,457300.0,Toko Sepatu Bandung,IDLCT8WHEM
1730706088342816343,1730706121172026967,Sepatu Tribune Away Maroon,518154.05,Toko Sepatu Bandung,IDLCPDWXGD
1729677734993103447,1729677734992710231,Sepatu Gazelle Hi Black White,282948.0,Toko Sepatu Bandung,IDLCPDWXGD
1731927306072065623,1731927283872138839,Sepatu Tribune Shadow,500693.35,Toko Sepatu Bandung,IDLCPDWXGD
1734439081841034839,1734439093365802583,Sepatu Tribune Nylon Modular,431800.0,Toko Sepatu Bandung,IDLCPDWXGD
1730706088342881879,1730706121172026967,Sepatu Tribune Away Maroon,456125.3,Toko Sepatu Bandung,IDLCPDWXGD
1730706106318751319,1730706116728161879,Sepatu Tribune Home Black,447394.95,Toko Sepatu Bandung,IDLCPDWXGD
1730174743204038231,1730174756446373463,Sepatu Tribune Black Gum,415026.95,Toko Sepatu Bandung,IDLCPDWXGD
1731308689765270915,1729768344261264771,Sepatu Tribune Black Gum / White Blue / Navy Gum / Home Black / Away Maroon,439804.45,Toko Sepatu Bandung,IDLCT8WHEM
1729677742105201239,1729677742104545879,Sepatu Retrograde Low Cream,374986.0,Toko Sepatu Bandung,IDLCPDWXGD
1734439081841165911,1734439093365802583,Sepatu Tribune Nylon Modular,431800.0,Toko Sepatu Bandung,IDLCPDWXGD
1730706106318751319,1730706116728161879,Sepatu Tribune Home Black,452889.35,Toko Sepatu Bandung,IDLCPDWXGD
1731308689765401987,1729768344261264771,Sepatu Tribune Black Gum / White Blue / Navy Gum / Home Black / Away Maroon,451292.2,Toko Sepatu Bandung,IDLCT8WHEM
1729677743140866647,1729677743140473431,Sepatu Retrograde Low Black White,364408.6,Toko Sepatu Bandung,IDLCPDWXGD
1730706088343012951,1730706121172026967,Sepatu Tribune Away Maroon,437702.39999999997,Toko Sepatu Bandung,IDLCPDWXGD
1733254788722623875,1733254847484691843,Sepatu Tribune White Green,433840.0,Toko Sepatu Bandung,IDLCT8WHEM
1731308725957920131,1729768344261264771,Sepatu Tribune Black Gum / White Blue / Navy Gum / Home Black / Away Maroon,433160.0,Toko Sepatu Bandung,IDLCT8WHEM
1731927306071803479,1731927283872138839,Sepatu Tribune Shadow,491274.5,Toko Sepatu Bandung,IDLCPDWXGD
1731079464715257219,1729768344261264771,Sepatu Tribune Black Gum / White Blue / Navy Gum / Home Black / Away Maroon,423300.0,Toko Sepatu Bandung,IDLCT8WHEM
1731298803851036035,1731298756864148867,Sepatu Gazelle Popsicle Yellow / Blue / Green / Red,186577.55,Toko Sepatu Bandung,IDLCT8WHEM
1734439081841231447,1734439093365802583,Sepatu Tribune Nylon Modular,418846.0,Toko Sepatu Bandung,IDLCPDWXGD
1731079464715650435,1729768344261264771,Sepatu Tribune Black Gum / White Blue / Navy Gum / Home Black / Away Maroon,431332.5,Toko Sepatu Bandung,IDLCT8WHEM
1731996015553643907,1731995980503090563,Sepatu Tribune Shadow,457274.5,Toko Sepatu Bandung,IDLCT8WHEM
1730706088342947415,1730706121172026967,Sepatu Tribune Away Maroon,451586.3,Toko Sepatu Bandung,IDLCPDWXGD
1729677759600298583,1729677759599905367,Sepatu Gazelle Low Cream,271792.6,Toko Sepatu Bandung,IDLCPDWXGD
1729677742105135703,1729677742104545879,Sepatu Retrograde Low Cream,358481.55,Toko Sepatu Bandung,IDLCPDWXGD
1729677742104939095,1729677742104545879,Sepatu Retrograde Low Cream,358481.55,Toko Sepatu Bandung,IDLCPDWXGD
1729677742104676951,1729677742104545879,Sepatu Retrograde Low Cream,358481.55,Toko Sepatu Bandung,IDLCPDWXGD
1731079464715388291,1729768344261264771,Sepatu Tribune Black Gum / White Blue / Navy Gum / Home Black / Away Maroon,405960.0,Toko Sepatu Bandung,IDLCT8WHEM
1730121730617673091,1729583996951366019,Sepatu Gazelle Low Black White / Cream / White Blue / White red / Black Gum,277414.5,Toko Sepatu Bandung,IDLCT8WHEM
1731079464714732931,1729768344261264771,Sepatu Tribune Black Gum / White Blue / Navy Gum / Home Black / Away Maroon,406640.0,Toko Sepatu Bandung,IDLCT8WHEM
1731996015553643907,1731995980503090563,Sepatu Tribune Shadow,457300.0,Toko Sepatu Bandung,IDLCT8WHEM
1730174743204169303,1730174756446373463,Sepatu Tribune Black Gum,423300.0,Toko Sepatu Bandung,IDLCPDWXGD
1731308725958116739,1729768344261264771,Sepatu Tribune Black Gum / White Blue / Navy Gum / Home Black / Away Maroon,431225.39999999997,Toko Sepatu Bandung,IDLCT8WHEM
1730706088343078487,1730706121172026967,Sepatu Tribune Away Maroon,457300.0,Toko Sepatu Bandung,IDLCPDWXGD
1731308725958182275,1729768344261264771,Sepatu Tribune Black Gum / White Blue / Navy Gum / Home Black / Away Maroon,421286.35,Toko Sepatu Bandung,IDLCT8WHEM
1731927306072196695,1731927283872138839,Sepatu Tribune Shadow,465800.0,Toko Sepatu Bandung,IDLCPDWXGD
1730706088342881879,1730706121172026967,Sepatu Tribune Away Maroon,457232.0,Toko Sepatu Bandung,IDLCPDWXGD
1729562551000794499,1729562534016288131,[ORIGINAL] Kanky Story Kitadake Green / Navy / Charcoal / All Black / Black Forest - Sport Style,229528.9,Toko Sepatu Bandung,IDLCT8WHEM
1729677742105004631,1729677742104545879,Sepatu Retrograde Low Cream,358654.1,Toko Sepatu Bandung,IDLCPDWXGD
1730651001345443415,1730651021212354135,Sepatu Tribune Navy Gum,423300.0,Toko Sepatu Bandung,IDLCPDWXGD
1731996015553512835,1731995980503090563,Sepatu Tribune Shadow,443581.0,Toko Sepatu Bandung,IDLCT8WHEM
1731418659331540355,1730005626441402755,Giordano Polo 3D Lion / Napoleon Shirt ORIGINAL Men Pria Kerah Baju Kaos Katun,129775.45,Toko Sepatu Bandung,IDLCT8WHEM
1731079464715191683,1729768344261264771,Sepatu Tribune Black Gum / White Blue / Navy Gum / Home Black / Away Maroon,417503.0,Toko Sepatu Bandung,IDLCT8WHEM
1730706088342816343,1730706121172026967,Sepatu Tribune Away Maroon,484806.0,Toko Sepatu Bandung,IDLCPDWXGD
1730121322703652227,1729583996951366019,Sepatu Gazelle Low Black White / Cream / White Blue / White red / Black Gum,302600.0,Toko Sepatu Bandung,IDLCT8WHEM
1731079464714601859,1729768344261264771,Sepatu Tribune Black Gum / White Blue / Navy Gum / Home Black / Away Maroon,419820.95,Toko Sepatu Bandung,IDLCT8WHEM
1731927306072131159,1731927283872138839,Sepatu Tribune Shadow,418414.2,Toko Sepatu Bandung,IDLCPDWXGD
1730868728727832151,1730868777127282263,Sepatu Tribune White Green,449727.35,Toko Sepatu Bandung,IDLCPDWXGD
1729561361792927319,1729561362209539671,Sepatu Retrograde Low Triple Black,374986.0,Toko Sepatu Bandung,IDLCPDWXGD
1731996015553774979,1731995980503090563,Sepatu Tribune Shadow,457300.0,Toko Sepatu Bandung,IDLCT8WHEM
1730706088343078487,1730706121172026967,Sepatu Tribune Away Maroon,542300.0,Toko Sepatu Bandung,IDLCPDWXGD
1729725175196125783,1729725175195863639,Sepatu Velocity Black,593215.0,Toko Sepatu Bandung,IDLCPDWXGD
1731622713472878167,1731622766964541015,Sepatu Tribune Away Ocean,450897.8,Toko Sepatu Bandung,IDLCPDWXGD
1729677743859796567,1729677743859534423,Sepatu Gazelle Hi White Blue,259289.1,Toko Sepatu Bandung,IDLCPDWXGD
1731079464714470787,1729768344261264771,Sepatu Tribune Black Gum / White Blue / Navy Gum / Home Black / Away Maroon,406640.0,Toko Sepatu Bandung,IDLCT8WHEM
1731927306072196695,1731927283872138839,Sepatu Tribune Shadow,420937.0,Toko Sepatu Bandung,IDLCPDWXGD
1731927306072131159,1731927283872138839,Sepatu Tribune Shadow,420937.0,Toko Sepatu Bandung,IDLCPDWXGD
1731927306072065623,1731927283872138839,Sepatu Tribune Shadow,420937.0,Toko Sepatu Bandung,IDLCPDWXGD
1731927306071869015,1731927283872138839,Sepatu Tribune Shadow,420937.0,Toko Sepatu Bandung,IDLCPDWXGD
1734439101179659863,1734439043897263703,Sepatu Tribune Nylon Black,431800.0,Toko Sepatu Bandung,IDLCPDWXGD
1731996015553643907,1731995980503090563,Sepatu Tribune Shadow,443581.0,Toko Sepatu Bandung,IDLCT8WHEM
1730651001345574487,1730651021212354135,Sepatu Tribune Navy Gum,421600.0,Toko Sepatu Bandung,IDLCPDWXGD
1731927306072196695,1731927283872138839,Sepatu Tribune Shadow,399956.45,Toko Sepatu Bandung,IDLCPDWXGD
1729677743141128791,1729677743140473431,Sepatu Retrograde Low Black White,374986.0,Toko Sepatu Bandung,IDLCPDWXGD
1730706088343078487,1730706121172026967,Sepatu Tribune Away Maroon,443581.0,Toko Sepatu Bandung,IDLCPDWXGD
1731927306072000087,1731927283872138839,Sepatu Tribune Shadow,491300.0,Toko Sepatu Bandung,IDLCPDWXGD
1734439101179463255,1734439043897263703,Sepatu Tribune Nylon Black,431800.0,Toko Sepatu Bandung,IDLCPDWXGD
1730174743203645015,1730174756446373463,Sepatu Tribune Black Gum,423300.0,Toko Sepatu Bandung,IDLCPDWXGD
1730706107471922775,1730706116728161879,Sepatu Tribune Home Black,460652.39999999997,Toko Sepatu Bandung,IDLCPDWXGD
1731418659333506435,1730005626441402755,Giordano Polo 3D Lion / Napoleon Shirt ORIGINAL Men Pria Kerah Baju Kaos Katun,133789.15,Toko Sepatu Bandung,IDLCT8WHEM
1730706088342881879,1730706121172026967,Sepatu Tribune Away Maroon,542300.0,Toko Sepatu Bandung,IDLCPDWXGD
1730174772502890071,1730174800969827927,Sepatu Tribune White Blue,418793.3,Toko Sepatu Bandung,IDLCPDWXGD
1729677742968769111,1729677742968441431,Sepatu Gazelle Hi Black Gum,298212.3,Toko Sepatu Bandung,IDLCPDWXGD
1730706088342816343,1730706121172026967,Sepatu Tribune Away Maroon,443581.0,Toko Sepatu Bandung,IDLCPDWXGD
1730806636781078103,1730806637054625367,Sepatu Gazelle Low Weaves Sand,326196.0,Toko Sepatu Bandung,IDLCPDWXGD
1729725175196256855,1729725175195863639,Sepatu Velocity Black,593215.0,Toko Sepatu Bandung,IDLCPDWXGD
1729677734993234519,1729677734992710231,Sepatu Gazelle Hi Black White,344558.55,Toko Sepatu Bandung,IDLCPDWXGD
1730868728727766615,1730868777127282263,Sepatu Tribune White Green,450297.7,Toko Sepatu Bandung,IDLCPDWXGD
1731016355289269416,1731016368585475240,Paket Pembersih Sepatu Suede & Nubuck / Suede Brush + Suede Eraser Bonus Tali Sepatu,16898.0,Store_0,IDLCEHLLQ6
1730174772503283287,1730174800969827927,Sepatu Tribune White Blue,417299.0,Toko Sepatu Bandung,IDLCPDWXGD
1729677740302764631,1729677742968441431,Sepatu Gazelle Hi Black Gum,244228.8,Toko Sepatu Bandung,IDLCPDWXGD
1730174772820149847,1730174848005801559,Sepatu Tribune Red Gum,410601.0,Toko Sepatu Bandung,IDLCPDWXGD
1730174743204103767,1730174756446373463,Sepatu Tribune Black Gum,409817.3,Toko Sepatu Bandung,IDLCPDWXGD
1730651001345902167,1730651021212354135,Sepatu Tribune Navy Gum,423274.5,Toko Sepatu Bandung,IDLCPDWXGD
1731927306071672407,1731927283872138839,Sepatu Tribune Shadow,426972.0,Toko Sepatu Bandung,IDLCPDWXGD
1731622765730170455,1731622711600252503,Sepatu Tribune Home Olive,455532.0,Toko Sepatu Bandung,IDLCPDWXGD
1730706106318685783,1730706116728161879,Sepatu Tribune Home Black,455532.0,Toko Sepatu Bandung,IDLCPDWXGD
1730706088342750807,1730706121172026967,Sepatu Tribune Away Maroon,455532.0,Toko Sepatu Bandung,IDLCPDWXGD
1729677746703338071,1729677747184175703,Sepatu Retrograde Low White Blue,384132.0,Toko Sepatu Bandung,IDLCPDWXGD
1729677761805126231,1729677761804798551,Sepatu Gazelle Low White Red,284306.3,Toko Sepatu Bandung,IDLCPDWXGD
1731401465609291351,1731401464730912343,Sepatu Retrograde Camp Low Camel,385866.0,Toko Sepatu Bandung,IDLCPDWXGD
1730706088342685271,1730706121172026967,Sepatu Tribune Away Maroon,454860.5,Toko Sepatu Bandung,IDLCPDWXGD
1730174772503021143,1730174800969827927,Sepatu Tribune White Blue,412853.5,Toko Sepatu Bandung,IDLCPDWXGD
1731622765729842775,1731622711600252503,Sepatu Tribune Home Olive,457300.0,Toko Sepatu Bandung,IDLCPDWXGD
1730174743203972695,1730174756446373463,Sepatu Tribune Black Gum,489600.0,Toko Sepatu Bandung,IDLCPDWXGD
1731927306072000087,1731927283872138839,Sepatu Tribune Shadow,492444.95,Toko Sepatu Bandung,IDLCPDWXGD
1730868728727832151,1730868777127282263,Sepatu Tribune White Green,453530.25,Toko Sepatu Bandung,IDLCPDWXGD
1731927306072065623,1731927283872138839,Sepatu Tribune Shadow,410581.45,Toko Sepatu Bandung,IDLCPDWXGD
1729677755464321623,1729677755464059479,Sepatu Gazelle Low Black White,282606.3,Toko Sepatu Bandung,IDLCPDWXGD
1731927306071934551,1731927283872138839,Sepatu Tribune Shadow,395250.0,Toko Sepatu Bandung,IDLCPDWXGD
1729677740302699095,1729677742968441431,Sepatu Gazelle Hi Black Gum,305286.0,Toko Sepatu Bandung,IDLCPDWXGD
1731927306072000087,1731927283872138839,Sepatu Tribune Shadow,412250.0,Toko Sepatu Bandung,IDLCPDWXGD
1730706106318685783,1730706116728161879,Sepatu Tribune Home Black,499774.5,Toko Sepatu Bandung,IDLCPDWXGD
1730706107472119383,1730706116728161879,Sepatu Tribune Home Black,457300.0,Toko Sepatu Bandung,IDLCPDWXGD
1730174772503152215,1730174800969827927,Sepatu Tribune White Blue,465800.0,Toko Sepatu Bandung,IDLCPDWXGD
1729677759600167511,1729677759599905367,Sepatu Gazelle Low Cream,284306.3,Toko Sepatu Bandung,IDLCPDWXGD
1730174743203907159,1730174756446373463,Sepatu Tribune Black Gum,422172.89999999997,Toko Sepatu Bandung,IDLCPDWXGD
1729677755464321623,1729677755464059479,Sepatu Gazelle Low Black White,296803.0,Toko Sepatu Bandung,IDLCPDWXGD
1729677755464518231,1729677755464059479,Sepatu Gazelle Low Black White,304215.0,Toko Sepatu Bandung,IDLCPDWXGD
1730706107471988311,1730706116728161879,Sepatu Tribune Home Black,456088.75,Toko Sepatu Bandung,IDLCPDWXGD
1730793833131378263,1730793845432550999,Sepatu Jersey LS Home Black,301139.7,Toko Sepatu Bandung,IDLCPDWXGD
1731418659331540355,1730005626441402755,Giordano Polo 3D Lion / Napoleon Shirt ORIGINAL Men Pria Kerah Baju Kaos Katun,133610.65,Toko Sepatu Bandung,IDLCT8WHEM
1733871790680147044,1733871664787653732,SVR - Rayya Sleeve Shirt Oversize -Turkey Kemeja Koko Linen V-neck Atasan Pria Baju,111225.05,Store_13,IDLCGMLLDV
1733871790680081508,1733871664787653732,SVR - Rayya Sleeve Shirt Oversize -Turkey Kemeja Koko Linen V-neck Atasan Pria Baju,111225.05,Store_13,IDLCGMLLDV
1733871790680015972,1733871664787653732,SVR - Rayya Sleeve Shirt Oversize -Turkey Kemeja Koko Linen V-neck Atasan Pria Baju,111225.05,Store_13,IDLCGMLLDV
1729677742104742487,1729677742104545879,Sepatu Retrograde Low Cream,374986.0,Toko Sepatu Bandung,IDLCPDWXGD
1730706088342685271,1730706121172026967,Sepatu Tribune Away Maroon,451712.1,Toko Sepatu Bandung,IDLCPDWXGD
1731622765730104919,1731622711600252503,Sepatu Tribune Home Olive,499800.0,Toko Sepatu Bandung,IDLCPDWXGD
1730706106318554711,1730706116728161879,Sepatu Tribune Home Black,457300.0,Toko Sepatu Bandung,IDLCPDWXGD
1730706088342947415,1730706121172026967,Sepatu Tribune Away Maroon,452789.05,Toko Sepatu Bandung,IDLCPDWXGD
1729725175196125783,1729725175195863639,Sepatu Velocity Black,593164.0,Toko Sepatu Bandung,IDLCPDWXGD
1730706088342685271,1730706121172026967,Sepatu Tribune Away Maroon,490424.5,Toko Sepatu Bandung,IDLCPDWXGD
1730706088342947415,1730706121172026967,Sepatu Tribune Away Maroon,525300.0,Toko Sepatu Bandung,IDLCPDWXGD
1731622713472616023,1731622766964541015,Sepatu Tribune Away Ocean,457300.0,Toko Sepatu Bandung,IDLCPDWXGD
1731927306071869015,1731927283872138839,Sepatu Tribune Shadow,423036.5,Toko Sepatu Bandung,IDLCPDWXGD
1730706106318620247,1730706116728161879,Sepatu Tribune Home Black,405043.7,Toko Sepatu Bandung,IDLCPDWXGD
1730706088342947415,1730706121172026967,Sepatu Tribune Away Maroon,525087.5,Toko Sepatu Bandung,IDLCPDWXGD
1731927306072000087,1731927283872138839,Sepatu Tribune Shadow,464613.39999999997,Toko Sepatu Bandung,IDLCPDWXGD
1729677746703338071,1729677747184175703,Sepatu Retrograde Low White Blue,372810.0,Toko Sepatu Bandung,IDLCPDWXGD
1731927306072000087,1731927283872138839,Sepatu Tribune Shadow,423274.5,Toko Sepatu Bandung,IDLCPDWXGD
1734439101179790935,1734439043897263703,Sepatu Tribune Nylon Black,499800.0,Toko Sepatu Bandung,IDLCPDWXGD
1731927306071672407,1731927283872138839,Sepatu Tribune Shadow,418084.39999999997,Toko Sepatu Bandung,IDLCPDWXGD
1729677740302830167,1729677742968441431,Sepatu Gazelle Hi Black Gum,297840.0,Toko Sepatu Bandung,IDLCPDWXGD
1731927306072000087,1731927283872138839,Sepatu Tribune Shadow,494410.14999999997,Toko Sepatu Bandung,IDLCPDWXGD
1729725175196322391,1729725175195863639,Sepatu Velocity Black,576215.0,Toko Sepatu Bandung,IDLCPDWXGD
1731927306072065623,1731927283872138839,Sepatu Tribune Shadow,421538.8,Toko Sepatu Bandung,IDLCPDWXGD
1730706106318685783,1730706116728161879,Sepatu Tribune Home Black,496942.3,Toko Sepatu Bandung,IDLCPDWXGD
1731927306071934551,1731927283872138839,Sepatu Tribune Shadow,413950.0,Toko Sepatu Bandung,IDLCPDWXGD
1729677742968769111,1729677742968441431,Sepatu Gazelle Hi Black Gum,238272.0,Toko Sepatu Bandung,IDLCPDWXGD
1729677758276012631,1729677758275553879,Sepatu Gazelle Low Black Gum,275777.39999999997,Toko Sepatu Bandung,IDLCPDWXGD
1734439118025557591,1734439112649180759,Sepatu Tribune Nylon White,431800.0,Toko Sepatu Bandung,IDLCPDWXGD
1729677755464518231,1729677755464059479,Sepatu Gazelle Low Black White,329715.0,Toko Sepatu Bandung,IDLCPDWXGD
1731418659331933571,1730005626441402755,Giordano Polo 3D Lion / Napoleon Shirt ORIGINAL Men Pria Kerah Baju Kaos Katun,133789.15,Toko Sepatu Bandung,IDLCT8WHEM
1730651001345508951,1730651021212354135,Sepatu Tribune Navy Gum,410601.0,Toko Sepatu Bandung,IDLCPDWXGD
1730706107471922775,1730706116728161879,Sepatu Tribune Home Black,525300.0,Toko Sepatu Bandung,IDLCPDWXGD
1733814228964378199,1730174800969827927,Sepatu Tribune White Blue,423300.0,Toko Sepatu Bandung,IDLCPDWXGD
1729677761805322839,1729677761804798551,Sepatu Gazelle Low White Red,284306.3,Toko Sepatu Bandung,IDLCPDWXGD
1731622713472747095,1731622766964541015,Sepatu Tribune Away Ocean,457300.0,Toko Sepatu Bandung,IDLCPDWXGD
1729677758327065175,1729677758326606423,Sepatu Gazelle Low White Blue,273256.3,Toko Sepatu Bandung,IDLCPDWXGD
1730806636781143639,1730806637054625367,Sepatu Gazelle Low Weaves Sand,309175.6,Toko Sepatu Bandung,IDLCPDWXGD
1734439101179659863,1734439043897263703,Sepatu Tribune Nylon Black,427534.7,Toko Sepatu Bandung,IDLCPDWXGD
1730706106318751319,1730706116728161879,Sepatu Tribune Home Black,447916.0,Toko Sepatu Bandung,IDLCPDWXGD
1729768205592921687,1729768199000000087,Sepatu Retrograde Slip On Herringbone Black,359635.0,Toko Sepatu Bandung,IDLCPDWXGD
1729677758276078167,1729677758275553879,Sepatu Gazelle Low Black Gum,302515.0,Toko Sepatu Bandung,IDLCPDWXGD
1730174743203972695,1730174756446373463,Sepatu Tribune Black Gum,397902.0,Toko Sepatu Bandung,IDLCPDWXGD
1730174743203710551,1730174756446373463,Sepatu Tribune Black Gum,422488.25,Toko Sepatu Bandung,IDLCPDWXGD
1731927306072065623,1731927283872138839,Sepatu Tribune Shadow,481474.0,Toko Sepatu Bandung,IDLCPDWXGD
1731622713472681559,1731622766964541015,Sepatu Tribune Away Ocean,456267.25,Toko Sepatu Bandung,IDLCPDWXGD
1729677734992972375,1729677734992710231,Sepatu Gazelle Hi Black White,372215.0,Toko Sepatu Bandung,IDLCPDWXGD
1730706106318685783,1730706116728161879,Sepatu Tribune Home Black,447950.0,Toko Sepatu Bandung,IDLCPDWXGD
1730174772819822167,1730174848005801559,Sepatu Tribune Red Gum,423300.0,Toko Sepatu Bandung,IDLCPDWXGD
1730174743203841623,1730174756446373463,Sepatu Tribune Black Gum,442688.5,Toko Sepatu Bandung,IDLCPDWXGD
1731927306072196695,1731927283872138839,Sepatu Tribune Shadow,401213.6,Toko Sepatu Bandung,IDLCPDWXGD
1730706088343078487,1730706121172026967,Sepatu Tribune Away Maroon,428050.64999999997,Toko Sepatu Bandung,IDLCPDWXGD
1730174743203776087,1730174756446373463,Sepatu Tribune Black Gum,401213.6,Toko Sepatu Bandung,IDLCPDWXGD
1730651001345574487,1730651021212354135,Sepatu Tribune Navy Gum,412250.0,Toko Sepatu Bandung,IDLCPDWXGD
1730868728727897687,1730868777127282263,Sepatu Tribune White Green,457300.0,Toko Sepatu Bandung,IDLCPDWXGD
1733706003728205261,1732311523353003469,Cartiera Omar Baju Koko Pria Kemeja Lengan Panjang Baju Muslim Premium Regular Fit,127085.2,Store_4,IDLCTKL22Q
1729677759600429655,1729677759599905367,Sepatu Gazelle Low Cream,269050.5,Toko Sepatu Bandung,IDLCPDWXGD
1730174743204038231,1730174756446373463,Sepatu Tribune Black Gum,423300.0,Toko Sepatu Bandung,IDLCPDWXGD
1731927306072000087,1731927283872138839,Sepatu Tribune Shadow,414965.75,Toko Sepatu Bandung,IDLCPDWXGD
1730793833131574871,1730793845432550999,Sepatu Jersey LS Home Black,297840.0,Toko Sepatu Bandung,IDLCPDWXGD
1731927306072000087,1731927283872138839,Sepatu Tribune Shadow,423249.0,Toko Sepatu Bandung,IDLCPDWXGD
1730651001345574487,1730651021212354135,Sepatu Tribune Navy Gum,412224.5,Toko Sepatu Bandung,IDLCPDWXGD
1729677758327130711,1729677758326606423,Sepatu Gazelle Low White Blue,277372.0,Toko Sepatu Bandung,IDLCPDWXGD
1730651001345705559,1730651021212354135,Sepatu Tribune Navy Gum,412403.85,Toko Sepatu Bandung,IDLCPDWXGD
1730706106318751319,1730706116728161879,Sepatu Tribune Home Black,542300.0,Toko Sepatu Bandung,IDLCPDWXGD
1729677759600364119,1729677759599905367,Sepatu Gazelle Low Cream,277372.0,Toko Sepatu Bandung,IDLCPDWXGD
1729677743140932183,1729677743140473431,Sepatu Retrograde Low Black White,457300.0,Toko Sepatu Bandung,IDLCPDWXGD
1730121322703521155,1729583996951366019,Sepatu Gazelle Low Black White / Cream / White Blue / White red / Black Gum,277372.0,Toko Sepatu Bandung,IDLCT8WHEM
1731927306071803479,1731927283872138839,Sepatu Tribune Shadow,425113.89999999997,Toko Sepatu Bandung,IDLCPDWXGD
1729677743140866647,1729677743140473431,Sepatu Retrograde Low Black White,292094.85,Toko Sepatu Bandung,IDLCPDWXGD
1731622713472681559,1731622766964541015,Sepatu Tribune Away Ocean,499800.0,Toko Sepatu Bandung,IDLCPDWXGD
1729677761805126231,1729677761804798551,Sepatu Gazelle Low White Red,277372.0,Toko Sepatu Bandung,IDLCPDWXGD
1730651001345574487,1730651021212354135,Sepatu Tribune Navy Gum,423300.0,Toko Sepatu Bandung,IDLCPDWXGD
1730174772819822167,1730174848005801559,Sepatu Tribune Red Gum,417662.8,Toko Sepatu Bandung,IDLCPDWXGD
1730706106318751319,1730706116728161879,Sepatu Tribune Home Black,482800.0,Toko Sepatu Bandung,IDLCPDWXGD
1730174772503152215,1730174800969827927,Sepatu Tribune White Blue,411275.89999999997,Toko Sepatu Bandung,IDLCPDWXGD
1730174743203841623,1730174756446373463,Sepatu Tribune Black Gum,508257.5,Toko Sepatu Bandung,IDLCPDWXGD
1729677755464649303,1729677755464059479,Sepatu Gazelle Low Black White,273264.8,Toko Sepatu Bandung,IDLCPDWXGD
1729677742104808023,1729677742104545879,Sepatu Retrograde Low Cream,372300.0,Toko Sepatu Bandung,IDLCPDWXGD
1730174772503217751,1730174800969827927,Sepatu Tribune White Blue,416806.0,Toko Sepatu Bandung,IDLCPDWXGD
1730706088342750807,1730706121172026967,Sepatu Tribune Away Maroon,444686.0,Toko Sepatu Bandung,IDLCPDWXGD
1730706088342947415,1730706121172026967,Sepatu Tribune Away Maroon,444686.0,Toko Sepatu Bandung,IDLCPDWXGD
1729677743140997719,1729677743140473431,Sepatu Retrograde Low Black White,440300.0,Toko Sepatu Bandung,IDLCPDWXGD
1730706088342881879,1730706121172026967,Sepatu Tribune Away Maroon,444437.8,Toko Sepatu Bandung,IDLCPDWXGD
1730174772503152215,1730174800969827927,Sepatu Tribune White Blue,416806.0,Toko Sepatu Bandung,IDLCPDWXGD
1730174772819887703,1730174848005801559,Sepatu Tribune Red Gum,416806.0,Toko Sepatu Bandung,IDLCPDWXGD
1729725175195994711,1729725175195863639,Sepatu Velocity Black,556136.2999999999,Toko Sepatu Bandung,IDLCPDWXGD
1730706088342881879,1730706121172026967,Sepatu Tribune Away Maroon,436570.2,Toko Sepatu Bandung,IDLCPDWXGD
1729677746703534679,1729677747184175703,Sepatu Retrograde Low White Blue,368141.8,Toko Sepatu Bandung,IDLCPDWXGD
1730136911405942147,1729587967065426307,Sepatu Retrograde Low Black White / Cream / Whiteblue / Triple Black,372300.0,Toko Sepatu Bandung,IDLCT8WHEM
1730174743203841623,1730174756446373463,Sepatu Tribune Black Gum,407660.85,Toko Sepatu Bandung,IDLCPDWXGD
1730706088343012951,1730706121172026967,Sepatu Tribune Away Maroon,444686.0,Toko Sepatu Bandung,IDLCPDWXGD
1730706088342881879,1730706121172026967,Sepatu Tribune Away Maroon,444686.0,Toko Sepatu Bandung,IDLCPDWXGD
1730174743203907159,1730174756446373463,Sepatu Tribune Black Gum,416806.0,Toko Sepatu Bandung,IDLCPDWXGD
1731622713472747095,1731622766964541015,Sepatu Tribune Away Ocean,444686.0,Toko Sepatu Bandung,IDLCPDWXGD
1729852765738076330,1729852767810783402,House of Smith Hoodie Embroidery 1 #18 - Sweater Hoodie Pria Casual,169715.25,Store_5,IDLC9VLLPY
1729677759600560727,1729677759599905367,Sepatu Gazelle Low Cream,277372.0,Toko Sepatu Bandung,IDLCPDWXGD
1729677734993103447,1729677734992710231,Sepatu Gazelle Hi Black White,297772.0,Toko Sepatu Bandung,IDLCPDWXGD
1730706106318685783,1730706116728161879,Sepatu Tribune Home Black,531224.5,Toko Sepatu Bandung,IDLCPDWXGD
1731401493348320855,1731401492200326743,Sepatu Retrograde Camp Hi Olive,345949.14999999997,Toko Sepatu Bandung,IDLCPDWXGD
1731927306072262231,1731927283872138839,Sepatu Tribune Shadow,404301.64999999997,Toko Sepatu Bandung,IDLCPDWXGD
1731622713472812631,1731622766964541015,Sepatu Tribune Away Ocean,444686.0,Toko Sepatu Bandung,IDLCPDWXGD
1731298803850839427,1731298756864148867,Sepatu Gazelle Popsicle Yellow / Blue / Green / Red,188999.19999999998,Toko Sepatu Bandung,IDLCT8WHEM
1731927306072131159,1731927283872138839,Sepatu Tribune Shadow,412006.05,Toko Sepatu Bandung,IDLCPDWXGD
1730174743203776087,1730174756446373463,Sepatu Tribune Black Gum,508300.0,Toko Sepatu Bandung,IDLCPDWXGD
1730706088343078487,1730706121172026967,Sepatu Tribune Away Maroon,512978.39999999997,Toko Sepatu Bandung,IDLCPDWXGD
1731927306072000087,1731927283872138839,Sepatu Tribune Shadow,416806.0,Toko Sepatu Bandung,IDLCPDWXGD
1729677743140997719,1729677743140473431,Sepatu Retrograde Low Black White,366790.3,Toko Sepatu Bandung,IDLCPDWXGD
1730174743204103767,1730174756446373463,Sepatu Tribune Black Gum,416806.0,Toko Sepatu Bandung,IDLCPDWXGD
1730706088342816343,1730706121172026967,Sepatu Tribune Away Maroon,433193.14999999997,Toko Sepatu Bandung,IDLCPDWXGD
1730174743203972695,1730174756446373463,Sepatu Tribune Black Gum,407430.5,Toko Sepatu Bandung,IDLCPDWXGD
1730706088342816343,1730706121172026967,Sepatu Tribune Away Maroon,444686.0,Toko Sepatu Bandung,IDLCPDWXGD
1731622713472681559,1731622766964541015,Sepatu Tribune Away Ocean,444686.0,Toko Sepatu Bandung,IDLCPDWXGD
1731927306071869015,1731927283872138839,Sepatu Tribune Shadow,407456.0,Toko Sepatu Bandung,IDLCPDWXGD
1730174743203710551,1730174756446373463,Sepatu Tribune Black Gum,416780.5,Toko Sepatu Bandung,IDLCPDWXGD
1731985653340407383,1730706116728161879,Sepatu Tribune Home Black,460955.0,Toko Sepatu Bandung,IDLCPDWXGD
1730806636781012567,1730806637054625367,Sepatu Gazelle Low Weaves Sand,261154.0,Toko Sepatu Bandung,IDLCPDWXGD
1730138502597019011,1729569931567334787,Retrograde Intro White / Grey / Sage Green / Camel / Black,270640.0,Toko Sepatu Bandung,IDLCT8WHEM
1730174772503348823,1730174800969827927,Sepatu Tribune White Blue,404301.64999999997,Toko Sepatu Bandung,IDLCPDWXGD
1729677758276012631,1729677758275553879,Sepatu Gazelle Low Black Gum,275928.7,Toko Sepatu Bandung,IDLCPDWXGD
1730706088343012951,1730706121172026967,Sepatu Tribune Away Maroon,431511.85,Toko Sepatu Bandung,IDLCPDWXGD
1730868728727897687,1730868777127282263,Sepatu Tribune White Green,441117.7,Toko Sepatu Bandung,IDLCPDWXGD
1729677759600036439,1729677759599905367,Sepatu Gazelle Low Cream,221368.9,Toko Sepatu Bandung,IDLCPDWXGD
1729677742105004631,1729677742104545879,Sepatu Retrograde Low Cream,352548.55,Toko Sepatu Bandung,IDLCPDWXGD
1731927306072131159,1731927283872138839,Sepatu Tribune Shadow,482444.7,Toko Sepatu Bandung,IDLCPDWXGD
1730706088343144023,1730706121172026967,Sepatu Tribune Away Maroon,444686.0,Toko Sepatu Bandung,IDLCPDWXGD
1731927306072065623,1731927283872138839,Sepatu Tribune Shadow,405730.5,Toko Sepatu Bandung,IDLCPDWXGD
1731622713472878167,1731622766964541015,Sepatu Tribune Away Ocean,444686.0,Toko Sepatu Bandung,IDLCPDWXGD
1729677759600167511,1729677759599905367,Sepatu Gazelle Low Cream,219255.8,Toko Sepatu Bandung,IDLCPDWXGD
1729677759600101975,1729677759599905367,Sepatu Gazelle Low Cream,219255.8,Toko Sepatu Bandung,IDLCPDWXGD
1729677758276143703,1729677758275553879,Sepatu Gazelle Low Black Gum,219256.65,Toko Sepatu Bandung,IDLCPDWXGD
1729677755464452695,1729677755464059479,Sepatu Gazelle Low Black White,219255.8,Toko Sepatu Bandung,IDLCPDWXGD
1729677755464387159,1729677755464059479,Sepatu Gazelle Low Black White,219256.65,Toko Sepatu Bandung,IDLCPDWXGD
1729677755464256087,1729677755464059479,Sepatu Gazelle Low Black White,219256.65,Toko Sepatu Bandung,IDLCPDWXGD
1731927306071934551,1731927283872138839,Sepatu Tribune Shadow,416806.0,Toko Sepatu Bandung,IDLCPDWXGD
1731927306072065623,1731927283872138839,Sepatu Tribune Shadow,404301.64999999997,Toko Sepatu Bandung,IDLCPDWXGD
1729677743140801111,1729677743140473431,Sepatu Retrograde Low Black White,449650.0,Toko Sepatu Bandung,IDLCPDWXGD
1730651001345705559,1730651021212354135,Sepatu Tribune Navy Gum,482562.0,Toko Sepatu Bandung,IDLCPDWXGD
1729677746703469143,1729677747184175703,Sepatu Retrograde Low White Blue,372300.0,Toko Sepatu Bandung,IDLCPDWXGD
1729677736927005271,1729677736926480983,Sepatu Retrograde Hi Decon Black White,395896.0,Toko Sepatu Bandung,IDLCPDWXGD
1731622765730301527,1731622711600252503,Sepatu Tribune Home Olive,444686.0,Toko Sepatu Bandung,IDLCPDWXGD
1730706088343078487,1730706121172026967,Sepatu Tribune Away Maroon,444686.0,Toko Sepatu Bandung,IDLCPDWXGD
1729677761805388375,1729677761804798551,Sepatu Gazelle Low White Red,277372.0,Toko Sepatu Bandung,IDLCPDWXGD
1730706088342816343,1730706121172026967,Sepatu Tribune Away Maroon,433636.0,Toko Sepatu Bandung,IDLCPDWXGD
1731927306072196695,1731927283872138839,Sepatu Tribune Shadow,408884.85,Toko Sepatu Bandung,IDLCPDWXGD
1730706106318620247,1730706116728161879,Sepatu Tribune Home Black,435336.0,Toko Sepatu Bandung,IDLCPDWXGD
1730174743203907159,1730174756446373463,Sepatu Tribune Black Gum,416780.5,Toko Sepatu Bandung,IDLCPDWXGD
1729677759600429655,1729677759599905367,Sepatu Gazelle Low Cream,277372.0,Toko Sepatu Bandung,IDLCPDWXGD
1730706107471922775,1730706116728161879,Sepatu Tribune Home Black,433636.0,Toko Sepatu Bandung,IDLCPDWXGD
1730174772820084311,1730174848005801559,Sepatu Tribune Red Gum,416806.0,Toko Sepatu Bandung,IDLCPDWXGD
1730706088342947415,1730706121172026967,Sepatu Tribune Away Maroon,431345.25,Toko Sepatu Bandung,IDLCPDWXGD
1730174743203710551,1730174756446373463,Sepatu Tribune Black Gum,416806.0,Toko Sepatu Bandung,IDLCPDWXGD
1731927306071803479,1731927283872138839,Sepatu Tribune Shadow,416780.5,Toko Sepatu Bandung,IDLCPDWXGD
1731927306072065623,1731927283872138839,Sepatu Tribune Shadow,416015.5,Toko Sepatu Bandung,IDLCPDWXGD
1730706088342947415,1730706121172026967,Sepatu Tribune Away Maroon,438910.25,Toko Sepatu Bandung,IDLCPDWXGD
1734439118025557591,1734439112649180759,Sepatu Tribune Nylon White,463250.0,Toko Sepatu Bandung,IDLCPDWXGD
1732293973126120935,1732293897169176039,All Around Faded Boxyfit Longsleeve Tshirt Double Knit 290GSM Black,152915.0,Store_14,IDLCQBWHQ8
1731622765730039383,1731622711600252503,Sepatu Tribune Home Olive,444686.0,Toko Sepatu Bandung,IDLCPDWXGD
1730706088342881879,1730706121172026967,Sepatu Tribune Away Maroon,431345.25,Toko Sepatu Bandung,IDLCPDWXGD
1731927306072131159,1731927283872138839,Sepatu Tribune Shadow,407456.0,Toko Sepatu Bandung,IDLCPDWXGD
1731401493348255319,1731401492200326743,Sepatu Retrograde Camp Hi Olive,337511.2,Toko Sepatu Bandung,IDLCPDWXGD
1731927306071869015,1731927283872138839,Sepatu Tribune Shadow,416806.0,Toko Sepatu Bandung,IDLCPDWXGD
1730706088342750807,1730706121172026967,Sepatu Tribune Away Maroon,439240.89999999997,Toko Sepatu Bandung,IDLCPDWXGD
1730706088342750807,1730706121172026967,Sepatu Tribune Away Maroon,438136.75,Toko Sepatu Bandung,IDLCPDWXGD
1730706088342816343,1730706121172026967,Sepatu Tribune Away Maroon,439332.7,Toko Sepatu Bandung,IDLCPDWXGD
1731927306071869015,1731927283872138839,Sepatu Tribune Shadow,423274.5,Toko Sepatu Bandung,IDLCPDWXGD
1730706106318620247,1730706116728161879,Sepatu Tribune Home Black,443200.2,Toko Sepatu Bandung,IDLCPDWXGD
1730706107471922775,1730706116728161879,Sepatu Tribune Home Black,447168.0,Toko Sepatu Bandung,IDLCPDWXGD
1730174772503217751,1730174800969827927,Sepatu Tribune White Blue,416313.0,Toko Sepatu Bandung,IDLCPDWXGD
1729677743140866647,1729677743140473431,Sepatu Retrograde Low Black White,292672.0,Toko Sepatu Bandung,IDLCPDWXGD
1730706088342750807,1730706121172026967,Sepatu Tribune Away Maroon,525300.0,Toko Sepatu Bandung,IDLCPDWXGD
1729561361792927319,1729561362209539671,Sepatu Retrograde Low Triple Black,372300.0,Toko Sepatu Bandung,IDLCPDWXGD
1730706088342881879,1730706121172026967,Sepatu Tribune Away Maroon,449717.14999999997,Toko Sepatu Bandung,IDLCPDWXGD
1731927306072065623,1731927283872138839,Sepatu Tribune Shadow,416806.0,Toko Sepatu Bandung,IDLCPDWXGD
1731301084519826652,1731301057414399196,Oilyns Shampoo Rosemary Non SLS 250ml BPOM Penumbuh Rambut Melebatkan Atasi Rontok & Ketombe Rambut Sehat Bebas Ketombe dengan Aroma Herbal Menenangkan,31145.7,Store_15,IDLCUBWLXE
1729677759600101975,1729677759599905367,Sepatu Gazelle Low Cream,277372.0,Toko Sepatu Bandung,IDLCPDWXGD
1731622713472812631,1731622766964541015,Sepatu Tribune Away Ocean,431345.25,Toko Sepatu Bandung,IDLCPDWXGD
1729677743140801111,1729677743140473431,Sepatu Retrograde Low Black White,361024.75,Toko Sepatu Bandung,IDLCPDWXGD
1731927306072131159,1731927283872138839,Sepatu Tribune Shadow,416806.0,Toko Sepatu Bandung,IDLCPDWXGD
1729677761804995159,1729677761804798551,Sepatu Gazelle Low White Red,281040.6,Toko Sepatu Bandung,IDLCPDWXGD
1731927306072131159,1731927283872138839,Sepatu Tribune Shadow,412556.0,Toko Sepatu Bandung,IDLCPDWXGD
1730706106318751319,1730706116728161879,Sepatu Tribune Home Black,441134.7,Toko Sepatu Bandung,IDLCPDWXGD
1729677743140866647,1729677743140473431,Sepatu Retrograde Low Black White,372300.0,Toko Sepatu Bandung,IDLCPDWXGD
1729677734993168983,1729677734992710231,Sepatu Gazelle Hi Black White,297772.0,Toko Sepatu Bandung,IDLCPDWXGD
1729677758326999639,1729677758326606423,Sepatu Gazelle Low White Blue,247693.4,Toko Sepatu Bandung,IDLCPDWXGD
1730706106318751319,1730706116728161879,Sepatu Tribune Home Black,444686.0,Toko Sepatu Bandung,IDLCPDWXGD
1731927306071934551,1731927283872138839,Sepatu Tribune Shadow,406404.55,Toko Sepatu Bandung,IDLCPDWXGD
1730706088342685271,1730706121172026967,Sepatu Tribune Away Maroon,438396.0,Toko Sepatu Bandung,IDLCPDWXGD
1730706088342685271,1730706121172026967,Sepatu Tribune Away Maroon,444686.0,Toko Sepatu Bandung,IDLCPDWXGD
1730174743203776087,1730174756446373463,Sepatu Tribune Black Gum,416806.0,Toko Sepatu Bandung,IDLCPDWXGD
1731927306072000087,1731927283872138839,Sepatu Tribune Shadow,415760.5,Toko Sepatu Bandung,IDLCPDWXGD
1731622713472812631,1731622766964541015,Sepatu Tribune Away Ocean,433585.0,Toko Sepatu Bandung,IDLCPDWXGD
1729677758326868567,1729677758326606423,Sepatu Gazelle Low White Blue,284306.3,Toko Sepatu Bandung,IDLCPDWXGD
1730651001345771095,1730651021212354135,Sepatu Tribune Navy Gum,416806.0,Toko Sepatu Bandung,IDLCPDWXGD
1731985620630734423,1730706121172026967,Sepatu Tribune Away Maroon,439195.0,Toko Sepatu Bandung,IDLCPDWXGD
1730706106318685783,1730706116728161879,Sepatu Tribune Home Black,478550.0,Toko Sepatu Bandung,IDLCPDWXGD
1729677746703534679,1729677747184175703,Sepatu Retrograde Low White Blue,393550.0,Toko Sepatu Bandung,IDLCPDWXGD
1730853483547034773,1730853540193928341,Cosmic Sling Bag GLASEL Camel - Tas Selempang Pria Canvas,110670.0,Store_16,IDLCYLWLY3
1731418659331540355,1730005626441402755,Giordano Polo 3D Lion / Napoleon Shirt ORIGINAL Men Pria Kerah Baju Kaos Katun,130526.0,Toko Sepatu Bandung,IDLCT8WHEM
1729677758276078167,1729677758275553879,Sepatu Gazelle Low Black Gum,284263.8,Toko Sepatu Bandung,IDLCPDWXGD
1729677742105070167,1729677742104545879,Sepatu Retrograde Low Cream,374986.0,Toko Sepatu Bandung,IDLCPDWXGD
1731967978191029635,1731967941545657731,Sepatu Velocity Canvas Black / Natural / Grey,469893.6,Toko Sepatu Bandung,IDLCT8WHEM
1731927306072196695,1731927283872138839,Sepatu Tribune Shadow,411723.0,Toko Sepatu Bandung,IDLCPDWXGD
1730174772502890071,1730174800969827927,Sepatu Tribune White Blue,411723.0,Toko Sepatu Bandung,IDLCPDWXGD
1730174743203972695,1730174756446373463,Sepatu Tribune Black Gum,444550.0,Toko Sepatu Bandung,IDLCPDWXGD
1731927306072065623,1731927283872138839,Sepatu Tribune Shadow,415856.55,Toko Sepatu Bandung,IDLCPDWXGD
1729561361793189463,1729561362209539671,Sepatu Retrograde Low Triple Black,374986.0,Toko Sepatu Bandung,IDLCPDWXGD
1729677758275947095,1729677758275553879,Sepatu Gazelle Low Black Gum,284306.3,Toko Sepatu Bandung,IDLCPDWXGD
1730706107472119383,1730706116728161879,Sepatu Tribune Home Black,442892.5,Toko Sepatu Bandung,IDLCPDWXGD
1731927306071672407,1731927283872138839,Sepatu Tribune Shadow,416049.5,Toko Sepatu Bandung,IDLCPDWXGD
1731401493348320855,1731401492200326743,Sepatu Retrograde Camp Hi Olive,336216.64999999997,Toko Sepatu Bandung,IDLCPDWXGD
1731418659332064643,1730005626441402755,Giordano Polo 3D Lion / Napoleon Shirt ORIGINAL Men Pria Kerah Baju Kaos Katun,130483.5,Toko Sepatu Bandung,IDLCT8WHEM
1734439118025623127,1734439112649180759,Sepatu Tribune Nylon White,423776.0,Toko Sepatu Bandung,IDLCPDWXGD
1730706107471988311,1730706116728161879,Sepatu Tribune Home Black,438730.05,Toko Sepatu Bandung,IDLCPDWXGD
1731985620630734423,1730706121172026967,Sepatu Tribune Away Maroon,439263.0,Toko Sepatu Bandung,IDLCPDWXGD
1731927306071869015,1731927283872138839,Sepatu Tribune Shadow,391204.0,Toko Sepatu Bandung,IDLCPDWXGD
1729677761805322839,1729677761804798551,Sepatu Gazelle Low White Red,336515.0,Toko Sepatu Bandung,IDLCPDWXGD
1730651001345771095,1730651021212354135,Sepatu Tribune Navy Gum,415854.0,Toko Sepatu Bandung,IDLCPDWXGD
1730706088343144023,1730706121172026967,Sepatu Tribune Away Maroon,478550.0,Toko Sepatu Bandung,IDLCPDWXGD
1729677743140997719,1729677743140473431,Sepatu Retrograde Low Black White,393550.0,Toko Sepatu Bandung,IDLCPDWXGD
1731927306072065623,1731927283872138839,Sepatu Tribune Shadow,402373.0,Toko Sepatu Bandung,IDLCPDWXGD
1730174743204038231,1730174756446373463,Sepatu Tribune Black Gum,405730.5,Toko Sepatu Bandung,IDLCPDWXGD
1731927306072196695,1731927283872138839,Sepatu Tribune Shadow,416806.0,Toko Sepatu Bandung,IDLCPDWXGD
1729725175196125783,1729725175195863639,Sepatu Velocity Black,556136.2999999999,Toko Sepatu Bandung,IDLCPDWXGD
1730706106318554711,1730706116728161879,Sepatu Tribune Home Black,440436.0,Toko Sepatu Bandung,IDLCPDWXGD
1730651001345836631,1730651021212354135,Sepatu Tribune Navy Gum,416806.0,Toko Sepatu Bandung,IDLCPDWXGD
1731927306071869015,1731927283872138839,Sepatu Tribune Shadow,404301.64999999997,Toko Sepatu Bandung,IDLCPDWXGD
1729706772144883287,1729706759929169495,Sepatu Velocity Black Gum,556136.2999999999,Toko Sepatu Bandung,IDLCPDWXGD
1731927306072000087,1731927283872138839,Sepatu Tribune Shadow,404301.64999999997,Toko Sepatu Bandung,IDLCPDWXGD
1734439118025754199,1734439112649180759,Sepatu Tribune Nylon White,411062.55,Toko Sepatu Bandung,IDLCPDWXGD
1729677758275881559,1729677758275553879,Sepatu Gazelle Low Black Gum,284306.3,Toko Sepatu Bandung,IDLCPDWXGD
1731622765730170455,1731622711600252503,Sepatu Tribune Home Olive,444686.0,Toko Sepatu Bandung,IDLCPDWXGD
1729677746703403607,1729677747184175703,Sepatu Retrograde Low White Blue,369582.55,Toko Sepatu Bandung,IDLCPDWXGD
1730868728727897687,1730868777127282263,Sepatu Tribune White Green,444686.0,Toko Sepatu Bandung,IDLCPDWXGD
1730706106318554711,1730706116728161879,Sepatu Tribune Home Black,444686.0,Toko Sepatu Bandung,IDLCPDWXGD
1730651001345574487,1730651021212354135,Sepatu Tribune Navy Gum,416806.0,Toko Sepatu Bandung,IDLCPDWXGD
1729677742968769111,1729677742968441431,Sepatu Gazelle Hi Black Gum,305286.0,Toko Sepatu Bandung,IDLCPDWXGD
1729677755464583767,1729677755464059479,Sepatu Gazelle Low Black White,284306.3,Toko Sepatu Bandung,IDLCPDWXGD
1730651001345705559,1730651021212354135,Sepatu Tribune Navy Gum,416806.0,Toko Sepatu Bandung,IDLCPDWXGD
1729725175196191319,1729725175195863639,Sepatu Velocity Black,556136.2999999999,Toko Sepatu Bandung,IDLCPDWXGD
1731401465609487959,1731401464730912343,Sepatu Retrograde Camp Low Camel,386880.05,Toko Sepatu Bandung,IDLCPDWXGD
1734439101179594327,1734439043897263703,Sepatu Tribune Nylon Black,453050.0,Toko Sepatu Bandung,IDLCPDWXGD
1731622713472943703,1731622766964541015,Sepatu Tribune Away Ocean,478550.0,Toko Sepatu Bandung,IDLCPDWXGD
1731927306072065623,1731927283872138839,Sepatu Tribune Shadow,405756.0,Toko Sepatu Bandung,IDLCPDWXGD
1729725175196518999,1729725175195863639,Sepatu Velocity Black,539452.5,Toko Sepatu Bandung,IDLCPDWXGD
1729503971825715349,1729503971825649813,COSMIC BAG DUSTIN ARMY Tas Selempang Canvas Pria Kanvas,157666.5,Store_16,IDLCYLWLY3
1730651001345443415,1730651021212354135,Sepatu Tribune Navy Gum,415129.8,Toko Sepatu Bandung,IDLCPDWXGD
1730651001345508951,1730651021212354135,Sepatu Tribune Navy Gum,407456.0,Toko Sepatu Bandung,IDLCPDWXGD
1732260610428798025,1732260609646298185,Tahu walik isi keju moncrot dengan sambal taichan by cemilboogem,13005.0,Store_17,IDLCSY2LWWK
1731927306072131159,1731927283872138839,Sepatu Tribune Shadow,444422.5,Toko Sepatu Bandung,IDLCPDWXGD
1731622765730235991,1731622711600252503,Sepatu Tribune Home Olive,438294.0,Toko Sepatu Bandung,IDLCPDWXGD
1729677758275947095,1729677758275553879,Sepatu Gazelle Low Black Gum,280839.14999999997,Toko Sepatu Bandung,IDLCPDWXGD
1729561361937434199,1729561361936909911,Sepatu Retrograde Hi Decon Triple Black,384018.95,Toko Sepatu Bandung,IDLCPDWXGD
1730706088342816343,1730706121172026967,Sepatu Tribune Away Maroon,469149.0,Toko Sepatu Bandung,IDLCPDWXGD
1729677755464518231,1729677755464059479,Sepatu Gazelle Low Black White,284306.3,Toko Sepatu Bandung,IDLCPDWXGD
1729677746703469143,1729677747184175703,Sepatu Retrograde Low White Blue,393550.0,Toko Sepatu Bandung,IDLCPDWXGD
1729677759600364119,1729677759599905367,Sepatu Gazelle Low Cream,274889.14999999997,Toko Sepatu Bandung,IDLCPDWXGD
1731927306071934551,1731927283872138839,Sepatu Tribune Shadow,404542.2,Toko Sepatu Bandung,IDLCPDWXGD
1730174743203907159,1730174756446373463,Sepatu Tribune Black Gum,398944.1,Toko Sepatu Bandung,IDLCPDWXGD
1729706772144948823,1729706759929169495,Sepatu Velocity Black Gum,597439.5,Toko Sepatu Bandung,IDLCPDWXGD
1730651001345574487,1730651021212354135,Sepatu Tribune Navy Gum,411723.0,Toko Sepatu Bandung,IDLCPDWXGD
1729677743859862103,1729677743859534423,Sepatu Gazelle Hi White Blue,254628.55,Toko Sepatu Bandung,IDLCPDWXGD
1730174772502890071,1730174800969827927,Sepatu Tribune White Blue,399371.64999999997,Toko Sepatu Bandung,IDLCPDWXGD
1731401465609619031,1731401464730912343,Sepatu Retrograde Camp Low Camel,419050.0,Toko Sepatu Bandung,IDLCPDWXGD
1729561361792927319,1729561362209539671,Sepatu Retrograde Low Triple Black,393550.0,Toko Sepatu Bandung,IDLCPDWXGD
1730174772503021143,1730174800969827927,Sepatu Tribune White Blue,411723.0,Toko Sepatu Bandung,IDLCPDWXGD
1729677761805257303,1729677761804798551,Sepatu Gazelle Low White Red,275777.39999999997,Toko Sepatu Bandung,IDLCPDWXGD
1730174743203710551,1730174756446373463,Sepatu Tribune Black Gum,411723.0,Toko Sepatu Bandung,IDLCPDWXGD
1730651001345508951,1730651021212354135,Sepatu Tribune Navy Gum,394341.35,Toko Sepatu Bandung,IDLCPDWXGD
1729677742105201239,1729677742104545879,Sepatu Retrograde Low Cream,354774.7,Toko Sepatu Bandung,IDLCPDWXGD
1729677742105135703,1729677742104545879,Sepatu Retrograde Low Cream,354774.7,Toko Sepatu Bandung,IDLCPDWXGD
1731622713473009239,1731622766964541015,Sepatu Tribune Away Ocean,406691.85,Toko Sepatu Bandung,IDLCPDWXGD
1730706106318620247,1730706116728161879,Sepatu Tribune Home Black,431658.89999999997,Toko Sepatu Bandung,IDLCPDWXGD
1730121730617738627,1729583996951366019,Sepatu Gazelle Low Black White / Cream / White Blue / White red / Black Gum,346800.0,Toko Sepatu Bandung,IDLCT8WHEM
1730806636781209175,1730806637054625367,Sepatu Gazelle Low Weaves Sand,293930.0,Toko Sepatu Bandung,IDLCPDWXGD
1730174743203972695,1730174756446373463,Sepatu Tribune Black Gum,411723.0,Toko Sepatu Bandung,IDLCPDWXGD
1730706088342881879,1730706121172026967,Sepatu Tribune Away Maroon,426085.45,Toko Sepatu Bandung,IDLCPDWXGD
1730806636781078103,1730806637054625367,Sepatu Gazelle Low Weaves Sand,277266.6,Toko Sepatu Bandung,IDLCPDWXGD
1731927306071803479,1731927283872138839,Sepatu Tribune Shadow,416806.0,Toko Sepatu Bandung,IDLCPDWXGD
1731079464714732931,1729768344261264771,Sepatu Tribune Black Gum / White Blue / Navy Gum / Home Black / Away Maroon,416806.0,Toko Sepatu Bandung,IDLCT8WHEM
1730174772819691095,1730174848005801559,Sepatu Tribune Red Gum,411723.0,Toko Sepatu Bandung,IDLCPDWXGD
1730174772819756631,1730174848005801559,Sepatu Tribune Red Gum,416806.0,Toko Sepatu Bandung,IDLCPDWXGD
1729677743140932183,1729677743140473431,Sepatu Retrograde Low Black White,296330.39999999997,Toko Sepatu Bandung,IDLCPDWXGD
1731401493348320855,1731401492200326743,Sepatu Retrograde Camp Hi Olive,332379.75,Toko Sepatu Bandung,IDLCPDWXGD
1730706106318620247,1730706116728161879,Sepatu Tribune Home Black,428213.0,Toko Sepatu Bandung,IDLCPDWXGD
1730706088343012951,1730706121172026967,Sepatu Tribune Away Maroon,439263.0,Toko Sepatu Bandung,IDLCPDWXGD
1729677747184437847,1729677747184175703,Sepatu Retrograde Low White Blue,388917.5,Toko Sepatu Bandung,IDLCPDWXGD
1731927306072065623,1731927283872138839,Sepatu Tribune Shadow,464032.0,Toko Sepatu Bandung,IDLCPDWXGD
1730793833131443799,1730793845432550999,Sepatu Jersey LS Home Black,329749.0,Toko Sepatu Bandung,IDLCPDWXGD
1733814149077042775,1731927283872138839,Sepatu Tribune Shadow,411723.0,Toko Sepatu Bandung,IDLCPDWXGD
1729706772144752215,1729706759929169495,Sepatu Velocity Black Gum,532873.5,Toko Sepatu Bandung,IDLCPDWXGD
1730174772819953239,1730174848005801559,Sepatu Tribune Red Gum,411723.0,Toko Sepatu Bandung,IDLCPDWXGD
1730706088342947415,1730706121172026967,Sepatu Tribune Away Maroon,420824.8,Toko Sepatu Bandung,IDLCPDWXGD
1729677743140932183,1729677743140473431,Sepatu Retrograde Low Black White,413100.0,Toko Sepatu Bandung,IDLCPDWXGD
1729677743140932183,1729677743140473431,Sepatu Retrograde Low Black White,411677.95,Toko Sepatu Bandung,IDLCPDWXGD
1730706107471922775,1730706116728161879,Sepatu Tribune Home Black,433840.0,Toko Sepatu Bandung,IDLCPDWXGD
1729706772145014359,1729706759929169495,Sepatu Velocity Black Gum,549354.15,Toko Sepatu Bandung,IDLCPDWXGD
1731622713473009239,1731622766964541015,Sepatu Tribune Away Ocean,408514.25,Toko Sepatu Bandung,IDLCPDWXGD
1730174772819822167,1730174848005801559,Sepatu Tribune Red Gum,410305.2,Toko Sepatu Bandung,IDLCPDWXGD
1730706088342881879,1730706121172026967,Sepatu Tribune Away Maroon,433840.0,Toko Sepatu Bandung,IDLCPDWXGD
1731927306071737943,1731927283872138839,Sepatu Tribune Shadow,411723.0,Toko Sepatu Bandung,IDLCPDWXGD
1729677758276143703,1729677758275553879,Sepatu Gazelle Low Black Gum,274039.14999999997,Toko Sepatu Bandung,IDLCPDWXGD
1734439101179397719,1734439043897263703,Sepatu Tribune Nylon Black,516800.0,Toko Sepatu Bandung,IDLCPDWXGD
1731927306072065623,1731927283872138839,Sepatu Tribune Shadow,411723.0,Toko Sepatu Bandung,IDLCPDWXGD
1730174743203841623,1730174756446373463,Sepatu Tribune Black Gum,411723.0,Toko Sepatu Bandung,IDLCPDWXGD
1730706088342750807,1730706121172026967,Sepatu Tribune Away Maroon,433840.0,Toko Sepatu Bandung,IDLCPDWXGD
1731927306072000087,1731927283872138839,Sepatu Tribune Shadow,411723.0,Toko Sepatu Bandung,IDLCPDWXGD
1730174772503152215,1730174800969827927,Sepatu Tribune White Blue,411723.0,Toko Sepatu Bandung,IDLCPDWXGD
1730868728727766615,1730868777127282263,Sepatu Tribune White Green,437898.75,Toko Sepatu Bandung,IDLCPDWXGD
1729677743140801111,1729677743140473431,Sepatu Retrograde Low Black White,369261.25,Toko Sepatu Bandung,IDLCPDWXGD
1729677734993300055,1729677734992710231,Sepatu Gazelle Hi Black White,328015.0,Toko Sepatu Bandung,IDLCPDWXGD
1729677743140801111,1729677743140473431,Sepatu Retrograde Low Black White,361152.25,Toko Sepatu Bandung,IDLCPDWXGD
1730706106318685783,1730706116728161879,Sepatu Tribune Home Black,506084.05,Toko Sepatu Bandung,IDLCPDWXGD
1729677734993168983,1729677734992710231,Sepatu Gazelle Hi Black White,329715.0,Toko Sepatu Bandung,IDLCPDWXGD
1730174743203841623,1730174756446373463,Sepatu Tribune Black Gum,454750.0,Toko Sepatu Bandung,IDLCPDWXGD
1730174743203907159,1730174756446373463,Sepatu Tribune Black Gum,467636.0,Toko Sepatu Bandung,IDLCPDWXGD
1731927306071803479,1731927283872138839,Sepatu Tribune Shadow,463206.64999999997,Toko Sepatu Bandung,IDLCPDWXGD
1730651001345836631,1730651021212354135,Sepatu Tribune Navy Gum,465744.75,Toko Sepatu Bandung,IDLCPDWXGD
1730706107472053847,1730706116728161879,Sepatu Tribune Home Black,493408.0,Toko Sepatu Bandung,IDLCPDWXGD
1730706106318685783,1730706116728161879,Sepatu Tribune Home Black,433840.0,Toko Sepatu Bandung,IDLCPDWXGD
1729677755464452695,1729677755464059479,Sepatu Gazelle Low Black White,277372.0,Toko Sepatu Bandung,IDLCPDWXGD
1730706107471988311,1730706116728161879,Sepatu Tribune Home Black,433840.0,Toko Sepatu Bandung,IDLCPDWXGD
1730706107471922775,1730706116728161879,Sepatu Tribune Home Black,509150.0,Toko Sepatu Bandung,IDLCPDWXGD
1730706106318685783,1730706116728161879,Sepatu Tribune Home Black,423517.6,Toko Sepatu Bandung,IDLCPDWXGD
1730706088342816343,1730706121172026967,Sepatu Tribune Away Maroon,433772.0,Toko Sepatu Bandung,IDLCPDWXGD
1730174743203579479,1730174756446373463,Sepatu Tribune Black Gum,443870.0,Toko Sepatu Bandung,IDLCPDWXGD
1732072010571482696,1732067307942741576,MyBasic Fitted Tee Heavy Weight 200 GSM Premium,42189.75,Store_2,IDLCUQLL7K
1730706106318751319,1730706116728161879,Sepatu Tribune Home Black,488070.0,Toko Sepatu Bandung,IDLCPDWXGD
1729677743859862103,1729677743859534423,Sepatu Gazelle Hi White Blue,273955.0,Toko Sepatu Bandung,IDLCPDWXGD
1731927306071803479,1731927283872138839,Sepatu Tribune Shadow,457470.0,Toko Sepatu Bandung,IDLCPDWXGD
1730868728727832151,1730868777127282263,Sepatu Tribune White Green,435336.0,Toko Sepatu Bandung,IDLCPDWXGD
1731985620630734423,1730706121172026967,Sepatu Tribune Away Maroon,444686.0,Toko Sepatu Bandung,IDLCPDWXGD
1730706088342947415,1730706121172026967,Sepatu Tribune Away Maroon,444660.5,Toko Sepatu Bandung,IDLCPDWXGD
1731927306072262231,1731927283872138839,Sepatu Tribune Shadow,410161.55,Toko Sepatu Bandung,IDLCPDWXGD
1730651001345640023,1730651021212354135,Sepatu Tribune Navy Gum,404301.64999999997,Toko Sepatu Bandung,IDLCPDWXGD
1729677758327196247,1729677758326606423,Sepatu Gazelle Low White Blue,329379.25,Toko Sepatu Bandung,IDLCPDWXGD
1730651001345508951,1730651021212354135,Sepatu Tribune Navy Gum,396995.05,Toko Sepatu Bandung,IDLCPDWXGD
1734439118025557591,1734439112649180759,Sepatu Tribune Nylon White,423776.0,Toko Sepatu Bandung,IDLCPDWXGD
1730706107471988311,1730706116728161879,Sepatu Tribune Home Black,444686.0,Toko Sepatu Bandung,IDLCPDWXGD
1730706088342750807,1730706121172026967,Sepatu Tribune Away Maroon,431345.25,Toko Sepatu Bandung,IDLCPDWXGD
1733814097185506903,1730706121172026967,Sepatu Tribune Away Maroon,444686.0,Toko Sepatu Bandung,IDLCPDWXGD
1730174772819822167,1730174848005801559,Sepatu Tribune Red Gum,416806.0,Toko Sepatu Bandung,IDLCPDWXGD
1731622713472550487,1731622766964541015,Sepatu Tribune Away Ocean,444686.0,Toko Sepatu Bandung,IDLCPDWXGD
1731622713472878167,1731622766964541015,Sepatu Tribune Away Ocean,444635.0,Toko Sepatu Bandung,IDLCPDWXGD
1730174772502955607,1730174800969827927,Sepatu Tribune White Blue,416806.0,Toko Sepatu Bandung,IDLCPDWXGD
1730806636780947031,1730806637054625367,Sepatu Gazelle Low Weaves Sand,266136.7,Toko Sepatu Bandung,IDLCPDWXGD
1731927306072196695,1731927283872138839,Sepatu Tribune Shadow,410006.0,Toko Sepatu Bandung,IDLCPDWXGD
1730651001345771095,1730651021212354135,Sepatu Tribune Navy Gum,405756.0,Toko Sepatu Bandung,IDLCPDWXGD
1730174743203972695,1730174756446373463,Sepatu Tribune Black Gum,416806.0,Toko Sepatu Bandung,IDLCPDWXGD
1731401465609619031,1731401464730912343,Sepatu Retrograde Camp Low Camel,478550.0,Toko Sepatu Bandung,IDLCPDWXGD
1731418659332064643,1730005626441402755,Giordano Polo 3D Lion / Napoleon Shirt ORIGINAL Men Pria Kerah Baju Kaos Katun,137688.1,Toko Sepatu Bandung,IDLCT8WHEM
1730706107471988311,1730706116728161879,Sepatu Tribune Home Black,498100.0,Toko Sepatu Bandung,IDLCPDWXGD
1729677746703403607,1729677747184175703,Sepatu Retrograde Low White Blue,440270.25,Toko Sepatu Bandung,IDLCPDWXGD
1729677758327130711,1729677758326606423,Sepatu Gazelle Low White Blue,298282.85,Toko Sepatu Bandung,IDLCPDWXGD
1730706088342685271,1730706121172026967,Sepatu Tribune Away Maroon,433840.0,Toko Sepatu Bandung,IDLCPDWXGD
1729677755464452695,1729677755464059479,Sepatu Gazelle Low Black White,269722.0,Toko Sepatu Bandung,IDLCPDWXGD
1730706088342816343,1730706121172026967,Sepatu Tribune Away Maroon,420824.8,Toko Sepatu Bandung,IDLCPDWXGD
1733814102157788759,1730706116728161879,Sepatu Tribune Home Black,433814.5,Toko Sepatu Bandung,IDLCPDWXGD
1731622765730301527,1731622711600252503,Sepatu Tribune Home Olive,433840.0,Toko Sepatu Bandung,IDLCPDWXGD
1730706088342881879,1730706121172026967,Sepatu Tribune Away Maroon,498100.0,Toko Sepatu Bandung,IDLCPDWXGD
1731418659332064643,1730005626441402755,Giordano Polo 3D Lion / Napoleon Shirt ORIGINAL Men Pria Kerah Baju Kaos Katun,130526.0,Toko Sepatu Bandung,IDLCT8WHEM
1731927306072196695,1731927283872138839,Sepatu Tribune Shadow,452426.1,Toko Sepatu Bandung,IDLCPDWXGD
1730706106318751319,1730706116728161879,Sepatu Tribune Home Black,425570.35,Toko Sepatu Bandung,IDLCPDWXGD
1730706107472053847,1730706116728161879,Sepatu Tribune Home Black,425069.7,Toko Sepatu Bandung,IDLCPDWXGD
1730651001345508951,1730651021212354135,Sepatu Tribune Navy Gum,465800.0,Toko Sepatu Bandung,IDLCPDWXGD
1729677758276078167,1729677758275553879,Sepatu Gazelle Low Black Gum,233172.0,Toko Sepatu Bandung,IDLCPDWXGD
1731418659331933571,1730005626441402755,Giordano Polo 3D Lion / Napoleon Shirt ORIGINAL Men Pria Kerah Baju Kaos Katun,139590.4,Toko Sepatu Bandung,IDLCT8WHEM
1729677761805322839,1729677761804798551,Sepatu Gazelle Low White Red,328843.75,Toko Sepatu Bandung,IDLCPDWXGD
1729677743140932183,1729677743140473431,Sepatu Retrograde Low Black White,414800.0,Toko Sepatu Bandung,IDLCPDWXGD
1729725175196322391,1729725175195863639,Sepatu Velocity Black,661164.0,Toko Sepatu Bandung,IDLCPDWXGD
1730706088342947415,1730706121172026967,Sepatu Tribune Away Maroon,472452.1,Toko Sepatu Bandung,IDLCPDWXGD
1730706106318685783,1730706116728161879,Sepatu Tribune Home Black,444686.0,Toko Sepatu Bandung,IDLCPDWXGD
1730174772819560023,1730174848005801559,Sepatu Tribune Red Gum,416780.5,Toko Sepatu Bandung,IDLCPDWXGD
1730174772503021143,1730174800969827927,Sepatu Tribune White Blue,400606.7,Toko Sepatu Bandung,IDLCPDWXGD
1734439118025688663,1734439112649180759,Sepatu Tribune Nylon White,412726.0,Toko Sepatu Bandung,IDLCPDWXGD
1731927306071869015,1731927283872138839,Sepatu Tribune Shadow,405756.0,Toko Sepatu Bandung,IDLCPDWXGD
1730706088342816343,1730706121172026967,Sepatu Tribune Away Maroon,444660.5,Toko Sepatu Bandung,IDLCPDWXGD
1730706088342750807,1730706121172026967,Sepatu Tribune Away Maroon,433636.0,Toko Sepatu Bandung,IDLCPDWXGD
1731927306071934551,1731927283872138839,Sepatu Tribune Shadow,409133.05,Toko Sepatu Bandung,IDLCPDWXGD
1730174743203841623,1730174756446373463,Sepatu Tribune Black Gum,416806.0,Toko Sepatu Bandung,IDLCPDWXGD
1730706088342947415,1730706121172026967,Sepatu Tribune Away Maroon,471750.0,Toko Sepatu Bandung,IDLCPDWXGD
1730706088343012951,1730706121172026967,Sepatu Tribune Away Maroon,525300.0,Toko Sepatu Bandung,IDLCPDWXGD
1730706088342750807,1730706121172026967,Sepatu Tribune Away Maroon,511204.45,Toko Sepatu Bandung,IDLCPDWXGD
1730174772503217751,1730174800969827927,Sepatu Tribune White Blue,465800.0,Toko Sepatu Bandung,IDLCPDWXGD
1730706106318751319,1730706116728161879,Sepatu Tribune Home Black,429986.95,Toko Sepatu Bandung,IDLCPDWXGD
1730706088342947415,1730706121172026967,Sepatu Tribune Away Maroon,499740.5,Toko Sepatu Bandung,IDLCPDWXGD
1730706106318554711,1730706116728161879,Sepatu Tribune Home Black,459820.25,Toko Sepatu Bandung,IDLCPDWXGD
1731401493348255319,1731401492200326743,Sepatu Retrograde Camp Hi Olive,371262.14999999997,Toko Sepatu Bandung,IDLCPDWXGD
1730706107471988311,1730706116728161879,Sepatu Tribune Home Black,525300.0,Toko Sepatu Bandung,IDLCPDWXGD
1729677742105266775,1729677742104545879,Sepatu Retrograde Low Cream,397851.0,Toko Sepatu Bandung,IDLCPDWXGD
1730706088342947415,1730706121172026967,Sepatu Tribune Away Maroon,471716.0,Toko Sepatu Bandung,IDLCPDWXGD
1732026520651924562,1732026452177683538,HOODIE BOXY DOUBLE ZIPPER VINTAGECLUB | ZIPPER HOODIE BOXY,69881.05,Store_18,IDLCQDWLBW
1731927306072131159,1731927283872138839,Sepatu Tribune Shadow,436033.0,Toko Sepatu Bandung,IDLCPDWXGD
1731622765730170455,1731622711600252503,Sepatu Tribune Home Olive,471801.0,Toko Sepatu Bandung,IDLCPDWXGD
1730706088342947415,1730706121172026967,Sepatu Tribune Away Maroon,433840.0,Toko Sepatu Bandung,IDLCPDWXGD
1734439101179594327,1734439043897263703,Sepatu Tribune Nylon Black,449616.0,Toko Sepatu Bandung,IDLCPDWXGD
1729677755464518231,1729677755464059479,Sepatu Gazelle Low Black White,295331.64999999997,Toko Sepatu Bandung,IDLCPDWXGD
1729677743140801111,1729677743140473431,Sepatu Retrograde Low Black White,365840.0,Toko Sepatu Bandung,IDLCPDWXGD
1730706106318554711,1730706116728161879,Sepatu Tribune Home Black,433840.0,Toko Sepatu Bandung,IDLCPDWXGD
1731308725958116739,1729768344261264771,Sepatu Tribune Black Gum / White Blue / Navy Gum / Home Black / Away Maroon,417571.0,Toko Sepatu Bandung,IDLCT8WHEM
1730651001345640023,1730651021212354135,Sepatu Tribune Navy Gum,454750.0,Toko Sepatu Bandung,IDLCPDWXGD
1730706106318751319,1730706116728161879,Sepatu Tribune Home Black,460955.0,Toko Sepatu Bandung,IDLCPDWXGD
1730706106318685783,1730706116728161879,Sepatu Tribune Home Black,460955.0,Toko Sepatu Bandung,IDLCPDWXGD
1730706106318620247,1730706116728161879,Sepatu Tribune Home Black,460955.0,Toko Sepatu Bandung,IDLCPDWXGD
1730706106318554711,1730706116728161879,Sepatu Tribune Home Black,460955.0,Toko Sepatu Bandung,IDLCPDWXGD
1730706107472053847,1730706116728161879,Sepatu Tribune Home Black,460955.0,Toko Sepatu Bandung,IDLCPDWXGD
1730706107471988311,1730706116728161879,Sepatu Tribune Home Black,460955.0,Toko Sepatu Bandung,IDLCPDWXGD
1731622713472747095,1731622766964541015,Sepatu Tribune Away Ocean,460955.0,Toko Sepatu Bandung,IDLCPDWXGD
1731622713473009239,1731622766964541015,Sepatu Tribune Away Ocean,428688.14999999997,Toko Sepatu Bandung,IDLCPDWXGD
1732026520651662418,1732026452177683538,HOODIE BOXY DOUBLE ZIPPER VINTAGECLUB | ZIPPER HOODIE BOXY,68275.4,Store_18,IDLCQDWLBW
1730706088342881879,1730706121172026967,Sepatu Tribune Away Maroon,460955.0,Toko Sepatu Bandung,IDLCPDWXGD
1730706088342816343,1730706121172026967,Sepatu Tribune Away Maroon,460955.0,Toko Sepatu Bandung,IDLCPDWXGD
1730706088342685271,1730706121172026967,Sepatu Tribune Away Maroon,460955.0,Toko Sepatu Bandung,IDLCPDWXGD
1730650983638926935,1730651021212354135,Sepatu Tribune Navy Gum,432055.0,Toko Sepatu Bandung,IDLCPDWXGD
1734439101179528791,1734439043897263703,Sepatu Tribune Nylon Black,439280.0,Toko Sepatu Bandung,IDLCPDWXGD
1730174743203907159,1730174756446373463,Sepatu Tribune Black Gum,432055.0,Toko Sepatu Bandung,IDLCPDWXGD
1731308689765205379,1729768344261264771,Sepatu Tribune Black Gum / White Blue / Navy Gum / Home Black / Away Maroon,460232.5,Toko Sepatu Bandung,IDLCT8WHEM
1731308725957920131,1729768344261264771,Sepatu Tribune Black Gum / White Blue / Navy Gum / Home Black / Away Maroon,459979.2,Toko Sepatu Bandung,IDLCT8WHEM
1730174772819887703,1730174848005801559,Sepatu Tribune Red Gum,432055.0,Toko Sepatu Bandung,IDLCPDWXGD
1730174772502824535,1730174800969827927,Sepatu Tribune White Blue,432055.0,Toko Sepatu Bandung,IDLCPDWXGD
1729677746703403607,1729677747184175703,Sepatu Retrograde Low White Blue,388705.0,Toko Sepatu Bandung,IDLCPDWXGD
1729677740302961239,1729677742968441431,Sepatu Gazelle Hi Black Gum,316455.0,Toko Sepatu Bandung,IDLCPDWXGD
1731622713472812631,1731622766964541015,Sepatu Tribune Away Ocean,460955.0,Toko Sepatu Bandung,IDLCPDWXGD
1730651001345574487,1730651021212354135,Sepatu Tribune Navy Gum,432055.0,Toko Sepatu Bandung,IDLCPDWXGD
1730651001345508951,1730651021212354135,Sepatu Tribune Navy Gum,432055.0,Toko Sepatu Bandung,IDLCPDWXGD
1731308725957985667,1729768344261264771,Sepatu Tribune Black Gum / White Blue / Navy Gum / Home Black / Away Maroon,460955.0,Toko Sepatu Bandung,IDLCT8WHEM
1731927306072131159,1731927283872138839,Sepatu Tribune Shadow,432055.0,Toko Sepatu Bandung,IDLCPDWXGD
1730121322703717763,1729583996951366019,Sepatu Gazelle Low Black White / Cream / White Blue / White red / Black Gum,294754.5,Toko Sepatu Bandung,IDLCT8WHEM
1731985620630734423,1730706121172026967,Sepatu Tribune Away Maroon,460955.0,Toko Sepatu Bandung,IDLCPDWXGD
1731927306072131159,1731927283872138839,Sepatu Tribune Shadow,428589.55,Toko Sepatu Bandung,IDLCPDWXGD
1731079477655340419,1729768344261264771,Sepatu Tribune Black Gum / White Blue / Navy Gum / Home Black / Away Maroon,420204.3,Toko Sepatu Bandung,IDLCT8WHEM
1731418673451468163,1730005626441402755,Giordano Polo 3D Lion / Napoleon Shirt ORIGINAL Men Pria Kerah Baju Kaos Katun,141946.6,Toko Sepatu Bandung,IDLCT8WHEM
1731079464715060611,1729768344261264771,Sepatu Tribune Black Gum / White Blue / Navy Gum / Home Black / Away Maroon,424532.5,Toko Sepatu Bandung,IDLCT8WHEM
1731622765730301527,1731622711600252503,Sepatu Tribune Home Olive,460955.0,Toko Sepatu Bandung,IDLCPDWXGD
1730174772819822167,1730174848005801559,Sepatu Tribune Red Gum,432055.0,Toko Sepatu Bandung,IDLCPDWXGD
1730174772503152215,1730174800969827927,Sepatu Tribune White Blue,432055.0,Toko Sepatu Bandung,IDLCPDWXGD
1729677759600233047,1729677759599905367,Sepatu Gazelle Low Cream,294707.75,Toko Sepatu Bandung,IDLCPDWXGD
1729677734993365591,1729677734992710231,Sepatu Gazelle Hi Black White,316382.75,Toko Sepatu Bandung,IDLCPDWXGD
1730651001345640023,1730651021212354135,Sepatu Tribune Navy Gum,432055.0,Toko Sepatu Bandung,IDLCPDWXGD
1729677740302895703,1729677742968441431,Sepatu Gazelle Hi Black Gum,316455.0,Toko Sepatu Bandung,IDLCPDWXGD
1730706107471988311,1730706116728161879,Sepatu Tribune Home Black,430170.55,Toko Sepatu Bandung,IDLCPDWXGD
1730706107471922775,1730706116728161879,Sepatu Tribune Home Black,430170.55,Toko Sepatu Bandung,IDLCPDWXGD
1729677758275816023,1729677758275553879,Sepatu Gazelle Low Black Gum,275026.0,Toko Sepatu Bandung,IDLCPDWXGD
1730706107471922775,1730706116728161879,Sepatu Tribune Home Black,455012.64999999997,Toko Sepatu Bandung,IDLCPDWXGD
1730706106318751319,1730706116728161879,Sepatu Tribune Home Black,455011.8,Toko Sepatu Bandung,IDLCPDWXGD
1730706106318685783,1730706116728161879,Sepatu Tribune Home Black,455011.8,Toko Sepatu Bandung,IDLCPDWXGD
1730174743203907159,1730174756446373463,Sepatu Tribune Black Gum,419093.35,Toko Sepatu Bandung,IDLCPDWXGD
1730174743203710551,1730174756446373463,Sepatu Tribune Black Gum,419093.35,Toko Sepatu Bandung,IDLCPDWXGD
1730706088342881879,1730706121172026967,Sepatu Tribune Away Maroon,496631.2,Toko Sepatu Bandung,IDLCPDWXGD
1730706088343012951,1730706121172026967,Sepatu Tribune Away Maroon,433840.0,Toko Sepatu Bandung,IDLCPDWXGD
1729677740302830167,1729677742968441431,Sepatu Gazelle Hi Black Gum,316336.0,Toko Sepatu Bandung,IDLCPDWXGD
1729677761805126231,1729677761804798551,Sepatu Gazelle Low White Red,294707.75,Toko Sepatu Bandung,IDLCPDWXGD
1731418673451468163,1730005626441402755,Giordano Polo 3D Lion / Napoleon Shirt ORIGINAL Men Pria Kerah Baju Kaos Katun,163157.5,Toko Sepatu Bandung,IDLCT8WHEM
1730706088342947415,1730706121172026967,Sepatu Tribune Away Maroon,424337.0,Toko Sepatu Bandung,IDLCPDWXGD
1730706088343012951,1730706121172026967,Sepatu Tribune Away Maroon,428938.89999999997,Toko Sepatu Bandung,IDLCPDWXGD
1731308725958116739,1729768344261264771,Sepatu Tribune Black Gum / White Blue / Navy Gum / Home Black / Away Maroon,460955.0,Toko Sepatu Bandung,IDLCT8WHEM
1731308689765401987,1729768344261264771,Sepatu Tribune Black Gum / White Blue / Navy Gum / Home Black / Away Maroon,506997.8,Toko Sepatu Bandung,IDLCT8WHEM
1731927306071869015,1731927283872138839,Sepatu Tribune Shadow,476561.0,Toko Sepatu Bandung,IDLCPDWXGD
1729677755464583767,1729677755464059479,Sepatu Gazelle Low Black White,304215.0,Toko Sepatu Bandung,IDLCPDWXGD
1731079464715847043,1729768344261264771,Sepatu Tribune Black Gum / White Blue / Navy Gum / Home Black / Away Maroon,420979.5,Toko Sepatu Bandung,IDLCT8WHEM
1731927306071869015,1731927283872138839,Sepatu Tribune Shadow,447304.0,Toko Sepatu Bandung,IDLCPDWXGD
1730706106318751319,1730706116728161879,Sepatu Tribune Home Black,437634.39999999997,Toko Sepatu Bandung,IDLCPDWXGD
1731639374272234883,1731639377393583491,Sepatu Tribune Home Olive / Away Ocean,498100.0,Toko Sepatu Bandung,IDLCT8WHEM
1731622765730235991,1731622711600252503,Sepatu Tribune Home Olive,449905.0,Toko Sepatu Bandung,IDLCPDWXGD
1731079464714732931,1729768344261264771,Sepatu Tribune Black Gum / White Blue / Navy Gum / Home Black / Away Maroon,432055.0,Toko Sepatu Bandung,IDLCT8WHEM
1729706772144817751,1729706759929169495,Sepatu Velocity Black Gum,661215.0,Toko Sepatu Bandung,IDLCPDWXGD
1731622713472616023,1731622766964541015,Sepatu Tribune Away Ocean,460955.0,Toko Sepatu Bandung,IDLCPDWXGD
1729438565128636586,1729438565128374442,House of Smith Vintage Sherpa Jacket Lasket Black #4 - Jaket Casual Pria Polar Fleece,161024.0,Store_5,IDLC9VLLPY
1729677759600233047,1729677759599905367,Sepatu Gazelle Low Cream,329715.0,Toko Sepatu Bandung,IDLCPDWXGD
1731079464714470787,1729768344261264771,Sepatu Tribune Black Gum / White Blue / Navy Gum / Home Black / Away Maroon,448490.6,Toko Sepatu Bandung,IDLCT8WHEM
1731927306072131159,1731927283872138839,Sepatu Tribune Shadow,465800.0,Toko Sepatu Bandung,IDLCPDWXGD
1734450177787528579,1734450056488912259,(ORIGINAL) Gamis CALLE V3 Brand New In Pack,1853000.0,Toko Sepatu Bandung,IDLCT8WHEM
1729852765738010794,1729852767810783402,House of Smith Hoodie Embroidery 1 #18 - Sweater Hoodie Pria Casual,183691.8,Store_5,IDLC9VLLPY
1729677755464583767,1729677755464059479,Sepatu Gazelle Low Black White,329379.25,Toko Sepatu Bandung,IDLCPDWXGD
1731308689765467523,1729768344261264771,Sepatu Tribune Black Gum / White Blue / Navy Gum / Home Black / Away Maroon,482647.0,Toko Sepatu Bandung,IDLCT8WHEM
1731622713472812631,1731622766964541015,Sepatu Tribune Away Ocean,433840.0,Toko Sepatu Bandung,IDLCPDWXGD
1730174772819822167,1730174848005801559,Sepatu Tribune Red Gum,406640.0,Toko Sepatu Bandung,IDLCPDWXGD
1729677759600233047,1729677759599905367,Sepatu Gazelle Low Cream,277372.0,Toko Sepatu Bandung,IDLCPDWXGD
1730706107471922775,1730706116728161879,Sepatu Tribune Home Black,459538.89999999997,Toko Sepatu Bandung,IDLCPDWXGD
1731401493348320855,1731401492200326743,Sepatu Retrograde Camp Hi Olive,332124.75,Toko Sepatu Bandung,IDLCPDWXGD
1730651001345836631,1730651021212354135,Sepatu Tribune Navy Gum,400149.39999999997,Toko Sepatu Bandung,IDLCPDWXGD
1730174772819953239,1730174848005801559,Sepatu Tribune Red Gum,400150.25,Toko Sepatu Bandung,IDLCPDWXGD
1730174772502824535,1730174800969827927,Sepatu Tribune White Blue,400150.25,Toko Sepatu Bandung,IDLCPDWXGD
1730174743203710551,1730174756446373463,Sepatu Tribune Black Gum,400150.25,Toko Sepatu Bandung,IDLCPDWXGD
1730174772502758999,1730174800969827927,Sepatu Tribune White Blue,465800.0,Toko Sepatu Bandung,IDLCPDWXGD
1729677755464649303,1729677755464059479,Sepatu Gazelle Low Black White,219215.0,Toko Sepatu Bandung,IDLCPDWXGD
1729677761804995159,1729677761804798551,Sepatu Gazelle Low White Red,329481.25,Toko Sepatu Bandung,IDLCPDWXGD
1732075606830188104,1732067307942741576,MyBasic Fitted Tee Heavy Weight 200 GSM Premium,44816.25,Store_2,IDLCUQLL7K
1731079464715978115,1729768344261264771,Sepatu Tribune Black Gum / White Blue / Navy Gum / Home Black / Away Maroon,464950.0,Toko Sepatu Bandung,IDLCT8WHEM
1729677743141063255,1729677743140473431,Sepatu Retrograde Low Black White,374986.0,Toko Sepatu Bandung,IDLCPDWXGD
1731401465609619031,1731401464730912343,Sepatu Retrograde Camp Low Camel,384563.8,Toko Sepatu Bandung,IDLCPDWXGD
1730174743203841623,1730174756446373463,Sepatu Tribune Black Gum,414665.7,Toko Sepatu Bandung,IDLCPDWXGD
1730706107471988311,1730706116728161879,Sepatu Tribune Home Black,438736.0,Toko Sepatu Bandung,IDLCPDWXGD
1731639374272234883,1731639377393583491,Sepatu Tribune Home Olive / Away Ocean,433789.0,Toko Sepatu Bandung,IDLCT8WHEM
1729677755464518231,1729677755464059479,Sepatu Gazelle Low Black White,272934.14999999997,Toko Sepatu Bandung,IDLCPDWXGD
1729677743140866647,1729677743140473431,Sepatu Retrograde Low Black White,368141.8,Toko Sepatu Bandung,IDLCPDWXGD
1730174772503086679,1730174800969827927,Sepatu Tribune White Blue,419093.35,Toko Sepatu Bandung,IDLCPDWXGD
1729677746703403607,1729677747184175703,Sepatu Retrograde Low White Blue,377043.85,Toko Sepatu Bandung,IDLCPDWXGD
1729677740302699095,1729677742968441431,Sepatu Gazelle Hi Black Gum,306961.35,Toko Sepatu Bandung,IDLCPDWXGD
1731079477655471491,1729768344261264771,Sepatu Tribune Black Gum / White Blue / Navy Gum / Home Black / Away Maroon,416109.0,Toko Sepatu Bandung,IDLCT8WHEM
1729677758275816023,1729677758275553879,Sepatu Gazelle Low Black Gum,284306.3,Toko Sepatu Bandung,IDLCPDWXGD
1729677740302895703,1729677742968441431,Sepatu Gazelle Hi Black Gum,305286.0,Toko Sepatu Bandung,IDLCPDWXGD
1729677761805060695,1729677761804798551,Sepatu Gazelle Low White Red,257520.25,Toko Sepatu Bandung,IDLCPDWXGD
1729677734993037911,1729677734992710231,Sepatu Gazelle Hi Black White,305216.3,Toko Sepatu Bandung,IDLCPDWXGD
1732072010571482696,1732067307942741576,MyBasic Fitted Tee Heavy Weight 200 GSM Premium,38990.35,Store_2,IDLCUQLL7K
1730706088342750807,1730706121172026967,Sepatu Tribune Away Maroon,484806.0,Toko Sepatu Bandung,IDLCPDWXGD
1730868728727701079,1730868777127282263,Sepatu Tribune White Green,467228.85,Toko Sepatu Bandung,IDLCPDWXGD
1730868728728028759,1730868777127282263,Sepatu Tribune White Green,441866.55,Toko Sepatu Bandung,IDLCPDWXGD
1730706088342947415,1730706121172026967,Sepatu Tribune Away Maroon,441865.7,Toko Sepatu Bandung,IDLCPDWXGD
1730174743204038231,1730174756446373463,Sepatu Tribune Black Gum,414163.35,Toko Sepatu Bandung,IDLCPDWXGD
1729677742105070167,1729677742104545879,Sepatu Retrograde Low Cream,372607.7,Toko Sepatu Bandung,IDLCPDWXGD
1730706088342750807,1730706121172026967,Sepatu Tribune Away Maroon,464975.5,Toko Sepatu Bandung,IDLCPDWXGD
1731927306071934551,1731927283872138839,Sepatu Tribune Shadow,411224.89999999997,Toko Sepatu Bandung,IDLCPDWXGD
1729677758327196247,1729677758326606423,Sepatu Gazelle Low White Blue,280500.0,Toko Sepatu Bandung,IDLCPDWXGD
1729677758326999639,1729677758326606423,Sepatu Gazelle Low White Blue,280500.0,Toko Sepatu Bandung,IDLCPDWXGD
1729677758275816023,1729677758275553879,Sepatu Gazelle Low Black Gum,280500.0,Toko Sepatu Bandung,IDLCPDWXGD
1731079464714667395,1729768344261264771,Sepatu Tribune Black Gum / White Blue / Navy Gum / Home Black / Away Maroon,440912.0,Toko Sepatu Bandung,IDLCT8WHEM
1730651001345771095,1730651021212354135,Sepatu Tribune Navy Gum,442221.0,Toko Sepatu Bandung,IDLCPDWXGD
1731079464716174723,1729768344261264771,Sepatu Tribune Black Gum / White Blue / Navy Gum / Home Black / Away Maroon,441481.5,Toko Sepatu Bandung,IDLCT8WHEM
1731308725958051203,1729768344261264771,Sepatu Tribune Black Gum / White Blue / Navy Gum / Home Black / Away Maroon,471801.0,Toko Sepatu Bandung,IDLCT8WHEM
1730706088342750807,1730706121172026967,Sepatu Tribune Away Maroon,461706.39999999997,Toko Sepatu Bandung,IDLCPDWXGD
1731639374272497027,1731639377393583491,Sepatu Tribune Home Olive / Away Ocean,471801.0,Toko Sepatu Bandung,IDLCT8WHEM
1730706088342750807,1730706121172026967,Sepatu Tribune Away Maroon,448842.5,Toko Sepatu Bandung,IDLCPDWXGD
1730651001345836631,1730651021212354135,Sepatu Tribune Navy Gum,420702.39999999997,Toko Sepatu Bandung,IDLCPDWXGD
1730651001345771095,1730651021212354135,Sepatu Tribune Navy Gum,420701.55,Toko Sepatu Bandung,IDLCPDWXGD
1730706088343078487,1730706121172026967,Sepatu Tribune Away Maroon,438895.8,Toko Sepatu Bandung,IDLCPDWXGD
1730174743203841623,1730174756446373463,Sepatu Tribune Black Gum,411379.6,Toko Sepatu Bandung,IDLCPDWXGD
1729677743140997719,1729677743140473431,Sepatu Retrograde Low Black White,370103.6,Toko Sepatu Bandung,IDLCPDWXGD
1729677740302699095,1729677742968441431,Sepatu Gazelle Hi Black Gum,301311.39999999997,Toko Sepatu Bandung,IDLCPDWXGD
1731079464715322755,1729768344261264771,Sepatu Tribune Black Gum / White Blue / Navy Gum / Home Black / Away Maroon,405960.0,Toko Sepatu Bandung,IDLCT8WHEM
1729677743140932183,1729677743140473431,Sepatu Retrograde Low Black White,397851.0,Toko Sepatu Bandung,IDLCPDWXGD
1731622713472812631,1731622766964541015,Sepatu Tribune Away Ocean,468507.25,Toko Sepatu Bandung,IDLCPDWXGD
1730121322704897411,1729583996951366019,Sepatu Gazelle Low Black White / Cream / White Blue / White red / Black Gum,275341.35,Toko Sepatu Bandung,IDLCT8WHEM
1730121322704700803,1729583996951366019,Sepatu Gazelle Low Black White / Cream / White Blue / White red / Black Gum,275341.35,Toko Sepatu Bandung,IDLCT8WHEM
1731927306071869015,1731927283872138839,Sepatu Tribune Shadow,465800.0,Toko Sepatu Bandung,IDLCPDWXGD
1731622765730432599,1731622711600252503,Sepatu Tribune Home Olive,435424.39999999997,Toko Sepatu Bandung,IDLCPDWXGD
1731927306071869015,1731927283872138839,Sepatu Tribune Shadow,428954.2,Toko Sepatu Bandung,IDLCPDWXGD
1729677743140997719,1729677743140473431,Sepatu Retrograde Low Black White,434435.0,Toko Sepatu Bandung,IDLCPDWXGD
1731418659331999107,1730005626441402755,Giordano Polo 3D Lion / Napoleon Shirt ORIGINAL Men Pria Kerah Baju Kaos Katun,137688.1,Toko Sepatu Bandung,IDLCT8WHEM
1731927306072065623,1731927283872138839,Sepatu Tribune Shadow,441915.0,Toko Sepatu Bandung,IDLCPDWXGD
1731927306072000087,1731927283872138839,Sepatu Tribune Shadow,465774.5,Toko Sepatu Bandung,IDLCPDWXGD
1730174772503021143,1730174800969827927,Sepatu Tribune White Blue,432786.0,Toko Sepatu Bandung,IDLCPDWXGD
1731927306071803479,1731927283872138839,Sepatu Tribune Shadow,456369.25,Toko Sepatu Bandung,IDLCPDWXGD
1730136911404631427,1729587967065426307,Sepatu Retrograde Low Black White / Cream / Whiteblue / Triple Black,389201.39999999997,Toko Sepatu Bandung,IDLCT8WHEM
1730706088342881879,1730706121172026967,Sepatu Tribune Away Maroon,471801.0,Toko Sepatu Bandung,IDLCPDWXGD
1731308725958051203,1729768344261264771,Sepatu Tribune Black Gum / White Blue / Navy Gum / Home Black / Away Maroon,460955.0,Toko Sepatu Bandung,IDLCT8WHEM
1729438565128505514,1729438565128374442,House of Smith Vintage Sherpa Jacket Lasket Black #4 - Jaket Casual Pria Polar Fleece,138574.65,Store_5,IDLC9VLLPY
1731418659331868035,1730005626441402755,Giordano Polo 3D Lion / Napoleon Shirt ORIGINAL Men Pria Kerah Baju Kaos Katun,139975.44999999998,Toko Sepatu Bandung,IDLCT8WHEM
1730121322703521155,1729583996951366019,Sepatu Gazelle Low Black White / Cream / White Blue / White red / Black Gum,304300.0,Toko Sepatu Bandung,IDLCT8WHEM
1730121322704831875,1729583996951366019,Sepatu Gazelle Low Black White / Cream / White Blue / White red / Black Gum,304300.0,Toko Sepatu Bandung,IDLCT8WHEM
1731927306072065623,1731927283872138839,Sepatu Tribune Shadow,457470.0,Toko Sepatu Bandung,IDLCPDWXGD
1730121322705094019,1729583996951366019,Sepatu Gazelle Low Black White / Cream / White Blue / White red / Black Gum,262270.89999999997,Toko Sepatu Bandung,IDLCT8WHEM
1730706088342750807,1730706121172026967,Sepatu Tribune Away Maroon,473427.89999999997,Toko Sepatu Bandung,IDLCPDWXGD
1731079464715060611,1729768344261264771,Sepatu Tribune Black Gum / White Blue / Navy Gum / Home Black / Away Maroon,399261.14999999997,Toko Sepatu Bandung,IDLCT8WHEM
1731079477655405955,1729768344261264771,Sepatu Tribune Black Gum / White Blue / Navy Gum / Home Black / Away Maroon,457470.0,Toko Sepatu Bandung,IDLCT8WHEM
1729677743140997719,1729677743140473431,Sepatu Retrograde Low Black White,365840.0,Toko Sepatu Bandung,IDLCPDWXGD
1731639374272300419,1731639377393583491,Sepatu Tribune Home Olive / Away Ocean,433840.0,Toko Sepatu Bandung,IDLCT8WHEM
1731298803850839427,1731298756864148867,Sepatu Gazelle Popsicle Yellow / Blue / Green / Red,214353.0,Toko Sepatu Bandung,IDLCT8WHEM
1731079464714667395,1729768344261264771,Sepatu Tribune Black Gum / White Blue / Navy Gum / Home Black / Away Maroon,445783.35,Toko Sepatu Bandung,IDLCT8WHEM
1730418199019488420,1730418075720713380,Screamous Kaos T-Shirt OVERSIZE DAWNBOWL ZACK 290,101431.34999999999,Store_19,IDLCDXWWBF
1730651001345705559,1730651021212354135,Sepatu Tribune Navy Gum,432055.0,Toko Sepatu Bandung,IDLCPDWXGD
1730706088343012951,1730706121172026967,Sepatu Tribune Away Maroon,488070.0,Toko Sepatu Bandung,IDLCPDWXGD
1731967978191029635,1731967941545657731,Sepatu Velocity Canvas Black / Natural / Grey,528630.2999999999,Toko Sepatu Bandung,IDLCT8WHEM
1731308689765401987,1729768344261264771,Sepatu Tribune Black Gum / White Blue / Navy Gum / Home Black / Away Maroon,487305.0,Toko Sepatu Bandung,IDLCT8WHEM
1731622713472878167,1731622766964541015,Sepatu Tribune Away Ocean,473042.0,Toko Sepatu Bandung,IDLCPDWXGD
1731927306071934551,1731927283872138839,Sepatu Tribune Shadow,457470.0,Toko Sepatu Bandung,IDLCPDWXGD
1729677759600364119,1729677759599905367,Sepatu Gazelle Low Cream,304215.0,Toko Sepatu Bandung,IDLCPDWXGD
1729677746703469143,1729677747184175703,Sepatu Retrograde Low White Blue,396223.25,Toko Sepatu Bandung,IDLCPDWXGD
1729725175196191319,1729725175195863639,Sepatu Velocity Black,635715.0,Toko Sepatu Bandung,IDLCPDWXGD
1729677736926874199,1729677736926480983,Sepatu Retrograde Hi Decon Black White,429101.25,Toko Sepatu Bandung,IDLCPDWXGD
1730174772502955607,1730174800969827927,Sepatu Tribune White Blue,465800.0,Toko Sepatu Bandung,IDLCPDWXGD
1731308725957854595,1729768344261264771,Sepatu Tribune Black Gum / White Blue / Navy Gum / Home Black / Away Maroon,482647.0,Toko Sepatu Bandung,IDLCT8WHEM
1729562551000794499,1729562534016288131,[ORIGINAL] Kanky Story Kitadake Green / Navy / Charcoal / All Black / Black Forest - Sport Style,221417.35,Toko Sepatu Bandung,IDLCT8WHEM
1729677758327130711,1729677758326606423,Sepatu Gazelle Low White Blue,312043.5,Toko Sepatu Bandung,IDLCPDWXGD
1730706106318620247,1730706116728161879,Sepatu Tribune Home Black,488070.0,Toko Sepatu Bandung,IDLCPDWXGD
1731996015553643907,1731995980503090563,Sepatu Tribune Shadow,450296.0,Toko Sepatu Bandung,IDLCT8WHEM
1730706088342947415,1730706121172026967,Sepatu Tribune Away Maroon,457274.5,Toko Sepatu Bandung,IDLCPDWXGD
1730706088342947415,1730706121172026967,Sepatu Tribune Away Maroon,457164.0,Toko Sepatu Bandung,IDLCPDWXGD
1733254788722820483,1733254847484691843,Sepatu Tribune White Green,457215.0,Toko Sepatu Bandung,IDLCT8WHEM
1731996015553578371,1731995980503090563,Sepatu Tribune Shadow,444660.5,Toko Sepatu Bandung,IDLCT8WHEM
1730650983638926935,1730651021212354135,Sepatu Tribune Navy Gum,423300.0,Toko Sepatu Bandung,IDLCPDWXGD
1729677759600364119,1729677759599905367,Sepatu Gazelle Low Cream,284306.3,Toko Sepatu Bandung,IDLCPDWXGD
1729677758327196247,1729677758326606423,Sepatu Gazelle Low White Blue,284306.3,Toko Sepatu Bandung,IDLCPDWXGD
1729677759600036439,1729677759599905367,Sepatu Gazelle Low Cream,294707.75,Toko Sepatu Bandung,IDLCPDWXGD
1729677758327196247,1729677758326606423,Sepatu Gazelle Low White Blue,285873.7,Toko Sepatu Bandung,IDLCPDWXGD
1729677758326999639,1729677758326606423,Sepatu Gazelle Low White Blue,285872.85,Toko Sepatu Bandung,IDLCPDWXGD
1729677734993037911,1729677734992710231,Sepatu Gazelle Hi Black White,306898.45,Toko Sepatu Bandung,IDLCPDWXGD
1730706106318685783,1730706116728161879,Sepatu Tribune Home Black,455294.0,Toko Sepatu Bandung,IDLCPDWXGD
1730706106318620247,1730706116728161879,Sepatu Tribune Home Black,455294.0,Toko Sepatu Bandung,IDLCPDWXGD
1730706106318554711,1730706116728161879,Sepatu Tribune Home Black,455294.0,Toko Sepatu Bandung,IDLCPDWXGD
1731308725958116739,1729768344261264771,Sepatu Tribune Black Gum / White Blue / Navy Gum / Home Black / Away Maroon,444686.0,Toko Sepatu Bandung,IDLCT8WHEM
1731079464714798467,1729768344261264771,Sepatu Tribune Black Gum / White Blue / Navy Gum / Home Black / Away Maroon,416806.0,Toko Sepatu Bandung,IDLCT8WHEM
1729562551000073603,1729562534016288131,[ORIGINAL] Kanky Story Kitadake Green / Navy / Charcoal / All Black / Black Forest - Sport Style,207975.44999999998,Toko Sepatu Bandung,IDLCT8WHEM
1730121322704766339,1729583996951366019,Sepatu Gazelle Low Black White / Cream / White Blue / White red / Black Gum,274329.0,Toko Sepatu Bandung,IDLCT8WHEM
1730706088343078487,1730706121172026967,Sepatu Tribune Away Maroon,444618.0,Toko Sepatu Bandung,IDLCPDWXGD
1730136911403976067,1729587967065426307,Sepatu Retrograde Low Black White / Cream / Whiteblue / Triple Black,365840.0,Toko Sepatu Bandung,IDLCT8WHEM
1729677736927005271,1729677736926480983,Sepatu Retrograde Hi Decon Black White,381764.75,Toko Sepatu Bandung,IDLCPDWXGD
1730706088342816343,1730706121172026967,Sepatu Tribune Away Maroon,431345.25,Toko Sepatu Bandung,IDLCPDWXGD
1731622713472747095,1731622766964541015,Sepatu Tribune Away Ocean,447126.35,Toko Sepatu Bandung,IDLCPDWXGD
1730868728727963223,1730868777127282263,Sepatu Tribune White Green,447126.35,Toko Sepatu Bandung,IDLCPDWXGD
1729677759600233047,1729677759599905367,Sepatu Gazelle Low Cream,285866.89999999997,Toko Sepatu Bandung,IDLCPDWXGD
1730121730617869699,1729583996951366019,Sepatu Gazelle Low Black White / Cream / White Blue / White red / Black Gum,329800.0,Toko Sepatu Bandung,IDLCT8WHEM
1730706088342881879,1730706121172026967,Sepatu Tribune Away Maroon,457271.95,Toko Sepatu Bandung,IDLCPDWXGD
1730706088342816343,1730706121172026967,Sepatu Tribune Away Maroon,457271.95,Toko Sepatu Bandung,IDLCPDWXGD
1730706088342685271,1730706121172026967,Sepatu Tribune Away Maroon,444660.5,Toko Sepatu Bandung,IDLCPDWXGD
1731401493348255319,1731401492200326743,Sepatu Retrograde Camp Hi Olive,345949.14999999997,Toko Sepatu Bandung,IDLCPDWXGD
1731229878964749699,1729562534016288131,[ORIGINAL] Kanky Story Kitadake Green / Navy / Charcoal / All Black / Black Forest - Sport Style,204180.19999999998,Toko Sepatu Bandung,IDLCT8WHEM
1730706088342947415,1730706121172026967,Sepatu Tribune Away Maroon,435310.5,Toko Sepatu Bandung,IDLCPDWXGD
1734439081841100375,1734439093365802583,Sepatu Tribune Nylon Modular,423776.0,Toko Sepatu Bandung,IDLCPDWXGD
1731016355289269416,1731016368585475240,Paket Pembersih Sepatu Suede & Nubuck / Suede Brush + Suede Eraser Bonus Tali Sepatu,13056.0,Store_0,IDLCEHLLQ6
1731418659332064643,1730005626441402755,Giordano Polo 3D Lion / Napoleon Shirt ORIGINAL Men Pria Kerah Baju Kaos Katun,141773.19999999998,Toko Sepatu Bandung,IDLCT8WHEM
1731079464714667395,1729768344261264771,Sepatu Tribune Black Gum / White Blue / Navy Gum / Home Black / Away Maroon,416806.0,Toko Sepatu Bandung,IDLCT8WHEM
1729562551000728963,1729562534016288131,[ORIGINAL] Kanky Story Kitadake Green / Navy / Charcoal / All Black / Black Forest - Sport Style,207907.44999999998,Toko Sepatu Bandung,IDLCT8WHEM
1729677761805257303,1729677761804798551,Sepatu Gazelle Low White Red,284306.3,Toko Sepatu Bandung,IDLCPDWXGD
1731079464714601859,1729768344261264771,Sepatu Tribune Black Gum / White Blue / Navy Gum / Home Black / Away Maroon,407456.0,Toko Sepatu Bandung,IDLCT8WHEM
1731308689765270915,1729768344261264771,Sepatu Tribune Black Gum / White Blue / Navy Gum / Home Black / Away Maroon,434970.5,Toko Sepatu Bandung,IDLCT8WHEM
1730706106318554711,1730706116728161879,Sepatu Tribune Home Black,419750.39999999997,Toko Sepatu Bandung,IDLCPDWXGD
1730121322704897411,1729583996951366019,Sepatu Gazelle Low Black White / Cream / White Blue / White red / Black Gum,284376.0,Toko Sepatu Bandung,IDLCT8WHEM
1729677759600036439,1729677759599905367,Sepatu Gazelle Low Cream,273103.3,Toko Sepatu Bandung,IDLCPDWXGD
1729562551000794499,1729562534016288131,[ORIGINAL] Kanky Story Kitadake Green / Navy / Charcoal / All Black / Black Forest - Sport Style,201149.94999999998,Toko Sepatu Bandung,IDLCT8WHEM
1729677759600429655,1729677759599905367,Sepatu Gazelle Low Cream,284306.3,Toko Sepatu Bandung,IDLCPDWXGD
1729677746703534679,1729677747184175703,Sepatu Retrograde Low White Blue,457300.0,Toko Sepatu Bandung,IDLCPDWXGD
1730706106318751319,1730706116728161879,Sepatu Tribune Home Black,455532.0,Toko Sepatu Bandung,IDLCPDWXGD
1730651001345705559,1730651021212354135,Sepatu Tribune Navy Gum,426972.0,Toko Sepatu Bandung,IDLCPDWXGD
1730651001345443415,1730651021212354135,Sepatu Tribune Navy Gum,426972.0,Toko Sepatu Bandung,IDLCPDWXGD
1730868728727963223,1730868777127282263,Sepatu Tribune White Green,460955.0,Toko Sepatu Bandung,IDLCPDWXGD
1730174772503283287,1730174800969827927,Sepatu Tribune White Blue,406640.0,Toko Sepatu Bandung,IDLCPDWXGD
1730174772503217751,1730174800969827927,Sepatu Tribune White Blue,406640.0,Toko Sepatu Bandung,IDLCPDWXGD
1730174772503021143,1730174800969827927,Sepatu Tribune White Blue,406640.0,Toko Sepatu Bandung,IDLCPDWXGD
1730174743203907159,1730174756446373463,Sepatu Tribune Black Gum,406640.0,Toko Sepatu Bandung,IDLCPDWXGD
1730136540910224771,1729587963613710723,Sepatu Gazelle High Black White / Cream / White Blue / White red / Black Gum,297840.0,Toko Sepatu Bandung,IDLCT8WHEM
1731298756262528387,1731298756864148867,Sepatu Gazelle Popsicle Yellow / Blue / Green / Red,230486.85,Toko Sepatu Bandung,IDLCT8WHEM
1731079464715715971,1729768344261264771,Sepatu Tribune Black Gum / White Blue / Navy Gum / Home Black / Away Maroon,456611.5,Toko Sepatu Bandung,IDLCT8WHEM
1731079464714601859,1729768344261264771,Sepatu Tribune Black Gum / White Blue / Navy Gum / Home Black / Away Maroon,457470.0,Toko Sepatu Bandung,IDLCT8WHEM
1730174743204169303,1730174756446373463,Sepatu Tribune Black Gum,457470.0,Toko Sepatu Bandung,IDLCPDWXGD
1730706107471988311,1730706116728161879,Sepatu Tribune Home Black,515185.0,Toko Sepatu Bandung,IDLCPDWXGD
1730174743204038231,1730174756446373463,Sepatu Tribune Black Gum,457470.0,Toko Sepatu Bandung,IDLCPDWXGD
1730121322703586691,1729583996951366019,Sepatu Gazelle Low Black White / Cream / White Blue / White red / Black Gum,250686.25,Toko Sepatu Bandung,IDLCT8WHEM
1731927306072131159,1731927283872138839,Sepatu Tribune Shadow,410006.0,Toko Sepatu Bandung,IDLCPDWXGD
1731079464716109187,1729768344261264771,Sepatu Tribune Black Gum / White Blue / Navy Gum / Home Black / Away Maroon,416780.5,Toko Sepatu Bandung,IDLCT8WHEM
1731996015553643907,1731995980503090563,Sepatu Tribune Shadow,444686.0,Toko Sepatu Bandung,IDLCT8WHEM
1730650983638926935,1730651021212354135,Sepatu Tribune Navy Gum,416806.0,Toko Sepatu Bandung,IDLCPDWXGD
1731298756262528387,1731298756864148867,Sepatu Gazelle Popsicle Yellow / Blue / Green / Red,188999.19999999998,Toko Sepatu Bandung,IDLCT8WHEM
1731599579957790295,1731599579011909207,Sepatu Gazelle Low Ice Cream,284376.0,Toko Sepatu Bandung,IDLCPDWXGD
1733814097185506903,1730706121172026967,Sepatu Tribune Away Maroon,439761.95,Toko Sepatu Bandung,IDLCPDWXGD
1731079464716174723,1729768344261264771,Sepatu Tribune Black Gum / White Blue / Navy Gum / Home Black / Away Maroon,416109.0,Toko Sepatu Bandung,IDLCT8WHEM
1730706106318554711,1730706116728161879,Sepatu Tribune Home Black,444635.0,Toko Sepatu Bandung,IDLCPDWXGD
1731308689765401987,1729768344261264771,Sepatu Tribune Black Gum / White Blue / Navy Gum / Home Black / Away Maroon,432360.14999999997,Toko Sepatu Bandung,IDLCT8WHEM
1731308725957854595,1729768344261264771,Sepatu Tribune Black Gum / White Blue / Navy Gum / Home Black / Away Maroon,428107.6,Toko Sepatu Bandung,IDLCT8WHEM
1731308725958182275,1729768344261264771,Sepatu Tribune Black Gum / White Blue / Navy Gum / Home Black / Away Maroon,444686.0,Toko Sepatu Bandung,IDLCT8WHEM
1729562551000008067,1729562534016288131,[ORIGINAL] Kanky Story Kitadake Green / Navy / Charcoal / All Black / Black Forest - Sport Style,189068.05,Toko Sepatu Bandung,IDLCT8WHEM
1731927306071869015,1731927283872138839,Sepatu Tribune Shadow,405730.5,Toko Sepatu Bandung,IDLCPDWXGD
1730706088342947415,1730706121172026967,Sepatu Tribune Away Maroon,428522.39999999997,Toko Sepatu Bandung,IDLCPDWXGD
1731308725958116739,1729768344261264771,Sepatu Tribune Black Gum / White Blue / Navy Gum / Home Black / Away Maroon,439086.2,Toko Sepatu Bandung,IDLCT8WHEM
1730706106318685783,1730706116728161879,Sepatu Tribune Home Black,482749.0,Toko Sepatu Bandung,IDLCPDWXGD
1729562551000204675,1729562534016288131,[ORIGINAL] Kanky Story Kitadake Green / Navy / Charcoal / All Black / Black Forest - Sport Style,207975.44999999998,Toko Sepatu Bandung,IDLCT8WHEM
1730706106318620247,1730706116728161879,Sepatu Tribune Home Black,431345.25,Toko Sepatu Bandung,IDLCPDWXGD
1730651001345443415,1730651021212354135,Sepatu Tribune Navy Gum,457470.0,Toko Sepatu Bandung,IDLCPDWXGD
1731308725958116739,1729768344261264771,Sepatu Tribune Black Gum / White Blue / Navy Gum / Home Black / Away Maroon,488070.0,Toko Sepatu Bandung,IDLCT8WHEM
1730706088342881879,1730706121172026967,Sepatu Tribune Away Maroon,468256.5,Toko Sepatu Bandung,IDLCPDWXGD
1731622765730235991,1731622711600252503,Sepatu Tribune Home Olive,488070.0,Toko Sepatu Bandung,IDLCPDWXGD
1729562551000073603,1729562534016288131,[ORIGINAL] Kanky Story Kitadake Green / Navy / Charcoal / All Black / Black Forest - Sport Style,228264.94999999998,Toko Sepatu Bandung,IDLCT8WHEM
1731927306071934551,1731927283872138839,Sepatu Tribune Shadow,462553.0,Toko Sepatu Bandung,IDLCPDWXGD
1734439081841034839,1734439093365802583,Sepatu Tribune Nylon Modular,474300.0,Toko Sepatu Bandung,IDLCPDWXGD
1730706088343012951,1730706121172026967,Sepatu Tribune Away Maroon,455532.0,Toko Sepatu Bandung,IDLCPDWXGD
1730651001345640023,1730651021212354135,Sepatu Tribune Navy Gum,426972.0,Toko Sepatu Bandung,IDLCPDWXGD
1729677758326999639,1729677758326606423,Sepatu Gazelle Low White Blue,291240.6,Toko Sepatu Bandung,IDLCPDWXGD
1730706088342947415,1730706121172026967,Sepatu Tribune Away Maroon,481202.0,Toko Sepatu Bandung,IDLCPDWXGD
1730706088343012951,1730706121172026967,Sepatu Tribune Away Maroon,453050.0,Toko Sepatu Bandung,IDLCPDWXGD
1730706088342947415,1730706121172026967,Sepatu Tribune Away Maroon,453050.0,Toko Sepatu Bandung,IDLCPDWXGD
1730706088342881879,1730706121172026967,Sepatu Tribune Away Maroon,453050.0,Toko Sepatu Bandung,IDLCPDWXGD
1730121322703521155,1729583996951366019,Sepatu Gazelle Low Black White / Cream / White Blue / White red / Black Gum,261731.15,Toko Sepatu Bandung,IDLCT8WHEM
1730121322703586691,1729583996951366019,Sepatu Gazelle Low Black White / Cream / White Blue / White red / Black Gum,261813.6,Toko Sepatu Bandung,IDLCT8WHEM
1734450177787528579,1734450056488912259,(ORIGINAL) Gamis CALLE V3 Brand New In Pack,1683000.0,Toko Sepatu Bandung,IDLCT8WHEM
1730121322703586691,1729583996951366019,Sepatu Gazelle Low Black White / Cream / White Blue / White red / Black Gum,260440.0,Toko Sepatu Bandung,IDLCT8WHEM
1731298803850708355,1731298756864148867,Sepatu Gazelle Popsicle Yellow / Blue / Green / Red,213486.85,Toko Sepatu Bandung,IDLCT8WHEM
1730706088342685271,1730706121172026967,Sepatu Tribune Away Maroon,488164.35,Toko Sepatu Bandung,IDLCPDWXGD
1730706107472119383,1730706116728161879,Sepatu Tribune Home Black,437385.35,Toko Sepatu Bandung,IDLCPDWXGD
1730706107471988311,1730706116728161879,Sepatu Tribune Home Black,437386.2,Toko Sepatu Bandung,IDLCPDWXGD
1730706088342881879,1730706121172026967,Sepatu Tribune Away Maroon,437385.35,Toko Sepatu Bandung,IDLCPDWXGD
1730174772503086679,1730174800969827927,Sepatu Tribune White Blue,409963.5,Toko Sepatu Bandung,IDLCPDWXGD
1729677740302764631,1729677742968441431,Sepatu Gazelle Hi Black Gum,300274.39999999997,Toko Sepatu Bandung,IDLCPDWXGD
1731622765730301527,1731622711600252503,Sepatu Tribune Home Olive,429343.5,Toko Sepatu Bandung,IDLCPDWXGD
1730706088342816343,1730706121172026967,Sepatu Tribune Away Maroon,429343.5,Toko Sepatu Bandung,IDLCPDWXGD
1730174772819953239,1730174848005801559,Sepatu Tribune Red Gum,402424.85,Toko Sepatu Bandung,IDLCPDWXGD
1729561361793123927,1729561362209539671,Sepatu Retrograde Low Triple Black,362048.14999999997,Toko Sepatu Bandung,IDLCPDWXGD
1731622765730104919,1731622711600252503,Sepatu Tribune Home Olive,433840.0,Toko Sepatu Bandung,IDLCPDWXGD
1730706106318751319,1730706116728161879,Sepatu Tribune Home Black,433840.0,Toko Sepatu Bandung,IDLCPDWXGD
1729677755464387159,1729677755464059479,Sepatu Gazelle Low Black White,277372.0,Toko Sepatu Bandung,IDLCPDWXGD
1733254788722754947,1733254847484691843,Sepatu Tribune White Green,433772.0,Toko Sepatu Bandung,IDLCT8WHEM
1734439081841100375,1734439093365802583,Sepatu Tribune Nylon Modular,437285.05,Toko Sepatu Bandung,IDLCPDWXGD
1731308725958051203,1729768344261264771,Sepatu Tribune Black Gum / White Blue / Navy Gum / Home Black / Away Maroon,453491.14999999997,Toko Sepatu Bandung,IDLCT8WHEM
1729677734992841303,1729677734992710231,Sepatu Gazelle Hi Black White,316382.75,Toko Sepatu Bandung,IDLCPDWXGD
1731308725958051203,1729768344261264771,Sepatu Tribune Black Gum / White Blue / Navy Gum / Home Black / Away Maroon,447126.35,Toko Sepatu Bandung,IDLCT8WHEM
1731308689765336451,1729768344261264771,Sepatu Tribune Black Gum / White Blue / Navy Gum / Home Black / Away Maroon,452582.5,Toko Sepatu Bandung,IDLCT8WHEM
1731079464715453827,1729768344261264771,Sepatu Tribune Black Gum / White Blue / Navy Gum / Home Black / Away Maroon,413247.89999999997,Toko Sepatu Bandung,IDLCT8WHEM
1730706088342816343,1730706121172026967,Sepatu Tribune Away Maroon,450820.45,Toko Sepatu Bandung,IDLCPDWXGD
1734439081841100375,1734439093365802583,Sepatu Tribune Nylon Modular,439280.0,Toko Sepatu Bandung,IDLCPDWXGD
1731401493348451927,1731401492200326743,Sepatu Retrograde Camp Hi Olive,358605.64999999997,Toko Sepatu Bandung,IDLCPDWXGD
1730149100228150856,1730148724140508744,Mybasic - Boxy Crop T-Shirt Kaos Boxy Fit with Cotton Combed 24s dengan 200 gsm ++,46149.049999999996,Store_2,IDLCUQLL7K
1730706106318751319,1730706116728161879,Sepatu Tribune Home Black,433834.05,Toko Sepatu Bandung,IDLCPDWXGD
1730706106318554711,1730706116728161879,Sepatu Tribune Home Black,433834.05,Toko Sepatu Bandung,IDLCPDWXGD
1730174743203907159,1730174756446373463,Sepatu Tribune Black Gum,406634.89999999997,Toko Sepatu Bandung,IDLCPDWXGD
1729677759600233047,1729677759599905367,Sepatu Gazelle Low Cream,277368.6,Toko Sepatu Bandung,IDLCPDWXGD
1733552688701474391,1733552716657559127,Sepatu Gazelle Kids Low Black Gum,278800.0,Toko Sepatu Bandung,IDLCPDWXGD
1731079464715519363,1729768344261264771,Sepatu Tribune Black Gum / White Blue / Navy Gum / Home Black / Away Maroon,405960.0,Toko Sepatu Bandung,IDLCT8WHEM
1729677740302764631,1729677742968441431,Sepatu Gazelle Hi Black Gum,316455.0,Toko Sepatu Bandung,IDLCPDWXGD
1731308725957854595,1729768344261264771,Sepatu Tribune Black Gum / White Blue / Navy Gum / Home Black / Away Maroon,433840.0,Toko Sepatu Bandung,IDLCT8WHEM
1730706088343012951,1730706121172026967,Sepatu Tribune Away Maroon,447126.35,Toko Sepatu Bandung,IDLCPDWXGD
1731079464715781507,1729768344261264771,Sepatu Tribune Black Gum / White Blue / Navy Gum / Home Black / Away Maroon,397290.0,Toko Sepatu Bandung,IDLCT8WHEM
1730706107471922775,1730706116728161879,Sepatu Tribune Home Black,432905.0,Toko Sepatu Bandung,IDLCPDWXGD
1731298756261152131,1731298756864148867,Sepatu Gazelle Popsicle Yellow / Blue / Green / Red,192259.8,Toko Sepatu Bandung,IDLCT8WHEM
1731622765730235991,1731622711600252503,Sepatu Tribune Home Olive,460955.0,Toko Sepatu Bandung,IDLCPDWXGD
1729613346712619308,1729613344290015532,Octopus Pembersih Suede Nubuck Eraser + Sikat Sepatu Suede Octopus Cleaner Water Free Cleaning Mudah Digunakan & Dibawa Kemana Saja,67190.8,Store_20,IDLC3VWLTK
1731079464716043651,1729768344261264771,Sepatu Tribune Black Gum / White Blue / Navy Gum / Home Black / Away Maroon,432055.0,Toko Sepatu Bandung,IDLCT8WHEM
1731308725958051203,1729768344261264771,Sepatu Tribune Black Gum / White Blue / Navy Gum / Home Black / Away Maroon,449939.0,Toko Sepatu Bandung,IDLCT8WHEM
1731927306071934551,1731927283872138839,Sepatu Tribune Shadow,419366.2,Toko Sepatu Bandung,IDLCPDWXGD
1731418659332064643,1730005626441402755,Giordano Polo 3D Lion / Napoleon Shirt ORIGINAL Men Pria Kerah Baju Kaos Katun,142436.19999999998,Toko Sepatu Bandung,IDLCT8WHEM
1729677755464518231,1729677755464059479,Sepatu Gazelle Low Black White,294707.75,Toko Sepatu Bandung,IDLCPDWXGD
1730706088342816343,1730706121172026967,Sepatu Tribune Away Maroon,451605.0,Toko Sepatu Bandung,IDLCPDWXGD
1730706106318751319,1730706116728161879,Sepatu Tribune Home Black,483948.35,Toko Sepatu Bandung,IDLCPDWXGD
1729677747184503383,1729677747184175703,Sepatu Retrograde Low White Blue,365840.0,Toko Sepatu Bandung,IDLCPDWXGD
1729677746703403607,1729677747184175703,Sepatu Retrograde Low White Blue,365840.0,Toko Sepatu Bandung,IDLCPDWXGD
1731298803850511747,1731298756864148867,Sepatu Gazelle Popsicle Yellow / Blue / Green / Red,177433.25,Toko Sepatu Bandung,IDLCT8WHEM
1731308689765598595,1729768344261264771,Sepatu Tribune Black Gum / White Blue / Navy Gum / Home Black / Away Maroon,449369.5,Toko Sepatu Bandung,IDLCT8WHEM
1730174743203972695,1730174756446373463,Sepatu Tribune Black Gum,432055.0,Toko Sepatu Bandung,IDLCPDWXGD
1730868728727832151,1730868777127282263,Sepatu Tribune White Green,433840.0,Toko Sepatu Bandung,IDLCPDWXGD
1730651001345771095,1730651021212354135,Sepatu Tribune Navy Gum,406640.0,Toko Sepatu Bandung,IDLCPDWXGD
1730651001345705559,1730651021212354135,Sepatu Tribune Navy Gum,406640.0,Toko Sepatu Bandung,IDLCPDWXGD
1729561361792992855,1729561362209539671,Sepatu Retrograde Low Triple Black,365840.0,Toko Sepatu Bandung,IDLCPDWXGD
1731418659332261251,1730005626441402755,Giordano Polo 3D Lion / Napoleon Shirt ORIGINAL Men Pria Kerah Baju Kaos Katun,131357.3,Toko Sepatu Bandung,IDLCT8WHEM
1729677755464649303,1729677755464059479,Sepatu Gazelle Low Black White,279140.0,Toko Sepatu Bandung,IDLCPDWXGD
1731079464715978115,1729768344261264771,Sepatu Tribune Black Gum / White Blue / Navy Gum / Home Black / Away Maroon,412904.5,Toko Sepatu Bandung,IDLCT8WHEM
1730706106318620247,1730706116728161879,Sepatu Tribune Home Black,433840.0,Toko Sepatu Bandung,IDLCPDWXGD
1731308725958116739,1729768344261264771,Sepatu Tribune Black Gum / White Blue / Navy Gum / Home Black / Away Maroon,449511.45,Toko Sepatu Bandung,IDLCT8WHEM
1731622765730235991,1731622711600252503,Sepatu Tribune Home Olive,432785.14999999997,Toko Sepatu Bandung,IDLCPDWXGD
1731622765730170455,1731622711600252503,Sepatu Tribune Home Olive,432784.3,Toko Sepatu Bandung,IDLCPDWXGD
1730706088342881879,1730706121172026967,Sepatu Tribune Away Maroon,432784.3,Toko Sepatu Bandung,IDLCPDWXGD
1730706088342750807,1730706121172026967,Sepatu Tribune Away Maroon,432784.3,Toko Sepatu Bandung,IDLCPDWXGD
1729677742968834647,1729677742968441431,Sepatu Gazelle Hi Black Gum,297115.8,Toko Sepatu Bandung,IDLCPDWXGD
1731401493348451927,1731401492200326743,Sepatu Retrograde Camp Hi Olive,340792.2,Toko Sepatu Bandung,IDLCPDWXGD
1729677758275816023,1729677758275553879,Sepatu Gazelle Low Black Gum,287773.45,Toko Sepatu Bandung,IDLCPDWXGD
1730121322703586691,1729583996951366019,Sepatu Gazelle Low Black White / Cream / White Blue / White red / Black Gum,277440.0,Toko Sepatu Bandung,IDLCT8WHEM
1729677758326999639,1729677758326606423,Sepatu Gazelle Low White Blue,281505.55,Toko Sepatu Bandung,IDLCPDWXGD
1731308689765467523,1729768344261264771,Sepatu Tribune Black Gum / White Blue / Navy Gum / Home Black / Away Maroon,447126.35,Toko Sepatu Bandung,IDLCT8WHEM
1731079464714798467,1729768344261264771,Sepatu Tribune Black Gum / White Blue / Navy Gum / Home Black / Away Maroon,406640.0,Toko Sepatu Bandung,IDLCT8WHEM
1729677743140801111,1729677743140473431,Sepatu Retrograde Low Black White,388705.0,Toko Sepatu Bandung,IDLCPDWXGD
1732614229417362819,1732614061218039171,Sepatu Retrograde Camp Low Camel / Hi Olive,482833.14999999997,Toko Sepatu Bandung,IDLCT8WHEM
1730706088342947415,1730706121172026967,Sepatu Tribune Away Maroon,434987.5,Toko Sepatu Bandung,IDLCPDWXGD
1730706088342881879,1730706121172026967,Sepatu Tribune Away Maroon,434987.5,Toko Sepatu Bandung,IDLCPDWXGD
1730706088342750807,1730706121172026967,Sepatu Tribune Away Maroon,434987.5,Toko Sepatu Bandung,IDLCPDWXGD
1730706088342685271,1730706121172026967,Sepatu Tribune Away Maroon,434987.5,Toko Sepatu Bandung,IDLCPDWXGD
1731298756261873027,1731298756864148867,Sepatu Gazelle Popsicle Yellow / Blue / Green / Red,195913.94999999998,Toko Sepatu Bandung,IDLCT8WHEM
1730706088343012951,1730706121172026967,Sepatu Tribune Away Maroon,427465.0,Toko Sepatu Bandung,IDLCPDWXGD
1730706088342881879,1730706121172026967,Sepatu Tribune Away Maroon,427465.0,Toko Sepatu Bandung,IDLCPDWXGD
1730706088342816343,1730706121172026967,Sepatu Tribune Away Maroon,427465.0,Toko Sepatu Bandung,IDLCPDWXGD
1730706088342750807,1730706121172026967,Sepatu Tribune Away Maroon,427465.0,Toko Sepatu Bandung,IDLCPDWXGD
1729706772144883287,1729706759929169495,Sepatu Velocity Black Gum,635715.0,Toko Sepatu Bandung,IDLCPDWXGD
1729677734993037911,1729677734992710231,Sepatu Gazelle Hi Black White,297772.0,Toko Sepatu Bandung,IDLCPDWXGD
1731308689765139843,1729768344261264771,Sepatu Tribune Black Gum / White Blue / Navy Gum / Home Black / Away Maroon,460232.5,Toko Sepatu Bandung,IDLCT8WHEM
1730706107471988311,1730706116728161879,Sepatu Tribune Home Black,430656.75,Toko Sepatu Bandung,IDLCPDWXGD
1730706106318685783,1730706116728161879,Sepatu Tribune Home Black,430656.75,Toko Sepatu Bandung,IDLCPDWXGD
1730706106318620247,1730706116728161879,Sepatu Tribune Home Black,420824.8,Toko Sepatu Bandung,IDLCPDWXGD
1730174743203907159,1730174756446373463,Sepatu Tribune Black Gum,394440.8,Toko Sepatu Bandung,IDLCPDWXGD
1730174743203841623,1730174756446373463,Sepatu Tribune Black Gum,394440.8,Toko Sepatu Bandung,IDLCPDWXGD
1729677759600364119,1729677759599905367,Sepatu Gazelle Low Cream,269051.35,Toko Sepatu Bandung,IDLCPDWXGD
1729677759600298583,1729677759599905367,Sepatu Gazelle Low Cream,269050.5,Toko Sepatu Bandung,IDLCPDWXGD
1730706088342750807,1730706121172026967,Sepatu Tribune Away Maroon,499800.0,Toko Sepatu Bandung,IDLCPDWXGD
1730706106318685783,1730706116728161879,Sepatu Tribune Home Black,467874.0,Toko Sepatu Bandung,IDLCPDWXGD
1730174743203776087,1730174756446373463,Sepatu Tribune Black Gum,418455.0,Toko Sepatu Bandung,IDLCPDWXGD
1731622765730170455,1731622711600252503,Sepatu Tribune Home Olive,447126.35,Toko Sepatu Bandung,IDLCPDWXGD
1730174743204103767,1730174756446373463,Sepatu Tribune Black Gum,394440.8,Toko Sepatu Bandung,IDLCPDWXGD
1730174743203710551,1730174756446373463,Sepatu Tribune Black Gum,394440.8,Toko Sepatu Bandung,IDLCPDWXGD
1730136540908651907,1729587963613710723,Sepatu Gazelle High Black White / Cream / White Blue / White red / Black Gum,305286.0,Toko Sepatu Bandung,IDLCT8WHEM
1731079477655405955,1729768344261264771,Sepatu Tribune Black Gum / White Blue / Navy Gum / Home Black / Away Maroon,416806.0,Toko Sepatu Bandung,IDLCT8WHEM
1731308725958051203,1729768344261264771,Sepatu Tribune Black Gum / White Blue / Navy Gum / Home Black / Away Maroon,444686.0,Toko Sepatu Bandung,IDLCT8WHEM
1730136911404500355,1729587967065426307,Sepatu Retrograde Low Black White / Cream / Whiteblue / Triple Black,366486.0,Toko Sepatu Bandung,IDLCT8WHEM
1729677755464780375,1729677755464059479,Sepatu Gazelle Low Black White,284306.3,Toko Sepatu Bandung,IDLCPDWXGD
1730706088343078487,1730706121172026967,Sepatu Tribune Away Maroon,431345.25,Toko Sepatu Bandung,IDLCPDWXGD
1731401465609487959,1731401464730912343,Sepatu Retrograde Camp Low Camel,395856.89999999997,Toko Sepatu Bandung,IDLCPDWXGD
1731298756261873027,1731298756864148867,Sepatu Gazelle Popsicle Yellow / Blue / Green / Red,188999.19999999998,Toko Sepatu Bandung,IDLCT8WHEM
1729677743141063255,1729677743140473431,Sepatu Retrograde Low Black White,367102.25,Toko Sepatu Bandung,IDLCPDWXGD
1729677758327130711,1729677758326606423,Sepatu Gazelle Low White Blue,275777.39999999997,Toko Sepatu Bandung,IDLCPDWXGD
1730651001345705559,1730651021212354135,Sepatu Tribune Navy Gum,414163.35,Toko Sepatu Bandung,IDLCPDWXGD
1730651001345508951,1730651021212354135,Sepatu Tribune Navy Gum,414162.5,Toko Sepatu Bandung,IDLCPDWXGD
1729677758327065175,1729677758326606423,Sepatu Gazelle Low White Blue,282503.45,Toko Sepatu Bandung,IDLCPDWXGD
1730868728727766615,1730868777127282263,Sepatu Tribune White Green,427187.05,Toko Sepatu Bandung,IDLCPDWXGD
1731927306071934551,1731927283872138839,Sepatu Tribune Shadow,404301.64999999997,Toko Sepatu Bandung,IDLCPDWXGD
1731622713472747095,1731622766964541015,Sepatu Tribune Away Ocean,428117.8,Toko Sepatu Bandung,IDLCPDWXGD
1730868728728028759,1730868777127282263,Sepatu Tribune White Green,428117.8,Toko Sepatu Bandung,IDLCPDWXGD
1729677759600167511,1729677759599905367,Sepatu Gazelle Low Cream,273713.6,Toko Sepatu Bandung,IDLCPDWXGD
1729677755464387159,1729677755464059479,Sepatu Gazelle Low Black White,273713.6,Toko Sepatu Bandung,IDLCPDWXGD
1729677747184503383,1729677747184175703,Sepatu Retrograde Low White Blue,361015.39999999997,Toko Sepatu Bandung,IDLCPDWXGD
1730706106318751319,1730706116728161879,Sepatu Tribune Home Black,525300.0,Toko Sepatu Bandung,IDLCPDWXGD
1731079464715257219,1729768344261264771,Sepatu Tribune Black Gum / White Blue / Navy Gum / Home Black / Away Maroon,442221.0,Toko Sepatu Bandung,IDLCT8WHEM
1730174743204038231,1730174756446373463,Sepatu Tribune Black Gum,461864.5,Toko Sepatu Bandung,IDLCPDWXGD
1730174743203972695,1730174756446373463,Sepatu Tribune Black Gum,457470.0,Toko Sepatu Bandung,IDLCPDWXGD
1733708467829114428,1733708455989970492,Pelindung Lutut Alpinestars Bionic Plus Knee Protector,531760.0,Store_21,IDLCLB7LWEG
1729562551000008067,1729562534016288131,[ORIGINAL] Kanky Story Kitadake Green / Navy / Charcoal / All Black / Black Forest - Sport Style,208067.25,Toko Sepatu Bandung,IDLCT8WHEM
1730121322704242051,1729583996951366019,Sepatu Gazelle Low Black White / Cream / White Blue / White red / Black Gum,301565.55,Toko Sepatu Bandung,IDLCT8WHEM
1731418673452582275,1730005626441402755,Giordano Polo 3D Lion / Napoleon Shirt ORIGINAL Men Pria Kerah Baju Kaos Katun,145811.55,Toko Sepatu Bandung,IDLCT8WHEM
1731418673451337091,1730005626441402755,Giordano Polo 3D Lion / Napoleon Shirt ORIGINAL Men Pria Kerah Baju Kaos Katun,145812.4,Toko Sepatu Bandung,IDLCT8WHEM
1731418659331933571,1730005626441402755,Giordano Polo 3D Lion / Napoleon Shirt ORIGINAL Men Pria Kerah Baju Kaos Katun,145811.55,Toko Sepatu Bandung,IDLCT8WHEM
1731418659331605891,1730005626441402755,Giordano Polo 3D Lion / Napoleon Shirt ORIGINAL Men Pria Kerah Baju Kaos Katun,145601.6,Toko Sepatu Bandung,IDLCT8WHEM
1731298756261152131,1731298756864148867,Sepatu Gazelle Popsicle Yellow / Blue / Green / Red,207082.1,Toko Sepatu Bandung,IDLCT8WHEM
1730136911406073219,1729587967065426307,Sepatu Retrograde Low Black White / Cream / Whiteblue / Triple Black,381922.0,Toko Sepatu Bandung,IDLCT8WHEM
1729725175196125783,1729725175195863639,Sepatu Velocity Black,505191.55,Toko Sepatu Bandung,IDLCPDWXGD
1729677759600298583,1729677759599905367,Sepatu Gazelle Low Cream,258262.3,Toko Sepatu Bandung,IDLCPDWXGD
1729677734993234519,1729677734992710231,Sepatu Gazelle Hi Black White,277257.25,Toko Sepatu Bandung,IDLCPDWXGD
1731308725957920131,1729768344261264771,Sepatu Tribune Black Gum / White Blue / Navy Gum / Home Black / Away Maroon,498950.0,Toko Sepatu Bandung,IDLCT8WHEM
1730174772502955607,1730174800969827927,Sepatu Tribune White Blue,441974.5,Toko Sepatu Bandung,IDLCPDWXGD
1731308689765270915,1729768344261264771,Sepatu Tribune Black Gum / White Blue / Navy Gum / Home Black / Away Maroon,499800.0,Toko Sepatu Bandung,IDLCT8WHEM
1731308689765467523,1729768344261264771,Sepatu Tribune Black Gum / White Blue / Navy Gum / Home Black / Away Maroon,488750.0,Toko Sepatu Bandung,IDLCT8WHEM
1731308725958182275,1729768344261264771,Sepatu Tribune Black Gum / White Blue / Navy Gum / Home Black / Away Maroon,499800.0,Toko Sepatu Bandung,IDLCT8WHEM
1731079464716043651,1729768344261264771,Sepatu Tribune Black Gum / White Blue / Navy Gum / Home Black / Away Maroon,406640.0,Toko Sepatu Bandung,IDLCT8WHEM
1731308689765270915,1729768344261264771,Sepatu Tribune Black Gum / White Blue / Navy Gum / Home Black / Away Maroon,433840.0,Toko Sepatu Bandung,IDLCT8WHEM
1731308689765205379,1729768344261264771,Sepatu Tribune Black Gum / White Blue / Navy Gum / Home Black / Away Maroon,433160.0,Toko Sepatu Bandung,IDLCT8WHEM
1730706106318751319,1730706116728161879,Sepatu Tribune Home Black,515950.0,Toko Sepatu Bandung,IDLCPDWXGD
1730868728727701079,1730868777127282263,Sepatu Tribune White Green,482800.0,Toko Sepatu Bandung,IDLCPDWXGD
1729561361793189463,1729561362209539671,Sepatu Retrograde Low Triple Black,405296.14999999997,Toko Sepatu Bandung,IDLCPDWXGD
1729677743140866647,1729677743140473431,Sepatu Retrograde Low Black White,408000.0,Toko Sepatu Bandung,IDLCPDWXGD
1734439115162158679,1734439121792435799,Sepatu Tribune Nylon Blue,499800.0,Toko Sepatu Bandung,IDLCPDWXGD
1731298803850708355,1731298756864148867,Sepatu Gazelle Popsicle Yellow / Blue / Green / Red,215327.1,Toko Sepatu Bandung,IDLCT8WHEM
1729562551000008067,1729562534016288131,[ORIGINAL] Kanky Story Kitadake Green / Navy / Charcoal / All Black / Black Forest - Sport Style,214431.19999999998,Toko Sepatu Bandung,IDLCT8WHEM
1729561361792927319,1729561362209539671,Sepatu Retrograde Low Triple Black,414800.0,Toko Sepatu Bandung,IDLCPDWXGD
1729677736927070807,1729677736926480983,Sepatu Retrograde Hi Decon Black White,410380.0,Toko Sepatu Bandung,IDLCPDWXGD
1731622765730170455,1731622711600252503,Sepatu Tribune Home Olive,525249.0,Toko Sepatu Bandung,IDLCPDWXGD
1731229878964749699,1729562534016288131,[ORIGINAL] Kanky Story Kitadake Green / Navy / Charcoal / All Black / Black Forest - Sport Style,231999.85,Toko Sepatu Bandung,IDLCT8WHEM
1729562551000008067,1729562534016288131,[ORIGINAL] Kanky Story Kitadake Green / Navy / Charcoal / All Black / Black Forest - Sport Style,213571.0,Toko Sepatu Bandung,IDLCT8WHEM
1731996015553709443,1731995980503090563,Sepatu Tribune Shadow,536877.0,Toko Sepatu Bandung,IDLCT8WHEM
1729677758275947095,1729677758275553879,Sepatu Gazelle Low Black Gum,287062.0,Toko Sepatu Bandung,IDLCPDWXGD
1729562551000663427,1729562534016288131,[ORIGINAL] Kanky Story Kitadake Green / Navy / Charcoal / All Black / Black Forest - Sport Style,236628.1,Toko Sepatu Bandung,IDLCT8WHEM
1729562551000663427,1729562534016288131,[ORIGINAL] Kanky Story Kitadake Green / Navy / Charcoal / All Black / Black Forest - Sport Style,229528.9,Toko Sepatu Bandung,IDLCT8WHEM
1730121322703390083,1729583996951366019,Sepatu Gazelle Low Black White / Cream / White Blue / White red / Black Gum,304300.0,Toko Sepatu Bandung,IDLCT8WHEM
1731418659332261251,1730005626441402755,Giordano Polo 3D Lion / Napoleon Shirt ORIGINAL Men Pria Kerah Baju Kaos Katun,140315.44999999998,Toko Sepatu Bandung,IDLCT8WHEM
1730706088343078487,1730706121172026967,Sepatu Tribune Away Maroon,488512.0,Toko Sepatu Bandung,IDLCPDWXGD
1731622765730170455,1731622711600252503,Sepatu Tribune Home Olive,499800.0,Toko Sepatu Bandung,IDLCPDWXGD
1731927306072262231,1731927283872138839,Sepatu Tribune Shadow,394440.8,Toko Sepatu Bandung,IDLCPDWXGD
1731927306071737943,1731927283872138839,Sepatu Tribune Shadow,394440.8,Toko Sepatu Bandung,IDLCPDWXGD
1730174772503086679,1730174800969827927,Sepatu Tribune White Blue,394440.8,Toko Sepatu Bandung,IDLCPDWXGD
1729677742104873559,1729677742104545879,Sepatu Retrograde Low Cream,354864.8,Toko Sepatu Bandung,IDLCPDWXGD
1730706088343078487,1730706121172026967,Sepatu Tribune Away Maroon,432573.5,Toko Sepatu Bandung,IDLCPDWXGD
1730651001345771095,1730651021212354135,Sepatu Tribune Navy Gum,405453.39999999997,Toko Sepatu Bandung,IDLCPDWXGD
1730651001345705559,1730651021212354135,Sepatu Tribune Navy Gum,405452.55,Toko Sepatu Bandung,IDLCPDWXGD
1730174743203907159,1730174756446373463,Sepatu Tribune Black Gum,405452.55,Toko Sepatu Bandung,IDLCPDWXGD
1731079464714798467,1729768344261264771,Sepatu Tribune Black Gum / White Blue / Navy Gum / Home Black / Away Maroon,399840.0,Toko Sepatu Bandung,IDLCT8WHEM
1731079464714798467,1729768344261264771,Sepatu Tribune Black Gum / White Blue / Navy Gum / Home Black / Away Maroon,406261.75,Toko Sepatu Bandung,IDLCT8WHEM
1733832644722460109,1733832463907390925,Cartiera Loco Shirt Scuba 280 GSM Boxy Shirt Pria Kaos Polos Lengan Pendek Cowok,50575.0,Store_4,IDLCTKL22Q
1730706088342750807,1730706121172026967,Sepatu Tribune Away Maroon,431212.64999999997,Toko Sepatu Bandung,IDLCPDWXGD
1730174772819887703,1730174848005801559,Sepatu Tribune Red Gum,404177.55,Toko Sepatu Bandung,IDLCPDWXGD
1729677746703469143,1729677747184175703,Sepatu Retrograde Low White Blue,363624.89999999997,Toko Sepatu Bandung,IDLCPDWXGD
1729677746703403607,1729677747184175703,Sepatu Retrograde Low White Blue,363624.89999999997,Toko Sepatu Bandung,IDLCPDWXGD
1731622713472878167,1731622766964541015,Sepatu Tribune Away Ocean,433840.0,Toko Sepatu Bandung,IDLCPDWXGD
1729677759600167511,1729677759599905367,Sepatu Gazelle Low Cream,277372.0,Toko Sepatu Bandung,IDLCPDWXGD
1731308725957985667,1729768344261264771,Sepatu Tribune Black Gum / White Blue / Navy Gum / Home Black / Away Maroon,423444.5,Toko Sepatu Bandung,IDLCT8WHEM
1729562551000794499,1729562534016288131,[ORIGINAL] Kanky Story Kitadake Green / Navy / Charcoal / All Black / Black Forest - Sport Style,227252.6,Toko Sepatu Bandung,IDLCT8WHEM
1731308725957920131,1729768344261264771,Sepatu Tribune Black Gum / White Blue / Navy Gum / Home Black / Away Maroon,425790.5,Toko Sepatu Bandung,IDLCT8WHEM
1731308689765205379,1729768344261264771,Sepatu Tribune Black Gum / White Blue / Navy Gum / Home Black / Away Maroon,424490.0,Toko Sepatu Bandung,IDLCT8WHEM
1731304172234507651,1731304184835245443,Sepatu Tribune Away Maroon,427796.5,Toko Sepatu Bandung,IDLCT8WHEM
1731079464714864003,1729768344261264771,Sepatu Tribune Black Gum / White Blue / Navy Gum / Home Black / Away Maroon,402560.0,Toko Sepatu Bandung,IDLCT8WHEM
1731298803850773891,1731298756864148867,Sepatu Gazelle Popsicle Yellow / Blue / Green / Red,214353.0,Toko Sepatu Bandung,IDLCT8WHEM
1730136900376626563,1729587967065426307,Sepatu Retrograde Low Black White / Cream / Whiteblue / Triple Black,356464.5,Toko Sepatu Bandung,IDLCT8WHEM
1731622765730367063,1731622711600252503,Sepatu Tribune Home Olive,443818.14999999997,Toko Sepatu Bandung,IDLCPDWXGD
1731418659331802499,1730005626441402755,Giordano Polo 3D Lion / Napoleon Shirt ORIGINAL Men Pria Kerah Baju Kaos Katun,130526.0,Toko Sepatu Bandung,IDLCT8WHEM
1731622713473074775,1731622766964541015,Sepatu Tribune Away Ocean,418421.0,Toko Sepatu Bandung,IDLCPDWXGD
1729677758275816023,1729677758275553879,Sepatu Gazelle Low Black Gum,295715.0,Toko Sepatu Bandung,IDLCPDWXGD
1731308725958051203,1729768344261264771,Sepatu Tribune Black Gum / White Blue / Navy Gum / Home Black / Away Maroon,422764.5,Toko Sepatu Bandung,IDLCT8WHEM
1729677755464452695,1729677755464059479,Sepatu Gazelle Low Black White,279877.8,Toko Sepatu Bandung,IDLCPDWXGD
1731996015553906051,1731995980503090563,Sepatu Tribune Shadow,472452.1,Toko Sepatu Bandung,IDLCT8WHEM
1731079464715519363,1729768344261264771,Sepatu Tribune Black Gum / White Blue / Navy Gum / Home Black / Away Maroon,438600.0,Toko Sepatu Bandung,IDLCT8WHEM
1729628808088421975,1729628808088028759,Sepatu Gazelle Hi Cream,329689.5,Toko Sepatu Bandung,IDLCPDWXGD
1730706088342881879,1730706121172026967,Sepatu Tribune Away Maroon,488070.0,Toko Sepatu Bandung,IDLCPDWXGD
1731622713472747095,1731622766964541015,Sepatu Tribune Away Ocean,472430.0,Toko Sepatu Bandung,IDLCPDWXGD
1731927306071934551,1731927283872138839,Sepatu Tribune Shadow,491300.0,Toko Sepatu Bandung,IDLCPDWXGD
1734439081841165911,1734439093365802583,Sepatu Tribune Nylon Modular,503013.0,Toko Sepatu Bandung,IDLCPDWXGD
1731079464714667395,1729768344261264771,Sepatu Tribune Black Gum / White Blue / Navy Gum / Home Black / Away Maroon,465800.0,Toko Sepatu Bandung,IDLCT8WHEM
1732026520650744914,1732026452177683538,HOODIE BOXY DOUBLE ZIPPER VINTAGECLUB | ZIPPER HOODIE BOXY,71508.8,Store_18,IDLCQDWLBW
1730706107471988311,1730706116728161879,Sepatu Tribune Home Black,499693.75,Toko Sepatu Bandung,IDLCPDWXGD
1730651001345771095,1730651021212354135,Sepatu Tribune Navy Gum,456263.0,Toko Sepatu Bandung,IDLCPDWXGD
1730706088342881879,1730706121172026967,Sepatu Tribune Away Maroon,473450.0,Toko Sepatu Bandung,IDLCPDWXGD
1731079464716109187,1729768344261264771,Sepatu Tribune Black Gum / White Blue / Navy Gum / Home Black / Away Maroon,416806.0,Toko Sepatu Bandung,IDLCT8WHEM
1730121322704897411,1729583996951366019,Sepatu Gazelle Low Black White / Cream / White Blue / White red / Black Gum,275844.55,Toko Sepatu Bandung,IDLCT8WHEM
1731401465609487959,1731401464730912343,Sepatu Retrograde Camp Low Camel,395896.0,Toko Sepatu Bandung,IDLCPDWXGD
1729677742105004631,1729677742104545879,Sepatu Retrograde Low Cream,374986.0,Toko Sepatu Bandung,IDLCPDWXGD
1730651001345443415,1730651021212354135,Sepatu Tribune Navy Gum,406759.0,Toko Sepatu Bandung,IDLCPDWXGD
1731308689765336451,1729768344261264771,Sepatu Tribune Black Gum / White Blue / Navy Gum / Home Black / Away Maroon,443989.0,Toko Sepatu Bandung,IDLCT8WHEM
1730121730618000771,1729583996951366019,Sepatu Gazelle Low Black White / Cream / White Blue / White red / Black Gum,284376.0,Toko Sepatu Bandung,IDLCT8WHEM
1730174772503348823,1730174800969827927,Sepatu Tribune White Blue,416806.0,Toko Sepatu Bandung,IDLCPDWXGD
1730121322704831875,1729583996951366019,Sepatu Gazelle Low Black White / Cream / White Blue / White red / Black Gum,284376.0,Toko Sepatu Bandung,IDLCT8WHEM
1734439101179594327,1734439043897263703,Sepatu Tribune Nylon Black,411062.55,Toko Sepatu Bandung,IDLCPDWXGD
1729677734993103447,1729677734992710231,Sepatu Gazelle Hi Black White,305216.3,Toko Sepatu Bandung,IDLCPDWXGD
1729677746703403607,1729677747184175703,Sepatu Retrograde Low White Blue,374986.0,Toko Sepatu Bandung,IDLCPDWXGD
1731016355289269416,1731016368585475240,Paket Pembersih Sepatu Suede & Nubuck / Suede Brush + Suede Eraser Bonus Tali Sepatu,14960.0,Store_0,IDLCEHLLQ6
1731927306072065623,1731927283872138839,Sepatu Tribune Shadow,370685.0,Toko Sepatu Bandung,IDLCPDWXGD
1730174772503152215,1730174800969827927,Sepatu Tribune White Blue,407456.0,Toko Sepatu Bandung,IDLCPDWXGD
1731079477655340419,1729768344261264771,Sepatu Tribune Black Gum / White Blue / Navy Gum / Home Black / Away Maroon,405059.0,Toko Sepatu Bandung,IDLCT8WHEM
1729677736926874199,1729677736926480983,Sepatu Retrograde Hi Decon Black White,384846.0,Toko Sepatu Bandung,IDLCPDWXGD
1731401493348255319,1731401492200326743,Sepatu Retrograde Camp Hi Olive,404889.0,Toko Sepatu Bandung,IDLCPDWXGD
1731622713473009239,1731622766964541015,Sepatu Tribune Away Ocean,403471.2,Toko Sepatu Bandung,IDLCPDWXGD
1729677755464321623,1729677755464059479,Sepatu Gazelle Low Black White,277372.0,Toko Sepatu Bandung,IDLCPDWXGD
1729677746703534679,1729677747184175703,Sepatu Retrograde Low White Blue,365840.0,Toko Sepatu Bandung,IDLCPDWXGD
1730136911404696963,1729587967065426307,Sepatu Retrograde Low Black White / Cream / Whiteblue / Triple Black,414634.25,Toko Sepatu Bandung,IDLCT8WHEM
1734328393602991542,1734328394106439094,Neutral Fitted Tee Tshirt Waffle Coolbrezee,109650.0,Store_22,IDLCYXELWFV
1734328392173454774,1734328280245503414,Neutral Henley Long Sleeve Boxy Tshirt Waffle Coolbrezee,135150.0,Store_22,IDLCYXELWFV
1729677743140932183,1729677743140473431,Sepatu Retrograde Low Black White,365840.0,Toko Sepatu Bandung,IDLCPDWXGD
1729677742105070167,1729677742104545879,Sepatu Retrograde Low Cream,365840.0,Toko Sepatu Bandung,IDLCPDWXGD
1729561361793189463,1729561362209539671,Sepatu Retrograde Low Triple Black,365840.0,Toko Sepatu Bandung,IDLCPDWXGD
1729677755464714839,1729677755464059479,Sepatu Gazelle Low Black White,277372.0,Toko Sepatu Bandung,IDLCPDWXGD
1729677742104742487,1729677742104545879,Sepatu Retrograde Low Cream,365840.0,Toko Sepatu Bandung,IDLCPDWXGD
1730174772503152215,1730174800969827927,Sepatu Tribune White Blue,406640.0,Toko Sepatu Bandung,IDLCPDWXGD
1729677758327196247,1729677758326606423,Sepatu Gazelle Low White Blue,277372.0,Toko Sepatu Bandung,IDLCPDWXGD
1729677758327065175,1729677758326606423,Sepatu Gazelle Low White Blue,277372.0,Toko Sepatu Bandung,IDLCPDWXGD
1729677758326999639,1729677758326606423,Sepatu Gazelle Low White Blue,277372.0,Toko Sepatu Bandung,IDLCPDWXGD
1730706088342947415,1730706121172026967,Sepatu Tribune Away Maroon,493504.89999999997,Toko Sepatu Bandung,IDLCPDWXGD
1730706088343144023,1730706121172026967,Sepatu Tribune Away Maroon,433840.0,Toko Sepatu Bandung,IDLCPDWXGD
1730706088343078487,1730706121172026967,Sepatu Tribune Away Maroon,433840.0,Toko Sepatu Bandung,IDLCPDWXGD
1729677758326934103,1729677758326606423,Sepatu Gazelle Low White Blue,277372.0,Toko Sepatu Bandung,IDLCPDWXGD
1730706088342947415,1730706121172026967,Sepatu Tribune Away Maroon,498916.0,Toko Sepatu Bandung,IDLCPDWXGD
1729677759600036439,1729677759599905367,Sepatu Gazelle Low Cream,277372.0,Toko Sepatu Bandung,IDLCPDWXGD
1730706088342816343,1730706121172026967,Sepatu Tribune Away Maroon,433840.0,Toko Sepatu Bandung,IDLCPDWXGD
1729677746703469143,1729677747184175703,Sepatu Retrograde Low White Blue,365840.0,Toko Sepatu Bandung,IDLCPDWXGD
1730706088343012951,1730706121172026967,Sepatu Tribune Away Maroon,424490.0,Toko Sepatu Bandung,IDLCPDWXGD
1734439101179856471,1734439043897263703,Sepatu Tribune Nylon Black,474300.0,Toko Sepatu Bandung,IDLCPDWXGD
1729677740302699095,1729677742968441431,Sepatu Gazelle Hi Black Gum,298137.5,Toko Sepatu Bandung,IDLCPDWXGD
1734450177787594115,1734450056488912259,(ORIGINAL) Gamis CALLE V3 Brand New In Pack,1683000.0,Toko Sepatu Bandung,IDLCT8WHEM
1731996015553512835,1731995980503090563,Sepatu Tribune Shadow,519877.0,Toko Sepatu Bandung,IDLCT8WHEM
1730706106318685783,1730706116728161879,Sepatu Tribune Home Black,525300.0,Toko Sepatu Bandung,IDLCPDWXGD
1730174743203907159,1730174756446373463,Sepatu Tribune Black Gum,448800.0,Toko Sepatu Bandung,IDLCPDWXGD
1731996015553709443,1731995980503090563,Sepatu Tribune Shadow,456345.45,Toko Sepatu Bandung,IDLCT8WHEM
1730174772503283287,1730174800969827927,Sepatu Tribune White Blue,404260.0,Toko Sepatu Bandung,IDLCPDWXGD
1730174772503152215,1730174800969827927,Sepatu Tribune White Blue,404260.0,Toko Sepatu Bandung,IDLCPDWXGD
1730174772503086679,1730174800969827927,Sepatu Tribune White Blue,404260.0,Toko Sepatu Bandung,IDLCPDWXGD
1730174772502890071,1730174800969827927,Sepatu Tribune White Blue,404260.0,Toko Sepatu Bandung,IDLCPDWXGD
1731622765729973847,1731622711600252503,Sepatu Tribune Home Olive,433840.0,Toko Sepatu Bandung,IDLCPDWXGD
1729677758276209239,1729677758275553879,Sepatu Gazelle Low Black Gum,277372.0,Toko Sepatu Bandung,IDLCPDWXGD
1730706107472053847,1730706116728161879,Sepatu Tribune Home Black,433840.0,Toko Sepatu Bandung,IDLCPDWXGD
1730174743203841623,1730174756446373463,Sepatu Tribune Black Gum,406640.0,Toko Sepatu Bandung,IDLCPDWXGD
1730174743203776087,1730174756446373463,Sepatu Tribune Black Gum,406640.0,Toko Sepatu Bandung,IDLCPDWXGD
1731401465609487959,1731401464730912343,Sepatu Retrograde Camp Low Camel,423300.0,Toko Sepatu Bandung,IDLCPDWXGD
1730174743204038231,1730174756446373463,Sepatu Tribune Black Gum,491300.0,Toko Sepatu Bandung,IDLCPDWXGD
1730706088342881879,1730706121172026967,Sepatu Tribune Away Maroon,525300.0,Toko Sepatu Bandung,IDLCPDWXGD
1730174772503086679,1730174800969827927,Sepatu Tribune White Blue,448800.0,Toko Sepatu Bandung,IDLCPDWXGD
1730706088343012951,1730706121172026967,Sepatu Tribune Away Maroon,477224.0,Toko Sepatu Bandung,IDLCPDWXGD
1730174743204038231,1730174756446373463,Sepatu Tribune Black Gum,465800.0,Toko Sepatu Bandung,IDLCPDWXGD
1730651001345771095,1730651021212354135,Sepatu Tribune Navy Gum,448676.75,Toko Sepatu Bandung,IDLCPDWXGD
1730706088342750807,1730706121172026967,Sepatu Tribune Away Maroon,420824.8,Toko Sepatu Bandung,IDLCPDWXGD
1730174772503086679,1730174800969827927,Sepatu Tribune White Blue,406640.0,Toko Sepatu Bandung,IDLCPDWXGD
1730174772502890071,1730174800969827927,Sepatu Tribune White Blue,406640.0,Toko Sepatu Bandung,IDLCPDWXGD
1730706088342750807,1730706121172026967,Sepatu Tribune Away Maroon,439263.0,Toko Sepatu Bandung,IDLCPDWXGD
1730706088342685271,1730706121172026967,Sepatu Tribune Away Maroon,439263.0,Toko Sepatu Bandung,IDLCPDWXGD
1730651001345640023,1730651021212354135,Sepatu Tribune Navy Gum,411723.0,Toko Sepatu Bandung,IDLCPDWXGD
1730651001345640023,1730651021212354135,Sepatu Tribune Navy Gum,406640.0,Toko Sepatu Bandung,IDLCPDWXGD
1730651001345443415,1730651021212354135,Sepatu Tribune Navy Gum,406640.0,Toko Sepatu Bandung,IDLCPDWXGD
1730650983638926935,1730651021212354135,Sepatu Tribune Navy Gum,406640.0,Toko Sepatu Bandung,IDLCPDWXGD
1729677740302764631,1729677742968441431,Sepatu Gazelle Hi Black Gum,297840.0,Toko Sepatu Bandung,IDLCPDWXGD
1731308725958051203,1729768344261264771,Sepatu Tribune Black Gum / White Blue / Navy Gum / Home Black / Away Maroon,498916.0,Toko Sepatu Bandung,IDLCT8WHEM
1729725175196453463,1729725175195863639,Sepatu Velocity Black,542572.0,Toko Sepatu Bandung,IDLCPDWXGD
1734450177787528579,1734450056488912259,(ORIGINAL) Gamis CALLE V3 Brand New In Pack,1700000.0,Toko Sepatu Bandung,IDLCT8WHEM
1729677759600429655,1729677759599905367,Sepatu Gazelle Low Cream,319498.0,Toko Sepatu Bandung,IDLCPDWXGD
1731927306072065623,1731927283872138839,Sepatu Tribune Shadow,440543.1,Toko Sepatu Bandung,IDLCPDWXGD
1730174743203907159,1730174756446373463,Sepatu Tribune Black Gum,465800.0,Toko Sepatu Bandung,IDLCPDWXGD
1730868728727570007,1730868777127282263,Sepatu Tribune White Green,499800.0,Toko Sepatu Bandung,IDLCPDWXGD
1730174772503152215,1730174800969827927,Sepatu Tribune White Blue,452387.0,Toko Sepatu Bandung,IDLCPDWXGD
1734439081841034839,1734439093365802583,Sepatu Tribune Nylon Modular,470514.1,Toko Sepatu Bandung,IDLCPDWXGD
1731927306072000087,1731927283872138839,Sepatu Tribune Shadow,457167.39999999997,Toko Sepatu Bandung,IDLCPDWXGD
1731927306072000087,1731927283872138839,Sepatu Tribune Shadow,464810.6,Toko Sepatu Bandung,IDLCPDWXGD
1730121322704831875,1729583996951366019,Sepatu Gazelle Low Black White / Cream / White Blue / White red / Black Gum,280182.1,Toko Sepatu Bandung,IDLCT8WHEM
1730706088342881879,1730706121172026967,Sepatu Tribune Away Maroon,444567.0,Toko Sepatu Bandung,IDLCPDWXGD
1730121322703324547,1729583996951366019,Sepatu Gazelle Low Black White / Cream / White Blue / White red / Black Gum,284376.0,Toko Sepatu Bandung,IDLCT8WHEM
1734439101179790935,1734439043897263703,Sepatu Tribune Nylon Black,393720.0,Toko Sepatu Bandung,IDLCPDWXGD
1731996015553512835,1731995980503090563,Sepatu Tribune Shadow,440238.8,Toko Sepatu Bandung,IDLCT8WHEM
1731401465609422423,1731401464730912343,Sepatu Retrograde Camp Low Camel,384018.95,Toko Sepatu Bandung,IDLCPDWXGD
1731639374272628099,1731639377393583491,Sepatu Tribune Home Olive / Away Ocean,482800.0,Toko Sepatu Bandung,IDLCT8WHEM
1729677758326999639,1729677758326606423,Sepatu Gazelle Low White Blue,267442.3,Toko Sepatu Bandung,IDLCPDWXGD
1734439081841034839,1734439093365802583,Sepatu Tribune Nylon Modular,422968.5,Toko Sepatu Bandung,IDLCPDWXGD
1731401493348320855,1731401492200326743,Sepatu Retrograde Camp Hi Olive,335570.64999999997,Toko Sepatu Bandung,IDLCPDWXGD
1731079464714667395,1729768344261264771,Sepatu Tribune Black Gum / White Blue / Navy Gum / Home Black / Away Maroon,410006.0,Toko Sepatu Bandung,IDLCT8WHEM
1731927306072131159,1731927283872138839,Sepatu Tribune Shadow,410468.39999999997,Toko Sepatu Bandung,IDLCPDWXGD
1729561361792992855,1729561362209539671,Sepatu Retrograde Low Triple Black,374986.0,Toko Sepatu Bandung,IDLCPDWXGD
1734439101179725399,1734439043897263703,Sepatu Tribune Nylon Black,423776.0,Toko Sepatu Bandung,IDLCPDWXGD
1734439101179397719,1734439043897263703,Sepatu Tribune Nylon Black,423776.0,Toko Sepatu Bandung,IDLCPDWXGD
1730121322704307587,1729583996951366019,Sepatu Gazelle Low Black White / Cream / White Blue / White red / Black Gum,284376.0,Toko Sepatu Bandung,IDLCT8WHEM
1731985653340407383,1730706116728161879,Sepatu Tribune Home Black,431345.25,Toko Sepatu Bandung,IDLCPDWXGD
1734439081841034839,1734439093365802583,Sepatu Tribune Nylon Modular,412709.0,Toko Sepatu Bandung,IDLCPDWXGD
1731927306071869015,1731927283872138839,Sepatu Tribune Shadow,416780.5,Toko Sepatu Bandung,IDLCPDWXGD
1731079464715978115,1729768344261264771,Sepatu Tribune Black Gum / White Blue / Navy Gum / Home Black / Away Maroon,416109.0,Toko Sepatu Bandung,IDLCT8WHEM
1731308725957920131,1729768344261264771,Sepatu Tribune Black Gum / White Blue / Navy Gum / Home Black / Away Maroon,443989.0,Toko Sepatu Bandung,IDLCT8WHEM
1731079464714601859,1729768344261264771,Sepatu Tribune Black Gum / White Blue / Navy Gum / Home Black / Away Maroon,416806.0,Toko Sepatu Bandung,IDLCT8WHEM
1730706088342881879,1730706121172026967,Sepatu Tribune Away Maroon,444660.5,Toko Sepatu Bandung,IDLCPDWXGD
1730706088342816343,1730706121172026967,Sepatu Tribune Away Maroon,429821.2,Toko Sepatu Bandung,IDLCPDWXGD
1733814149077042775,1731927283872138839,Sepatu Tribune Shadow,416806.0,Toko Sepatu Bandung,IDLCPDWXGD
1733814149077042775,1731927283872138839,Sepatu Tribune Shadow,406640.0,Toko Sepatu Bandung,IDLCPDWXGD
1730174743204038231,1730174756446373463,Sepatu Tribune Black Gum,404301.64999999997,Toko Sepatu Bandung,IDLCPDWXGD
1729677759600298583,1729677759599905367,Sepatu Gazelle Low Cream,281537.0,Toko Sepatu Bandung,IDLCPDWXGD
1733552718078969431,1733552689539090007,Sepatu Gazelle Kids Low Black White,304300.0,Toko Sepatu Bandung,IDLCPDWXGD
1730121730618066307,1729583996951366019,Sepatu Gazelle Low Black White / Cream / White Blue / White red / Black Gum,284376.0,Toko Sepatu Bandung,IDLCT8WHEM
1731079464715322755,1729768344261264771,Sepatu Tribune Black Gum / White Blue / Navy Gum / Home Black / Away Maroon,409776.5,Toko Sepatu Bandung,IDLCT8WHEM
1731079464715126147,1729768344261264771,Sepatu Tribune Black Gum / White Blue / Navy Gum / Home Black / Away Maroon,409776.5,Toko Sepatu Bandung,IDLCT8WHEM
1731985620630734423,1730706121172026967,Sepatu Tribune Away Maroon,435336.0,Toko Sepatu Bandung,IDLCPDWXGD
1730868728727766615,1730868777127282263,Sepatu Tribune White Green,498916.0,Toko Sepatu Bandung,IDLCPDWXGD
1734450177787594115,1734450056488912259,(ORIGINAL) Gamis CALLE V3 Brand New In Pack,1785000.0,Toko Sepatu Bandung,IDLCT8WHEM
1730121322703652227,1729583996951366019,Sepatu Gazelle Low Black White / Cream / White Blue / White red / Black Gum,277440.0,Toko Sepatu Bandung,IDLCT8WHEM
1731927306072065623,1731927283872138839,Sepatu Tribune Shadow,395590.0,Toko Sepatu Bandung,IDLCPDWXGD
1731079464715257219,1729768344261264771,Sepatu Tribune Black Gum / White Blue / Navy Gum / Home Black / Away Maroon,416738.0,Toko Sepatu Bandung,IDLCT8WHEM
1730793833131443799,1730793845432550999,Sepatu Jersey LS Home Black,305286.0,Toko Sepatu Bandung,IDLCPDWXGD
1731308725958247811,1729768344261264771,Sepatu Tribune Black Gum / White Blue / Navy Gum / Home Black / Away Maroon,430346.5,Toko Sepatu Bandung,IDLCT8WHEM
1730706088343012951,1730706121172026967,Sepatu Tribune Away Maroon,459779.45,Toko Sepatu Bandung,IDLCPDWXGD
1731927306072065623,1731927283872138839,Sepatu Tribune Shadow,403155.0,Toko Sepatu Bandung,IDLCPDWXGD
1731079464714667395,1729768344261264771,Sepatu Tribune Black Gum / White Blue / Navy Gum / Home Black / Away Maroon,395542.39999999997,Toko Sepatu Bandung,IDLCT8WHEM
1730174772819822167,1730174848005801559,Sepatu Tribune Red Gum,477417.8,Toko Sepatu Bandung,IDLCPDWXGD
1731622765730235991,1731622711600252503,Sepatu Tribune Home Olive,433840.0,Toko Sepatu Bandung,IDLCPDWXGD
1730706088342816343,1730706121172026967,Sepatu Tribune Away Maroon,515185.0,Toko Sepatu Bandung,IDLCPDWXGD
1731079464714601859,1729768344261264771,Sepatu Tribune Black Gum / White Blue / Navy Gum / Home Black / Away Maroon,465800.0,Toko Sepatu Bandung,IDLCT8WHEM
1730706088342685271,1730706121172026967,Sepatu Tribune Away Maroon,525300.0,Toko Sepatu Bandung,IDLCPDWXGD
1734450177787331971,1734450056488912259,(ORIGINAL) Gamis CALLE V3 Brand New In Pack,1683000.0,Toko Sepatu Bandung,IDLCT8WHEM
1731622713473074775,1731622766964541015,Sepatu Tribune Away Ocean,542300.0,Toko Sepatu Bandung,IDLCPDWXGD
1729706772144883287,1729706759929169495,Sepatu Velocity Black Gum,628532.5,Toko Sepatu Bandung,IDLCPDWXGD
1731079464715388291,1729768344261264771,Sepatu Tribune Black Gum / White Blue / Navy Gum / Home Black / Away Maroon,507450.0,Toko Sepatu Bandung,IDLCT8WHEM
1731079464715519363,1729768344261264771,Sepatu Tribune Black Gum / White Blue / Navy Gum / Home Black / Away Maroon,453249.75,Toko Sepatu Bandung,IDLCT8WHEM
1730174772819691095,1730174848005801559,Sepatu Tribune Red Gum,457486.14999999997,Toko Sepatu Bandung,IDLCPDWXGD
1730706107471988311,1730706116728161879,Sepatu Tribune Home Black,430193.5,Toko Sepatu Bandung,IDLCPDWXGD
1730706088342750807,1730706121172026967,Sepatu Tribune Away Maroon,424320.0,Toko Sepatu Bandung,IDLCPDWXGD
1730121322705028483,1729583996951366019,Sepatu Gazelle Low Black White / Cream / White Blue / White red / Black Gum,277440.0,Toko Sepatu Bandung,IDLCT8WHEM
1731308725957854595,1729768344261264771,Sepatu Tribune Black Gum / White Blue / Navy Gum / Home Black / Away Maroon,424490.0,Toko Sepatu Bandung,IDLCT8WHEM
1731308725957920131,1729768344261264771,Sepatu Tribune Black Gum / White Blue / Navy Gum / Home Black / Away Maroon,488784.0,Toko Sepatu Bandung,IDLCT8WHEM
1731927306072065623,1731927283872138839,Sepatu Tribune Shadow,460079.5,Toko Sepatu Bandung,IDLCPDWXGD
1730121322703455619,1729583996951366019,Sepatu Gazelle Low Black White / Cream / White Blue / White red / Black Gum,304300.0,Toko Sepatu Bandung,IDLCT8WHEM
1729677758276274775,1729677758275553879,Sepatu Gazelle Low Black Gum,304215.0,Toko Sepatu Bandung,IDLCPDWXGD
1731622713472616023,1731622766964541015,Sepatu Tribune Away Ocean,518426.05,Toko Sepatu Bandung,IDLCPDWXGD
1730806648019125847,1730806654709565015,Sepatu Gazelle Low Weaves Graphite,353600.0,Toko Sepatu Bandung,IDLCPDWXGD
1731016355289203880,1731016368585475240,Paket Pembersih Sepatu Suede & Nubuck / Suede Brush + Suede Eraser Bonus Tali Sepatu,8160.0,Store_0,IDLCEHLLQ6
1730706088342816343,1730706121172026967,Sepatu Tribune Away Maroon,493324.7,Toko Sepatu Bandung,IDLCPDWXGD
1729677740302961239,1729677742968441431,Sepatu Gazelle Hi Black Gum,328559.0,Toko Sepatu Bandung,IDLCPDWXGD
1734439081841034839,1734439093365802583,Sepatu Tribune Nylon Modular,492430.5,Toko Sepatu Bandung,IDLCPDWXGD
1730706107471922775,1730706116728161879,Sepatu Tribune Home Black,423470.0,Toko Sepatu Bandung,IDLCPDWXGD
1730174743203841623,1730174756446373463,Sepatu Tribune Black Gum,464100.0,Toko Sepatu Bandung,IDLCPDWXGD
1731308725957854595,1729768344261264771,Sepatu Tribune Black Gum / White Blue / Navy Gum / Home Black / Away Maroon,426470.5,Toko Sepatu Bandung,IDLCT8WHEM
1731308725957985667,1729768344261264771,Sepatu Tribune Black Gum / White Blue / Navy Gum / Home Black / Away Maroon,420824.8,Toko Sepatu Bandung,IDLCT8WHEM
1732072010571744840,1732067307942741576,MyBasic Fitted Tee Heavy Weight 200 GSM Premium,33164.45,Store_2,IDLCUQLL7K
1731927306072065623,1731927283872138839,Sepatu Tribune Shadow,442000.0,Toko Sepatu Bandung,IDLCPDWXGD
1731308725957985667,1729768344261264771,Sepatu Tribune Black Gum / White Blue / Navy Gum / Home Black / Away Maroon,498916.0,Toko Sepatu Bandung,IDLCT8WHEM
1730174743204103767,1730174756446373463,Sepatu Tribune Black Gum,508300.0,Toko Sepatu Bandung,IDLCPDWXGD
1730706107471922775,1730706116728161879,Sepatu Tribune Home Black,482215.2,Toko Sepatu Bandung,IDLCPDWXGD
1730651001345508951,1730651021212354135,Sepatu Tribune Navy Gum,482800.0,Toko Sepatu Bandung,IDLCPDWXGD
1730121730617935235,1729583996951366019,Sepatu Gazelle Low Black White / Cream / White Blue / White red / Black Gum,277440.0,Toko Sepatu Bandung,IDLCT8WHEM
1729725175196256855,1729725175195863639,Sepatu Velocity Black,542521.0,Toko Sepatu Bandung,IDLCPDWXGD
1729706772144948823,1729706759929169495,Sepatu Velocity Black Gum,634015.0,Toko Sepatu Bandung,IDLCPDWXGD
1731079464715715971,1729768344261264771,Sepatu Tribune Black Gum / White Blue / Navy Gum / Home Black / Away Maroon,405960.0,Toko Sepatu Bandung,IDLCT8WHEM
1731985653340407383,1730706116728161879,Sepatu Tribune Home Black,430139.95,Toko Sepatu Bandung,IDLCPDWXGD
1730706107472119383,1730706116728161879,Sepatu Tribune Home Black,430140.8,Toko Sepatu Bandung,IDLCPDWXGD
1730706088342750807,1730706121172026967,Sepatu Tribune Away Maroon,424456.0,Toko Sepatu Bandung,IDLCPDWXGD
1730706088343012951,1730706121172026967,Sepatu Tribune Away Maroon,414071.55,Toko Sepatu Bandung,IDLCPDWXGD
1730868728727897687,1730868777127282263,Sepatu Tribune White Green,455640.8,Toko Sepatu Bandung,IDLCPDWXGD
