order_id,sku_id,content_id,order_date,quantity_sold,quantity_refunded,currency,payment_status,gmv
10981,1730706088342881879,7622271734040874247,31/03/2026 21:09:23,1,0,IDR,Sudah dibayar,533375.0
14444,1730706107471988311,7494054609567125126,31/03/2026 18:54:45,1,0,IDR,Sudah dibayar,541025.0
76840,1730706106318554711,7494054609567125126,31/03/2026 18:42:34,1,0,IDR,Sudah dibayar,455724.95
26243,1730651001345574487,7494054609567125126,31/03/2026 18:31:02,1,0,IDR,Sudah dibayar,451129.0
14352,1729677743140866647,7494054609567125126,31/03/2026 17:55:48,1,0,IDR,Sudah dibayar,431800.0
06050,1730706088342816343,7621822281240562951,31/03/2026 17:43:43,1,0,IDR,Sudah dibayar,533375.0
82543,1730706106318751319,7621880344521936136,31/03/2026 17:32:57,1,0,IDR,Sudah dibayar,417367.0
90815,1730650983638861399,7515354673247702278,31/03/2026 17:20:32,1,0,IDR,Sudah dibayar,421600.0
07350,1730121322704897411,7623285229813467912,31/03/2026 16:48:35,1,0,IDR,Sudah dibayar,318417.64999999997
14342,1729677734993037911,7623285229813467912,31/03/2026 16:46:33,1,0,IDR,Sudah dibayar,331208.45
52999,1730121322705028483,7623285229813467912,31/03/2026 16:17:39,1,0,IDR,Sudah dibayar,298248.0
08807,1730706088343078487,7623285229813467912,31/03/2026 16:11:15,1,0,IDR,Sudah dibayar,502775.0
39785,1730706088342881879,7623285229813467912,31/03/2026 16:09:56,1,0,IDR,Sudah dibayar,505325.0
44099,1731927306072196695,7623285229813467912,31/03/2026 16:03:22,1,0,IDR,Sudah dibayar,499800.0
22848,1733552670791534167,7623285229813467912,31/03/2026 15:17:12,1,0,IDR,Sudah dibayar,224070.19999999998
29887,1730706088342947415,7623285229813467912,31/03/2026 14:38:36,1,0,IDR,Sudah dibayar,469375.1
48179,1730793833131443799,7623285229813467912,31/03/2026 14:33:22,1,0,IDR,Sudah dibayar,332435.0
83237,1733552678294423127,7623285229813467912,31/03/2026 14:21:35,1,0,IDR,Sudah dibayar,224920.19999999998
93194,1734483831936943491,7623285229813467912,31/03/2026 14:05:54,1,0,IDR,Sudah dibayar,286548.6
62024,1730651001345640023,7621044899399994130,31/03/2026 14:05:08,1,0,IDR,Sudah dibayar,510261.8
64980,1730706088342816343,7623285229813467912,31/03/2026 13:57:21,1,0,IDR,Sudah dibayar,460275.0
47571,1734483831936943491,7623285229813467912,31/03/2026 13:55:01,1,0,IDR,Sudah dibayar,196690.0
34354,1730174743203972695,7623285229813467912,31/03/2026 13:47:49,1,0,IDR,Sudah dibayar,431511.0
83981,1731927306072000087,7623285229813467912,31/03/2026 13:31:49,1,0,IDR,Sudah dibayar,457821.89999999997
33071,1730706088342816343,7623285229813467912,31/03/2026 13:28:35,1,0,IDR,Sudah dibayar,500650.0
93928,1729677755464518231,7623285229813467912,31/03/2026 13:25:54,1,0,IDR,Sudah dibayar,297567.14999999997
61417,1729677759600167511,7623285229813467912,31/03/2026 13:10:44,1,0,IDR,Sudah dibayar,306595.0
81581,1730174772819822167,7623285229813467912,31/03/2026 13:10:34,1,0,IDR,Sudah dibayar,470330.5
49773,1731927306072065623,7620097058820623624,31/03/2026 11:49:45,1,0,IDR,Sudah dibayar,501925.0
06425,1731927306071737943,7615575155061918994,31/03/2026 10:44:16,1,0,IDR,Sudah dibayar,539090.4
16201,1731927306071803479,7494054609567125126,31/03/2026 07:28:51,1,0,IDR,Sudah dibayar,534913.5
76036,1729677761805257303,7603432758953692423,31/03/2026 03:59:59,1,0,IDR,Sudah dibayar,305713.55
11004,1729677759600167511,7623085154126383879,31/03/2026 00:42:05,1,0,IDR,Sudah dibayar,296565.0
71438,1731927306072131159,7617019784030440712,30/03/2026 23:56:57,1,0,IDR,Sudah dibayar,514102.95
64720,1731016355289269416,7621519606485994258,30/03/2026 22:17:39,1,0,IDR,Sudah dibayar,15233.699999999999
74404,1729561361792992855,7622567970488765703,30/03/2026 21:32:56,1,0,IDR,Sudah dibayar,411778.25
49884,1731927306071934551,7609298936339254535,30/03/2026 21:16:29,1,0,IDR,Sudah dibayar,512125.0
67857,1730174772503152215,7494054609567125126,30/03/2026 20:59:08,1,0,IDR,Sudah dibayar,432452.8
32794,1730706088342685271,7621977909460356360,30/03/2026 20:04:29,1,0,IDR,Sudah dibayar,546125.0
38685,1731927306071869015,7609441046908423431,30/03/2026 19:48:33,1,0,IDR,Sudah dibayar,471373.45
79288,1734483831936681347,7622304852413598482,30/03/2026 19:26:43,1,0,IDR,Sudah dibayar,295978.5
49841,1730706107471988311,7609374889253883154,30/03/2026 17:14:54,1,0,IDR,Sudah dibayar,524875.0
34614,1729677746703469143,7620734833127475976,30/03/2026 15:58:11,1,0,IDR,Sudah dibayar,448375.0
44000,1730706106318620247,7605320979937545490,30/03/2026 13:39:04,1,0,IDR,Sudah dibayar,529006.0
60954,1730310850770470154,7617976796063042836,30/03/2026 12:36:25,1,0,IDR,Sudah dibayar,29708.35
41327,1733552628118357591,7609374889253883154,30/03/2026 10:01:00,1,0,IDR,Sudah dibayar,203153.4
92561,1730706106318554711,7621044899399994130,30/03/2026 09:15:35,1,0,IDR,Sudah dibayar,529977.5499999999
02268,1730310858187965706,7621044899399994130,30/03/2026 03:35:29,1,0,IDR,Sudah dibayar,30005.85
12095,1730121322704962947,7494054609567125126,30/03/2026 01:05:31,1,0,IDR,Sudah dibayar,280916.5
84381,1731927306072000087,7494054609567125126,30/03/2026 00:30:35,1,0,IDR,Sudah dibayar,475137.25
84381,1730706088343012951,7494054609567125126,30/03/2026 00:30:35,1,0,IDR,Sudah dibayar,475138.95
84381,1730651001345705559,7494054609567125126,30/03/2026 00:30:35,1,0,IDR,Sudah dibayar,445408.5
84381,1730651001345508951,7494054609567125126,30/03/2026 00:30:35,1,0,IDR,Sudah dibayar,445407.64999999997
84381,1730174743203972695,7494054609567125126,30/03/2026 00:30:35,1,0,IDR,Sudah dibayar,445407.64999999997
11941,1730706106318751319,7621880344521936136,30/03/2026 00:29:34,1,0,IDR,Sudah dibayar,481049.0
49784,1730149094126487112,7621044899399994130,30/03/2026 00:14:39,1,0,IDR,Sudah dibayar,48718.6
49784,1730149094126093896,7621044899399994130,30/03/2026 00:14:39,1,0,IDR,Sudah dibayar,48718.6
73936,1731622765730432599,7618460083239783186,29/03/2026 23:37:21,1,0,IDR,Sudah dibayar,488235.75
47918,1730706106318554711,7621708153256299272,29/03/2026 21:39:40,1,0,IDR,Sudah dibayar,461254.2
11930,1729677758327130711,7620734833127475976,29/03/2026 21:15:20,1,0,IDR,Sudah dibayar,310200.7
50707,1731927306072131159,7603317560594943250,29/03/2026 21:14:14,1,0,IDR,Sudah dibayar,502520.0
12151,1731401465609619031,7604562507654515976,29/03/2026 20:08:56,1,0,IDR,Sudah dibayar,406515.05
05474,1731016355289203880,7494054609567125126,29/03/2026 17:17:20,1,0,IDR,Sudah dibayar,8925.0
12253,1734483831936681347,7494054609567125126,29/03/2026 16:39:13,1,0,IDR,Sudah dibayar,295545.0
33555,1729768205592725079,7494054609567125126,29/03/2026 15:30:19,1,0,IDR,Sudah dibayar,419475.0
18545,1730651001345771095,7622540413768895250,29/03/2026 14:51:06,1,0,IDR,Sudah dibayar,511275.0
46310,1731927306071869015,7622490192036875016,29/03/2026 14:48:25,1,0,IDR,Sudah dibayar,479199.39999999997
50577,1730310850770601226,7621044899399994130,29/03/2026 14:39:41,2,0,IDR,Sudah dibayar,58141.7
11250,1730310850770470154,7617976796063042836,29/03/2026 13:45:37,1,0,IDR,Sudah dibayar,29708.35
08189,1730174772503152215,7622490192036875016,29/03/2026 13:28:57,1,0,IDR,Sudah dibayar,450279.0
33597,1734425038707263437,7494054609567125126,29/03/2026 12:50:42,1,0,IDR,Sudah dibayar,17059.5
33597,1734425015590225869,7494054609567125126,29/03/2026 12:50:42,1,0,IDR,Sudah dibayar,17059.5
39992,1729677758327130711,7622490192036875016,29/03/2026 11:50:17,1,0,IDR,Sudah dibayar,336626.35
59430,1730706088342816343,7622490192036875016,29/03/2026 11:39:43,1,0,IDR,Sudah dibayar,460275.0
54617,1729677755464583767,7622490192036875016,29/03/2026 11:17:42,1,0,IDR,Sudah dibayar,309696.64999999997
11695,1731927306072262231,7622490192036875016,29/03/2026 11:08:44,1,0,IDR,Sudah dibayar,466732.45
12756,1731308689765270915,7494054609567125126,29/03/2026 10:49:14,1,0,IDR,Sudah dibayar,542142.75
00705,1729677755464452695,7622490192036875016,29/03/2026 10:12:44,1,0,IDR,Sudah dibayar,284537.5
05054,1730310850770535690,7622490192036875016,29/03/2026 09:32:59,1,0,IDR,Sudah dibayar,29708.35
69865,1731927306072065623,7620097058820623624,29/03/2026 09:12:58,1,0,IDR,Sudah dibayar,529322.2
07634,1730706088342750807,7621044899399994130,29/03/2026 06:38:11,1,0,IDR,Sudah dibayar,534225.0
96454,1731622765730235991,7494054609567125126,29/03/2026 04:52:45,1,0,IDR,Sudah dibayar,539325.0
69370,1730651001345640023,7494054609567125126,29/03/2026 01:08:47,1,0,IDR,Sudah dibayar,462747.64999999997
61640,1730706107471922775,7622304852413598482,28/03/2026 23:30:25,1,0,IDR,Sudah dibayar,463930.0
29240,1731016355289269416,7622304852413598482,28/03/2026 22:02:25,1,0,IDR,Sudah dibayar,27214.45
25833,1729677758275684951,7622169020984544008,28/03/2026 21:34:55,1,0,IDR,Sudah dibayar,347565.0
93681,1729677755464518231,7622304852413598482,28/03/2026 21:30:11,1,0,IDR,Sudah dibayar,300859.2
71124,1734650508941428099,7622169020984544008,28/03/2026 20:31:16,1,0,IDR,Sudah dibayar,296208.85
83751,1729677746703534679,7621044899399994130,28/03/2026 19:54:41,1,0,IDR,Sudah dibayar,448927.5
01455,1730868728727504471,7622214061329664775,28/03/2026 19:26:13,1,0,IDR,Sudah dibayar,486472.0
30752,1729677758326868567,7621663107009891090,28/03/2026 19:04:22,1,0,IDR,Sudah dibayar,306595.0
84089,1731927306072000087,7609907208024804626,28/03/2026 18:39:51,1,0,IDR,Sudah dibayar,533322.2999999999
71891,1729677755464518231,7620016593761733384,28/03/2026 18:35:25,1,0,IDR,Sudah dibayar,321697.8
71406,1730706106318751319,7494054609567125126,28/03/2026 18:14:19,1,0,IDR,Sudah dibayar,531250.0
78825,1730651001345705559,7494054609567125126,28/03/2026 15:55:35,1,0,IDR,Sudah dibayar,511132.2
81302,1729677736926808663,7622214061329664775,28/03/2026 15:43:41,1,0,IDR,Sudah dibayar,468775.0
65837,1730706088343012951,7622214061329664775,28/03/2026 15:22:19,1,0,IDR,Sudah dibayar,470203.0
93068,1729677755464518231,7494054609567125126,28/03/2026 15:02:33,1,0,IDR,Sudah dibayar,322373.55
48852,1729561361793123927,7622169020984544008,28/03/2026 14:19:15,1,0,IDR,Sudah dibayar,444125.0
96409,1730706107471922775,7605320979937545490,28/03/2026 14:01:12,1,0,IDR,Sudah dibayar,544521.0499999999
23970,1730706088342947415,7622169020984544008,28/03/2026 13:53:38,1,0,IDR,Sudah dibayar,518500.0
42948,1734483831936943491,7622169020984544008,28/03/2026 13:28:30,1,0,IDR,Sudah dibayar,298095.0
31382,1730174743203776087,7622169020984544008,28/03/2026 13:12:47,1,0,IDR,Sudah dibayar,498950.0
16932,1729677746703469143,7610403712481217800,28/03/2026 13:06:55,1,0,IDR,Sudah dibayar,451494.5
58510,1729677734993168983,7622169020984544008,28/03/2026 13:00:20,1,0,IDR,Sudah dibayar,358870.0
57456,1730310850770470154,7617976796063042836,28/03/2026 12:26:44,1,0,IDR,Sudah dibayar,30005.85
23719,1731927306071869015,7600847303582223634,28/03/2026 12:15:23,1,0,IDR,Sudah dibayar,529754.0
94784,1730310850770470154,7617976796063042836,28/03/2026 09:41:11,1,0,IDR,Sudah dibayar,29708.35
94380,1733832644722525645,7618460083239783186,28/03/2026 09:11:54,1,0,IDR,Sudah dibayar,101954.09999999999
86301,1730174743203841623,7617019784030440712,28/03/2026 04:05:02,1,0,IDR,Sudah dibayar,511275.0
22708,1729677755464518231,7494054609567125126,28/03/2026 04:00:00,1,0,IDR,Sudah dibayar,340512.55
02856,1730174772503152215,7621453318690310933,28/03/2026 03:21:54,1,0,IDR,Sudah dibayar,444051.89999999997
88349,1730706088342947415,7494054609567125126,28/03/2026 00:17:00,2,0,IDR,Sudah dibayar,920052.75
88349,1730651001345705559,7494054609567125126,28/03/2026 00:17:00,1,0,IDR,Sudah dibayar,431186.3
88349,1730174743204038231,7494054609567125126,28/03/2026 00:17:00,1,0,IDR,Sudah dibayar,431186.3
33526,1731016355289269416,7621944098572454664,27/03/2026 23:52:30,1,0,IDR,Sudah dibayar,17170.0
02317,1730310850770470154,7617976796063042836,27/03/2026 23:43:29,1,0,IDR,Sudah dibayar,29708.35
85146,1730706088343078487,7621944098572454664,27/03/2026 22:46:08,1,0,IDR,Sudah dibayar,513102.5
04622,1729677734993300055,7621944098572454664,27/03/2026 22:11:51,1,0,IDR,Sudah dibayar,332350.0
05388,1730706088342750807,7494054609567125126,27/03/2026 21:20:06,1,0,IDR,Sudah dibayar,518474.5
52423,1733814103211148887,7621845292489034514,27/03/2026 21:05:51,1,0,IDR,Sudah dibayar,506472.5
11922,1731927306071934551,7615575155061918994,27/03/2026 20:56:21,1,0,IDR,Sudah dibayar,500611.75
59570,1730706106318685783,7609374889253883154,27/03/2026 19:59:23,1,0,IDR,Sudah dibayar,442799.0
05234,1731927306071869015,7621837809686564114,27/03/2026 19:45:34,1,0,IDR,Sudah dibayar,530730.65
25095,1729677755464583767,7618460083239783186,27/03/2026 19:29:02,1,0,IDR,Sudah dibayar,273570.8
69298,1731927306072196695,7621845292489034514,27/03/2026 19:21:19,1,0,IDR,Sudah dibayar,437789.95
45394,1731927306071934551,7621845292489034514,27/03/2026 19:08:48,1,0,IDR,Sudah dibayar,433536.55
93075,1730706088342750807,7592751379437997319,27/03/2026 19:00:58,1,0,IDR,Sudah dibayar,500650.0
60572,1731622713472812631,7515354673247702278,27/03/2026 18:26:51,1,0,IDR,Sudah dibayar,504900.0
14429,1729677743141128791,7620734833127475976,27/03/2026 18:23:43,1,0,IDR,Sudah dibayar,257550.0
80715,1731308725957920131,7621845292489034514,27/03/2026 18:13:50,1,0,IDR,Sudah dibayar,427371.5
79442,1731927306072131159,7620097058820623624,27/03/2026 18:04:44,1,0,IDR,Sudah dibayar,533063.9
83751,1729677759600233047,7621845292489034514,27/03/2026 18:04:23,1,0,IDR,Sudah dibayar,284860.5
00421,1730706107471988311,7621845292489034514,27/03/2026 17:39:06,1,0,IDR,Sudah dibayar,501049.5
64483,1730174743203972695,7592751379437997319,27/03/2026 17:36:24,1,0,IDR,Sudah dibayar,423555.0
77423,1730174743203841623,7621845292489034514,27/03/2026 17:18:32,1,0,IDR,Sudah dibayar,457130.0
80692,1729677759600167511,7621845292489034514,27/03/2026 16:43:09,1,0,IDR,Sudah dibayar,306595.0
32233,1730706088342881879,7621845292489034514,27/03/2026 16:38:54,1,0,IDR,Sudah dibayar,459816.0
01172,1730121322705028483,7621845292489034514,27/03/2026 16:36:46,1,0,IDR,Sudah dibayar,320168.64999999997
54954,1729677758275947095,7621845292489034514,27/03/2026 16:27:40,1,0,IDR,Sudah dibayar,178511.9
17109,1730149094126093896,7621845292489034514,27/03/2026 16:09:44,1,0,IDR,Sudah dibayar,57213.5
98135,1730174772503086679,7620271062595128071,27/03/2026 16:07:35,1,0,IDR,Sudah dibayar,495125.0
64533,1734483831936943491,7621845292489034514,27/03/2026 16:03:00,1,0,IDR,Sudah dibayar,289000.0
27547,1730706088342685271,7621845292489034514,27/03/2026 15:33:19,1,0,IDR,Sudah dibayar,460275.0
39030,1730706088342881879,7621803967395269394,27/03/2026 15:00:58,1,0,IDR,Sudah dibayar,502775.0
35730,1731079464715388291,7621803967395269394,27/03/2026 14:49:03,1,0,IDR,Sudah dibayar,459228.64999999997
30998,1730706088342947415,7616219031900572946,27/03/2026 14:32:28,1,0,IDR,Sudah dibayar,490025.0
45157,1729677755464387159,7621453318690310933,27/03/2026 14:25:37,1,0,IDR,Sudah dibayar,304895.0
09643,1730706107472053847,7621803967395269394,27/03/2026 13:56:49,1,0,IDR,Sudah dibayar,499800.0
06553,1729677758275816023,7605999431984483591,27/03/2026 13:55:46,1,0,IDR,Sudah dibayar,304895.0
27005,1731927306072065623,7494054609567125126,27/03/2026 13:38:19,1,0,IDR,Sudah dibayar,432301.5
27005,1731622765730235991,7494054609567125126,27/03/2026 13:38:19,1,0,IDR,Sudah dibayar,432302.35
27005,1731622713472943703,7494054609567125126,27/03/2026 13:38:19,1,0,IDR,Sudah dibayar,432301.5
27005,1730868728727897687,7494054609567125126,27/03/2026 13:38:19,1,0,IDR,Sudah dibayar,432301.5
44656,1730706088342816343,7616715108269509906,27/03/2026 13:31:23,1,0,IDR,Sudah dibayar,474827.0
34775,1729677743141128791,7621803967395269394,27/03/2026 13:31:00,1,0,IDR,Sudah dibayar,254923.5
67589,1730706107471922775,7621803967395269394,27/03/2026 13:16:13,1,0,IDR,Sudah dibayar,501075.0
01699,1730706107472053847,7621803967395269394,27/03/2026 13:15:28,1,0,IDR,Sudah dibayar,499009.5
73255,1734650508941428099,7621803967395269394,27/03/2026 13:07:16,1,0,IDR,Sudah dibayar,290419.5
91874,1729677755464583767,7621803967395269394,27/03/2026 13:05:02,1,0,IDR,Sudah dibayar,304895.0
38848,1729677755464714839,7621803967395269394,27/03/2026 13:03:20,1,0,IDR,Sudah dibayar,170382.5
29069,1734485804751029418,7617722905748573458,27/03/2026 13:00:33,1,0,IDR,Sudah dibayar,158822.5
28510,1730174743203907159,7621803967395269394,27/03/2026 12:59:37,1,0,IDR,Sudah dibayar,403352.2
19316,1730121322704962947,7621803967395269394,27/03/2026 12:53:03,1,0,IDR,Sudah dibayar,309746.8
44554,1731401493348451927,7606033203224251666,27/03/2026 12:44:30,1,0,IDR,Sudah dibayar,373311.5
01538,1730706088342816343,7621803967395269394,27/03/2026 12:38:42,1,0,IDR,Sudah dibayar,513102.5
05491,1729677755464780375,7621708153256299272,27/03/2026 12:15:49,1,0,IDR,Sudah dibayar,189347.69999999998
50097,1729677742105004631,7621708153256299272,27/03/2026 11:49:06,1,0,IDR,Sudah dibayar,405399.0
63648,1729677759600036439,7621708153256299272,27/03/2026 11:46:39,1,0,IDR,Sudah dibayar,297160.0
82261,1729677746703665751,7621708153256299272,27/03/2026 11:28:31,1,0,IDR,Sudah dibayar,253809.15
27063,1731308689765467523,7621708153256299272,27/03/2026 11:18:46,1,0,IDR,Sudah dibayar,437665.0
84059,1731985620630734423,7621708153256299272,27/03/2026 10:58:11,1,0,IDR,Sudah dibayar,462400.0
63253,1729677759600429655,7599363007495376136,27/03/2026 10:54:34,1,0,IDR,Sudah dibayar,324838.55
63137,1729677758276078167,7621708153256299272,27/03/2026 10:34:37,1,0,IDR,Sudah dibayar,188497.69999999998
27403,1730806636781143639,7621044899399994130,27/03/2026 10:28:07,1,0,IDR,Sudah dibayar,287497.2
28295,1730136911404369283,7621708153256299272,27/03/2026 10:23:02,1,0,IDR,Sudah dibayar,368400.2
98492,1730706088342685271,7621044899399994130,27/03/2026 10:19:32,1,0,IDR,Sudah dibayar,480199.0
40961,1730806636781078103,7621708153256299272,27/03/2026 10:07:38,1,0,IDR,Sudah dibayar,190440.8
62072,1729677746703534679,7621708153256299272,27/03/2026 09:50:53,1,0,IDR,Sudah dibayar,375275.0
92819,1731927306072065623,7621708153256299272,27/03/2026 09:40:21,1,0,IDR,Sudah dibayar,503625.0
85887,1729677743140866647,7621708153256299272,27/03/2026 09:35:01,1,0,IDR,Sudah dibayar,248892.75
80461,1729561362209670743,7615972524102290695,27/03/2026 09:33:13,1,0,IDR,Sudah dibayar,367999.0
64422,1730706088342685271,7621708153256299272,27/03/2026 09:25:27,1,0,IDR,Sudah dibayar,487781.0
73049,1729677758275816023,7621708153256299272,27/03/2026 09:20:21,1,0,IDR,Sudah dibayar,199851.15
01852,1730651001345640023,7621708153256299272,27/03/2026 09:19:39,1,0,IDR,Sudah dibayar,446720.89999999997
89730,1730310850770470154,7617976796063042836,27/03/2026 09:17:28,1,0,IDR,Sudah dibayar,37474.799999999996
36068,1729677742968834647,7621708153256299272,27/03/2026 08:46:13,1,0,IDR,Sudah dibayar,231302.0
88910,1729677743140932183,7621708153256299272,27/03/2026 08:35:03,1,0,IDR,Sudah dibayar,254152.55
20599,1730651001345705559,7621708153256299272,27/03/2026 08:20:28,1,0,IDR,Sudah dibayar,448562.0
42487,1730706088342947415,7621708153256299272,27/03/2026 07:55:53,1,0,IDR,Sudah dibayar,458746.7
53106,1729677743140932183,7621708153256299272,27/03/2026 07:48:42,1,0,IDR,Sudah dibayar,249518.35
40634,1731308689765270915,7621708153256299272,27/03/2026 07:41:59,1,0,IDR,Sudah dibayar,425646.0
78558,1729677743140932183,7621708153256299272,27/03/2026 07:26:56,1,0,IDR,Sudah dibayar,256700.0
93078,1730174772820149847,7621708153256299272,27/03/2026 06:50:43,1,0,IDR,Sudah dibayar,494275.0
17606,1729677743140997719,7621663107009891090,27/03/2026 05:59:47,1,0,IDR,Sudah dibayar,276028.14999999997
20434,1729677761805191767,7621663107009891090,27/03/2026 05:58:13,1,0,IDR,Sudah dibayar,284767.0
93489,1731985620630734423,7621663107009891090,27/03/2026 05:55:18,1,0,IDR,Sudah dibayar,485622.0
11845,1734483831936681347,7621663107009891090,27/03/2026 05:47:58,1,0,IDR,Sudah dibayar,266073.8
17985,1731927306072000087,7621663107009891090,27/03/2026 05:47:40,1,0,IDR,Sudah dibayar,517191.0
99478,1729677755464649303,7621663107009891090,27/03/2026 05:09:54,1,0,IDR,Sudah dibayar,190711.94999999998
08652,1729999768874485416,7494054609567125126,27/03/2026 04:53:34,1,0,IDR,Sudah dibayar,7039.7
97971,1729677758275947095,7621663107009891090,27/03/2026 04:29:48,1,0,IDR,Sudah dibayar,194205.44999999998
10080,1729677759600429655,7621663107009891090,27/03/2026 04:17:39,1,0,IDR,Sudah dibayar,210778.75
15361,1729677743141063255,7621663107009891090,27/03/2026 04:15:11,1,0,IDR,Sudah dibayar,382534.0
89838,1730706107472053847,7621663107009891090,27/03/2026 04:01:04,1,0,IDR,Sudah dibayar,429862.0
42793,1731927306071934551,7621663107009891090,27/03/2026 03:46:01,1,0,IDR,Sudah dibayar,461125.0
38629,1729677755464321623,7621663107009891090,27/03/2026 03:31:22,1,0,IDR,Sudah dibayar,297383.55
20798,1730174772503086679,7621044899399994130,27/03/2026 03:11:29,1,0,IDR,Sudah dibayar,450279.0
83977,1729677755464518231,7595801737747893522,27/03/2026 01:16:06,1,0,IDR,Sudah dibayar,177311.69999999998
50277,1729677755464714839,7621453318690310933,26/03/2026 23:50:02,1,0,IDR,Sudah dibayar,188497.69999999998
87373,1729677755464518231,7621519606485994258,26/03/2026 23:40:23,1,0,IDR,Sudah dibayar,161113.25
21214,1730706107472119383,7609374889253883154,26/03/2026 23:36:31,1,0,IDR,Sudah dibayar,502775.0
50572,1731622765730235991,7621519606485994258,26/03/2026 22:18:42,1,0,IDR,Sudah dibayar,473720.3
50532,1733552678294423127,7615575155061918994,26/03/2026 22:15:41,1,0,IDR,Sudah dibayar,207158.6
58405,1729677755464583767,7621519606485994258,26/03/2026 21:40:13,1,0,IDR,Sudah dibayar,200701.15
88728,1729677743140801111,7494054609567125126,26/03/2026 21:35:56,1,0,IDR,Sudah dibayar,266857.5
78773,1730174772503021143,7494054609567125126,26/03/2026 21:35:53,1,0,IDR,Sudah dibayar,446416.6
70542,1730706088342685271,7494054609567125126,26/03/2026 21:34:48,1,0,IDR,Sudah dibayar,445825.0
45032,1730651001345574487,7621519606485994258,26/03/2026 21:26:33,1,0,IDR,Sudah dibayar,447525.0
99885,1729677755464583767,7494054609567125126,26/03/2026 21:25:57,1,0,IDR,Sudah dibayar,187258.4
41256,1730706088342685271,7621519606485994258,26/03/2026 21:24:41,1,0,IDR,Sudah dibayar,480199.0
47104,1729677755464518231,7621044899399994130,26/03/2026 21:14:19,1,0,IDR,Sudah dibayar,192055.8
84568,1733552670167631447,7621519606485994258,26/03/2026 21:12:48,1,0,IDR,Sudah dibayar,208678.4
41805,1731927306072065623,7609907208024804626,26/03/2026 21:10:46,1,0,IDR,Sudah dibayar,494402.5
03143,1729677743140801111,7494054609567125126,26/03/2026 20:58:35,1,0,IDR,Sudah dibayar,256700.0
89133,1729677743140932183,7621519606485994258,26/03/2026 20:47:51,1,0,IDR,Sudah dibayar,241181.55
34183,1729677759600429655,7621519606485994258,26/03/2026 20:44:31,1,0,IDR,Sudah dibayar,307445.0
57952,1729677759600298583,7621519606485994258,26/03/2026 20:44:11,1,0,IDR,Sudah dibayar,209979.75
75677,1729677758275947095,7605969238079130887,26/03/2026 20:39:30,1,0,IDR,Sudah dibayar,206056.15
05517,1731927306072065623,7621519606485994258,26/03/2026 20:32:18,1,0,IDR,Sudah dibayar,470475.0
38799,1729677755464583767,7621519606485994258,26/03/2026 20:25:34,1,0,IDR,Sudah dibayar,156751.05
33290,1731401465609487959,7621519606485994258,26/03/2026 20:25:00,1,0,IDR,Sudah dibayar,417775.0
44161,1730174743203907159,7593616718090505480,26/03/2026 20:19:43,1,0,IDR,Sudah dibayar,382443.05
40848,1729677742104873559,7621519606485994258,26/03/2026 20:17:37,1,0,IDR,Sudah dibayar,240083.35
39274,1730706107471922775,7621519606485994258,26/03/2026 20:16:29,1,0,IDR,Sudah dibayar,446556.0
05249,1729677743140866647,7494054609567125126,26/03/2026 20:15:58,1,0,IDR,Sudah dibayar,248258.65
34908,1729677746703403607,7621519606485994258,26/03/2026 20:12:41,1,0,IDR,Sudah dibayar,249907.65
34311,1730706088342947415,7621519606485994258,26/03/2026 20:05:31,1,0,IDR,Sudah dibayar,482375.0
78403,1729677743140866647,7621519606485994258,26/03/2026 20:04:59,1,0,IDR,Sudah dibayar,243865.0
86583,1729677755464714839,7621519606485994258,26/03/2026 20:04:18,1,0,IDR,Sudah dibayar,306512.55
55511,1730310850770470154,7621519606485994258,26/03/2026 20:04:18,1,0,IDR,Sudah dibayar,23261.1
92476,1729677743140735575,7621519606485994258,26/03/2026 20:02:09,1,0,IDR,Sudah dibayar,240352.8
97085,1729677743140801111,7621519606485994258,26/03/2026 20:01:56,1,0,IDR,Sudah dibayar,255000.0
07072,1729677743140735575,7621519606485994258,26/03/2026 20:00:03,1,0,IDR,Sudah dibayar,249526.0
99368,1731967966089741699,7621519606485994258,26/03/2026 19:59:25,1,0,IDR,Sudah dibayar,540817.6
77622,1729677755464452695,7494054609567125126,26/03/2026 19:55:36,1,0,IDR,Sudah dibayar,256841.94999999998
77281,1731298803850773891,7621519606485994258,26/03/2026 19:50:57,1,0,IDR,Sudah dibayar,180217.85
72648,1729677755464518231,7621519606485994258,26/03/2026 19:45:33,1,0,IDR,Sudah dibayar,185072.19999999998
90439,1729677743140866647,7494054609567125126,26/03/2026 19:45:07,1,0,IDR,Sudah dibayar,256700.0
44076,1729677743140801111,7621519606485994258,26/03/2026 19:42:15,1,0,IDR,Sudah dibayar,249900.0
18905,1731079464714667395,7621519606485994258,26/03/2026 19:39:21,1,0,IDR,Sudah dibayar,410465.0
08544,1729677743141128791,7621519606485994258,26/03/2026 19:35:27,1,0,IDR,Sudah dibayar,243865.0
82759,1729677755464518231,7621519606485994258,26/03/2026 19:28:57,1,0,IDR,Sudah dibayar,192227.5
07328,1730706107472119383,7621519606485994258,26/03/2026 19:28:31,1,0,IDR,Sudah dibayar,480777.0
22592,1729677755464583767,7494054609567125126,26/03/2026 19:26:36,1,0,IDR,Sudah dibayar,196912.69999999998
74971,1729677758275684951,7621519606485994258,26/03/2026 19:25:40,1,0,IDR,Sudah dibayar,183990.15
95333,1729677755464649303,7621519606485994258,26/03/2026 19:24:29,1,0,IDR,Sudah dibayar,250269.75
65933,1729677746703403607,7621044899399994130,26/03/2026 19:23:23,1,0,IDR,Sudah dibayar,224537.69999999998
02344,1729677755464583767,7621519606485994258,26/03/2026 19:20:38,1,0,IDR,Sudah dibayar,182886.0
26538,1729677759600495191,7621519606485994258,26/03/2026 19:18:26,1,0,IDR,Sudah dibayar,187258.4
93272,1731016355289269416,7621341179695303442,26/03/2026 19:17:24,1,0,IDR,Sudah dibayar,17850.0
78608,1729677743140997719,7494054609567125126,26/03/2026 19:16:47,1,0,IDR,Sudah dibayar,256700.0
56836,1729677755464452695,7621519606485994258,26/03/2026 19:16:42,1,0,IDR,Sudah dibayar,187052.69999999998
35743,1729677742968834647,7621519606485994258,26/03/2026 19:16:27,1,0,IDR,Sudah dibayar,196360.19999999998
48394,1729677759600429655,7621341179695303442,26/03/2026 19:15:50,1,0,IDR,Sudah dibayar,189091.85
48394,1729677759600364119,7621341179695303442,26/03/2026 19:15:50,1,0,IDR,Sudah dibayar,189092.69999999998
48394,1729677759600298583,7621341179695303442,26/03/2026 19:15:50,1,0,IDR,Sudah dibayar,189091.85
48394,1729677743140801111,7621453318690310933,26/03/2026 19:15:50,1,0,IDR,Sudah dibayar,251600.0
48394,1729677742104939095,7621044899399994130,26/03/2026 19:15:50,3,0,IDR,Sudah dibayar,754800.0
48394,1729677742104873559,7621044899399994130,26/03/2026 19:15:50,1,0,IDR,Sudah dibayar,251600.0
48394,1729677742104808023,7621044899399994130,26/03/2026 19:15:50,1,0,IDR,Sudah dibayar,251600.0
91503,1730706088342685271,7621519606485994258,26/03/2026 19:15:46,1,0,IDR,Sudah dibayar,470050.0
88926,1729677743140866647,7621519606485994258,26/03/2026 19:15:28,1,0,IDR,Sudah dibayar,245755.4
55072,1729677742105135703,7621519606485994258,26/03/2026 19:14:54,1,0,IDR,Sudah dibayar,261485.5
55277,1729677755464649303,7621519606485994258,26/03/2026 19:14:00,1,0,IDR,Sudah dibayar,209979.75
88524,1731079464715191683,7621519606485994258,26/03/2026 19:13:27,1,0,IDR,Sudah dibayar,443975.39999999997
33842,1729677755464583767,7621519606485994258,26/03/2026 19:13:14,1,0,IDR,Sudah dibayar,188497.69999999998
28587,1729677759600233047,7621519606485994258,26/03/2026 19:13:03,3,0,IDR,Sudah dibayar,580413.15
28587,1729677759600167511,7621519606485994258,26/03/2026 19:13:03,2,0,IDR,Sudah dibayar,386943.8
28587,1729677743141063255,7621519606485994258,26/03/2026 19:13:03,1,0,IDR,Sudah dibayar,257018.75
28587,1729677743140866647,7621519606485994258,26/03/2026 19:13:03,1,0,IDR,Sudah dibayar,257019.6
28587,1729677743140801111,7621519606485994258,26/03/2026 19:13:03,1,0,IDR,Sudah dibayar,257018.75
28587,1729677742104808023,7621519606485994258,26/03/2026 19:13:03,1,0,IDR,Sudah dibayar,257019.6
23829,1729677755464256087,7621519606485994258,26/03/2026 19:12:40,1,0,IDR,Sudah dibayar,183736.0
54071,1729677755464256087,7621519606485994258,26/03/2026 19:12:21,1,0,IDR,Sudah dibayar,190808.0
81079,1729677755464780375,7621519606485994258,26/03/2026 19:11:55,1,0,IDR,Sudah dibayar,188497.69999999998
39639,1729677755464518231,7621519606485994258,26/03/2026 19:07:59,1,0,IDR,Sudah dibayar,181651.8
89264,1729677743141128791,7621519606485994258,26/03/2026 19:07:03,1,0,IDR,Sudah dibayar,256810.5
36124,1730706088343078487,7621519606485994258,26/03/2026 19:06:06,1,0,IDR,Sudah dibayar,491427.5
47709,1729677755464452695,7621341179695303442,26/03/2026 19:01:52,1,0,IDR,Sudah dibayar,193090.25
31496,1729677743140801111,7621519606485994258,26/03/2026 18:56:36,1,0,IDR,Sudah dibayar,245565.0
49953,1729677743140866647,7621519606485994258,26/03/2026 18:54:35,1,0,IDR,Sudah dibayar,257670.69999999998
23702,1729677755464649303,7621519606485994258,26/03/2026 18:54:31,1,0,IDR,Sudah dibayar,173534.3
83939,1730706107472053847,7494054609567125126,26/03/2026 18:47:56,1,0,IDR,Sudah dibayar,481525.0
80256,1729677755464256087,7621519606485994258,26/03/2026 18:41:37,1,0,IDR,Sudah dibayar,189347.69999999998
84510,1729677743140866647,7621519606485994258,26/03/2026 18:41:36,1,0,IDR,Sudah dibayar,257397.0
82959,1729677755464583767,7621519606485994258,26/03/2026 18:40:39,1,0,IDR,Sudah dibayar,186663.4
85475,1729677755464190551,7621519606485994258,26/03/2026 18:39:21,1,0,IDR,Sudah dibayar,194487.65
76187,1729677755464518231,7494054609567125126,26/03/2026 18:38:41,1,0,IDR,Sudah dibayar,187052.69999999998
71590,1729677743140866647,7494054609567125126,26/03/2026 18:36:32,1,0,IDR,Sudah dibayar,250785.69999999998
45786,1729677759600298583,7621519606485994258,26/03/2026 18:36:05,1,0,IDR,Sudah dibayar,191601.05
62238,1729677746703403607,7621519606485994258,26/03/2026 18:34:56,1,0,IDR,Sudah dibayar,260643.15
75496,1729677743140538967,7621519606485994258,26/03/2026 18:32:12,1,0,IDR,Sudah dibayar,258603.15
93203,1729677742968834647,7621519606485994258,26/03/2026 18:30:58,1,0,IDR,Sudah dibayar,201872.44999999998
62615,1729677755464649303,7621519606485994258,26/03/2026 18:30:45,1,0,IDR,Sudah dibayar,172000.05
02764,1731622765730170455,7515354673247702278,26/03/2026 18:29:30,1,0,IDR,Sudah dibayar,476974.95
96278,1731927306072196695,7601913001632959240,26/03/2026 18:28:40,1,0,IDR,Sudah dibayar,481525.0
19734,1729677755464583767,7621519606485994258,26/03/2026 18:27:59,1,0,IDR,Sudah dibayar,199721.94999999998
99206,1729677743140866647,7621453318690310933,26/03/2026 18:24:50,1,0,IDR,Sudah dibayar,240645.19999999998
40759,1729677743141063255,7621519606485994258,26/03/2026 18:22:13,1,0,IDR,Sudah dibayar,255000.0
31730,1729677747184372311,7621341179695303442,26/03/2026 18:20:09,1,0,IDR,Sudah dibayar,241415.3
62077,1729677742105135703,7621519606485994258,26/03/2026 18:19:34,1,0,IDR,Sudah dibayar,262793.64999999997
61480,1729677755464452695,7620934668585569031,26/03/2026 18:14:54,1,0,IDR,Sudah dibayar,172000.05
94383,1729677755464649303,7614534240998313234,26/03/2026 18:11:16,1,0,IDR,Sudah dibayar,182547.69999999998
56078,1729677755464387159,7494054609567125126,26/03/2026 18:08:19,1,0,IDR,Sudah dibayar,193064.75
08689,1730174743203710551,7620685660399815432,26/03/2026 18:07:38,1,0,IDR,Sudah dibayar,440045.0
07569,1729677755464714839,7621453318690310933,26/03/2026 18:02:20,1,0,IDR,Sudah dibayar,239190.0
04090,1729677758275947095,7621453318690310933,26/03/2026 18:00:36,1,0,IDR,Sudah dibayar,203728.85
02438,1729677734993168983,7621453318690310933,26/03/2026 17:59:41,1,0,IDR,Sudah dibayar,322654.89999999997
29123,1731927306072131159,7621453318690310933,26/03/2026 17:58:26,1,0,IDR,Sudah dibayar,408018.7
81676,1731927306072065623,7621453318690310933,26/03/2026 17:57:45,1,0,IDR,Sudah dibayar,481525.0
85453,1729677758275816023,7621453318690310933,26/03/2026 17:56:28,1,0,IDR,Sudah dibayar,193901.15
05034,1731927306072131159,7621453318690310933,26/03/2026 17:55:43,1,0,IDR,Sudah dibayar,464193.5
00377,1729677743140932183,7621453318690310933,26/03/2026 17:53:32,1,0,IDR,Sudah dibayar,282455.0
51332,1731927306072131159,7621453318690310933,26/03/2026 17:43:19,1,0,IDR,Sudah dibayar,471869.0
38268,1729677758275947095,7621453318690310933,26/03/2026 17:37:52,1,0,IDR,Sudah dibayar,197477.94999999998
29815,1730706088342750807,7494054609567125126,26/03/2026 17:32:47,1,0,IDR,Sudah dibayar,443241.0
44240,1729677758276078167,7621453318690310933,26/03/2026 17:19:05,1,0,IDR,Sudah dibayar,209979.75
43637,1729677755464518231,7621044899399994130,26/03/2026 17:18:48,1,0,IDR,Sudah dibayar,209979.75
26262,1729677759600298583,7620734833127475976,26/03/2026 17:17:00,1,0,IDR,Sudah dibayar,210686.1
24479,1729677743140801111,7621453318690310933,26/03/2026 17:00:54,1,0,IDR,Sudah dibayar,261493.15
67324,1729677755464518231,7621453318690310933,26/03/2026 16:55:55,1,0,IDR,Sudah dibayar,192002.25
67324,1729677755464452695,7621453318690310933,26/03/2026 16:55:55,1,0,IDR,Sudah dibayar,192002.25
86614,1729677758276012631,7621453318690310933,26/03/2026 16:53:22,1,0,IDR,Sudah dibayar,197596.94999999998
80994,1729677746703403607,7621453318690310933,26/03/2026 16:46:30,1,0,IDR,Sudah dibayar,245650.0
09272,1729677758275816023,7621453318690310933,26/03/2026 16:45:18,1,0,IDR,Sudah dibayar,191629.94999999998
00159,1729677742104939095,7621453318690310933,26/03/2026 16:44:29,1,0,IDR,Sudah dibayar,250845.19999999998
69845,1729677743140801111,7621453318690310933,26/03/2026 16:31:58,1,0,IDR,Sudah dibayar,248668.35
75828,1729677743140997719,7621453318690310933,26/03/2026 16:31:12,1,0,IDR,Sudah dibayar,253758.15
60478,1729677755464452695,7621453318690310933,26/03/2026 16:26:52,1,0,IDR,Sudah dibayar,181911.9
40508,1731622713472812631,7621453318690310933,26/03/2026 16:26:48,1,0,IDR,Sudah dibayar,426303.05
47365,1729677742968834647,7621453318690310933,26/03/2026 16:13:42,1,0,IDR,Sudah dibayar,259635.05
21399,1729677755464583767,7620734833127475976,26/03/2026 16:03:11,1,0,IDR,Sudah dibayar,209979.75
56659,1730650983638861399,7494054609567125126,26/03/2026 16:00:17,1,0,IDR,Sudah dibayar,447525.0
20627,1729677743141063255,7621453318690310933,26/03/2026 15:45:16,1,0,IDR,Sudah dibayar,282455.0
99652,1730174772503021143,7621453318690310933,26/03/2026 15:40:19,1,0,IDR,Sudah dibayar,447525.0
98006,1729677736926939735,7621044899399994130,26/03/2026 15:35:41,1,0,IDR,Sudah dibayar,409717.0
05085,1729677755464387159,7620734833127475976,26/03/2026 15:34:50,1,0,IDR,Sudah dibayar,189347.69999999998
81002,1729677743140866647,7621453318690310933,26/03/2026 15:31:44,1,0,IDR,Sudah dibayar,250845.19999999998
41390,1729677755464387159,7621044899399994130,26/03/2026 15:30:38,1,0,IDR,Sudah dibayar,190751.05
40272,1729677755464387159,7621453318690310933,26/03/2026 15:28:20,1,0,IDR,Sudah dibayar,177275.15
95941,1730310858187965706,7621453318690310933,26/03/2026 15:26:12,1,0,IDR,Sudah dibayar,85.0
04031,1729677743140866647,7621453318690310933,26/03/2026 15:23:30,1,0,IDR,Sudah dibayar,243865.0
06050,1729677747184372311,7621453318690310933,26/03/2026 15:20:54,1,0,IDR,Sudah dibayar,255595.0
76727,1729677759600233047,7621453318690310933,26/03/2026 15:17:22,1,0,IDR,Sudah dibayar,190751.05
72239,1729677742104808023,7621453318690310933,26/03/2026 15:12:13,1,0,IDR,Sudah dibayar,255000.0
09086,1729677743140866647,7621453318690310933,26/03/2026 15:11:40,1,0,IDR,Sudah dibayar,251387.5
37860,1729677746703469143,7621453318690310933,26/03/2026 15:09:13,1,0,IDR,Sudah dibayar,256700.0
49678,1730706088342947415,7621453318690310933,26/03/2026 15:06:12,1,0,IDR,Sudah dibayar,521898.3
49678,1730174772503086679,7621453318690310933,26/03/2026 15:06:12,1,0,IDR,Sudah dibayar,489176.7
83851,1729677743140997719,7621453318690310933,26/03/2026 15:04:14,1,0,IDR,Sudah dibayar,257670.69999999998
08647,1729677755464518231,7621453318690310933,26/03/2026 15:03:33,1,0,IDR,Sudah dibayar,190751.05
46982,1729677755464452695,7621453318690310933,26/03/2026 15:00:51,1,0,IDR,Sudah dibayar,182886.0
08408,1729677755464387159,7621044899399994130,26/03/2026 14:58:10,1,0,IDR,Sudah dibayar,175583.65
36084,1729677743140866647,7621453318690310933,26/03/2026 14:55:21,1,0,IDR,Sudah dibayar,261534.8
18478,1729677743140932183,7621453318690310933,26/03/2026 14:55:13,1,0,IDR,Sudah dibayar,255000.0
87890,1729677755464583767,7621453318690310933,26/03/2026 14:50:18,1,0,IDR,Sudah dibayar,205049.75
33725,1729561361792796247,7621044899399994130,26/03/2026 14:49:43,1,0,IDR,Sudah dibayar,489175.0
29931,1729677761805191767,7621341179695303442,26/03/2026 14:39:13,1,0,IDR,Sudah dibayar,357142.8
50595,1729677755464387159,7621453318690310933,26/03/2026 14:36:08,1,0,IDR,Sudah dibayar,193064.75
26737,1729677758276143703,7621453318690310933,26/03/2026 14:32:27,1,0,IDR,Sudah dibayar,183736.0
19636,1729677743140866647,7621453318690310933,26/03/2026 14:29:48,1,0,IDR,Sudah dibayar,248258.65
16819,1729677746703403607,7621453318690310933,26/03/2026 14:21:44,1,0,IDR,Sudah dibayar,252181.4
97306,1729677755464321623,7621453318690310933,26/03/2026 14:21:36,1,0,IDR,Sudah dibayar,185909.44999999998
38072,1729677742968834647,7621044899399994130,26/03/2026 14:20:05,1,0,IDR,Sudah dibayar,207310.75
04824,1729677743140801111,7621453318690310933,26/03/2026 14:18:57,1,0,IDR,Sudah dibayar,249057.65
17062,1729677755464387159,7621453318690310933,26/03/2026 14:16:17,1,0,IDR,Sudah dibayar,217277.85
16704,1729677755464387159,7621341179695303442,26/03/2026 14:14:33,1,0,IDR,Sudah dibayar,192236.0
96555,1729677743140866647,7621453318690310933,26/03/2026 14:09:21,1,0,IDR,Sudah dibayar,249917.0
10253,1729677742968834647,7621453318690310933,26/03/2026 14:06:44,1,0,IDR,Sudah dibayar,186877.6
61792,1729677759600298583,7621453318690310933,26/03/2026 14:05:10,1,0,IDR,Sudah dibayar,170513.4
19496,1729677746703469143,7621453318690310933,26/03/2026 14:03:56,1,0,IDR,Sudah dibayar,260470.6
72140,1729677755464387159,7621453318690310933,26/03/2026 14:01:32,1,0,IDR,Sudah dibayar,173487.55
06521,1730806636781012567,7621453318690310933,26/03/2026 13:57:54,1,0,IDR,Sudah dibayar,190459.5
72187,1729677755464583767,7621453318690310933,26/03/2026 13:57:01,1,0,IDR,Sudah dibayar,189347.69999999998
66091,1729677755464518231,7621453318690310933,26/03/2026 13:55:43,1,0,IDR,Sudah dibayar,193090.25
10943,1729677743140801111,7621044899399994130,26/03/2026 13:54:34,1,0,IDR,Sudah dibayar,268803.14999999997
02924,1730806648018667095,7620934668585569031,26/03/2026 13:33:25,1,0,IDR,Sudah dibayar,209525.0
75907,1729677742105135703,7494054609567125126,26/03/2026 13:30:28,1,0,IDR,Sudah dibayar,254747.55
62084,1734650508941559171,7621044899399994130,26/03/2026 13:12:23,1,0,IDR,Sudah dibayar,285350.95
87012,1729677755464583767,7621341179695303442,26/03/2026 12:56:46,1,0,IDR,Sudah dibayar,183736.0
50510,1729677743140801111,7605708638170221842,26/03/2026 12:54:47,1,0,IDR,Sudah dibayar,256700.0
36562,1730806636781012567,7621044899399994130,26/03/2026 12:54:00,1,0,IDR,Sudah dibayar,190403.4
74543,1729677746703403607,7494054609567125126,26/03/2026 12:53:51,1,0,IDR,Sudah dibayar,256731.44999999998
19990,1729677743140866647,7605708638170221842,26/03/2026 12:50:06,1,0,IDR,Sudah dibayar,249050.0
02419,1729677755464387159,7621341179695303442,26/03/2026 12:47:16,1,0,IDR,Sudah dibayar,190674.55
30174,1729677743140997719,7621044899399994130,26/03/2026 12:44:01,1,0,IDR,Sudah dibayar,269097.25
99590,1729677758275816023,7621044899399994130,26/03/2026 12:33:04,1,0,IDR,Sudah dibayar,178562.05
63487,1729677755464452695,7621341179695303442,26/03/2026 12:31:32,1,0,IDR,Sudah dibayar,188108.4
07858,1729677755464518231,7621341179695303442,26/03/2026 12:15:53,1,0,IDR,Sudah dibayar,182886.0
88080,1729677758276012631,7607910530862337288,26/03/2026 12:07:01,1,0,IDR,Sudah dibayar,193090.25
33637,1729677755464518231,7621341179695303442,26/03/2026 12:03:05,1,0,IDR,Sudah dibayar,190751.05
35532,1729677746703403607,7621341179695303442,26/03/2026 12:02:44,1,0,IDR,Sudah dibayar,260643.15
66497,1729677746703403607,7621341179695303442,26/03/2026 12:02:00,1,0,IDR,Sudah dibayar,245453.65
94510,1729677758276012631,7621341179695303442,26/03/2026 11:58:22,1,0,IDR,Sudah dibayar,208950.4
97993,1729677758276012631,7621341179695303442,26/03/2026 11:54:12,1,0,IDR,Sudah dibayar,193901.15
02927,1730706106318620247,7621341179695303442,26/03/2026 11:51:23,1,0,IDR,Sudah dibayar,495125.0
11899,1729677758276012631,7621341179695303442,26/03/2026 11:51:06,1,0,IDR,Sudah dibayar,193901.15
81510,1729677746703469143,7621341179695303442,26/03/2026 11:45:22,1,0,IDR,Sudah dibayar,256700.0
17488,1729677746703665751,7610403712481217800,26/03/2026 11:42:15,1,0,IDR,Sudah dibayar,250785.69999999998
51188,1729677743140997719,7621341179695303442,26/03/2026 11:34:33,1,0,IDR,Sudah dibayar,258603.15
88316,1729677755464583767,7621341179695303442,26/03/2026 11:27:34,1,0,IDR,Sudah dibayar,199851.15
35008,1729677747184503383,7621341179695303442,26/03/2026 11:26:58,1,0,IDR,Sudah dibayar,312460.0
87847,1729677755464452695,7618460083239783186,26/03/2026 11:24:59,1,0,IDR,Sudah dibayar,200442.75
19037,1729677743140866647,7621044899399994130,26/03/2026 11:19:48,1,0,IDR,Sudah dibayar,255850.0
06973,1729677746703534679,7621341179695303442,26/03/2026 11:14:32,1,0,IDR,Sudah dibayar,248037.65
65347,1729677742968834647,7494054609567125126,26/03/2026 11:12:46,1,0,IDR,Sudah dibayar,220795.15
85608,1731401465609291351,7621341179695303442,26/03/2026 11:08:31,1,0,IDR,Sudah dibayar,418962.45
42273,1729677755464518231,7621341179695303442,26/03/2026 11:05:36,1,0,IDR,Sudah dibayar,245509.75
30915,1729677734993103447,7621341179695303442,26/03/2026 11:05:34,1,0,IDR,Sudah dibayar,333200.0
72934,1729677746703469143,7621341179695303442,26/03/2026 11:01:38,1,0,IDR,Sudah dibayar,249900.0
39127,1729677755464452695,7621341179695303442,26/03/2026 11:01:11,1,0,IDR,Sudah dibayar,178511.9
72086,1730651001345574487,7621341179695303442,26/03/2026 11:00:51,1,0,IDR,Sudah dibayar,457351.0
43581,1729677758275816023,7621044899399994130,26/03/2026 10:57:10,1,0,IDR,Sudah dibayar,209336.3
71579,1729677755464452695,7621044899399994130,26/03/2026 10:56:04,1,0,IDR,Sudah dibayar,210829.75
76524,1730706106318554711,7494054609567125126,26/03/2026 10:55:53,1,0,IDR,Sudah dibayar,501585.0
69868,1729677755464452695,7621341179695303442,26/03/2026 10:55:31,1,0,IDR,Sudah dibayar,199587.65
24811,1730706107471922775,7621341179695303442,26/03/2026 10:52:30,1,0,IDR,Sudah dibayar,514802.5
89510,1729677746703403607,7610403712481217800,26/03/2026 10:49:48,1,0,IDR,Sudah dibayar,301665.0
18768,1729677758275947095,7607910530862337288,26/03/2026 10:49:03,1,0,IDR,Sudah dibayar,209979.75
86455,1729768205592856151,7621044899399994130,26/03/2026 10:47:36,1,0,IDR,Sudah dibayar,369688.8
93874,1729677743141128791,7621341179695303442,26/03/2026 10:42:30,1,0,IDR,Sudah dibayar,249057.65
64490,1729677743140866647,7621341179695303442,26/03/2026 10:39:38,1,0,IDR,Sudah dibayar,247945.0
34952,1731622713472878167,7609590750354951432,26/03/2026 10:38:28,1,0,IDR,Sudah dibayar,455583.85
82638,1730806636780750423,7621341179695303442,26/03/2026 10:31:58,1,0,IDR,Sudah dibayar,199081.05
06324,1730706106318554711,7621341179695303442,26/03/2026 10:29:41,1,0,IDR,Sudah dibayar,502775.0
12614,1729677743140866647,7621341179695303442,26/03/2026 10:28:40,1,0,IDR,Sudah dibayar,236910.3
20202,1729677742105135703,7621341179695303442,26/03/2026 10:27:43,1,0,IDR,Sudah dibayar,248174.5
00892,1729677743140932183,7621341179695303442,26/03/2026 10:21:00,1,0,IDR,Sudah dibayar,249907.65
48721,1729677743140670039,7621341179695303442,26/03/2026 10:16:33,1,0,IDR,Sudah dibayar,244472.75
12254,1729677742104873559,7621341179695303442,26/03/2026 10:14:57,1,0,IDR,Sudah dibayar,244472.75
99342,1729677742968506967,7621341179695303442,26/03/2026 10:14:54,1,0,IDR,Sudah dibayar,209032.0
59292,1729677755464452695,7621341179695303442,26/03/2026 10:09:28,1,0,IDR,Sudah dibayar,200701.15
64489,1729677755464518231,7621044899399994130,26/03/2026 10:08:58,1,0,IDR,Sudah dibayar,227205.0
98058,1729677743140866647,7494054609567125126,26/03/2026 10:06:56,1,0,IDR,Sudah dibayar,256700.0
52288,1729677755464649303,7620734833127475976,26/03/2026 10:02:14,1,0,IDR,Sudah dibayar,184806.15
03344,1729677743141194327,7621341179695303442,26/03/2026 10:01:52,1,0,IDR,Sudah dibayar,256674.5
88754,1729677747184437847,7621341179695303442,26/03/2026 10:00:59,1,0,IDR,Sudah dibayar,256700.0
67186,1729677759600429655,7621341179695303442,26/03/2026 09:51:04,1,0,IDR,Sudah dibayar,212614.75
40124,1729677759600167511,7494054609567125126,26/03/2026 09:50:07,1,0,IDR,Sudah dibayar,210696.3
40124,1729677743140801111,7494054609567125126,26/03/2026 09:50:07,1,0,IDR,Sudah dibayar,278338.45
52118,1729677755464518231,7621341179695303442,26/03/2026 09:38:23,1,0,IDR,Sudah dibayar,202113.85
32683,1729677759600364119,7620637729051921170,26/03/2026 09:35:16,1,0,IDR,Sudah dibayar,203728.85
20498,1729677759600101975,7621044899399994130,26/03/2026 09:31:51,1,0,IDR,Sudah dibayar,194437.5
63096,1729677743140866647,7621341179695303442,26/03/2026 09:21:04,1,0,IDR,Sudah dibayar,245565.0
31079,1729677755464452695,7621341179695303442,26/03/2026 09:20:11,1,0,IDR,Sudah dibayar,209979.75
49966,1729677758275816023,7621341179695303442,26/03/2026 09:10:25,1,0,IDR,Sudah dibayar,210829.75
97669,1729677746703534679,7621341179695303442,26/03/2026 09:09:07,1,0,IDR,Sudah dibayar,273962.64999999997
97478,1731927306072000087,7621341179695303442,26/03/2026 08:57:08,1,0,IDR,Sudah dibayar,528275.0
04697,1729677758275816023,7621044899399994130,26/03/2026 08:55:21,1,0,IDR,Sudah dibayar,204578.85
05405,1733814099595069015,7617019784030440712,26/03/2026 08:51:20,1,0,IDR,Sudah dibayar,484636.0
22017,1729677755464256087,7621341179695303442,26/03/2026 08:48:58,1,0,IDR,Sudah dibayar,209979.75
24034,1729677755464452695,7621341179695303442,26/03/2026 08:48:48,1,0,IDR,Sudah dibayar,179475.8
18955,1729677761805257303,7494054609567125126,26/03/2026 08:44:01,1,0,IDR,Sudah dibayar,322847.0
11629,1729677743859731031,7494054609567125126,26/03/2026 08:41:38,1,0,IDR,Sudah dibayar,339320.0
57205,1729677755464583767,7620734833127475976,26/03/2026 08:38:17,1,0,IDR,Sudah dibayar,209979.75
23181,1731622765730432599,7621341179695303442,26/03/2026 08:21:28,1,0,IDR,Sudah dibayar,496825.0
45299,1729677755464518231,7621341179695303442,26/03/2026 08:13:33,1,0,IDR,Sudah dibayar,212105.6
31452,1729677746703469143,7621341179695303442,26/03/2026 08:04:09,1,0,IDR,Sudah dibayar,282455.0
96147,1729677742968703575,7621044899399994130,26/03/2026 08:01:38,1,0,IDR,Sudah dibayar,199285.9
36984,1730310850770470154,7617976796063042836,26/03/2026 07:52:51,1,0,IDR,Sudah dibayar,30005.85
50873,1729677742968769111,7621341179695303442,26/03/2026 07:51:00,1,0,IDR,Sudah dibayar,201904.75
17161,1729677758276143703,7621044899399994130,26/03/2026 07:43:34,1,0,IDR,Sudah dibayar,188497.69999999998
36772,1729677759600298583,7621341179695303442,26/03/2026 07:35:30,1,0,IDR,Sudah dibayar,177337.19999999998
78395,1729677759600036439,7621341179695303442,26/03/2026 07:34:14,1,0,IDR,Sudah dibayar,190536.0
27306,1729677743140997719,7621341179695303442,26/03/2026 07:21:55,1,0,IDR,Sudah dibayar,249057.65
09913,1729677743140801111,7613252543543594258,26/03/2026 07:17:15,1,0,IDR,Sudah dibayar,225960.6
45446,1729677755464387159,7621341179695303442,26/03/2026 07:15:02,1,0,IDR,Sudah dibayar,190562.35
23226,1729677743140866647,7621044899399994130,26/03/2026 07:12:05,1,0,IDR,Sudah dibayar,250760.19999999998
01570,1729677742968834647,7621341179695303442,26/03/2026 07:06:48,1,0,IDR,Sudah dibayar,170648.55
63861,1729677755464780375,7621341179695303442,26/03/2026 07:04:20,1,0,IDR,Sudah dibayar,193090.25
64622,1729677743141063255,7621341179695303442,26/03/2026 07:04:19,1,0,IDR,Sudah dibayar,249907.65
24635,1729677743140866647,7621341179695303442,26/03/2026 07:02:10,1,0,IDR,Sudah dibayar,257645.19999999998
70154,1729677746703600215,7605131813144612104,26/03/2026 07:01:49,1,0,IDR,Sudah dibayar,292740.0
74597,1729677758275947095,7621341179695303442,26/03/2026 06:53:11,1,0,IDR,Sudah dibayar,209979.75
52621,1729677742968834647,7621341179695303442,26/03/2026 06:51:44,1,0,IDR,Sudah dibayar,193755.8
50714,1729677755464649303,7621341179695303442,26/03/2026 06:48:04,1,0,IDR,Sudah dibayar,204114.75
82441,1729677759600560727,7620734833127475976,26/03/2026 06:47:40,1,0,IDR,Sudah dibayar,197211.9
98744,1729677742968703575,7621044899399994130,26/03/2026 06:24:52,1,0,IDR,Sudah dibayar,186041.19999999998
25273,1729677743140801111,7621044899399994130,26/03/2026 06:20:05,1,0,IDR,Sudah dibayar,285272.75
36568,1729677742105004631,7621044899399994130,26/03/2026 06:16:05,1,0,IDR,Sudah dibayar,257550.0
02942,1729677743140932183,7621044899399994130,26/03/2026 06:09:38,1,0,IDR,Sudah dibayar,262585.39999999997
74288,1729677755464452695,7621044899399994130,26/03/2026 06:04:25,1,0,IDR,Sudah dibayar,187258.4
00362,1729677743140801111,7621044899399994130,26/03/2026 06:03:50,1,0,IDR,Sudah dibayar,260643.15
92038,1729677743140932183,7621044899399994130,26/03/2026 06:00:56,1,0,IDR,Sudah dibayar,228541.19999999998
36781,1729677755464649303,7621044899399994130,26/03/2026 06:00:49,1,0,IDR,Sudah dibayar,200894.94999999998
87586,1729677736926808663,7494054609567125126,26/03/2026 06:00:08,1,0,IDR,Sudah dibayar,462400.0
66057,1729677743140670039,7621044899399994130,26/03/2026 06:00:00,1,0,IDR,Sudah dibayar,254608.15
65096,1730806636781078103,7621044899399994130,26/03/2026 05:56:29,1,0,IDR,Sudah dibayar,192657.6
75390,1729677759600167511,7621044899399994130,26/03/2026 05:56:24,1,0,IDR,Sudah dibayar,191629.94999999998
98690,1731927306071869015,7609298936339254535,26/03/2026 05:55:47,1,0,IDR,Sudah dibayar,501719.3
05361,1729677755464518231,7621044899399994130,26/03/2026 05:52:46,1,0,IDR,Sudah dibayar,197596.94999999998
04219,1729677755464452695,7621044899399994130,26/03/2026 05:45:31,1,0,IDR,Sudah dibayar,181911.9
47268,1729677759600233047,7621044899399994130,26/03/2026 05:42:06,1,0,IDR,Sudah dibayar,197596.94999999998
23358,1729677742968834647,7621044899399994130,26/03/2026 05:40:16,1,0,IDR,Sudah dibayar,231558.69999999998
33927,1729677755464583767,7621044899399994130,26/03/2026 05:37:29,1,0,IDR,Sudah dibayar,251175.0
88371,1729677755464518231,7621044899399994130,26/03/2026 05:33:51,1,0,IDR,Sudah dibayar,198446.94999999998
68112,1729677759600364119,7621044899399994130,26/03/2026 05:32:33,1,0,IDR,Sudah dibayar,191714.94999999998
91543,1729677758275947095,7621044899399994130,26/03/2026 05:27:47,1,0,IDR,Sudah dibayar,193090.25
07625,1729677755464649303,7620734833127475976,26/03/2026 05:26:52,1,0,IDR,Sudah dibayar,187258.4
28413,1729677743140866647,7620934668585569031,26/03/2026 05:25:08,1,0,IDR,Sudah dibayar,260610.0
55840,1729677747184503383,7621044899399994130,26/03/2026 05:08:31,1,0,IDR,Sudah dibayar,253650.19999999998
23132,1729677755464583767,7621044899399994130,26/03/2026 05:02:10,1,0,IDR,Sudah dibayar,197596.94999999998
65205,1729677742104873559,7621044899399994130,26/03/2026 05:01:18,1,0,IDR,Sudah dibayar,285272.75
50388,1729677742968769111,7621044899399994130,26/03/2026 04:55:42,1,0,IDR,Sudah dibayar,206099.5
23698,1729677743140997719,7621044899399994130,26/03/2026 04:54:53,1,0,IDR,Sudah dibayar,252852.05
36212,1729677743140866647,7621044899399994130,26/03/2026 04:52:35,1,0,IDR,Sudah dibayar,256700.0
01965,1729677742968834647,7621044899399994130,26/03/2026 04:47:44,1,0,IDR,Sudah dibayar,211382.25
47768,1729677742104873559,7621044899399994130,26/03/2026 04:46:33,1,0,IDR,Sudah dibayar,258057.44999999998
30136,1729677743140932183,7621044899399994130,26/03/2026 04:41:14,1,0,IDR,Sudah dibayar,252058.15
11987,1729677743140932183,7607910530862337288,26/03/2026 04:34:32,1,0,IDR,Sudah dibayar,282455.0
22185,1729677746703469143,7621044899399994130,26/03/2026 04:31:02,1,0,IDR,Sudah dibayar,257550.0
54136,1729677743140866647,7621044899399994130,26/03/2026 04:06:25,1,0,IDR,Sudah dibayar,261493.15
40715,1729677755464583767,7621044899399994130,26/03/2026 04:06:00,1,0,IDR,Sudah dibayar,213379.75
17753,1729677743141128791,7621044899399994130,26/03/2026 04:04:33,1,0,IDR,Sudah dibayar,255458.15
15498,1729677755464780375,7621044899399994130,26/03/2026 04:02:44,1,0,IDR,Sudah dibayar,193940.25
15714,1729677743140932183,7621044899399994130,26/03/2026 03:57:43,1,0,IDR,Sudah dibayar,289798.14999999997
54600,1729677755464583767,7621044899399994130,26/03/2026 03:54:17,1,0,IDR,Sudah dibayar,197596.94999999998
02084,1730806636781078103,7621044899399994130,26/03/2026 03:47:11,1,0,IDR,Sudah dibayar,192657.6
46403,1729677746703469143,7621044899399994130,26/03/2026 03:41:03,1,0,IDR,Sudah dibayar,260643.15
06061,1729677758275947095,7621044899399994130,26/03/2026 03:36:04,1,0,IDR,Sudah dibayar,197596.94999999998
71295,1729677746703534679,7621044899399994130,26/03/2026 03:34:58,1,0,IDR,Sudah dibayar,263193.14999999997
08406,1729677743141128791,7621044899399994130,26/03/2026 03:30:16,1,0,IDR,Sudah dibayar,259335.0
48711,1729677759600364119,7621044899399994130,26/03/2026 03:28:28,1,0,IDR,Sudah dibayar,207031.94999999998
11082,1729677742968834647,7621044899399994130,26/03/2026 03:24:47,1,0,IDR,Sudah dibayar,189497.3
21174,1729677742105070167,7621044899399994130,26/03/2026 03:18:07,1,0,IDR,Sudah dibayar,283305.0
27215,1729677743140997719,7621044899399994130,26/03/2026 03:16:27,1,0,IDR,Sudah dibayar,260643.15
27888,1729677755464583767,7494054609567125126,26/03/2026 02:58:17,1,0,IDR,Sudah dibayar,209979.75
20171,1729677743140801111,7613252543543594258,26/03/2026 02:57:23,1,0,IDR,Sudah dibayar,219405.4
81697,1729677743140997719,7621044899399994130,26/03/2026 02:56:08,1,0,IDR,Sudah dibayar,221853.4
95280,1729677743140932183,7621044899399994130,26/03/2026 02:47:06,1,0,IDR,Sudah dibayar,258748.5
09741,1730706106318751319,7621044899399994130,26/03/2026 02:46:58,1,0,IDR,Sudah dibayar,502775.0
63513,1729677755464518231,7621044899399994130,26/03/2026 02:41:08,1,0,IDR,Sudah dibayar,192479.94999999998
33300,1731622713472943703,7621044899399994130,26/03/2026 02:30:49,1,0,IDR,Sudah dibayar,489193.7
98502,1729677761805322839,7494054609567125126,26/03/2026 02:29:47,1,0,IDR,Sudah dibayar,352835.0
41360,1731016355289138344,7621044899399994130,26/03/2026 02:27:54,1,0,IDR,Sudah dibayar,24225.0
14317,1729677742104939095,7621044899399994130,26/03/2026 02:23:51,1,0,IDR,Sudah dibayar,262768.14999999997
72831,1729677743140801111,7621044899399994130,26/03/2026 02:23:03,1,0,IDR,Sudah dibayar,255000.0
52861,1729677755464452695,7621044899399994130,26/03/2026 02:20:55,1,0,IDR,Sudah dibayar,190184.94999999998
03001,1730793833131509335,7621044899399994130,26/03/2026 02:18:31,1,0,IDR,Sudah dibayar,337893.7
10056,1729677755464518231,7621044899399994130,26/03/2026 02:17:37,1,0,IDR,Sudah dibayar,219866.94999999998
42106,1729677755464583767,7621044899399994130,26/03/2026 02:16:50,1,0,IDR,Sudah dibayar,201064.94999999998
62276,1729677758275947095,7621044899399994130,26/03/2026 02:14:11,1,0,IDR,Sudah dibayar,183918.75
85895,1729677755464518231,7621044899399994130,26/03/2026 02:12:50,1,0,IDR,Sudah dibayar,199721.94999999998
46325,1729677755464583767,7621044899399994130,26/03/2026 02:10:04,1,0,IDR,Sudah dibayar,177111.94999999998
62006,1729677734993234519,7621044899399994130,26/03/2026 02:09:32,1,0,IDR,Sudah dibayar,332350.0
21032,1729677759600167511,7621044899399994130,26/03/2026 02:09:01,1,0,IDR,Sudah dibayar,197596.94999999998
99716,1729677743140997719,7621044899399994130,26/03/2026 02:06:02,1,0,IDR,Sudah dibayar,247984.1
48627,1729677758275947095,7621044899399994130,26/03/2026 02:00:38,1,0,IDR,Sudah dibayar,194514.0
41716,1729677758275947095,7621044899399994130,26/03/2026 01:58:21,1,0,IDR,Sudah dibayar,207031.94999999998
09905,1729677743140932183,7605131813144612104,26/03/2026 01:54:02,1,0,IDR,Sudah dibayar,217762.35
71655,1729677759600495191,7620734833127475976,26/03/2026 01:51:26,1,0,IDR,Sudah dibayar,203728.85
24039,1730310850770470154,7617976796063042836,26/03/2026 01:49:18,1,0,IDR,Sudah dibayar,30005.85
23862,1729677742968769111,7621044899399994130,26/03/2026 01:44:34,1,0,IDR,Sudah dibayar,219945.15
11796,1729677755464714839,7621044899399994130,26/03/2026 01:41:01,1,0,IDR,Sudah dibayar,164961.19999999998
53643,1730174743203972695,7494054609567125126,26/03/2026 01:35:34,1,0,IDR,Sudah dibayar,468775.0
23719,1729677743140801111,7621044899399994130,26/03/2026 01:34:58,1,0,IDR,Sudah dibayar,238187.0
79132,1729677742105004631,7621044899399994130,26/03/2026 01:26:27,1,0,IDR,Sudah dibayar,242250.0
31164,1729677743140932183,7621044899399994130,26/03/2026 01:24:44,1,0,IDR,Sudah dibayar,255000.0
57398,1729677743140997719,7621044899399994130,26/03/2026 01:19:56,1,0,IDR,Sudah dibayar,256700.0
07784,1731308725958116739,7621044899399994130,26/03/2026 01:19:49,1,0,IDR,Sudah dibayar,516375.0
10162,1730149094126093896,7621044899399994130,26/03/2026 01:19:02,1,0,IDR,Sudah dibayar,57701.4
01052,1729677743140932183,7621044899399994130,26/03/2026 01:17:42,1,0,IDR,Sudah dibayar,233843.5
94424,1729677755464583767,7621044899399994130,26/03/2026 01:15:59,1,0,IDR,Sudah dibayar,197596.94999999998
04767,1730706088342685271,7621044899399994130,26/03/2026 01:11:13,1,0,IDR,Sudah dibayar,505629.3
47585,1729677755464583767,7621044899399994130,26/03/2026 01:10:44,1,0,IDR,Sudah dibayar,196916.94999999998
27000,1730174743203907159,7494054609567125126,26/03/2026 01:10:11,1,0,IDR,Sudah dibayar,463952.1
19242,1729677755464387159,7621044899399994130,26/03/2026 01:07:58,1,0,IDR,Sudah dibayar,195883.35
34379,1729677747184437847,7621044899399994130,26/03/2026 01:05:33,1,0,IDR,Sudah dibayar,259335.0
39080,1729677759600298583,7621044899399994130,26/03/2026 01:04:49,1,0,IDR,Sudah dibayar,197596.94999999998
28658,1729677755464387159,7621044899399994130,26/03/2026 01:01:28,1,0,IDR,Sudah dibayar,194790.25
63467,1730806636781078103,7621044899399994130,26/03/2026 00:59:16,1,0,IDR,Sudah dibayar,174899.4
23640,1729677743141128791,7621044899399994130,26/03/2026 00:55:41,1,0,IDR,Sudah dibayar,249680.69999999998
79795,1729677755464583767,7621044899399994130,26/03/2026 00:54:21,1,0,IDR,Sudah dibayar,187311.94999999998
70121,1729677758275947095,7621044899399994130,26/03/2026 00:54:15,1,0,IDR,Sudah dibayar,185656.15
74464,1733552688571713111,7621044899399994130,26/03/2026 00:51:48,1,0,IDR,Sudah dibayar,146986.25
78510,1730806636781078103,7621044899399994130,26/03/2026 00:51:43,1,0,IDR,Sudah dibayar,192657.6
18621,1729677747184437847,7621044899399994130,26/03/2026 00:51:40,1,0,IDR,Sudah dibayar,229290.05
86857,1729677755464321623,7621044899399994130,26/03/2026 00:51:00,1,0,IDR,Sudah dibayar,245321.9
74796,1729677759600364119,7621044899399994130,26/03/2026 00:50:48,1,0,IDR,Sudah dibayar,193901.15
90602,1729677759600233047,7621044899399994130,26/03/2026 00:49:27,1,0,IDR,Sudah dibayar,192815.69999999998
34454,1729677743141063255,7621044899399994130,26/03/2026 00:47:29,1,0,IDR,Sudah dibayar,240236.35
48481,1729677755464452695,7621044899399994130,26/03/2026 00:47:06,1,0,IDR,Sudah dibayar,166051.75
47088,1729677743141128791,7621044899399994130,26/03/2026 00:46:47,1,0,IDR,Sudah dibayar,260643.15
26642,1729677755464649303,7621044899399994130,26/03/2026 00:46:17,1,0,IDR,Sudah dibayar,193940.25
16711,1729677743141063255,7621044899399994130,26/03/2026 00:45:13,1,0,IDR,Sudah dibayar,255000.0
45323,1729677743140997719,7621044899399994130,26/03/2026 00:43:16,1,0,IDR,Sudah dibayar,234783.6
98990,1729677755464452695,7621044899399994130,26/03/2026 00:40:52,1,0,IDR,Sudah dibayar,196703.6
63166,1729677755464321623,7621044899399994130,26/03/2026 00:39:26,1,0,IDR,Sudah dibayar,198446.94999999998
56405,1734650508941493635,7494054609567125126,26/03/2026 00:37:28,1,0,IDR,Sudah dibayar,260338.0
49540,1729677755464518231,7621044899399994130,26/03/2026 00:36:28,1,0,IDR,Sudah dibayar,178511.9
24285,1731079464714667395,7621044899399994130,26/03/2026 00:36:18,1,0,IDR,Sudah dibayar,440963.0
03496,1729677746703469143,7621044899399994130,26/03/2026 00:34:17,1,0,IDR,Sudah dibayar,244472.75
15896,1729677742105070167,7621044899399994130,26/03/2026 00:30:51,1,0,IDR,Sudah dibayar,261228.8
19488,1729677743140997719,7621044899399994130,26/03/2026 00:29:53,1,0,IDR,Sudah dibayar,245032.05
37131,1729677746703469143,7621044899399994130,26/03/2026 00:27:27,1,0,IDR,Sudah dibayar,246257.75
97266,1729677755464452695,7621044899399994130,26/03/2026 00:27:27,1,0,IDR,Sudah dibayar,185811.69999999998
04169,1731927306072065623,7621044899399994130,26/03/2026 00:23:18,1,0,IDR,Sudah dibayar,501075.0
33342,1729677755464321623,7494054609567125126,26/03/2026 00:17:26,1,0,IDR,Sudah dibayar,209979.75
99779,1729677755464714839,7621044899399994130,26/03/2026 00:17:21,1,0,IDR,Sudah dibayar,182501.8
59792,1729677743140801111,7621044899399994130,26/03/2026 00:16:41,1,0,IDR,Sudah dibayar,258613.35
11375,1729677755464583767,7621044899399994130,26/03/2026 00:14:02,1,0,IDR,Sudah dibayar,198446.94999999998
53503,1729677758275816023,7621044899399994130,26/03/2026 00:09:07,1,0,IDR,Sudah dibayar,177765.6
93794,1729677755464583767,7621044899399994130,26/03/2026 00:06:42,1,0,IDR,Sudah dibayar,196264.15
90558,1733552688571713111,7620734833127475976,26/03/2026 00:05:51,1,0,IDR,Sudah dibayar,170357.85
99228,1729677743140670039,7621044899399994130,26/03/2026 00:05:12,1,0,IDR,Sudah dibayar,256700.0
39275,1729677759600298583,7621044899399994130,26/03/2026 00:05:03,1,0,IDR,Sudah dibayar,213831.94999999998
66729,1729677759600036439,7621044899399994130,26/03/2026 00:04:07,1,0,IDR,Sudah dibayar,191629.94999999998
78147,1729677746703403607,7621044899399994130,26/03/2026 00:01:09,1,0,IDR,Sudah dibayar,257670.69999999998
23720,1730793798601311831,7621044899399994130,26/03/2026 00:00:29,1,0,IDR,Sudah dibayar,245650.0
95595,1729677746703403607,7621044899399994130,25/03/2026 23:58:47,1,0,IDR,Sudah dibayar,249849.0
62190,1729677742105070167,7620934668585569031,25/03/2026 23:58:15,1,0,IDR,Sudah dibayar,249050.0
19694,1729677742105070167,7621044899399994130,25/03/2026 23:56:28,1,0,IDR,Sudah dibayar,283763.14999999997
90596,1729677743140735575,7621044899399994130,25/03/2026 23:55:33,1,0,IDR,Sudah dibayar,248668.35
75800,1729677747184503383,7610403712481217800,25/03/2026 23:54:04,1,0,IDR,Sudah dibayar,248668.35
00639,1729677743140866647,7621044899399994130,25/03/2026 23:53:12,1,0,IDR,Sudah dibayar,249518.35
77439,1729677758275816023,7621044899399994130,25/03/2026 23:50:06,1,0,IDR,Sudah dibayar,184667.6
93003,1729677755464452695,7621044899399994130,25/03/2026 23:48:39,1,0,IDR,Sudah dibayar,199851.15
03251,1729677743140866647,7621044899399994130,25/03/2026 23:46:50,1,0,IDR,Sudah dibayar,255630.69999999998
80027,1729677758275816023,7621044899399994130,25/03/2026 23:43:36,1,0,IDR,Sudah dibayar,203728.85
18291,1730706088342881879,7621044899399994130,25/03/2026 23:42:49,1,0,IDR,Sudah dibayar,502775.0
71728,1729677759600298583,7621044899399994130,25/03/2026 23:41:49,1,0,IDR,Sudah dibayar,199171.15
47433,1729677755464583767,7621044899399994130,25/03/2026 23:35:51,1,0,IDR,Sudah dibayar,199851.15
79159,1729677759600167511,7621044899399994130,25/03/2026 23:33:35,1,0,IDR,Sudah dibayar,222121.15
34391,1730706088343078487,7494054609567125126,25/03/2026 23:33:25,1,0,IDR,Sudah dibayar,486132.0
12392,1729677759600233047,7621044899399994130,25/03/2026 23:29:52,1,0,IDR,Sudah dibayar,196281.15
24144,1729677759600298583,7621044899399994130,25/03/2026 23:29:14,1,0,IDR,Sudah dibayar,200701.15
06537,1729677747184306775,7621044899399994130,25/03/2026 23:29:13,1,0,IDR,Sudah dibayar,334432.5
06537,1729677746703600215,7621044899399994130,25/03/2026 23:29:13,1,0,IDR,Sudah dibayar,334432.5
41640,1729677742104808023,7621044899399994130,25/03/2026 23:28:35,1,0,IDR,Sudah dibayar,273943.1
38806,1730310850770470154,7621044899399994130,25/03/2026 23:28:08,1,0,IDR,Sudah dibayar,30005.85
67030,1730706106318751319,7529738741506772229,25/03/2026 23:28:02,1,0,IDR,Sudah dibayar,489999.5
00906,1729677759600364119,7621044899399994130,25/03/2026 23:26:54,1,0,IDR,Sudah dibayar,220303.85
73263,1729677755464452695,7621044899399994130,25/03/2026 23:24:01,1,0,IDR,Sudah dibayar,197301.15
82448,1729677746703469143,7621044899399994130,25/03/2026 23:18:36,1,0,IDR,Sudah dibayar,278155.7
26590,1729677743140801111,7621044899399994130,25/03/2026 23:17:42,1,0,IDR,Sudah dibayar,303859.7
52250,1729677746703403607,7621044899399994130,25/03/2026 23:13:40,1,0,IDR,Sudah dibayar,244580.69999999998
99181,1729677742104808023,7621044899399994130,25/03/2026 23:13:31,1,0,IDR,Sudah dibayar,224634.6
60717,1729677759600233047,7601985587653905682,25/03/2026 23:11:06,1,0,IDR,Sudah dibayar,204578.85
13806,1729677742105004631,7621044899399994130,25/03/2026 23:07:13,1,0,IDR,Sudah dibayar,224634.6
77465,1729677747184503383,7621044899399994130,25/03/2026 22:58:12,1,0,IDR,Sudah dibayar,249057.65
35047,1729628808088290903,7621044899399994130,25/03/2026 22:56:16,1,0,IDR,Sudah dibayar,330532.7
79018,1729677759600429655,7621044899399994130,25/03/2026 22:54:25,1,0,IDR,Sudah dibayar,202963.85
73532,1729677755464583767,7621044899399994130,25/03/2026 22:49:29,1,0,IDR,Sudah dibayar,190332.0
96446,1729677755464583767,7621044899399994130,25/03/2026 22:49:25,1,0,IDR,Sudah dibayar,198321.15
35661,1729677746703469143,7621044899399994130,25/03/2026 22:48:27,1,0,IDR,Sudah dibayar,255000.0
64333,1729677743140866647,7494054609567125126,25/03/2026 22:44:58,1,0,IDR,Sudah dibayar,244472.75
03551,1729677758275947095,7621044899399994130,25/03/2026 22:44:02,1,0,IDR,Sudah dibayar,190332.0
98715,1729677755464649303,7621044899399994130,25/03/2026 22:41:17,1,0,IDR,Sudah dibayar,185883.94999999998
13627,1729677759600233047,7621044899399994130,25/03/2026 22:40:28,1,0,IDR,Sudah dibayar,185883.94999999998
52935,1730706088342881879,7620734833127475976,25/03/2026 22:40:24,1,0,IDR,Sudah dibayar,491776.85
56347,1729677755464649303,7621044899399994130,25/03/2026 22:39:45,1,0,IDR,Sudah dibayar,175882.85
97493,1729677755464518231,7621044899399994130,25/03/2026 22:38:11,1,0,IDR,Sudah dibayar,200701.15
41675,1729677746703403607,7621044899399994130,25/03/2026 22:38:04,1,0,IDR,Sudah dibayar,248200.0
28774,1729677755464583767,7621044899399994130,25/03/2026 22:35:14,1,0,IDR,Sudah dibayar,199851.15
63865,1729677743140735575,7621044899399994130,25/03/2026 22:33:26,1,0,IDR,Sudah dibayar,226130.6
51743,1730706088342750807,7621044899399994130,25/03/2026 22:32:24,1,0,IDR,Sudah dibayar,494717.0
56310,1729677746703403607,7621044899399994130,25/03/2026 22:31:39,1,0,IDR,Sudah dibayar,255000.0
89603,1729677755464387159,7621044899399994130,25/03/2026 22:30:27,1,0,IDR,Sudah dibayar,225420.0
98439,1729677755464452695,7621044899399994130,25/03/2026 22:29:05,1,0,IDR,Sudah dibayar,196616.9
72777,1730706088342947415,7621044899399994130,25/03/2026 22:26:58,1,0,IDR,Sudah dibayar,494555.5
25519,1729677755464649303,7621044899399994130,25/03/2026 22:18:52,1,0,IDR,Sudah dibayar,193901.15
95927,1729677759600167511,7621044899399994130,25/03/2026 22:16:41,1,0,IDR,Sudah dibayar,228029.5
01755,1729677746703600215,7621044899399994130,25/03/2026 22:12:24,1,0,IDR,Sudah dibayar,255000.0
29768,1730651001345640023,7621044899399994130,25/03/2026 22:08:12,1,0,IDR,Sudah dibayar,446416.6
83587,1729677743141128791,7621044899399994130,25/03/2026 22:03:19,1,0,IDR,Sudah dibayar,249907.65
71155,1729677755464714839,7621044899399994130,25/03/2026 22:02:58,1,0,IDR,Sudah dibayar,188091.4
81078,1729677755464714839,7621044899399994130,25/03/2026 22:02:33,1,0,IDR,Sudah dibayar,173487.55
83716,1729677755464518231,7621044899399994130,25/03/2026 22:02:31,1,0,IDR,Sudah dibayar,193901.15
71266,1729677743140801111,7621044899399994130,25/03/2026 22:01:40,1,0,IDR,Sudah dibayar,261888.4
01387,1729677743140670039,7621044899399994130,25/03/2026 21:58:21,1,0,IDR,Sudah dibayar,226995.05
24825,1729677755464649303,7621044899399994130,25/03/2026 21:57:38,1,0,IDR,Sudah dibayar,229006.15
76164,1729677742105004631,7621044899399994130,25/03/2026 21:57:20,1,0,IDR,Sudah dibayar,256700.0
57114,1730706106318751319,7621044899399994130,25/03/2026 21:55:52,1,0,IDR,Sudah dibayar,419248.89999999997
86471,1729677743140866647,7621044899399994130,25/03/2026 21:54:41,1,0,IDR,Sudah dibayar,224603.15
18279,1729677743140735575,7621044899399994130,25/03/2026 21:52:09,1,0,IDR,Sudah dibayar,255000.0
68683,1729677755464452695,7621044899399994130,25/03/2026 21:51:33,1,0,IDR,Sudah dibayar,183985.9
48719,1729677746703534679,7621044899399994130,25/03/2026 21:50:38,1,0,IDR,Sudah dibayar,249857.5
54885,1729677743140866647,7621044899399994130,25/03/2026 21:50:12,1,0,IDR,Sudah dibayar,245565.0
67539,1729677746703469143,7621044899399994130,25/03/2026 21:48:23,1,0,IDR,Sudah dibayar,255850.0
49565,1730706088342816343,7621044899399994130,25/03/2026 21:46:13,1,0,IDR,Sudah dibayar,471142.25
41065,1729677746703469143,7621044899399994130,25/03/2026 21:45:58,1,0,IDR,Sudah dibayar,260643.15
37132,1729677755464125015,7621044899399994130,25/03/2026 21:43:55,1,0,IDR,Sudah dibayar,199851.15
55059,1730174772503152215,7608514544238923016,25/03/2026 21:43:00,1,0,IDR,Sudah dibayar,436381.5
55121,1729677743141063255,7618460083239783186,25/03/2026 21:41:04,1,0,IDR,Sudah dibayar,245412.0
56370,1729677755464583767,7621044899399994130,25/03/2026 21:40:42,1,0,IDR,Sudah dibayar,199851.15
00793,1734483831936681347,7621044899399994130,25/03/2026 21:39:33,1,0,IDR,Sudah dibayar,248302.0
14823,1729677746703403607,7621044899399994130,25/03/2026 21:39:18,1,0,IDR,Sudah dibayar,257670.69999999998
08190,1729677746703534679,7621044899399994130,25/03/2026 21:37:54,1,0,IDR,Sudah dibayar,253045.0
01109,1729677747184503383,7621044899399994130,25/03/2026 21:36:46,1,0,IDR,Sudah dibayar,299540.0
53939,1729677755464387159,7621044899399994130,25/03/2026 21:35:08,1,0,IDR,Sudah dibayar,193901.15
37104,1729677755464583767,7621044899399994130,25/03/2026 21:34:39,1,0,IDR,Sudah dibayar,195565.44999999998
19336,1729677755464387159,7621044899399994130,25/03/2026 21:34:31,1,0,IDR,Sudah dibayar,170816.85
43233,1729677755464387159,7621044899399994130,25/03/2026 21:34:25,1,0,IDR,Sudah dibayar,170924.8
44534,1729677755464583767,7621044899399994130,25/03/2026 21:34:20,1,0,IDR,Sudah dibayar,221207.4
57503,1729677755464452695,7621044899399994130,25/03/2026 21:32:17,1,0,IDR,Sudah dibayar,225724.3
08731,1729677759600364119,7621044899399994130,25/03/2026 21:31:30,1,0,IDR,Sudah dibayar,179848.94999999998
60722,1729677758275816023,7621044899399994130,25/03/2026 21:31:20,1,0,IDR,Sudah dibayar,199851.15
38013,1729677758275947095,7621044899399994130,25/03/2026 21:30:44,1,0,IDR,Sudah dibayar,196216.55
03616,1730121322705028483,7620734833127475976,25/03/2026 21:30:02,1,0,IDR,Sudah dibayar,270164.0
51367,1729677755464518231,7621044899399994130,25/03/2026 21:29:48,1,0,IDR,Sudah dibayar,200701.15
33965,1729677746703469143,7621044899399994130,25/03/2026 21:29:30,1,0,IDR,Sudah dibayar,256700.0
43143,1729677755464583767,7621044899399994130,25/03/2026 21:29:20,1,0,IDR,Sudah dibayar,199851.15
14460,1729677758275816023,7621044899399994130,25/03/2026 21:29:13,1,0,IDR,Sudah dibayar,182886.0
35187,1729677755464518231,7621044899399994130,25/03/2026 21:28:43,1,0,IDR,Sudah dibayar,185494.65
55437,1729677743140801111,7621044899399994130,25/03/2026 21:27:23,1,0,IDR,Sudah dibayar,268695.2
18740,1729677746703469143,7621044899399994130,25/03/2026 21:27:23,1,0,IDR,Sudah dibayar,260867.55
92394,1729677742968572503,7621044899399994130,25/03/2026 21:26:52,1,0,IDR,Sudah dibayar,214655.6
86343,1729677758275816023,7621044899399994130,25/03/2026 21:26:13,1,0,IDR,Sudah dibayar,175733.25
07507,1729677755464452695,7621044899399994130,25/03/2026 21:25:57,1,0,IDR,Sudah dibayar,210829.75
87417,1729677743140866647,7621044899399994130,25/03/2026 21:25:30,1,0,IDR,Sudah dibayar,255000.0
94689,1729677755464518231,7621044899399994130,25/03/2026 21:24:35,1,0,IDR,Sudah dibayar,199851.15
39459,1729677746703403607,7621044899399994130,25/03/2026 21:24:07,1,0,IDR,Sudah dibayar,249900.0
64157,1729677755464452695,7621044899399994130,25/03/2026 21:22:50,1,0,IDR,Sudah dibayar,231399.75
20877,1729677747184503383,7494054609567125126,25/03/2026 21:22:41,1,0,IDR,Sudah dibayar,248769.5
76131,1729677743141128791,7621044899399994130,25/03/2026 21:22:25,1,0,IDR,Sudah dibayar,252504.4
39107,1729677755464452695,7621044899399994130,25/03/2026 21:21:53,1,0,IDR,Sudah dibayar,194751.15
90708,1730136533761492355,7621044899399994130,25/03/2026 21:21:51,1,0,IDR,Sudah dibayar,335759.35
46636,1729677743140801111,7621044899399994130,25/03/2026 21:21:09,1,0,IDR,Sudah dibayar,260035.4
07152,1729677755464583767,7621044899399994130,25/03/2026 21:21:07,1,0,IDR,Sudah dibayar,191103.8
10091,1729677743140801111,7621044899399994130,25/03/2026 21:21:02,1,0,IDR,Sudah dibayar,250093.8
11996,1729677755464387159,7621044899399994130,25/03/2026 21:18:59,1,0,IDR,Sudah dibayar,199851.15
35349,1729677755464583767,7621044899399994130,25/03/2026 21:18:22,1,0,IDR,Sudah dibayar,198242.94999999998
10642,1729677759600495191,7621044899399994130,25/03/2026 21:17:00,1,0,IDR,Sudah dibayar,203421.15
97216,1729677755464649303,7621044899399994130,25/03/2026 21:16:59,1,0,IDR,Sudah dibayar,186535.9
57915,1729677755464649303,7621044899399994130,25/03/2026 21:16:20,1,0,IDR,Sudah dibayar,199851.15
80936,1729677734993103447,7621044899399994130,25/03/2026 21:15:10,1,0,IDR,Sudah dibayar,320187.35
38524,1729677755464518231,7494054609567125126,25/03/2026 21:14:26,1,0,IDR,Sudah dibayar,231824.75
98215,1729677743140801111,7621044899399994130,25/03/2026 21:13:30,1,0,IDR,Sudah dibayar,249917.0
36197,1729677746703403607,7621044899399994130,25/03/2026 21:13:15,1,0,IDR,Sudah dibayar,247893.15
13924,1729677755464583767,7621044899399994130,25/03/2026 21:12:52,1,0,IDR,Sudah dibayar,199851.15
88639,1731927306072000087,7621044899399994130,25/03/2026 21:12:12,1,0,IDR,Sudah dibayar,444459.05
99641,1729677755464321623,7621044899399994130,25/03/2026 21:12:10,1,0,IDR,Sudah dibayar,199851.15
00796,1729677755464583767,7621044899399994130,25/03/2026 21:10:43,1,0,IDR,Sudah dibayar,194751.15
65762,1729677743140735575,7621044899399994130,25/03/2026 21:10:12,1,0,IDR,Sudah dibayar,253158.9
66305,1729677743140801111,7621044899399994130,25/03/2026 21:09:59,1,0,IDR,Sudah dibayar,255850.0
44076,1729677755464518231,7621044899399994130,25/03/2026 21:08:50,1,0,IDR,Sudah dibayar,210829.75
03693,1734650508941428099,7621044899399994130,25/03/2026 21:08:31,1,0,IDR,Sudah dibayar,328950.0
14519,1729677746703469143,7621044899399994130,25/03/2026 21:08:19,1,0,IDR,Sudah dibayar,224634.6
48995,1729677746703469143,7621044899399994130,25/03/2026 21:08:05,1,0,IDR,Sudah dibayar,265285.0
79305,1729677759600167511,7621044899399994130,25/03/2026 21:07:27,1,0,IDR,Sudah dibayar,190751.05
27150,1729677758275684951,7621044899399994130,25/03/2026 21:05:50,1,0,IDR,Sudah dibayar,182886.0
96468,1729677755464583767,7621044899399994130,25/03/2026 21:05:16,1,0,IDR,Sudah dibayar,189347.69999999998
31780,1729677759600429655,7621044899399994130,25/03/2026 21:04:28,1,0,IDR,Sudah dibayar,209214.75
09395,1729677759600364119,7621044899399994130,25/03/2026 21:04:05,1,0,IDR,Sudah dibayar,193940.25
74838,1729677743140866647,7621044899399994130,25/03/2026 21:02:34,1,0,IDR,Sudah dibayar,250785.69999999998
34150,1729677759600495191,7621044899399994130,25/03/2026 21:02:08,1,0,IDR,Sudah dibayar,182886.0
03901,1729677743140801111,7621044899399994130,25/03/2026 20:59:32,1,0,IDR,Sudah dibayar,256700.0
61402,1729677755464649303,7620934668585569031,25/03/2026 20:57:19,1,0,IDR,Sudah dibayar,187052.69999999998
36111,1729677746703600215,7621044899399994130,25/03/2026 20:54:59,1,0,IDR,Sudah dibayar,282455.0
36564,1729677743140801111,7621044899399994130,25/03/2026 20:54:18,1,0,IDR,Sudah dibayar,257110.55
93496,1729677743141128791,7621044899399994130,25/03/2026 20:53:46,1,0,IDR,Sudah dibayar,242648.65
54520,1729677759600495191,7621044899399994130,25/03/2026 20:53:05,1,0,IDR,Sudah dibayar,187052.69999999998
28467,1729677743140997719,7621044899399994130,25/03/2026 20:51:51,1,0,IDR,Sudah dibayar,233296.94999999998
60572,1729677755464518231,7621044899399994130,25/03/2026 20:51:42,1,0,IDR,Sudah dibayar,191601.05
60928,1729677743140866647,7621044899399994130,25/03/2026 20:50:03,1,0,IDR,Sudah dibayar,272403.75
45201,1729677746703469143,7621044899399994130,25/03/2026 20:48:47,1,0,IDR,Sudah dibayar,212722.69999999998
30379,1729677759600495191,7620734833127475976,25/03/2026 20:47:36,1,0,IDR,Sudah dibayar,177337.19999999998
11120,1729677755464583767,7621044899399994130,25/03/2026 20:47:28,1,0,IDR,Sudah dibayar,187052.69999999998
94083,1729677755464518231,7621044899399994130,25/03/2026 20:47:02,1,0,IDR,Sudah dibayar,227974.25
71160,1729677755464714839,7621044899399994130,25/03/2026 20:45:44,1,0,IDR,Sudah dibayar,191601.05
59793,1729677758276274775,7621044899399994130,25/03/2026 20:45:32,1,0,IDR,Sudah dibayar,183512.44999999998
78695,1729677759600429655,7621044899399994130,25/03/2026 20:44:51,1,0,IDR,Sudah dibayar,183736.0
10185,1729677755464780375,7621044899399994130,25/03/2026 20:44:36,1,0,IDR,Sudah dibayar,193813.6
32044,1729677746703469143,7621044899399994130,25/03/2026 20:42:38,1,0,IDR,Sudah dibayar,249962.05
40619,1729677743140866647,7620734833127475976,25/03/2026 20:42:26,2,0,IDR,Sudah dibayar,494021.7
40619,1729677743140801111,7620734833127475976,25/03/2026 20:42:26,1,0,IDR,Sudah dibayar,247010.85
40619,1729677743140735575,7620734833127475976,25/03/2026 20:42:26,1,0,IDR,Sudah dibayar,247010.85
40619,1729677742105135703,7620734833127475976,25/03/2026 20:42:26,1,0,IDR,Sudah dibayar,247010.85
40619,1729677742105070167,7620734833127475976,25/03/2026 20:42:26,1,0,IDR,Sudah dibayar,247010.85
40619,1729677742105004631,7620734833127475976,25/03/2026 20:42:26,1,0,IDR,Sudah dibayar,247010.85
40619,1729677742104873559,7620734833127475976,25/03/2026 20:42:26,1,0,IDR,Sudah dibayar,247010.85
40619,1729677742104808023,7620734833127475976,25/03/2026 20:42:26,1,0,IDR,Sudah dibayar,247010.85
40619,1729677742104742487,7620734833127475976,25/03/2026 20:42:26,1,0,IDR,Sudah dibayar,247010.85
71205,1729677755464518231,7621044899399994130,25/03/2026 20:40:50,1,0,IDR,Sudah dibayar,182501.8
26450,1729677758275816023,7621044899399994130,25/03/2026 20:40:25,1,0,IDR,Sudah dibayar,179145.15
08686,1729677742104873559,7620734833127475976,25/03/2026 20:40:05,1,0,IDR,Sudah dibayar,249057.65
68573,1729677746703469143,7621044899399994130,25/03/2026 20:38:53,1,0,IDR,Sudah dibayar,261902.0
70217,1729677742968834647,7621044899399994130,25/03/2026 20:38:52,1,0,IDR,Sudah dibayar,203235.85
55090,1729677755464256087,7618460083239783186,25/03/2026 20:38:25,1,0,IDR,Sudah dibayar,166884.75
90177,1729677755464649303,7621044899399994130,25/03/2026 20:38:22,1,0,IDR,Sudah dibayar,182886.0
78390,1729677759600298583,7621044899399994130,25/03/2026 20:38:07,1,0,IDR,Sudah dibayar,182840.1
47318,1730310850770470154,7621044899399994130,25/03/2026 20:38:07,1,0,IDR,Sudah dibayar,28208.95
32480,1729677755464583767,7621044899399994130,25/03/2026 20:37:33,1,0,IDR,Sudah dibayar,186041.19999999998
90908,1729677755464518231,7621044899399994130,25/03/2026 20:37:22,1,0,IDR,Sudah dibayar,190197.69999999998
65063,1729677755464518231,7621044899399994130,25/03/2026 20:37:16,1,0,IDR,Sudah dibayar,209979.75
56486,1729677755464387159,7621044899399994130,25/03/2026 20:36:57,1,0,IDR,Sudah dibayar,189901.05
93739,1729677755464583767,7621044899399994130,25/03/2026 20:35:21,1,0,IDR,Sudah dibayar,191601.05
66418,1729677755464452695,7621044899399994130,25/03/2026 20:34:37,1,0,IDR,Sudah dibayar,190578.5
65229,1729677743140801111,7621044899399994130,25/03/2026 20:33:43,1,0,IDR,Sudah dibayar,257371.5
33812,1729677755464583767,7621044899399994130,25/03/2026 20:33:21,1,0,IDR,Sudah dibayar,188108.4
53876,1729677755464649303,7621044899399994130,25/03/2026 20:31:57,1,0,IDR,Sudah dibayar,185072.19999999998
03022,1729677743140997719,7620734833127475976,25/03/2026 20:31:42,1,0,IDR,Sudah dibayar,247408.65
64245,1729677758275816023,7621044899399994130,25/03/2026 20:30:34,1,0,IDR,Sudah dibayar,185011.0
98096,1729677743140604503,7621044899399994130,25/03/2026 20:29:47,1,0,IDR,Sudah dibayar,252944.69999999998
46664,1729677743140866647,7621044899399994130,25/03/2026 20:29:21,1,0,IDR,Sudah dibayar,239164.5
18285,1729677743140866647,7621044899399994130,25/03/2026 20:28:55,1,0,IDR,Sudah dibayar,238646.0
97275,1729677755464518231,7621044899399994130,25/03/2026 20:28:51,1,0,IDR,Sudah dibayar,172997.94999999998
51636,1729677759600233047,7621044899399994130,25/03/2026 20:28:50,1,0,IDR,Sudah dibayar,182501.8
41582,1729677759600233047,7621044899399994130,25/03/2026 20:28:00,1,0,IDR,Sudah dibayar,182501.8
22266,1729677743140801111,7621044899399994130,25/03/2026 20:27:03,1,0,IDR,Sudah dibayar,255850.0
57615,1729677755464387159,7621044899399994130,25/03/2026 20:26:45,1,0,IDR,Sudah dibayar,218355.65
93507,1729677743141128791,7621044899399994130,25/03/2026 20:25:34,1,0,IDR,Sudah dibayar,254152.55
75054,1729677743140866647,7621044899399994130,25/03/2026 20:23:47,1,0,IDR,Sudah dibayar,248230.6
06352,1729677743140801111,7621044899399994130,25/03/2026 20:23:01,1,0,IDR,Sudah dibayar,259725.15
85296,1729677755464387159,7621044899399994130,25/03/2026 20:21:56,1,0,IDR,Sudah dibayar,184921.75
88498,1729677755464649303,7621044899399994130,25/03/2026 20:21:17,1,0,IDR,Sudah dibayar,197596.94999999998
01838,1730310850770470154,7621044899399994130,25/03/2026 20:19:02,1,0,IDR,Sudah dibayar,37103.35
79887,1729677746703469143,7621044899399994130,25/03/2026 20:18:30,1,0,IDR,Sudah dibayar,231568.05
95309,1729677755464649303,7621044899399994130,25/03/2026 20:18:01,1,0,IDR,Sudah dibayar,208950.4
91536,1729677755464518231,7621044899399994130,25/03/2026 20:17:53,1,0,IDR,Sudah dibayar,198446.94999999998
96339,1729677759600429655,7621044899399994130,25/03/2026 20:17:51,1,0,IDR,Sudah dibayar,183736.0
76382,1729677743140801111,7621044899399994130,25/03/2026 20:17:05,1,0,IDR,Sudah dibayar,256700.0
28182,1729677743140866647,7621044899399994130,25/03/2026 20:17:00,1,0,IDR,Sudah dibayar,255850.0
74870,1729677755464583767,7621044899399994130,25/03/2026 20:15:10,1,0,IDR,Sudah dibayar,183736.0
03521,1730868728727963223,7621044899399994130,25/03/2026 20:14:52,1,0,IDR,Sudah dibayar,465882.45
23374,1729677755464649303,7621044899399994130,25/03/2026 20:13:41,1,0,IDR,Sudah dibayar,168034.8
24519,1729677734993168983,7621044899399994130,25/03/2026 20:13:10,1,0,IDR,Sudah dibayar,333370.0
00371,1729677755464452695,7621044899399994130,25/03/2026 20:12:55,1,0,IDR,Sudah dibayar,227999.75
41600,1729677755464583767,7621044899399994130,25/03/2026 20:12:53,1,0,IDR,Sudah dibayar,193090.25
77172,1729677755464518231,7621044899399994130,25/03/2026 20:12:42,1,0,IDR,Sudah dibayar,182886.0
21550,1729677746703403607,7621044899399994130,25/03/2026 20:11:33,1,0,IDR,Sudah dibayar,422802.75
74246,1729677755464649303,7621044899399994130,25/03/2026 20:09:56,1,0,IDR,Sudah dibayar,197596.94999999998
16410,1729677755464452695,7621044899399994130,25/03/2026 20:09:18,1,0,IDR,Sudah dibayar,193940.25
27097,1729677755464452695,7621044899399994130,25/03/2026 20:09:06,1,0,IDR,Sudah dibayar,200991.0
31442,1729677759600429655,7621044899399994130,25/03/2026 20:08:39,1,0,IDR,Sudah dibayar,185832.94999999998
70040,1729677742968834647,7621044899399994130,25/03/2026 20:08:29,1,0,IDR,Sudah dibayar,207310.75
40297,1729677755464387159,7621044899399994130,25/03/2026 20:08:11,1,0,IDR,Sudah dibayar,189347.69999999998
20976,1729677755464452695,7621044899399994130,25/03/2026 20:07:56,1,0,IDR,Sudah dibayar,191510.94999999998
84432,1729677755464518231,7621044899399994130,25/03/2026 20:07:38,1,0,IDR,Sudah dibayar,191629.94999999998
33485,1729677755464780375,7621044899399994130,25/03/2026 20:07:18,1,0,IDR,Sudah dibayar,198446.94999999998
72124,1729677759600364119,7621044899399994130,25/03/2026 20:06:18,1,0,IDR,Sudah dibayar,188497.69999999998
23049,1729677759600298583,7621044899399994130,25/03/2026 20:06:14,1,0,IDR,Sudah dibayar,197893.6
62283,1729677755464583767,7621044899399994130,25/03/2026 20:06:10,1,0,IDR,Sudah dibayar,188497.69999999998
91015,1730706088343012951,7621044899399994130,25/03/2026 20:05:15,1,0,IDR,Sudah dibayar,502749.5
73709,1729677759600429655,7621044899399994130,25/03/2026 20:04:51,1,0,IDR,Sudah dibayar,188497.69999999998
83294,1729677755464583767,7621044899399994130,25/03/2026 20:04:35,1,0,IDR,Sudah dibayar,164741.9
19384,1729677743141128791,7621044899399994130,25/03/2026 20:04:06,1,0,IDR,Sudah dibayar,314587.55
69751,1729677759600364119,7621044899399994130,25/03/2026 20:03:59,1,0,IDR,Sudah dibayar,188497.69999999998
03966,1729677755464452695,7621044899399994130,25/03/2026 20:03:12,1,0,IDR,Sudah dibayar,188497.69999999998
78407,1729677758275619415,7621044899399994130,25/03/2026 20:01:46,1,0,IDR,Sudah dibayar,182281.65
21899,1730706107471922775,7621044899399994130,25/03/2026 20:01:34,1,0,IDR,Sudah dibayar,468775.0
95432,1730806648018667095,7621044899399994130,25/03/2026 20:00:19,1,0,IDR,Sudah dibayar,216313.1
61982,1730174743203907159,7621044899399994130,25/03/2026 19:59:52,1,0,IDR,Sudah dibayar,443870.0
45907,1729677755464125015,7621044899399994130,25/03/2026 19:59:14,1,0,IDR,Sudah dibayar,185072.19999999998
46058,1729677759600495191,7621044899399994130,25/03/2026 19:58:52,1,0,IDR,Sudah dibayar,205177.25
46058,1729677755464452695,7621044899399994130,25/03/2026 19:58:52,1,0,IDR,Sudah dibayar,205177.25
04829,1729677759600233047,7621044899399994130,25/03/2026 19:58:19,1,0,IDR,Sudah dibayar,223602.69999999998
52828,1730310850770470154,7621044899399994130,25/03/2026 19:58:14,1,0,IDR,Sudah dibayar,27992.2
64063,1729677755464649303,7621044899399994130,25/03/2026 19:58:08,1,0,IDR,Sudah dibayar,191560.25
35842,1729677755464452695,7621044899399994130,25/03/2026 19:57:57,1,0,IDR,Sudah dibayar,187303.44999999998
00844,1729677755464452695,7621044899399994130,25/03/2026 19:56:29,1,0,IDR,Sudah dibayar,179520.0
96254,1729677758327065175,7621044899399994130,25/03/2026 19:55:51,1,0,IDR,Sudah dibayar,306595.0
75296,1729677755464583767,7621044899399994130,25/03/2026 19:55:47,1,0,IDR,Sudah dibayar,182886.0
44983,1729677755464518231,7621044899399994130,25/03/2026 19:55:39,1,0,IDR,Sudah dibayar,189669.0
51650,1729677759600364119,7621044899399994130,25/03/2026 19:55:09,1,0,IDR,Sudah dibayar,198446.94999999998
47550,1729677755464583767,7621044899399994130,25/03/2026 19:54:59,1,0,IDR,Sudah dibayar,181071.25
99632,1729677755464518231,7621044899399994130,25/03/2026 19:54:13,1,0,IDR,Sudah dibayar,213066.94999999998
17503,1729677759600429655,7621044899399994130,25/03/2026 19:53:32,1,0,IDR,Sudah dibayar,234855.0
02520,1729677743140866647,7621044899399994130,25/03/2026 19:53:26,1,0,IDR,Sudah dibayar,256700.0
92194,1729677747184503383,7589779411218582791,25/03/2026 19:52:17,1,0,IDR,Sudah dibayar,239751.0
63791,1729677755464583767,7621044899399994130,25/03/2026 19:52:11,1,0,IDR,Sudah dibayar,182886.0
21646,1729677755464583767,7621044899399994130,25/03/2026 19:51:46,1,0,IDR,Sudah dibayar,175606.6
21281,1729677755464452695,7621044899399994130,25/03/2026 19:51:26,1,0,IDR,Sudah dibayar,193090.25
38946,1729677755464518231,7621044899399994130,25/03/2026 19:51:20,1,0,IDR,Sudah dibayar,189347.69999999998
13510,1729677755464387159,7621044899399994130,25/03/2026 19:50:19,1,0,IDR,Sudah dibayar,188497.69999999998
76347,1729677755464649303,7621044899399994130,25/03/2026 19:49:07,1,0,IDR,Sudah dibayar,192479.94999999998
01230,1729677755464518231,7621044899399994130,25/03/2026 19:48:35,1,0,IDR,Sudah dibayar,190751.05
33211,1729677755464518231,7621044899399994130,25/03/2026 19:48:23,1,0,IDR,Sudah dibayar,192479.94999999998
74793,1729677746703403607,7621044899399994130,25/03/2026 19:47:49,1,0,IDR,Sudah dibayar,242347.75
13054,1730174743203645015,7621044899399994130,25/03/2026 19:47:06,1,0,IDR,Sudah dibayar,408395.25
83689,1729677746703469143,7621044899399994130,25/03/2026 19:47:01,1,0,IDR,Sudah dibayar,254935.4
45438,1729677755464387159,7621044899399994130,25/03/2026 19:46:46,1,0,IDR,Sudah dibayar,182886.0
05486,1730174772819887703,7621044899399994130,25/03/2026 19:45:36,1,0,IDR,Sudah dibayar,469625.0
04257,1729677755464714839,7621044899399994130,25/03/2026 19:45:22,1,0,IDR,Sudah dibayar,189347.69999999998
79140,1729768205592856151,7621044899399994130,25/03/2026 19:45:04,1,0,IDR,Sudah dibayar,410975.0
38696,1729677758275816023,7621044899399994130,25/03/2026 19:45:02,1,0,IDR,Sudah dibayar,189748.05
34748,1729677755464649303,7621044899399994130,25/03/2026 19:44:31,1,0,IDR,Sudah dibayar,201461.05
24224,1729677755464518231,7621044899399994130,25/03/2026 19:44:29,1,0,IDR,Sudah dibayar,191629.94999999998
42976,1729677759600233047,7621044899399994130,25/03/2026 19:41:32,1,0,IDR,Sudah dibayar,197596.94999999998
55742,1729677743140866647,7621044899399994130,25/03/2026 19:41:10,1,0,IDR,Sudah dibayar,255850.0
34708,1729677743141194327,7621044899399994130,25/03/2026 19:39:53,1,0,IDR,Sudah dibayar,256700.0
40762,1729677755464518231,7621044899399994130,25/03/2026 19:39:46,1,0,IDR,Sudah dibayar,193940.25
95848,1729677755464518231,7621044899399994130,25/03/2026 19:38:29,1,0,IDR,Sudah dibayar,188497.69999999998
41169,1729677758275750487,7621044899399994130,25/03/2026 19:38:23,1,0,IDR,Sudah dibayar,179520.0
50471,1729677755464583767,7621044899399994130,25/03/2026 19:38:01,1,0,IDR,Sudah dibayar,189347.69999999998
97228,1729677755464452695,7621044899399994130,25/03/2026 19:37:00,1,0,IDR,Sudah dibayar,198446.94999999998
49514,1729677755464452695,7621044899399994130,25/03/2026 19:35:29,1,0,IDR,Sudah dibayar,181911.9
99811,1729677759600298583,7621044899399994130,25/03/2026 19:34:58,1,0,IDR,Sudah dibayar,169197.6
05010,1729677759600036439,7621044899399994130,25/03/2026 19:34:55,1,0,IDR,Sudah dibayar,211623.65
05010,1729677755464518231,7621044899399994130,25/03/2026 19:34:55,1,0,IDR,Sudah dibayar,211621.94999999998
05010,1729677755464387159,7621044899399994130,25/03/2026 19:34:55,1,0,IDR,Sudah dibayar,211623.65
40890,1729677746703600215,7621044899399994130,25/03/2026 19:34:53,1,0,IDR,Sudah dibayar,283438.45
61495,1729677746703600215,7621044899399994130,25/03/2026 19:34:12,1,0,IDR,Sudah dibayar,255000.0
36619,1729677755464518231,7621044899399994130,25/03/2026 19:33:42,1,0,IDR,Sudah dibayar,191909.6
78224,1729677755464583767,7621044899399994130,25/03/2026 19:33:03,1,0,IDR,Sudah dibayar,201332.69999999998
56084,1729677755464518231,7621044899399994130,25/03/2026 19:32:42,1,0,IDR,Sudah dibayar,182886.0
06540,1729677755464387159,7621044899399994130,25/03/2026 19:32:27,1,0,IDR,Sudah dibayar,190751.05
44275,1729677755464387159,7621044899399994130,25/03/2026 19:31:52,1,0,IDR,Sudah dibayar,187052.69999999998
96040,1729677742105004631,7621044899399994130,25/03/2026 19:31:21,1,0,IDR,Sudah dibayar,254745.0
86926,1729677742105004631,7621044899399994130,25/03/2026 19:30:23,1,0,IDR,Sudah dibayar,256700.0
61842,1729677755464583767,7621044899399994130,25/03/2026 19:29:50,1,0,IDR,Sudah dibayar,181072.1
68755,1729677755464649303,7621044899399994130,25/03/2026 19:29:13,1,0,IDR,Sudah dibayar,183206.44999999998
67148,1729677747184503383,7621044899399994130,25/03/2026 19:28:45,1,0,IDR,Sudah dibayar,253045.0
85085,1729677755464518231,7621044899399994130,25/03/2026 19:26:27,1,0,IDR,Sudah dibayar,196571.0
79770,1729677743140866647,7621044899399994130,25/03/2026 19:25:13,1,0,IDR,Sudah dibayar,251208.15
30808,1729677743141128791,7621044899399994130,25/03/2026 19:24:52,1,0,IDR,Sudah dibayar,257670.69999999998
86749,1729677755464387159,7621044899399994130,25/03/2026 19:24:46,1,0,IDR,Sudah dibayar,181911.9
47906,1729677755464714839,7621044899399994130,25/03/2026 19:24:23,1,0,IDR,Sudah dibayar,190751.05
11161,1729677743140801111,7621044899399994130,25/03/2026 19:23:45,1,0,IDR,Sudah dibayar,239711.9
29349,1729677746703469143,7621044899399994130,25/03/2026 19:23:02,1,0,IDR,Sudah dibayar,221000.0
98696,1729677755464583767,7621044899399994130,25/03/2026 19:21:47,1,0,IDR,Sudah dibayar,187181.05
35388,1729677755464452695,7609440172182146312,25/03/2026 19:21:33,1,0,IDR,Sudah dibayar,182291.0
56836,1729677743140801111,7621044899399994130,25/03/2026 19:20:18,1,0,IDR,Sudah dibayar,257661.35
45149,1729677759600495191,7621044899399994130,25/03/2026 19:19:28,1,0,IDR,Sudah dibayar,198446.94999999998
73910,1729677755464714839,7621044899399994130,25/03/2026 19:19:13,1,0,IDR,Sudah dibayar,161896.94999999998
02826,1729677742104873559,7621044899399994130,25/03/2026 19:18:40,1,0,IDR,Sudah dibayar,235546.9
93690,1729677742105004631,7621044899399994130,25/03/2026 19:18:35,1,0,IDR,Sudah dibayar,278578.14999999997
30881,1729677743141128791,7621044899399994130,25/03/2026 19:18:15,1,0,IDR,Sudah dibayar,253117.25
16875,1729677755464518231,7621044899399994130,25/03/2026 19:18:13,1,0,IDR,Sudah dibayar,182291.0
28529,1729677755464518231,7621044899399994130,25/03/2026 19:17:52,1,0,IDR,Sudah dibayar,170900.15
06469,1729677759600298583,7621044899399994130,25/03/2026 19:17:51,1,0,IDR,Sudah dibayar,191676.69999999998
88122,1729677755464649303,7621044899399994130,25/03/2026 19:17:23,1,0,IDR,Sudah dibayar,182886.0
64937,1729677743140801111,7494054609567125126,25/03/2026 19:16:56,1,0,IDR,Sudah dibayar,256700.0
57608,1729677759600233047,7621044899399994130,25/03/2026 19:16:37,1,0,IDR,Sudah dibayar,234799.75
85729,1729677755464714839,7621044899399994130,25/03/2026 19:16:35,1,0,IDR,Sudah dibayar,192479.94999999998
78978,1730310850770470154,7621044899399994130,25/03/2026 19:16:32,1,0,IDR,Sudah dibayar,29692.2
63178,1729677743140735575,7621044899399994130,25/03/2026 19:16:20,1,0,IDR,Sudah dibayar,253758.15
04179,1729677755464518231,7621044899399994130,25/03/2026 19:16:16,1,0,IDR,Sudah dibayar,182886.0
52258,1729677742104611415,7621044899399994130,25/03/2026 19:15:39,1,0,IDR,Sudah dibayar,255850.0
13552,1729677759600298583,7621044899399994130,25/03/2026 19:15:26,1,0,IDR,Sudah dibayar,190116.94999999998
47835,1729677759600298583,7621044899399994130,25/03/2026 19:15:20,1,0,IDR,Sudah dibayar,188185.75
58467,1729677743140801111,7621044899399994130,25/03/2026 19:15:14,1,0,IDR,Sudah dibayar,217043.25
97831,1729677758275947095,7621044899399994130,25/03/2026 19:15:14,1,0,IDR,Sudah dibayar,190184.94999999998
52927,1729677755464649303,7621044899399994130,25/03/2026 19:14:46,1,0,IDR,Sudah dibayar,182886.0
96508,1729677759600495191,7621044899399994130,25/03/2026 19:14:43,1,0,IDR,Sudah dibayar,199271.44999999998
07903,1729677743140932183,7621044899399994130,25/03/2026 19:14:38,1,0,IDR,Sudah dibayar,257322.19999999998
66866,1729677755464583767,7621044899399994130,25/03/2026 19:14:30,1,0,IDR,Sudah dibayar,185922.19999999998
50686,1729677755464452695,7621044899399994130,25/03/2026 19:14:13,1,0,IDR,Sudah dibayar,168371.4
45573,1729677742105004631,7621044899399994130,25/03/2026 19:14:06,1,0,IDR,Sudah dibayar,256700.0
09068,1729677758275619415,7621044899399994130,25/03/2026 19:13:44,1,0,IDR,Sudah dibayar,199721.94999999998
54231,1729677743140866647,7621044899399994130,25/03/2026 19:13:38,1,0,IDR,Sudah dibayar,251608.5
17971,1729677755464452695,7621044899399994130,25/03/2026 19:13:35,1,0,IDR,Sudah dibayar,199562.15
83365,1729677755464583767,7621044899399994130,25/03/2026 19:12:23,1,0,IDR,Sudah dibayar,189347.69999999998
24101,1729677743140997719,7621044899399994130,25/03/2026 19:11:48,1,0,IDR,Sudah dibayar,252469.55
16499,1729677743140866647,7621044899399994130,25/03/2026 19:11:33,1,0,IDR,Sudah dibayar,258603.15
09196,1729677755464518231,7621044899399994130,25/03/2026 19:11:30,1,0,IDR,Sudah dibayar,178444.75
12851,1729677755464387159,7621044899399994130,25/03/2026 19:11:24,1,0,IDR,Sudah dibayar,160440.05
24329,1729677758275816023,7621044899399994130,25/03/2026 19:11:23,1,0,IDR,Sudah dibayar,191601.05
01742,1729677759600167511,7621044899399994130,25/03/2026 19:11:17,1,0,IDR,Sudah dibayar,207031.94999999998
12334,1729677755464649303,7621044899399994130,25/03/2026 19:11:10,1,0,IDR,Sudah dibayar,193090.25
44988,1729677755464256087,7621044899399994130,25/03/2026 19:11:05,1,0,IDR,Sudah dibayar,190751.05
21659,1729677742104873559,7621044899399994130,25/03/2026 19:10:49,1,0,IDR,Sudah dibayar,244472.75
68777,1729677755464387159,7621044899399994130,25/03/2026 19:10:21,1,0,IDR,Sudah dibayar,188185.75
07427,1729677755464387159,7621044899399994130,25/03/2026 19:09:10,1,0,IDR,Sudah dibayar,188446.69999999998
38098,1729677747184437847,7621044899399994130,25/03/2026 19:08:58,1,0,IDR,Sudah dibayar,245565.0
86106,1731308689765467523,7621044899399994130,25/03/2026 19:07:56,1,0,IDR,Sudah dibayar,442799.0
12551,1729677755464452695,7621044899399994130,25/03/2026 19:07:43,1,0,IDR,Sudah dibayar,172972.44999999998
54884,1729677743140801111,7621044899399994130,25/03/2026 19:07:38,1,0,IDR,Sudah dibayar,249050.0
12081,1729677755464387159,7621044899399994130,25/03/2026 19:07:33,1,0,IDR,Sudah dibayar,198191.94999999998
97964,1729677759600298583,7621044899399994130,25/03/2026 19:07:11,1,0,IDR,Sudah dibayar,168522.69999999998
22929,1729677758275816023,7621044899399994130,25/03/2026 19:07:00,1,0,IDR,Sudah dibayar,191601.05
08259,1729677743140866647,7621044899399994130,25/03/2026 19:06:40,1,0,IDR,Sudah dibayar,241647.35
70751,1729677746703534679,7621044899399994130,25/03/2026 19:06:31,1,0,IDR,Sudah dibayar,187000.0
95305,1729677743141128791,7621044899399994130,25/03/2026 19:06:13,1,0,IDR,Sudah dibayar,239295.4
71957,1730706088342947415,7621044899399994130,25/03/2026 19:05:05,1,0,IDR,Sudah dibayar,442799.0
04512,1729677755464387159,7621044899399994130,25/03/2026 19:03:08,1,0,IDR,Sudah dibayar,188108.4
90396,1729677755464583767,7621044899399994130,25/03/2026 19:02:44,1,0,IDR,Sudah dibayar,189347.69999999998
60874,1729677755464583767,7621044899399994130,25/03/2026 19:02:35,1,0,IDR,Sudah dibayar,185072.19999999998
75278,1730806636780750423,7621044899399994130,25/03/2026 19:02:13,1,0,IDR,Sudah dibayar,186064.15
25863,1729677758275619415,7621044899399994130,25/03/2026 19:01:59,1,0,IDR,Sudah dibayar,199443.15
56328,1729677755464452695,7621044899399994130,25/03/2026 18:59:43,1,0,IDR,Sudah dibayar,190751.05
08670,1729677746703403607,7494054609567125126,25/03/2026 18:59:28,1,0,IDR,Sudah dibayar,244982.75
48693,1729677755464387159,7621044899399994130,25/03/2026 18:59:13,1,0,IDR,Sudah dibayar,186180.6
38139,1729677742104873559,7621044899399994130,25/03/2026 18:58:51,1,0,IDR,Sudah dibayar,255850.0
44435,1729677759600429655,7621044899399994130,25/03/2026 18:58:49,1,0,IDR,Sudah dibayar,185653.6
79810,1729677755464452695,7621044899399994130,25/03/2026 18:57:12,1,0,IDR,Sudah dibayar,191601.05
46819,1729677759600429655,7621044899399994130,25/03/2026 18:57:03,1,0,IDR,Sudah dibayar,183736.0
14003,1729677755464714839,7621044899399994130,25/03/2026 18:56:16,1,0,IDR,Sudah dibayar,190725.55
47021,1729677743141128791,7621044899399994130,25/03/2026 18:55:32,1,0,IDR,Sudah dibayar,226695.0
78212,1729677759600429655,7621044899399994130,25/03/2026 18:54:37,1,0,IDR,Sudah dibayar,179289.65
89887,1729677758275750487,7621044899399994130,25/03/2026 18:54:16,1,0,IDR,Sudah dibayar,179520.0
24120,1729677746703403607,7621044899399994130,25/03/2026 18:53:57,1,0,IDR,Sudah dibayar,238164.9
29752,1729677743140866647,7621044899399994130,25/03/2026 18:52:42,1,0,IDR,Sudah dibayar,252450.0
11303,1729677743140866647,7621044899399994130,25/03/2026 18:52:25,1,0,IDR,Sudah dibayar,238345.1
13222,1729677755464387159,7621044899399994130,25/03/2026 18:51:40,1,0,IDR,Sudah dibayar,195343.6
88016,1729677755464649303,7621044899399994130,25/03/2026 18:50:56,1,0,IDR,Sudah dibayar,168645.1
37588,1729677755464649303,7620734833127475976,25/03/2026 18:50:55,1,0,IDR,Sudah dibayar,179060.15
58622,1729677743140866647,7621044899399994130,25/03/2026 18:50:08,1,0,IDR,Sudah dibayar,258603.15
06547,1729677755464583767,7621044899399994130,25/03/2026 18:49:52,1,0,IDR,Sudah dibayar,184702.44999999998
48528,1729677755464387159,7621044899399994130,25/03/2026 18:49:47,1,0,IDR,Sudah dibayar,179616.05
44001,1729677755464518231,7621044899399994130,25/03/2026 18:49:34,1,0,IDR,Sudah dibayar,193940.25
92426,1729677755464387159,7621044899399994130,25/03/2026 18:49:12,1,0,IDR,Sudah dibayar,182166.05
88459,1729677759600429655,7621044899399994130,25/03/2026 18:49:08,1,0,IDR,Sudah dibayar,179287.94999999998
33444,1729677746703665751,7621044899399994130,25/03/2026 18:48:46,1,0,IDR,Sudah dibayar,257550.0
78710,1729677743140866647,7621044899399994130,25/03/2026 18:47:44,1,0,IDR,Sudah dibayar,255000.0
28464,1729677746703403607,7621044899399994130,25/03/2026 18:46:34,1,0,IDR,Sudah dibayar,248258.65
87748,1729677759600233047,7621044899399994130,25/03/2026 18:46:28,1,0,IDR,Sudah dibayar,202941.75
68767,1729677742104873559,7621044899399994130,25/03/2026 18:46:18,1,0,IDR,Sudah dibayar,250750.0
58874,1730174743203972695,7494054609567125126,25/03/2026 18:45:33,1,0,IDR,Sudah dibayar,468775.0
00867,1729677755464518231,7621044899399994130,25/03/2026 18:44:43,1,0,IDR,Sudah dibayar,177362.69999999998
62958,1729677759600364119,7621044899399994130,25/03/2026 18:44:04,1,0,IDR,Sudah dibayar,201911.55
21775,1729677743140997719,7621044899399994130,25/03/2026 18:43:49,1,0,IDR,Sudah dibayar,256700.0
29442,1729677743140604503,7621044899399994130,25/03/2026 18:42:30,1,0,IDR,Sudah dibayar,224634.6
39899,1729677759600364119,7621044899399994130,25/03/2026 18:41:33,1,0,IDR,Sudah dibayar,173171.35
02393,1729677742105201239,7621044899399994130,25/03/2026 18:40:45,1,0,IDR,Sudah dibayar,248258.65
75668,1730806636780750423,7621044899399994130,25/03/2026 18:40:45,1,0,IDR,Sudah dibayar,190248.69999999998
95810,1729677755464321623,7621044899399994130,25/03/2026 18:39:04,1,0,IDR,Sudah dibayar,190981.4
11490,1733552670791534167,7494054609567125126,25/03/2026 18:37:15,1,0,IDR,Sudah dibayar,236215.0
58940,1729677743140866647,7621044899399994130,25/03/2026 18:36:26,1,0,IDR,Sudah dibayar,262475.75
62063,1729677743140866647,7621044899399994130,25/03/2026 18:35:51,1,0,IDR,Sudah dibayar,254152.55
73424,1729677742104939095,7621044899399994130,25/03/2026 18:35:24,1,0,IDR,Sudah dibayar,257608.65
07462,1729677755464452695,7621044899399994130,25/03/2026 18:35:21,1,0,IDR,Sudah dibayar,188497.69999999998
00347,1732072010571744840,7621044899399994130,25/03/2026 18:35:17,1,0,IDR,Sudah dibayar,48934.5
00347,1732072010571548232,7621044899399994130,25/03/2026 18:35:17,1,0,IDR,Sudah dibayar,48934.5
06081,1729677758275816023,7621044899399994130,25/03/2026 18:35:00,1,0,IDR,Sudah dibayar,189347.69999999998
52413,1729677758275619415,7621044899399994130,25/03/2026 18:32:59,1,0,IDR,Sudah dibayar,172799.05
03793,1729677742105004631,7621044899399994130,25/03/2026 18:31:36,1,0,IDR,Sudah dibayar,255000.0
28462,1733552718078969431,7621044899399994130,25/03/2026 18:30:59,1,0,IDR,Sudah dibayar,205135.6
76492,1729677759600298583,7621044899399994130,25/03/2026 18:30:57,1,0,IDR,Sudah dibayar,196814.94999999998
65929,1729677759600298583,7601985587653905682,25/03/2026 18:30:35,1,0,IDR,Sudah dibayar,165489.9
63287,1729677742104808023,7621044899399994130,25/03/2026 18:29:51,1,0,IDR,Sudah dibayar,251685.85
30960,1729677755464452695,7621044899399994130,25/03/2026 18:29:22,1,0,IDR,Sudah dibayar,175606.6
40445,1729677755464452695,7621044899399994130,25/03/2026 18:28:57,1,0,IDR,Sudah dibayar,188497.69999999998
40746,1729677742968769111,7621044899399994130,25/03/2026 18:28:48,1,0,IDR,Sudah dibayar,194354.19999999998
17883,1729677743140801111,7621044899399994130,25/03/2026 18:28:17,1,0,IDR,Sudah dibayar,252800.19999999998
42166,1729677743140866647,7621044899399994130,25/03/2026 18:27:45,1,0,IDR,Sudah dibayar,253307.65
82496,1729677743140801111,7621044899399994130,25/03/2026 18:25:31,1,0,IDR,Sudah dibayar,249024.5
51754,1729677755464387159,7621044899399994130,25/03/2026 18:25:28,1,0,IDR,Sudah dibayar,228055.0
96206,1729677759600298583,7621044899399994130,25/03/2026 18:23:44,1,0,IDR,Sudah dibayar,188497.69999999998
96455,1729677746703469143,7621044899399994130,25/03/2026 18:22:43,1,0,IDR,Sudah dibayar,260643.15
22904,1729677755464387159,7621044899399994130,25/03/2026 18:20:55,1,0,IDR,Sudah dibayar,187258.4
29454,1729677755464518231,7621044899399994130,25/03/2026 18:18:57,1,0,IDR,Sudah dibayar,192490.15
24557,1729677755464518231,7621044899399994130,25/03/2026 18:18:14,1,0,IDR,Sudah dibayar,179145.15
69608,1729677755464387159,7621044899399994130,25/03/2026 18:17:26,1,0,IDR,Sudah dibayar,187258.4
30070,1729677755464452695,7621044899399994130,25/03/2026 18:15:02,1,0,IDR,Sudah dibayar,205020.85
30070,1729677743140866647,7621044899399994130,25/03/2026 18:15:02,1,0,IDR,Sudah dibayar,270413.89999999997
57855,1729677755464649303,7621044899399994130,25/03/2026 18:14:44,1,0,IDR,Sudah dibayar,193881.6
58407,1729677743140670039,7621044899399994130,25/03/2026 18:13:11,1,0,IDR,Sudah dibayar,254924.35
86270,1729677755464452695,7621044899399994130,25/03/2026 18:12:54,1,0,IDR,Sudah dibayar,190751.05
75891,1729677747184503383,7621044899399994130,25/03/2026 18:11:08,1,0,IDR,Sudah dibayar,249907.65
52793,1729677755464649303,7621044899399994130,25/03/2026 18:10:12,1,0,IDR,Sudah dibayar,170052.69999999998
83203,1729677755464387159,7621044899399994130,25/03/2026 18:08:53,1,0,IDR,Sudah dibayar,183627.19999999998
75708,1729677758275947095,7621044899399994130,25/03/2026 18:08:10,1,0,IDR,Sudah dibayar,188849.6
78060,1729677758275816023,7621044899399994130,25/03/2026 18:07:43,1,0,IDR,Sudah dibayar,185653.6
59098,1729677758275816023,7620734833127475976,25/03/2026 18:06:05,1,0,IDR,Sudah dibayar,199846.9
82607,1729677743140801111,7607910530862337288,25/03/2026 18:01:15,1,0,IDR,Sudah dibayar,256700.0
50166,1729677759600233047,7621044899399994130,25/03/2026 18:00:38,1,0,IDR,Sudah dibayar,191629.94999999998
98206,1729677742105070167,7621044899399994130,25/03/2026 18:00:10,1,0,IDR,Sudah dibayar,257550.0
21173,1729677747184503383,7621044899399994130,25/03/2026 17:59:45,1,0,IDR,Sudah dibayar,266135.0
31497,1729677746703403607,7599168749639421202,25/03/2026 17:59:42,1,0,IDR,Sudah dibayar,247408.65
48747,1729677758275750487,7621044899399994130,25/03/2026 17:59:07,1,0,IDR,Sudah dibayar,191714.94999999998
69105,1729677742104873559,7621044899399994130,25/03/2026 17:58:22,1,0,IDR,Sudah dibayar,254745.0
72167,1729677755464780375,7621044899399994130,25/03/2026 17:57:27,1,0,IDR,Sudah dibayar,198446.94999999998
34610,1729677742104939095,7621044899399994130,25/03/2026 17:56:42,1,0,IDR,Sudah dibayar,255000.0
45822,1729677743140866647,7621044899399994130,25/03/2026 17:56:40,1,0,IDR,Sudah dibayar,257670.69999999998
37467,1729677742105070167,7620734833127475976,25/03/2026 17:55:58,1,0,IDR,Sudah dibayar,257670.69999999998
84937,1729677743140866647,7621044899399994130,25/03/2026 17:53:12,1,0,IDR,Sudah dibayar,253838.9
11965,1729677755464649303,7621044899399994130,25/03/2026 17:52:54,1,0,IDR,Sudah dibayar,199721.94999999998
66530,1729677755464387159,7621044899399994130,25/03/2026 17:52:49,1,0,IDR,Sudah dibayar,197596.94999999998
48349,1729677743140866647,7621044899399994130,25/03/2026 17:52:37,1,0,IDR,Sudah dibayar,222727.19999999998
74720,1729677759600233047,7621044899399994130,25/03/2026 17:50:49,1,0,IDR,Sudah dibayar,188161.94999999998
36110,1729677747184437847,7621044899399994130,25/03/2026 17:48:47,1,0,IDR,Sudah dibayar,252800.19999999998
80907,1729677743140997719,7621044899399994130,25/03/2026 17:47:09,1,0,IDR,Sudah dibayar,249057.65
22486,1729677755464256087,7621044899399994130,25/03/2026 17:45:54,1,0,IDR,Sudah dibayar,198446.94999999998
86114,1729677743140604503,7621044899399994130,25/03/2026 17:43:52,1,0,IDR,Sudah dibayar,263703.14999999997
80485,1729677755464518231,7621044899399994130,25/03/2026 17:43:44,1,0,IDR,Sudah dibayar,198446.94999999998
71980,1729677746703534679,7621044899399994130,25/03/2026 17:43:35,1,0,IDR,Sudah dibayar,249057.65
18955,1730868728727766615,7621044899399994130,25/03/2026 17:42:32,1,0,IDR,Sudah dibayar,502775.0
41148,1729677755464452695,7621044899399994130,25/03/2026 17:42:23,1,0,IDR,Sudah dibayar,186457.69999999998
54261,1729677755464452695,7609440172182146312,25/03/2026 17:41:14,1,0,IDR,Sudah dibayar,234799.75
25664,1729677759600298583,7621044899399994130,25/03/2026 17:41:06,1,0,IDR,Sudah dibayar,201064.94999999998
12251,1729677755464452695,7621044899399994130,25/03/2026 17:39:45,1,0,IDR,Sudah dibayar,226819.94999999998
04119,1729677755464649303,7621044899399994130,25/03/2026 17:39:39,1,0,IDR,Sudah dibayar,198446.94999999998
01881,1729677755464452695,7621044899399994130,25/03/2026 17:39:33,1,0,IDR,Sudah dibayar,198446.94999999998
32882,1729677743140801111,7621044899399994130,25/03/2026 17:38:23,1,0,IDR,Sudah dibayar,254745.0
88118,1733552688571713111,7621044899399994130,25/03/2026 17:37:39,1,0,IDR,Sudah dibayar,153878.05
46828,1729677742968834647,7621044899399994130,25/03/2026 17:37:05,1,0,IDR,Sudah dibayar,205834.3
71704,1729677755464583767,7621044899399994130,25/03/2026 17:37:02,1,0,IDR,Sudah dibayar,187793.9
44613,1729677755464518231,7621044899399994130,25/03/2026 17:36:58,1,0,IDR,Sudah dibayar,176415.8
87346,1729677743140932183,7621044899399994130,25/03/2026 17:36:02,1,0,IDR,Sudah dibayar,260643.15
05546,1729677759600364119,7621044899399994130,25/03/2026 17:34:04,1,0,IDR,Sudah dibayar,198446.94999999998
59016,1729677755464387159,7620934668585569031,25/03/2026 17:33:23,1,0,IDR,Sudah dibayar,174068.94999999998
96641,1729677758326868567,7494054609567125126,25/03/2026 17:31:33,1,0,IDR,Sudah dibayar,306595.0
38332,1729677758276143703,7621044899399994130,25/03/2026 17:30:20,1,0,IDR,Sudah dibayar,198446.94999999998
13660,1729677759600167511,7621044899399994130,25/03/2026 17:28:34,1,0,IDR,Sudah dibayar,198446.94999999998
78541,1729677742968834647,7621044899399994130,25/03/2026 17:28:03,1,0,IDR,Sudah dibayar,212150.65
99014,1729677755464583767,7621044899399994130,25/03/2026 17:27:59,1,0,IDR,Sudah dibayar,193693.75
91373,1731016355289269416,7621044899399994130,25/03/2026 17:27:46,1,0,IDR,Sudah dibayar,17341.7
63772,1729677743140801111,7621044899399994130,25/03/2026 17:26:29,1,0,IDR,Sudah dibayar,256700.0
82794,1729677755464583767,7621044899399994130,25/03/2026 17:20:58,1,0,IDR,Sudah dibayar,197596.94999999998
61015,1729677755464387159,7621044899399994130,25/03/2026 17:20:01,1,0,IDR,Sudah dibayar,191629.94999999998
59764,1729677743140866647,7621044899399994130,25/03/2026 17:19:42,1,0,IDR,Sudah dibayar,251803.15
90130,1729677746703338071,7621044899399994130,25/03/2026 17:18:58,1,0,IDR,Sudah dibayar,251311.0
60156,1729677755464583767,7621044899399994130,25/03/2026 17:15:55,1,0,IDR,Sudah dibayar,196678.94999999998
36964,1729677759600364119,7621044899399994130,25/03/2026 17:15:27,1,0,IDR,Sudah dibayar,190184.94999999998
15634,1733193079876716119,7621044899399994130,25/03/2026 17:15:05,1,0,IDR,Sudah dibayar,860840.9
28019,1729677759600429655,7621044899399994130,25/03/2026 17:14:45,1,0,IDR,Sudah dibayar,183736.0
35993,1729677743140932183,7621044899399994130,25/03/2026 17:11:58,1,0,IDR,Sudah dibayar,243814.0
41769,1729677743140932183,7621044899399994130,25/03/2026 17:11:10,1,0,IDR,Sudah dibayar,251605.1
86592,1729677743140866647,7621044899399994130,25/03/2026 17:11:09,1,0,IDR,Sudah dibayar,257550.0
19782,1729677743140801111,7621044899399994130,25/03/2026 17:10:21,1,0,IDR,Sudah dibayar,220255.4
98344,1729677755464583767,7621044899399994130,25/03/2026 17:08:15,1,0,IDR,Sudah dibayar,177310.0
71459,1729677755464583767,7621044899399994130,25/03/2026 17:07:08,1,0,IDR,Sudah dibayar,182545.15
53380,1729677755464518231,7621044899399994130,25/03/2026 17:06:18,1,0,IDR,Sudah dibayar,225901.94999999998
38718,1729677743140932183,7621044899399994130,25/03/2026 17:06:03,1,0,IDR,Sudah dibayar,258825.0
87767,1729677742104808023,7621044899399994130,25/03/2026 17:05:38,1,0,IDR,Sudah dibayar,247408.65
17755,1729677743140866647,7621044899399994130,25/03/2026 17:05:18,1,0,IDR,Sudah dibayar,299540.0
36449,1729677746703403607,7621044899399994130,25/03/2026 17:03:32,1,0,IDR,Sudah dibayar,257635.0
78636,1729677755464583767,7621044899399994130,25/03/2026 17:03:22,1,0,IDR,Sudah dibayar,196193.6
18107,1729677755464452695,7621044899399994130,25/03/2026 17:02:48,1,0,IDR,Sudah dibayar,196193.6
67612,1730706088342947415,7621044899399994130,25/03/2026 17:02:45,1,0,IDR,Sudah dibayar,478784.6
06651,1729677743140801111,7621044899399994130,25/03/2026 16:59:45,1,0,IDR,Sudah dibayar,257670.69999999998
10090,1729677746703403607,7621044899399994130,25/03/2026 16:59:16,1,0,IDR,Sudah dibayar,234756.4
95515,1729677743140932183,7621044899399994130,25/03/2026 16:58:29,1,0,IDR,Sudah dibayar,257670.69999999998
93809,1729677755464518231,7621044899399994130,25/03/2026 16:57:02,1,0,IDR,Sudah dibayar,186622.6
68602,1729677743140866647,7621044899399994130,25/03/2026 16:55:45,1,0,IDR,Sudah dibayar,256480.69999999998
92306,1729677755464452695,7621044899399994130,25/03/2026 16:55:14,1,0,IDR,Sudah dibayar,191382.6
02389,1729677743140932183,7621044899399994130,25/03/2026 16:53:46,1,0,IDR,Sudah dibayar,264435.0
28092,1729677743140866647,7621044899399994130,25/03/2026 16:53:01,1,0,IDR,Sudah dibayar,254745.0
10483,1729677743140735575,7620271062595128071,25/03/2026 16:52:19,1,0,IDR,Sudah dibayar,249057.65
27281,1729677755464452695,7621044899399994130,25/03/2026 16:51:08,1,0,IDR,Sudah dibayar,195343.6
14622,1730310850770535690,7620734833127475976,25/03/2026 16:50:00,1,0,IDR,Sudah dibayar,33193.35
39489,1729677743140801111,7621044899399994130,25/03/2026 16:49:48,1,0,IDR,Sudah dibayar,280558.64999999997
33938,1729677743140866647,7621044899399994130,25/03/2026 16:49:12,1,0,IDR,Sudah dibayar,236320.4
63982,1729677755464452695,7621044899399994130,25/03/2026 16:49:12,1,0,IDR,Sudah dibayar,190751.05
17858,1729677743140932183,7620734833127475976,25/03/2026 16:49:05,1,0,IDR,Sudah dibayar,255850.0
68827,1729677743141128791,7621044899399994130,25/03/2026 16:48:31,1,0,IDR,Sudah dibayar,250750.0
39529,1729677743140866647,7621044899399994130,25/03/2026 16:47:43,1,0,IDR,Sudah dibayar,256024.25
37336,1729677755464256087,7621044899399994130,25/03/2026 16:46:39,1,0,IDR,Sudah dibayar,195343.6
19726,1729677758275816023,7621044899399994130,25/03/2026 16:46:10,1,0,IDR,Sudah dibayar,190294.6
02959,1729677755464452695,7621044899399994130,25/03/2026 16:45:22,1,0,IDR,Sudah dibayar,192400.9
10502,1729677742968834647,7621044899399994130,25/03/2026 16:44:49,1,0,IDR,Sudah dibayar,209730.69999999998
50309,1729677755464518231,7621044899399994130,25/03/2026 16:44:41,1,0,IDR,Sudah dibayar,197057.19999999998
14744,1731927306072000087,7621044899399994130,25/03/2026 16:42:32,1,0,IDR,Sudah dibayar,510909.5
52873,1734650508941297027,7618460083239783186,25/03/2026 16:41:54,1,0,IDR,Sudah dibayar,248302.0
43571,1729677755464452695,7621044899399994130,25/03/2026 16:41:52,1,0,IDR,Sudah dibayar,190294.6
41207,1729677743140932183,7621044899399994130,25/03/2026 16:39:59,1,0,IDR,Sudah dibayar,236320.4
93828,1729677743140670039,7621044899399994130,25/03/2026 16:37:07,1,0,IDR,Sudah dibayar,278828.89999999997
67982,1729677743140801111,7621044899399994130,25/03/2026 16:36:34,1,0,IDR,Sudah dibayar,259795.69999999998
56721,1729677747184503383,7621044899399994130,25/03/2026 16:34:05,1,0,IDR,Sudah dibayar,257670.69999999998
31604,1729677743140932183,7621044899399994130,25/03/2026 16:33:39,1,0,IDR,Sudah dibayar,249057.65
12923,1730806648018798167,7621044899399994130,25/03/2026 16:33:07,1,0,IDR,Sudah dibayar,207813.1
00678,1729677759600429655,7621044899399994130,25/03/2026 16:28:57,1,0,IDR,Sudah dibayar,187258.4
63233,1729677743140866647,7621044899399994130,25/03/2026 16:28:12,1,0,IDR,Sudah dibayar,249917.0
92421,1729677742968834647,7621044899399994130,25/03/2026 16:25:35,1,0,IDR,Sudah dibayar,209270.85
43399,1729677743140997719,7621044899399994130,25/03/2026 16:24:38,1,0,IDR,Sudah dibayar,255011.05
95753,1729677743140735575,7621044899399994130,25/03/2026 16:23:58,1,0,IDR,Sudah dibayar,256700.0
50152,1731401465609684567,7606033025037634834,25/03/2026 16:23:53,1,0,IDR,Sudah dibayar,443520.64999999997
51072,1729677758276078167,7606425046483094791,25/03/2026 16:23:32,1,0,IDR,Sudah dibayar,188497.69999999998
81766,1729677743140801111,7621044899399994130,25/03/2026 16:22:49,1,0,IDR,Sudah dibayar,262735.0
54978,1729677742968834647,7621044899399994130,25/03/2026 16:20:20,1,0,IDR,Sudah dibayar,210580.69999999998
78664,1729677742104742487,7620734833127475976,25/03/2026 16:19:07,1,0,IDR,Sudah dibayar,256627.75
24172,1729677755464452695,7621044899399994130,25/03/2026 16:18:57,1,0,IDR,Sudah dibayar,185747.94999999998
04886,1731927306071934551,7621044899399994130,25/03/2026 16:18:40,1,0,IDR,Sudah dibayar,432043.1
08734,1729677742105070167,7621044899399994130,25/03/2026 16:18:19,1,0,IDR,Sudah dibayar,255000.0
38289,1729677742968834647,7621044899399994130,25/03/2026 16:17:44,1,0,IDR,Sudah dibayar,197026.6
30216,1729677743140932183,7621044899399994130,25/03/2026 16:17:31,1,0,IDR,Sudah dibayar,249917.0
06750,1729677743140866647,7621044899399994130,25/03/2026 16:17:09,1,0,IDR,Sudah dibayar,249900.0
96123,1729677755464649303,7621044899399994130,25/03/2026 16:16:48,1,0,IDR,Sudah dibayar,164957.8
02501,1729677755464387159,7621044899399994130,25/03/2026 16:16:18,1,0,IDR,Sudah dibayar,183736.0
78373,1729677743140932183,7621044899399994130,25/03/2026 16:15:57,1,0,IDR,Sudah dibayar,247408.65
12654,1729677759600364119,7621044899399994130,25/03/2026 16:15:04,1,0,IDR,Sudah dibayar,193090.25
04588,1729677759600167511,7621044899399994130,25/03/2026 16:14:33,1,0,IDR,Sudah dibayar,183999.5
33686,1729677759600429655,7621044899399994130,25/03/2026 16:14:29,1,0,IDR,Sudah dibayar,188201.05
09174,1729677758276078167,7621044899399994130,25/03/2026 16:13:09,1,0,IDR,Sudah dibayar,170658.75
91644,1729677743141128791,7621044899399994130,25/03/2026 16:12:14,1,0,IDR,Sudah dibayar,236320.4
49370,1729677755464583767,7621044899399994130,25/03/2026 16:11:56,1,0,IDR,Sudah dibayar,218603.85
42537,1729677755464387159,7621044899399994130,25/03/2026 16:11:56,1,0,IDR,Sudah dibayar,188497.69999999998
15687,1729677743140932183,7621044899399994130,25/03/2026 16:11:24,1,0,IDR,Sudah dibayar,254750.94999999998
54308,1729677755464714839,7621044899399994130,25/03/2026 16:11:12,1,0,IDR,Sudah dibayar,189444.6
68631,1729677755464518231,7621044899399994130,25/03/2026 16:11:05,1,0,IDR,Sudah dibayar,193940.25
61795,1729677742104873559,7620734833127475976,25/03/2026 16:10:50,1,0,IDR,Sudah dibayar,244472.75
19486,1729677758275816023,7621044899399994130,25/03/2026 16:08:56,1,0,IDR,Sudah dibayar,180808.6
16257,1729677759600298583,7621044899399994130,25/03/2026 16:07:37,1,0,IDR,Sudah dibayar,163307.94999999998
98339,1729677759600495191,7621044899399994130,25/03/2026 16:06:46,1,0,IDR,Sudah dibayar,193090.25
84179,1731401493348320855,7621044899399994130,25/03/2026 16:06:36,1,0,IDR,Sudah dibayar,383214.0
48021,1729677755464518231,7618460083239783186,25/03/2026 16:06:28,1,0,IDR,Sudah dibayar,188497.69999999998
06895,1729677743140932183,7621044899399994130,25/03/2026 16:03:41,1,0,IDR,Sudah dibayar,235178.0
77475,1729677743140670039,7621044899399994130,25/03/2026 16:02:22,1,0,IDR,Sudah dibayar,249793.75
54914,1729677759600036439,7621044899399994130,25/03/2026 15:59:18,1,0,IDR,Sudah dibayar,194435.8
35923,1729677759600298583,7621044899399994130,25/03/2026 15:59:03,1,0,IDR,Sudah dibayar,209979.75
74085,1729677746703534679,7621044899399994130,25/03/2026 15:58:59,1,0,IDR,Sudah dibayar,256700.0
36783,1729677742104939095,7621044899399994130,25/03/2026 15:56:00,1,0,IDR,Sudah dibayar,256870.0
91522,1729677755464387159,7621044899399994130,25/03/2026 15:55:56,1,0,IDR,Sudah dibayar,190751.05
60036,1729677759600298583,7621044899399994130,25/03/2026 15:54:32,1,0,IDR,Sudah dibayar,188497.69999999998
84489,1729677755464452695,7621044899399994130,25/03/2026 15:53:50,1,0,IDR,Sudah dibayar,189347.69999999998
78450,1729677743140801111,7605131813144612104,25/03/2026 15:53:45,1,0,IDR,Sudah dibayar,234756.4
58387,1729677743141128791,7621044899399994130,25/03/2026 15:51:54,1,0,IDR,Sudah dibayar,244750.69999999998
67460,1729677759600429655,7621044899399994130,25/03/2026 15:49:05,1,0,IDR,Sudah dibayar,182886.0
64482,1729677743140735575,7621044899399994130,25/03/2026 15:45:39,1,0,IDR,Sudah dibayar,226995.05
96160,1729677742104939095,7621044899399994130,25/03/2026 15:45:12,1,0,IDR,Sudah dibayar,253045.0
71410,1729677743140801111,7621044899399994130,25/03/2026 15:44:43,1,0,IDR,Sudah dibayar,255850.0
47752,1729677743140932183,7621044899399994130,25/03/2026 15:44:39,1,0,IDR,Sudah dibayar,255000.0
32343,1729677759600233047,7621044899399994130,25/03/2026 15:41:32,1,0,IDR,Sudah dibayar,183736.0
34475,1729677755464649303,7621044899399994130,25/03/2026 15:39:55,1,0,IDR,Sudah dibayar,212632.6
38610,1729677742968834647,7621044899399994130,25/03/2026 15:39:49,1,0,IDR,Sudah dibayar,187008.5
57554,1729677743140735575,7621044899399994130,25/03/2026 15:39:48,1,0,IDR,Sudah dibayar,221000.0
44649,1729677743140932183,7621044899399994130,25/03/2026 15:39:19,1,0,IDR,Sudah dibayar,255595.0
81093,1730706106318685783,7621044899399994130,25/03/2026 15:38:33,1,0,IDR,Sudah dibayar,494275.0
60705,1729677759600429655,7621044899399994130,25/03/2026 15:37:37,1,0,IDR,Sudah dibayar,207485.0
42898,1729677746703403607,7621044899399994130,25/03/2026 15:36:54,1,0,IDR,Sudah dibayar,242854.35
72637,1729677742105135703,7621044899399994130,25/03/2026 15:35:44,1,0,IDR,Sudah dibayar,257550.0
80218,1729677759600429655,7621044899399994130,25/03/2026 15:34:19,1,0,IDR,Sudah dibayar,200016.05
47137,1729677743140801111,7621044899399994130,25/03/2026 15:34:15,1,0,IDR,Sudah dibayar,256700.0
25052,1730706107471988311,7621044899399994130,25/03/2026 15:34:10,1,0,IDR,Sudah dibayar,502775.0
27396,1729677755464583767,7621044899399994130,25/03/2026 15:33:54,1,0,IDR,Sudah dibayar,205602.25
27396,1729677755464518231,7621044899399994130,25/03/2026 15:33:54,1,0,IDR,Sudah dibayar,205602.25
01808,1729677755464649303,7621044899399994130,25/03/2026 15:32:50,1,0,IDR,Sudah dibayar,161963.25
75971,1729677742105070167,7618460083239783186,25/03/2026 15:30:36,1,0,IDR,Sudah dibayar,235606.4
16630,1729677755464583767,7621044899399994130,25/03/2026 15:30:04,1,0,IDR,Sudah dibayar,187052.69999999998
94575,1729677743140932183,7621044899399994130,25/03/2026 15:28:31,1,0,IDR,Sudah dibayar,247952.65
20413,1729677759600364119,7621044899399994130,25/03/2026 15:26:36,1,0,IDR,Sudah dibayar,193940.25
39550,1729677743140932183,7621044899399994130,25/03/2026 15:26:30,1,0,IDR,Sudah dibayar,256700.0
37128,1729677743140801111,7621044899399994130,25/03/2026 15:26:07,1,0,IDR,Sudah dibayar,175865.0
08162,1729677755464518231,7621044899399994130,25/03/2026 15:25:28,1,0,IDR,Sudah dibayar,188497.69999999998
00760,1730706088343078487,7621044899399994130,25/03/2026 15:23:09,1,0,IDR,Sudah dibayar,480199.0
24078,1729677743140932183,7621044899399994130,25/03/2026 15:22:20,1,0,IDR,Sudah dibayar,255630.69999999998
04544,1729677755464452695,7621044899399994130,25/03/2026 15:21:58,1,0,IDR,Sudah dibayar,179520.0
10868,1730806636781143639,7621044899399994130,25/03/2026 15:19:16,1,0,IDR,Sudah dibayar,183840.55
67809,1729677743140932183,7621044899399994130,25/03/2026 15:17:14,1,0,IDR,Sudah dibayar,257670.69999999998
83437,1730865703077316168,7621044899399994130,25/03/2026 15:17:06,1,0,IDR,Sudah dibayar,57102.15
30985,1729677742968834647,7620734833127475976,25/03/2026 15:17:00,1,0,IDR,Sudah dibayar,201960.85
81589,1729677743140866647,7621044899399994130,25/03/2026 15:15:49,1,0,IDR,Sudah dibayar,261035.0
44468,1729677759600495191,7621044899399994130,25/03/2026 15:15:04,1,0,IDR,Sudah dibayar,201590.25
61210,1729677759600101975,7620734833127475976,25/03/2026 15:14:04,1,0,IDR,Sudah dibayar,183883.05
83494,1729677746703403607,7620734833127475976,25/03/2026 15:13:31,1,0,IDR,Sudah dibayar,255595.0
51571,1729677743140997719,7621044899399994130,25/03/2026 15:13:18,1,0,IDR,Sudah dibayar,255595.0
05403,1729677759600101975,7621044899399994130,25/03/2026 15:11:20,1,0,IDR,Sudah dibayar,185883.94999999998
74939,1729677759600101975,7621044899399994130,25/03/2026 15:10:28,1,0,IDR,Sudah dibayar,191629.94999999998
50422,1731927306071934551,7621044899399994130,25/03/2026 15:09:47,1,0,IDR,Sudah dibayar,467075.0
18280,1729677755464583767,7621044899399994130,25/03/2026 15:09:33,1,0,IDR,Sudah dibayar,182886.0
40043,1729677755464649303,7621044899399994130,25/03/2026 15:07:33,1,0,IDR,Sudah dibayar,176258.55
98966,1730651001345640023,7494054609567125126,25/03/2026 15:07:28,1,0,IDR,Sudah dibayar,436050.0
36084,1729677743141128791,7621044899399994130,25/03/2026 15:07:05,1,0,IDR,Sudah dibayar,256700.0
63678,1729677746703403607,7621044899399994130,25/03/2026 15:06:17,1,0,IDR,Sudah dibayar,265922.5
73067,1729677743140866647,7621044899399994130,25/03/2026 15:06:00,1,0,IDR,Sudah dibayar,246615.6
73988,1729677743140801111,7621044899399994130,25/03/2026 15:05:56,1,0,IDR,Sudah dibayar,227772.8
35515,1729677755464452695,7621044899399994130,25/03/2026 15:04:52,1,0,IDR,Sudah dibayar,187052.69999999998
12883,1729677759600495191,7621044899399994130,25/03/2026 15:04:41,1,0,IDR,Sudah dibayar,166989.3
95349,1729677755464518231,7605325766968184071,25/03/2026 15:04:35,1,0,IDR,Sudah dibayar,189347.69999999998
03178,1729677746703469143,7621044899399994130,25/03/2026 15:04:29,1,0,IDR,Sudah dibayar,256700.0
15069,1729677759600495191,7621044899399994130,25/03/2026 15:03:35,1,0,IDR,Sudah dibayar,193090.25
43459,1729677758275816023,7621044899399994130,25/03/2026 15:03:29,1,0,IDR,Sudah dibayar,197762.69999999998
76005,1731927306072196695,7609907208024804626,25/03/2026 15:02:39,1,0,IDR,Sudah dibayar,466610.89999999997
65941,1729677743140997719,7621044899399994130,25/03/2026 15:02:24,1,0,IDR,Sudah dibayar,252073.44999999998
07549,1729677742104939095,7621044899399994130,25/03/2026 15:00:31,1,0,IDR,Sudah dibayar,257550.0
49366,1729677747184503383,7621044899399994130,25/03/2026 15:00:17,1,0,IDR,Sudah dibayar,246245.0
31395,1729677742968834647,7621044899399994130,25/03/2026 14:59:50,1,0,IDR,Sudah dibayar,182621.65
71552,1729677743140997719,7621044899399994130,25/03/2026 14:59:41,1,0,IDR,Sudah dibayar,222623.5
43361,1729677742968834647,7621044899399994130,25/03/2026 14:59:38,1,0,IDR,Sudah dibayar,207310.75
44086,1729677759600167511,7621044899399994130,25/03/2026 14:59:14,1,0,IDR,Sudah dibayar,177765.6
56778,1729677755464714839,7621044899399994130,25/03/2026 14:58:53,1,0,IDR,Sudah dibayar,239755.25
80860,1729677755464387159,7621044899399994130,25/03/2026 14:58:42,1,0,IDR,Sudah dibayar,182886.0
85504,1729677755464452695,7621044899399994130,25/03/2026 14:58:28,1,0,IDR,Sudah dibayar,202764.94999999998
60586,1729677743140997719,7621044899399994130,25/03/2026 14:57:48,1,0,IDR,Sudah dibayar,263870.6
15674,1729677746703403607,7621044899399994130,25/03/2026 14:57:45,1,0,IDR,Sudah dibayar,213165.55
96478,1730706107471922775,7621044899399994130,25/03/2026 14:57:34,1,0,IDR,Sudah dibayar,478784.6
39468,1730174772503152215,7599141457311583506,25/03/2026 14:54:20,1,0,IDR,Sudah dibayar,379304.0
89598,1729677755464452695,7621044899399994130,25/03/2026 14:54:12,1,0,IDR,Sudah dibayar,180931.0
64248,1729677742105004631,7621044899399994130,25/03/2026 14:52:02,1,0,IDR,Sudah dibayar,241995.0
71468,1729677742105070167,7621044899399994130,25/03/2026 14:51:57,1,0,IDR,Sudah dibayar,253874.6
79789,1729677755464452695,7621044899399994130,25/03/2026 14:51:54,1,0,IDR,Sudah dibayar,183736.0
38569,1734650508941362563,7621044899399994130,25/03/2026 14:51:39,1,0,IDR,Sudah dibayar,259488.0
86015,1729677755464583767,7618178607248067336,25/03/2026 14:49:56,1,0,IDR,Sudah dibayar,188497.69999999998
04750,1729677746703534679,7621044899399994130,25/03/2026 14:49:41,1,0,IDR,Sudah dibayar,220790.05
82697,1729677743140866647,7621044899399994130,25/03/2026 14:49:02,1,0,IDR,Sudah dibayar,264061.0
10354,1729677736927136343,7621044899399994130,25/03/2026 14:45:32,1,0,IDR,Sudah dibayar,359111.39999999997
32850,1729677755464714839,7620734833127475976,25/03/2026 14:45:25,1,0,IDR,Sudah dibayar,188497.69999999998
35567,1729677743140801111,7621044899399994130,25/03/2026 14:45:25,1,0,IDR,Sudah dibayar,251974.0
04574,1729677759600364119,7621044899399994130,25/03/2026 14:44:12,1,0,IDR,Sudah dibayar,199890.25
24473,1729677743140866647,7621044899399994130,25/03/2026 14:43:46,1,0,IDR,Sudah dibayar,255000.0
22824,1729677755464452695,7621044899399994130,25/03/2026 14:43:18,1,0,IDR,Sudah dibayar,189347.69999999998
51713,1729677742104939095,7621044899399994130,25/03/2026 14:43:15,1,0,IDR,Sudah dibayar,258492.65
93951,1729677743140997719,7621044899399994130,25/03/2026 14:43:00,1,0,IDR,Sudah dibayar,255000.0
57976,1729677742968834647,7621044899399994130,25/03/2026 14:42:50,1,0,IDR,Sudah dibayar,235349.69999999998
12763,1729677755464452695,7620734833127475976,25/03/2026 14:41:04,1,0,IDR,Sudah dibayar,183655.25
21649,1729677755464452695,7621044899399994130,25/03/2026 14:41:03,1,0,IDR,Sudah dibayar,183736.0
86751,1729677755464256087,7621044899399994130,25/03/2026 14:40:45,1,0,IDR,Sudah dibayar,209928.75
36190,1729677755464518231,7621044899399994130,25/03/2026 14:39:57,1,0,IDR,Sudah dibayar,188497.69999999998
42947,1729677743140932183,7621044899399994130,25/03/2026 14:39:21,1,0,IDR,Sudah dibayar,256700.0
01033,1729677759600495191,7621044899399994130,25/03/2026 14:38:59,1,0,IDR,Sudah dibayar,193940.25
68447,1729677755464387159,7621044899399994130,25/03/2026 14:38:25,1,0,IDR,Sudah dibayar,182886.0
23076,1729677755464387159,7621044899399994130,25/03/2026 14:36:43,1,0,IDR,Sudah dibayar,183427.44999999998
66503,1729677743140997719,7621044899399994130,25/03/2026 14:33:49,1,0,IDR,Sudah dibayar,224634.6
87789,1729677742968834647,7621044899399994130,25/03/2026 14:33:42,1,0,IDR,Sudah dibayar,188570.8
31467,1729677743140932183,7621044899399994130,25/03/2026 14:32:45,1,0,IDR,Sudah dibayar,261920.69999999998
23655,1729768205592790615,7621044899399994130,25/03/2026 14:32:24,1,0,IDR,Sudah dibayar,363290.0
31156,1729677743140735575,7621044899399994130,25/03/2026 14:32:12,1,0,IDR,Sudah dibayar,300390.0
81634,1729677743140801111,7621044899399994130,25/03/2026 14:30:47,1,0,IDR,Sudah dibayar,244472.75
55283,1729677755464583767,7621044899399994130,25/03/2026 14:30:31,1,0,IDR,Sudah dibayar,191601.05
83598,1729677742968834647,7621044899399994130,25/03/2026 14:30:12,1,0,IDR,Sudah dibayar,205740.8
09929,1729677747184503383,7621044899399994130,25/03/2026 14:30:10,1,0,IDR,Sudah dibayar,237502.75
90365,1729677743140735575,7621044899399994130,25/03/2026 14:29:11,1,0,IDR,Sudah dibayar,283163.89999999997
46302,1729677743140997719,7621044899399994130,25/03/2026 14:29:03,1,0,IDR,Sudah dibayar,245539.5
42883,1729677743140932183,7621044899399994130,25/03/2026 14:28:06,1,0,IDR,Sudah dibayar,257550.0
35126,1729677743140997719,7621044899399994130,25/03/2026 14:27:57,1,0,IDR,Sudah dibayar,257550.0
88955,1729677742968834647,7621044899399994130,25/03/2026 14:26:49,1,0,IDR,Sudah dibayar,192745.15
99818,1729677742968834647,7621044899399994130,25/03/2026 14:26:09,1,0,IDR,Sudah dibayar,208160.75
46727,1729677747184503383,7621044899399994130,25/03/2026 14:25:25,1,0,IDR,Sudah dibayar,260643.15
59310,1729677758275816023,7621044899399994130,25/03/2026 14:24:58,1,0,IDR,Sudah dibayar,206027.25
59310,1729677755464452695,7621044899399994130,25/03/2026 14:24:58,1,0,IDR,Sudah dibayar,206027.25
82322,1729677759600101975,7621044899399994130,25/03/2026 14:23:23,1,0,IDR,Sudah dibayar,177475.75
86964,1729677742968769111,7621044899399994130,25/03/2026 14:23:04,1,0,IDR,Sudah dibayar,204890.8
91709,1729677746703469143,7621044899399994130,25/03/2026 14:20:30,1,0,IDR,Sudah dibayar,245539.5
51744,1729677758275816023,7621044899399994130,25/03/2026 14:20:25,1,0,IDR,Sudah dibayar,210528.85
47984,1729677743141063255,7621044899399994130,25/03/2026 14:19:39,1,0,IDR,Sudah dibayar,247408.65
47237,1729677742968703575,7621044899399994130,25/03/2026 14:18:50,1,0,IDR,Sudah dibayar,204805.8
69998,1730806636780750423,7621044899399994130,25/03/2026 14:18:47,1,0,IDR,Sudah dibayar,184716.05
04849,1729677743140866647,7621044899399994130,25/03/2026 14:18:16,1,0,IDR,Sudah dibayar,299540.0
29907,1729677759600364119,7621044899399994130,25/03/2026 14:17:04,1,0,IDR,Sudah dibayar,206181.94999999998
17020,1729677755464780375,7621044899399994130,25/03/2026 14:16:52,1,0,IDR,Sudah dibayar,185922.19999999998
83645,1729677755464387159,7621044899399994130,25/03/2026 14:16:45,1,0,IDR,Sudah dibayar,241326.05
03185,1729677743140932183,7620934668585569031,25/03/2026 14:16:05,1,0,IDR,Sudah dibayar,256700.0
08414,1729677742968834647,7621044899399994130,25/03/2026 14:15:45,1,0,IDR,Sudah dibayar,196360.19999999998
32293,1730706088342947415,7621044899399994130,25/03/2026 14:14:02,1,0,IDR,Sudah dibayar,540472.5
66264,1729677755464780375,7621044899399994130,25/03/2026 14:13:05,1,0,IDR,Sudah dibayar,191601.05
92849,1729677743140866647,7621044899399994130,25/03/2026 14:12:51,1,0,IDR,Sudah dibayar,298095.0
69500,1729677742105004631,7621044899399994130,25/03/2026 14:12:40,1,0,IDR,Sudah dibayar,283305.0
90241,1729677755464649303,7621044899399994130,25/03/2026 14:07:36,1,0,IDR,Sudah dibayar,221331.5
70584,1729677746703403607,7621044899399994130,25/03/2026 14:06:56,1,0,IDR,Sudah dibayar,266665.39999999997
16131,1729677743141128791,7621044899399994130,25/03/2026 14:04:46,1,0,IDR,Sudah dibayar,264397.6
58187,1729677759600495191,7621044899399994130,25/03/2026 14:04:00,1,0,IDR,Sudah dibayar,209979.75
05493,1729677755464518231,7621044899399994130,25/03/2026 14:02:54,1,0,IDR,Sudah dibayar,203989.8
02858,1729677743140801111,7621044899399994130,25/03/2026 14:02:22,1,0,IDR,Sudah dibayar,259475.25
96920,1731927306071869015,7620637729051921170,25/03/2026 13:58:14,1,0,IDR,Sudah dibayar,499638.5
96920,1730174772819625559,7620637729051921170,25/03/2026 13:58:14,1,0,IDR,Sudah dibayar,499638.5
13872,1729677755464714839,7620734833127475976,25/03/2026 13:57:37,1,0,IDR,Sudah dibayar,199652.25
43111,1729677755464256087,7621044899399994130,25/03/2026 13:56:17,1,0,IDR,Sudah dibayar,199694.75
27294,1729677743140997719,7620734833127475976,25/03/2026 13:53:31,1,0,IDR,Sudah dibayar,290282.64999999997
30373,1729677743140932183,7621044899399994130,25/03/2026 13:52:23,1,0,IDR,Sudah dibayar,283305.0
72426,1729677755464387159,7621044899399994130,25/03/2026 13:51:39,1,0,IDR,Sudah dibayar,219453.85
50037,1730310850770470154,7617976796063042836,25/03/2026 13:49:07,1,0,IDR,Sudah dibayar,28265.05
40823,1729677743140735575,7621044899399994130,25/03/2026 13:46:55,1,0,IDR,Sudah dibayar,282455.0
98418,1729677743140932183,7621044899399994130,25/03/2026 13:46:42,1,0,IDR,Sudah dibayar,282455.0
61382,1729677755464452695,7621044899399994130,25/03/2026 13:45:31,1,0,IDR,Sudah dibayar,191505.0
75092,1729677759600429655,7621044899399994130,25/03/2026 13:45:11,1,0,IDR,Sudah dibayar,202963.85
14778,1729677746703469143,7621044899399994130,25/03/2026 13:40:20,1,0,IDR,Sudah dibayar,282455.0
03091,1729677743140866647,7621044899399994130,25/03/2026 13:40:01,1,0,IDR,Sudah dibayar,270895.0
96950,1730651001345640023,7621044899399994130,25/03/2026 13:39:50,1,0,IDR,Sudah dibayar,446070.64999999997
08049,1731418659331999107,7619947460148562696,25/03/2026 13:39:27,1,0,IDR,Sudah dibayar,147691.75
81469,1729677746703600215,7621044899399994130,25/03/2026 13:39:06,1,0,IDR,Sudah dibayar,248421.85
89785,1729677755464714839,7621044899399994130,25/03/2026 13:37:22,1,0,IDR,Sudah dibayar,210829.75
97845,1729677755464452695,7621044899399994130,25/03/2026 13:33:53,1,0,IDR,Sudah dibayar,230549.75
37848,1729677743140801111,7621044899399994130,25/03/2026 13:33:09,1,0,IDR,Sudah dibayar,282455.0
94734,1729677755464518231,7621044899399994130,25/03/2026 13:31:51,1,0,IDR,Sudah dibayar,208364.75
39758,1729677755464583767,7621044899399994130,25/03/2026 13:31:47,1,0,IDR,Sudah dibayar,209979.75
95327,1729677746703534679,7621044899399994130,25/03/2026 13:31:23,1,0,IDR,Sudah dibayar,282455.0
77752,1729677743141063255,7621044899399994130,25/03/2026 13:28:39,1,0,IDR,Sudah dibayar,264465.6
86890,1729677743140932183,7621044899399994130,25/03/2026 13:23:42,1,0,IDR,Sudah dibayar,269003.75
11225,1729677743140801111,7621044899399994130,25/03/2026 13:23:17,1,0,IDR,Sudah dibayar,232788.65
07395,1729677755464452695,7621044899399994130,25/03/2026 13:22:11,1,0,IDR,Sudah dibayar,207547.05
40752,1729677755464780375,7621044899399994130,25/03/2026 13:21:52,1,0,IDR,Sudah dibayar,218369.25
36731,1729677742105201239,7621044899399994130,25/03/2026 13:19:41,1,0,IDR,Sudah dibayar,246755.0
80651,1729677755464649303,7621044899399994130,25/03/2026 13:16:35,1,0,IDR,Sudah dibayar,205619.25
96683,1729677746703534679,7621044899399994130,25/03/2026 13:15:56,1,0,IDR,Sudah dibayar,246755.0
78761,1729677743140932183,7621044899399994130,25/03/2026 13:15:22,1,0,IDR,Sudah dibayar,255168.3
27854,1729677759600233047,7621044899399994130,25/03/2026 13:15:07,1,0,IDR,Sudah dibayar,200544.75
54647,1729677747184503383,7621044899399994130,25/03/2026 13:13:27,1,0,IDR,Sudah dibayar,268800.6
53278,1729677755464452695,7621044899399994130,25/03/2026 13:12:23,1,0,IDR,Sudah dibayar,181651.8
30750,1729677742105004631,7621044899399994130,25/03/2026 13:10:21,1,0,IDR,Sudah dibayar,273962.64999999997
75923,1730706088342816343,7621044899399994130,25/03/2026 13:10:15,1,0,IDR,Sudah dibayar,459374.0
03691,1730310850770470154,7621044899399994130,25/03/2026 13:09:12,1,0,IDR,Sudah dibayar,29708.35
69264,1729677755464387159,7621044899399994130,25/03/2026 13:07:25,1,0,IDR,Sudah dibayar,227205.0
40254,1729677743141063255,7621044899399994130,25/03/2026 13:06:43,1,0,IDR,Sudah dibayar,216931.05
83290,1729677755464387159,7621044899399994130,25/03/2026 13:06:41,1,0,IDR,Sudah dibayar,152371.85
35537,1729677755464452695,7621044899399994130,25/03/2026 13:03:47,1,0,IDR,Sudah dibayar,209979.75
60545,1729677755464452695,7621044899399994130,25/03/2026 13:02:31,1,0,IDR,Sudah dibayar,209979.75
11548,1729677759600298583,7621044899399994130,25/03/2026 13:02:13,1,0,IDR,Sudah dibayar,237490.0
50587,1729677755464518231,7620734833127475976,25/03/2026 13:02:13,1,0,IDR,Sudah dibayar,187560.15
13965,1729677755464518231,7621044899399994130,25/03/2026 13:00:02,1,0,IDR,Sudah dibayar,217638.25
94166,1729677755464518231,7621044899399994130,25/03/2026 12:59:21,1,0,IDR,Sudah dibayar,209951.69999999998
08191,1729677755464780375,7621044899399994130,25/03/2026 12:58:08,1,0,IDR,Sudah dibayar,240762.5
68343,1729677755464452695,7621044899399994130,25/03/2026 12:57:03,1,0,IDR,Sudah dibayar,202113.85
50284,1729677743140932183,7621044899399994130,25/03/2026 12:55:39,1,0,IDR,Sudah dibayar,284979.5
63588,1729677759600364119,7621044899399994130,25/03/2026 12:49:59,1,0,IDR,Sudah dibayar,195029.94999999998
63297,1729677746703403607,7621044899399994130,25/03/2026 12:49:53,1,0,IDR,Sudah dibayar,265790.75
45926,1729677746703600215,7621044899399994130,25/03/2026 12:48:48,1,0,IDR,Sudah dibayar,282455.0
58284,1729677755464387159,7621044899399994130,25/03/2026 12:48:47,1,0,IDR,Sudah dibayar,209979.75
52991,1729677742105135703,7621044899399994130,25/03/2026 12:46:35,1,0,IDR,Sudah dibayar,264465.6
57935,1729677743140997719,7621044899399994130,25/03/2026 12:45:35,1,0,IDR,Sudah dibayar,277627.85
75681,1729677755464780375,7621044899399994130,25/03/2026 12:42:25,1,0,IDR,Sudah dibayar,199825.65
34329,1729677755464518231,7620734833127475976,25/03/2026 12:42:08,1,0,IDR,Sudah dibayar,164548.94999999998
11058,1729677743140932183,7621044899399994130,25/03/2026 12:38:17,1,0,IDR,Sudah dibayar,213860.0
63782,1729677755464583767,7621044899399994130,25/03/2026 12:37:01,1,0,IDR,Sudah dibayar,209979.75
07596,1729677755464583767,7621044899399994130,25/03/2026 12:36:53,1,0,IDR,Sudah dibayar,176005.25
50734,1729677743140866647,7621044899399994130,25/03/2026 12:26:47,1,0,IDR,Sudah dibayar,255889.94999999998
14138,1729677743140866647,7621044899399994130,25/03/2026 12:26:39,1,0,IDR,Sudah dibayar,283305.0
70985,1729677743140866647,7621044899399994130,25/03/2026 12:26:06,1,0,IDR,Sudah dibayar,281620.3
50807,1729677755464583767,7621044899399994130,25/03/2026 12:24:01,1,0,IDR,Sudah dibayar,203728.85
19401,1729677743140932183,7621044899399994130,25/03/2026 12:23:45,1,0,IDR,Sudah dibayar,282455.0
62822,1729677746703469143,7621044899399994130,25/03/2026 12:18:36,1,0,IDR,Sudah dibayar,282455.0
39150,1729677759600364119,7621044899399994130,25/03/2026 12:15:56,1,0,IDR,Sudah dibayar,232148.6
82232,1729677759600364119,7621044899399994130,25/03/2026 12:14:38,1,0,IDR,Sudah dibayar,209979.75
84848,1729677759600429655,7621044899399994130,25/03/2026 12:09:16,1,0,IDR,Sudah dibayar,209979.75
41193,1729677759600364119,7620530266146228999,25/03/2026 12:08:41,1,0,IDR,Sudah dibayar,203709.3
08707,1729677755464583767,7621044899399994130,25/03/2026 12:06:31,1,0,IDR,Sudah dibayar,209979.75
50052,1729677743140866647,7621044899399994130,25/03/2026 12:05:33,1,0,IDR,Sudah dibayar,271178.05
46414,1729677755464518231,7621044899399994130,25/03/2026 12:04:09,1,0,IDR,Sudah dibayar,242652.05
20821,1729677759600298583,7621044899399994130,25/03/2026 12:04:00,1,0,IDR,Sudah dibayar,203728.85
19333,1729677755464649303,7621044899399994130,25/03/2026 12:01:34,1,0,IDR,Sudah dibayar,209979.75
98240,1729677743140997719,7621044899399994130,25/03/2026 12:01:03,1,0,IDR,Sudah dibayar,248825.6
24790,1729677759600364119,7618460083239783186,25/03/2026 12:00:51,1,0,IDR,Sudah dibayar,210829.75
76390,1729677755464583767,7621044899399994130,25/03/2026 12:00:24,1,0,IDR,Sudah dibayar,209979.75
19620,1729677758327130711,7607910530862337288,25/03/2026 11:57:19,1,0,IDR,Sudah dibayar,349425.64999999997
08626,1729677746703469143,7621044899399994130,25/03/2026 11:56:19,1,0,IDR,Sudah dibayar,288425.39999999997
65779,1729677759600364119,7620934668585569031,25/03/2026 11:56:09,1,0,IDR,Sudah dibayar,210829.75
17577,1729677746703403607,7620934668585569031,25/03/2026 11:54:24,1,0,IDR,Sudah dibayar,242519.44999999998
92648,1729677743140932183,7621044899399994130,25/03/2026 11:51:02,1,0,IDR,Sudah dibayar,241181.55
47668,1729677755464780375,7621044899399994130,25/03/2026 11:49:50,1,0,IDR,Sudah dibayar,182886.0
51377,1729677743140932183,7621044899399994130,25/03/2026 11:49:31,1,0,IDR,Sudah dibayar,248668.35
34560,1730806648018798167,7621044899399994130,25/03/2026 11:49:27,1,0,IDR,Sudah dibayar,236192.9
23085,1729677743140866647,7621044899399994130,25/03/2026 11:44:24,1,0,IDR,Sudah dibayar,243847.15
48060,1729677743141063255,7621044899399994130,25/03/2026 11:40:40,1,0,IDR,Sudah dibayar,298017.64999999997
24069,1731927306072196695,7621044899399994130,25/03/2026 11:39:10,1,0,IDR,Sudah dibayar,558365.0
32409,1729677755464714839,7618460083239783186,25/03/2026 11:37:00,1,0,IDR,Sudah dibayar,188682.15
29546,1729677755464452695,7621044899399994130,25/03/2026 11:29:50,1,0,IDR,Sudah dibayar,190332.0
72576,1730310850770535690,7617976796063042836,25/03/2026 11:25:13,1,0,IDR,Sudah dibayar,30005.85
65439,1729677743140735575,7605131813144612104,25/03/2026 10:52:48,1,0,IDR,Sudah dibayar,232226.8
40387,1729677758275816023,7605999431984483591,25/03/2026 10:47:20,1,0,IDR,Sudah dibayar,188497.69999999998
31171,1729677755464649303,7620934668585569031,25/03/2026 10:43:45,1,0,IDR,Sudah dibayar,184982.94999999998
84822,1733552678294423127,7620734833127475976,25/03/2026 08:59:40,1,0,IDR,Sudah dibayar,218484.0
00832,1730665336293983816,7620934668585569031,25/03/2026 08:57:24,1,0,IDR,Sudah dibayar,53991.15
75706,1729677755464387159,7620934668585569031,25/03/2026 08:54:58,1,0,IDR,Sudah dibayar,179510.65
36498,1731927306071869015,7620734833127475976,25/03/2026 08:31:07,1,0,IDR,Sudah dibayar,474179.3
48242,1731927306072000087,7620934668585569031,25/03/2026 08:19:43,1,0,IDR,Sudah dibayar,451790.3
59178,1729677755464518231,7620934668585569031,25/03/2026 08:15:23,1,0,IDR,Sudah dibayar,187258.4
31410,1731927306072131159,7620934668585569031,25/03/2026 08:15:09,1,0,IDR,Sudah dibayar,449701.0
31790,1734439118025623127,7494054609567125126,25/03/2026 08:13:37,1,0,IDR,Sudah dibayar,437767.0
11782,1729677746703403607,7618460083239783186,25/03/2026 08:12:28,1,0,IDR,Sudah dibayar,404650.14999999997
71515,1729677746703534679,7620934668585569031,25/03/2026 07:47:48,1,0,IDR,Sudah dibayar,295290.0
44904,1729677755464583767,7620934668585569031,25/03/2026 07:47:46,1,0,IDR,Sudah dibayar,177311.69999999998
44320,1729677743140997719,7620934668585569031,25/03/2026 07:47:13,1,0,IDR,Sudah dibayar,253045.0
42334,1729677746703534679,7620934668585569031,25/03/2026 07:46:52,1,0,IDR,Sudah dibayar,237220.55
88934,1729677742105201239,7620934668585569031,25/03/2026 07:46:47,1,0,IDR,Sudah dibayar,256700.0
53332,1729677755464583767,7620934668585569031,25/03/2026 07:46:44,1,0,IDR,Sudah dibayar,197619.05
95921,1732963233651918408,7620934668585569031,25/03/2026 07:46:07,1,0,IDR,Sudah dibayar,52948.2
21812,1729677742968834647,7620934668585569031,25/03/2026 07:45:06,1,0,IDR,Sudah dibayar,204681.69999999998
39059,1729677742968834647,7620934668585569031,25/03/2026 07:44:51,1,0,IDR,Sudah dibayar,201054.75
46091,1729677755464583767,7620934668585569031,25/03/2026 07:44:46,1,0,IDR,Sudah dibayar,179066.94999999998
57840,1729677759600036439,7620934668585569031,25/03/2026 07:44:31,1,0,IDR,Sudah dibayar,205504.5
57840,1729677755464387159,7620934668585569031,25/03/2026 07:44:31,1,0,IDR,Sudah dibayar,205504.5
16070,1729677755464649303,7620934668585569031,25/03/2026 07:44:26,1,0,IDR,Sudah dibayar,188497.69999999998
06089,1729677755464583767,7620934668585569031,25/03/2026 07:44:08,1,0,IDR,Sudah dibayar,181664.55
60131,1729677743140801111,7620934668585569031,25/03/2026 07:43:42,1,0,IDR,Sudah dibayar,249057.65
48549,1729677755464583767,7620934668585569031,25/03/2026 07:42:58,1,0,IDR,Sudah dibayar,177765.6
62193,1729677743141128791,7620934668585569031,25/03/2026 07:42:08,1,0,IDR,Sudah dibayar,242854.35
84192,1729677743140604503,7620934668585569031,25/03/2026 07:40:24,1,0,IDR,Sudah dibayar,256700.0
84078,1729677758275816023,7620934668585569031,25/03/2026 07:40:05,1,0,IDR,Sudah dibayar,183736.0
58910,1729677742104939095,7620734833127475976,25/03/2026 07:40:01,1,0,IDR,Sudah dibayar,249907.65
50033,1729677755464190551,7620934668585569031,25/03/2026 07:39:17,1,0,IDR,Sudah dibayar,181376.4
52207,1729677755464387159,7620934668585569031,25/03/2026 07:39:11,1,0,IDR,Sudah dibayar,218564.75
32568,1729677755464518231,7620934668585569031,25/03/2026 07:34:08,1,0,IDR,Sudah dibayar,218564.75
09565,1729677743140735575,7620934668585569031,25/03/2026 07:33:16,1,0,IDR,Sudah dibayar,291864.5
36223,1729677755464452695,7620934668585569031,25/03/2026 07:32:37,1,0,IDR,Sudah dibayar,187344.25
49431,1729677755464387159,7620934668585569031,25/03/2026 07:32:10,1,0,IDR,Sudah dibayar,208155.65
57790,1729677755464714839,7620934668585569031,25/03/2026 07:29:57,1,0,IDR,Sudah dibayar,181139.25
02927,1729677743140801111,7620934668585569031,25/03/2026 07:29:26,1,0,IDR,Sudah dibayar,283832.0
19443,1729677755464256087,7620934668585569031,25/03/2026 07:27:32,1,0,IDR,Sudah dibayar,177967.9
75045,1729677755464452695,7620934668585569031,25/03/2026 07:26:31,1,0,IDR,Sudah dibayar,202844.85
79045,1734650508941362563,7618178607248067336,25/03/2026 07:25:06,1,0,IDR,Sudah dibayar,331913.95
18790,1729677755464583767,7620934668585569031,25/03/2026 07:25:03,1,0,IDR,Sudah dibayar,237987.25
41526,1729677755464518231,7620934668585569031,25/03/2026 07:24:02,1,0,IDR,Sudah dibayar,193090.25
50174,1729677755464452695,7620934668585569031,25/03/2026 07:23:30,1,0,IDR,Sudah dibayar,158935.55
30679,1729677743141063255,7618460083239783186,25/03/2026 07:23:17,1,0,IDR,Sudah dibayar,304725.0
47827,1729677743140932183,7620934668585569031,25/03/2026 07:23:00,1,0,IDR,Sudah dibayar,293590.0
16917,1729677746703469143,7620734833127475976,25/03/2026 07:20:49,1,0,IDR,Sudah dibayar,296140.0
58339,1729677755464583767,7620934668585569031,25/03/2026 07:18:49,1,0,IDR,Sudah dibayar,193940.25
73380,1729677743140866647,7620934668585569031,25/03/2026 07:15:51,1,0,IDR,Sudah dibayar,250750.0
57263,1729677755464583767,7620934668585569031,25/03/2026 07:15:29,1,0,IDR,Sudah dibayar,193940.25
25001,1729677755464649303,7620934668585569031,25/03/2026 07:15:15,1,0,IDR,Sudah dibayar,193940.25
54101,1729677755464518231,7620934668585569031,25/03/2026 07:15:13,1,0,IDR,Sudah dibayar,193090.25
53720,1729677755464452695,7620934668585569031,25/03/2026 07:15:08,1,0,IDR,Sudah dibayar,193940.25
87609,1729677755464452695,7620934668585569031,25/03/2026 07:15:03,1,0,IDR,Sudah dibayar,182694.75
19942,1729677755464649303,7620934668585569031,25/03/2026 07:14:08,1,0,IDR,Sudah dibayar,177967.9
46824,1729677755464583767,7620934668585569031,25/03/2026 07:13:58,1,0,IDR,Sudah dibayar,183655.25
36536,1729677743140735575,7620934668585569031,25/03/2026 07:13:33,1,0,IDR,Sudah dibayar,256700.0
81844,1729677743140997719,7620734833127475976,25/03/2026 07:13:24,1,0,IDR,Sudah dibayar,249057.65
17390,1729677742968834647,7620934668585569031,25/03/2026 07:13:07,1,0,IDR,Sudah dibayar,207310.75
52085,1729677758275816023,7620934668585569031,25/03/2026 07:12:04,1,0,IDR,Sudah dibayar,193090.25
23411,1729677743140801111,7620934668585569031,25/03/2026 07:11:43,1,0,IDR,Sudah dibayar,258145.0
28176,1729677755464452695,7620734833127475976,25/03/2026 07:10:33,1,0,IDR,Sudah dibayar,223860.25
15443,1729677743140997719,7620934668585569031,25/03/2026 07:10:33,1,0,IDR,Sudah dibayar,249779.3
78985,1729677759600429655,7620934668585569031,25/03/2026 07:09:09,1,0,IDR,Sudah dibayar,193090.25
58709,1729677755464518231,7620934668585569031,25/03/2026 07:09:07,1,0,IDR,Sudah dibayar,187258.4
71150,1731927306072000087,7620934668585569031,25/03/2026 07:03:05,1,0,IDR,Sudah dibayar,446416.6
79232,1729677743140932183,7620934668585569031,25/03/2026 07:01:17,1,0,IDR,Sudah dibayar,250502.65
62098,1729677743140735575,7620934668585569031,25/03/2026 06:59:04,1,0,IDR,Sudah dibayar,236320.4
74711,1729677755464321623,7620934668585569031,25/03/2026 06:55:21,1,0,IDR,Sudah dibayar,215770.8
57519,1729677759600364119,7620934668585569031,25/03/2026 06:55:06,1,0,IDR,Sudah dibayar,195215.25
88069,1729677755464583767,7620934668585569031,25/03/2026 06:54:39,1,0,IDR,Sudah dibayar,187258.4
18443,1729677743141063255,7620934668585569031,25/03/2026 06:53:19,1,0,IDR,Sudah dibayar,229719.3
79625,1729677743141063255,7620934668585569031,25/03/2026 06:53:05,1,0,IDR,Sudah dibayar,263020.6
66392,1729677743140866647,7620934668585569031,25/03/2026 06:52:30,1,0,IDR,Sudah dibayar,226810.6
18556,1729677755464518231,7620934668585569031,25/03/2026 06:52:24,1,0,IDR,Sudah dibayar,193090.25
34130,1729677755464583767,7620934668585569031,25/03/2026 06:52:09,1,0,IDR,Sudah dibayar,202414.75
99669,1729677755464452695,7620934668585569031,25/03/2026 06:51:06,1,0,IDR,Sudah dibayar,190413.6
53015,1729677759600364119,7620934668585569031,25/03/2026 06:50:45,1,0,IDR,Sudah dibayar,191175.19999999998
86156,1729677759600167511,7620934668585569031,25/03/2026 06:50:06,1,0,IDR,Sudah dibayar,173934.65
35639,1729677755464583767,7620934668585569031,25/03/2026 06:49:43,1,0,IDR,Sudah dibayar,190024.3
24673,1729677759600298583,7620934668585569031,25/03/2026 06:49:31,1,0,IDR,Sudah dibayar,187258.4
08913,1729677743140997719,7620934668585569031,25/03/2026 06:48:18,1,0,IDR,Sudah dibayar,256700.0
32833,1729677742105266775,7620934668585569031,25/03/2026 06:46:16,1,0,IDR,Sudah dibayar,259466.75
47229,1729677755464387159,7620934668585569031,25/03/2026 06:45:54,1,0,IDR,Sudah dibayar,193090.25
14916,1729677743140932183,7620934668585569031,25/03/2026 06:45:46,1,0,IDR,Sudah dibayar,240635.0
87783,1729677743140801111,7620934668585569031,25/03/2026 06:45:23,1,0,IDR,Sudah dibayar,256700.0
59333,1730310850770535690,7620934668585569031,25/03/2026 06:45:17,1,0,IDR,Sudah dibayar,27987.1
85406,1729677742104939095,7620934668585569031,25/03/2026 06:44:42,1,0,IDR,Sudah dibayar,249057.65
31876,1729677743141063255,7620934668585569031,25/03/2026 06:44:37,1,0,IDR,Sudah dibayar,236320.4
46274,1729677755464583767,7620934668585569031,25/03/2026 06:44:20,1,0,IDR,Sudah dibayar,252165.25
99669,1729677755464780375,7620934668585569031,25/03/2026 06:43:18,1,0,IDR,Sudah dibayar,226645.69999999998
99669,1729677742105266775,7620934668585569031,25/03/2026 06:43:18,1,0,IDR,Sudah dibayar,307910.8
18540,1729677755464518231,7609440172182146312,25/03/2026 06:43:15,1,0,IDR,Sudah dibayar,193090.25
97968,1729677755464387159,7620934668585569031,25/03/2026 06:43:14,1,0,IDR,Sudah dibayar,200740.25
71532,1729677755464387159,7620934668585569031,25/03/2026 06:42:50,1,0,IDR,Sudah dibayar,193090.25
52342,1729677755464321623,7620934668585569031,25/03/2026 06:42:29,1,0,IDR,Sudah dibayar,190285.25
19483,1729677743140866647,7620934668585569031,25/03/2026 06:41:03,1,0,IDR,Sudah dibayar,244472.75
72563,1729677755464256087,7620934668585569031,25/03/2026 06:39:58,1,0,IDR,Sudah dibayar,192358.4
34371,1729677743140866647,7620934668585569031,25/03/2026 06:39:50,1,0,IDR,Sudah dibayar,233710.9
77308,1729677743140932183,7620934668585569031,25/03/2026 06:39:45,1,0,IDR,Sudah dibayar,258520.69999999998
53062,1729677758276274775,7620934668585569031,25/03/2026 06:39:15,1,0,IDR,Sudah dibayar,193940.25
21471,1729677758275816023,7620934668585569031,25/03/2026 06:38:29,1,0,IDR,Sudah dibayar,216526.44999999998
18062,1729677743140997719,7620934668585569031,25/03/2026 06:38:09,1,0,IDR,Sudah dibayar,249057.65
32359,1729677759600429655,7620934668585569031,25/03/2026 06:37:33,1,0,IDR,Sudah dibayar,193940.25
59660,1729677759600429655,7620934668585569031,25/03/2026 06:36:12,1,0,IDR,Sudah dibayar,183512.44999999998
31857,1729677746703469143,7620934668585569031,25/03/2026 06:36:05,1,0,IDR,Sudah dibayar,250757.65
94647,1729677755464583767,7620934668585569031,25/03/2026 06:36:04,1,0,IDR,Sudah dibayar,181870.25
77469,1729677759600364119,7620934668585569031,25/03/2026 06:34:24,1,0,IDR,Sudah dibayar,190658.4
66779,1729677755464518231,7620934668585569031,25/03/2026 06:34:23,1,0,IDR,Sudah dibayar,181982.44999999998
22573,1729677755464321623,7620934668585569031,25/03/2026 06:34:21,1,0,IDR,Sudah dibayar,181870.25
04571,1729677742104808023,7620934668585569031,25/03/2026 06:32:15,1,0,IDR,Sudah dibayar,255000.0
17645,1729677755464649303,7620934668585569031,25/03/2026 06:32:03,1,0,IDR,Sudah dibayar,193090.25
27124,1729677743140866647,7613252543543594258,25/03/2026 06:31:52,1,0,IDR,Sudah dibayar,260370.3
09494,1729677755464387159,7494054609567125126,25/03/2026 06:29:27,1,0,IDR,Sudah dibayar,193940.25
20139,1729677759600298583,7620934668585569031,25/03/2026 06:28:38,1,0,IDR,Sudah dibayar,193090.25
47734,1729677755464452695,7620934668585569031,25/03/2026 06:28:19,1,0,IDR,Sudah dibayar,187258.4
60726,1729677746703403607,7620934668585569031,25/03/2026 06:27:49,1,0,IDR,Sudah dibayar,264817.5
90152,1729677755464387159,7620934668585569031,25/03/2026 06:27:11,1,0,IDR,Sudah dibayar,188888.69999999998
29577,1729677755464452695,7620934668585569031,25/03/2026 06:26:45,1,0,IDR,Sudah dibayar,168572.85
17729,1729677743140604503,7620934668585569031,25/03/2026 06:25:42,1,0,IDR,Sudah dibayar,256700.0
97051,1729677755464321623,7620934668585569031,25/03/2026 06:25:38,1,0,IDR,Sudah dibayar,193940.25
06801,1729677743140997719,7620934668585569031,25/03/2026 06:25:34,1,0,IDR,Sudah dibayar,257550.0
66390,1729677743140801111,7620934668585569031,25/03/2026 06:24:27,1,0,IDR,Sudah dibayar,255595.0
20082,1731927306072065623,7620934668585569031,25/03/2026 06:23:34,1,0,IDR,Sudah dibayar,459435.2
75345,1729677755464583767,7620934668585569031,25/03/2026 06:23:16,1,0,IDR,Sudah dibayar,183895.8
21332,1729677743141063255,7620934668585569031,25/03/2026 06:23:03,1,0,IDR,Sudah dibayar,256700.0
51960,1729677759600167511,7620934668585569031,25/03/2026 06:22:52,1,0,IDR,Sudah dibayar,187258.4
21233,1729677755464583767,7620934668585569031,25/03/2026 06:22:19,1,0,IDR,Sudah dibayar,193090.25
34971,1729677743140866647,7620934668585569031,25/03/2026 06:22:13,1,0,IDR,Sudah dibayar,257550.0
74747,1729677743140866647,7620934668585569031,25/03/2026 06:22:09,1,0,IDR,Sudah dibayar,232165.6
99057,1729677758275684951,7620934668585569031,25/03/2026 06:22:05,1,0,IDR,Sudah dibayar,228055.0
21908,1729677743141063255,7620934668585569031,25/03/2026 06:22:02,1,0,IDR,Sudah dibayar,264860.0
18141,1729677742968834647,7620934668585569031,25/03/2026 06:21:45,1,0,IDR,Sudah dibayar,203570.75
16507,1729677742105070167,7620934668585569031,25/03/2026 06:21:19,1,0,IDR,Sudah dibayar,249907.65
69741,1729677755464452695,7620934668585569031,25/03/2026 06:21:00,1,0,IDR,Sudah dibayar,180360.65
05820,1729677743141063255,7620934668585569031,25/03/2026 06:20:29,1,0,IDR,Sudah dibayar,249057.65
05141,1729677755464452695,7620934668585569031,25/03/2026 06:20:27,1,0,IDR,Sudah dibayar,172393.6
84562,1729677743140735575,7620934668585569031,25/03/2026 06:20:02,1,0,IDR,Sudah dibayar,257550.0
46516,1729677746703403607,7620934668585569031,25/03/2026 06:18:53,1,0,IDR,Sudah dibayar,256797.75
34748,1729677742105070167,7620934668585569031,25/03/2026 06:18:32,1,0,IDR,Sudah dibayar,257550.0
46110,1729677743140801111,7620734833127475976,25/03/2026 06:17:07,1,0,IDR,Sudah dibayar,254895.44999999998
74670,1729677759600364119,7620934668585569031,25/03/2026 06:17:03,1,0,IDR,Sudah dibayar,226698.4
27576,1729677743140932183,7620934668585569031,25/03/2026 06:15:35,1,0,IDR,Sudah dibayar,238765.0
72342,1729677758275816023,7620934668585569031,25/03/2026 06:14:37,1,0,IDR,Sudah dibayar,183895.8
01221,1729677743141063255,7494054609567125126,25/03/2026 06:13:52,1,0,IDR,Sudah dibayar,224175.6
16901,1729677742104939095,7620934668585569031,25/03/2026 06:13:00,1,0,IDR,Sudah dibayar,255850.0
64631,1729677743140932183,7620934668585569031,25/03/2026 06:12:18,1,0,IDR,Sudah dibayar,257550.0
18845,1730149094126552648,7620934668585569031,25/03/2026 06:09:52,1,0,IDR,Sudah dibayar,56115.299999999996
89826,1729677759600429655,7620934668585569031,25/03/2026 06:09:46,1,0,IDR,Sudah dibayar,177765.6
84754,1730806636781078103,7620934668585569031,25/03/2026 06:09:16,1,0,IDR,Sudah dibayar,188168.75
37430,1729677758275947095,7620934668585569031,25/03/2026 06:09:03,1,0,IDR,Sudah dibayar,173157.75
78067,1729677743140932183,7620934668585569031,25/03/2026 06:07:32,1,0,IDR,Sudah dibayar,257550.0
28741,1729677755464256087,7620934668585569031,25/03/2026 06:07:19,1,0,IDR,Sudah dibayar,170953.69999999998
44657,1729677743140997719,7620934668585569031,25/03/2026 06:07:09,1,0,IDR,Sudah dibayar,226130.6
62970,1729677743140866647,7620934668585569031,25/03/2026 06:07:08,1,0,IDR,Sudah dibayar,257550.0
61934,1729677758275816023,7620934668585569031,25/03/2026 06:05:27,1,0,IDR,Sudah dibayar,183895.8
56579,1730310850770535690,7620934668585569031,25/03/2026 06:05:02,1,0,IDR,Sudah dibayar,28842.2
70549,1729677743141063255,7620934668585569031,25/03/2026 06:03:47,1,0,IDR,Sudah dibayar,226130.6
44502,1729677759600298583,7620934668585569031,25/03/2026 06:03:17,1,0,IDR,Sudah dibayar,223664.75
99361,1729677743140932183,7620934668585569031,25/03/2026 06:03:09,1,0,IDR,Sudah dibayar,244472.75
16976,1729677759600298583,7620934668585569031,25/03/2026 06:02:21,1,0,IDR,Sudah dibayar,183895.8
95125,1729677755464518231,7620934668585569031,25/03/2026 06:01:54,1,0,IDR,Sudah dibayar,189444.6
61013,1729677755464714839,7620934668585569031,25/03/2026 06:01:19,1,0,IDR,Sudah dibayar,158935.55
94298,1729677755464518231,7620934668585569031,25/03/2026 06:01:05,1,0,IDR,Sudah dibayar,196065.25
55620,1729677755464583767,7620934668585569031,25/03/2026 06:00:35,1,0,IDR,Sudah dibayar,195343.6
06551,1729677755464583767,7620934668585569031,25/03/2026 06:00:13,1,0,IDR,Sudah dibayar,214850.25
79488,1729677747184503383,7620934668585569031,25/03/2026 06:00:06,1,0,IDR,Sudah dibayar,250999.05
94709,1729677743140932183,7620934668585569031,25/03/2026 05:59:53,1,0,IDR,Sudah dibayar,263585.0
52086,1729677742968769111,7620934668585569031,25/03/2026 05:58:24,1,0,IDR,Sudah dibayar,197438.0
34005,1729677743140997719,7620934668585569031,25/03/2026 05:58:04,1,0,IDR,Sudah dibayar,250750.0
88341,1729677755464583767,7620934668585569031,25/03/2026 05:56:34,1,0,IDR,Sudah dibayar,193530.55
71809,1729677743140801111,7620934668585569031,25/03/2026 05:55:59,1,0,IDR,Sudah dibayar,243962.75
33729,1729677746703403607,7620934668585569031,25/03/2026 05:54:26,1,0,IDR,Sudah dibayar,310494.8
44470,1729677743140670039,7620934668585569031,25/03/2026 05:53:42,1,0,IDR,Sudah dibayar,257550.0
85414,1729677746703403607,7620934668585569031,25/03/2026 05:53:34,1,0,IDR,Sudah dibayar,246858.69999999998
67043,1729677743140932183,7620934668585569031,25/03/2026 05:53:26,1,0,IDR,Sudah dibayar,244727.75
51183,1729677747184503383,7620934668585569031,25/03/2026 05:52:46,1,0,IDR,Sudah dibayar,246586.69999999998
59185,1729677742968834647,7620934668585569031,25/03/2026 05:52:27,1,0,IDR,Sudah dibayar,201140.6
37916,1729677759600298583,7620934668585569031,25/03/2026 05:52:15,1,0,IDR,Sudah dibayar,188108.4
52331,1729677746703403607,7620934668585569031,25/03/2026 05:51:54,1,0,IDR,Sudah dibayar,256700.0
79418,1729677755464583767,7620934668585569031,25/03/2026 05:51:28,1,0,IDR,Sudah dibayar,193523.75
37285,1729677743141063255,7620934668585569031,25/03/2026 05:51:05,1,0,IDR,Sudah dibayar,256700.0
59834,1729677755464518231,7620934668585569031,25/03/2026 05:50:42,1,0,IDR,Sudah dibayar,219813.4
87420,1729677742968769111,7620934668585569031,25/03/2026 05:50:12,1,0,IDR,Sudah dibayar,208160.75
91397,1729677755464649303,7620934668585569031,25/03/2026 05:48:50,1,0,IDR,Sudah dibayar,195215.25
68562,1730310850770470154,7620934668585569031,25/03/2026 05:48:15,1,0,IDR,Sudah dibayar,29130.35
07255,1729677755464452695,7620934668585569031,25/03/2026 05:48:06,1,0,IDR,Sudah dibayar,188108.4
48164,1729677743140866647,7620934668585569031,25/03/2026 05:47:54,1,0,IDR,Sudah dibayar,257550.0
11547,1729677742104808023,7620934668585569031,25/03/2026 05:46:49,1,0,IDR,Sudah dibayar,249907.65
57460,1729677755464518231,7620934668585569031,25/03/2026 05:46:13,1,0,IDR,Sudah dibayar,193090.25
23081,1729677755464518231,7620934668585569031,25/03/2026 05:46:12,1,0,IDR,Sudah dibayar,195215.25
27574,1729677755464518231,7620934668585569031,25/03/2026 05:45:48,1,0,IDR,Sudah dibayar,201671.0
27574,1729677755464387159,7620934668585569031,25/03/2026 05:45:48,1,0,IDR,Sudah dibayar,201671.0
30239,1729677746703403607,7620934668585569031,25/03/2026 05:45:29,1,0,IDR,Sudah dibayar,255850.0
58908,1729677743140932183,7620934668585569031,25/03/2026 05:44:24,1,0,IDR,Sudah dibayar,259770.19999999998
79731,1729677755464518231,7620934668585569031,25/03/2026 05:44:23,1,0,IDR,Sudah dibayar,193940.25
40081,1729677758275684951,7620934668585569031,25/03/2026 05:44:20,1,0,IDR,Sudah dibayar,191175.19999999998
17468,1730806636781078103,7620934668585569031,25/03/2026 05:43:03,1,0,IDR,Sudah dibayar,191309.5
67988,1729677755464518231,7620934668585569031,25/03/2026 05:41:30,1,0,IDR,Sudah dibayar,188108.4
97321,1729677755464452695,7620934668585569031,25/03/2026 05:40:27,1,0,IDR,Sudah dibayar,192621.05
17000,1729677755464583767,7620934668585569031,25/03/2026 05:39:24,1,0,IDR,Sudah dibayar,177967.9
46752,1729677759600429655,7620934668585569031,25/03/2026 05:37:42,1,0,IDR,Sudah dibayar,193940.25
42301,1729677743140997719,7620934668585569031,25/03/2026 05:36:11,1,0,IDR,Sudah dibayar,257550.0
28901,1729677755464649303,7620934668585569031,25/03/2026 05:35:17,1,0,IDR,Sudah dibayar,187775.19999999998
45057,1729677755464780375,7620934668585569031,25/03/2026 05:34:21,1,0,IDR,Sudah dibayar,193090.25
78219,1729677743141063255,7620934668585569031,25/03/2026 05:34:04,1,0,IDR,Sudah dibayar,236702.9
17842,1729677746703469143,7620934668585569031,25/03/2026 05:33:17,1,0,IDR,Sudah dibayar,295290.0
81137,1729677743140866647,7620934668585569031,25/03/2026 05:30:33,1,0,IDR,Sudah dibayar,257975.0
80903,1729677743140735575,7620934668585569031,25/03/2026 05:26:12,1,0,IDR,Sudah dibayar,238192.94999999998
77892,1729677755464321623,7620934668585569031,25/03/2026 05:24:26,1,0,IDR,Sudah dibayar,193090.25
51812,1729677755464583767,7620934668585569031,25/03/2026 05:21:14,1,0,IDR,Sudah dibayar,187528.69999999998
98462,1730310850770535690,7620934668585569031,25/03/2026 05:20:55,1,0,IDR,Sudah dibayar,30896.649999999998
53715,1729677742968834647,7620934668585569031,25/03/2026 05:19:55,1,0,IDR,Sudah dibayar,244715.0
75681,1729677742104939095,7620934668585569031,25/03/2026 05:19:51,1,0,IDR,Sudah dibayar,247102.65
36415,1729677755464583767,7620934668585569031,25/03/2026 05:17:56,1,0,IDR,Sudah dibayar,191279.75
97952,1729677755464518231,7620934668585569031,25/03/2026 05:17:22,1,0,IDR,Sudah dibayar,193090.25
25046,1729677755464321623,7620734833127475976,25/03/2026 05:17:09,1,0,IDR,Sudah dibayar,191777.0
19467,1729677755464649303,7620934668585569031,25/03/2026 05:17:07,1,0,IDR,Sudah dibayar,187258.4
82907,1729677755464518231,7620934668585569031,25/03/2026 05:15:59,1,0,IDR,Sudah dibayar,193940.25
77429,1729677746703403607,7620934668585569031,25/03/2026 05:10:51,1,0,IDR,Sudah dibayar,253232.0
08752,1729677758275816023,7620934668585569031,25/03/2026 05:10:35,1,0,IDR,Sudah dibayar,177765.6
41119,1729677743140801111,7620934668585569031,25/03/2026 05:10:31,1,0,IDR,Sudah dibayar,249057.65
50220,1729677755464583767,7620934668585569031,25/03/2026 05:10:31,1,0,IDR,Sudah dibayar,185813.4
62469,1729677743140997719,7620934668585569031,25/03/2026 05:08:09,1,0,IDR,Sudah dibayar,229171.05
26452,1729677746703469143,7620934668585569031,25/03/2026 05:06:24,1,0,IDR,Sudah dibayar,255105.4
30561,1729677743140801111,7620934668585569031,25/03/2026 05:02:21,1,0,IDR,Sudah dibayar,249057.65
02406,1729677758275816023,7620734833127475976,25/03/2026 05:02:09,1,0,IDR,Sudah dibayar,192971.25
70985,1729677743141128791,7620934668585569031,25/03/2026 05:01:28,1,0,IDR,Sudah dibayar,256700.0
78638,1729677755464518231,7620934668585569031,25/03/2026 05:00:57,1,0,IDR,Sudah dibayar,183467.4
13681,1729677743141063255,7620934668585569031,25/03/2026 05:00:55,1,0,IDR,Sudah dibayar,282201.7
63812,1729677746703403607,7620934668585569031,25/03/2026 04:59:17,1,0,IDR,Sudah dibayar,256700.0
01771,1729677742968703575,7620934668585569031,25/03/2026 04:55:22,1,0,IDR,Sudah dibayar,203324.25
29493,1729677743140866647,7620934668585569031,25/03/2026 04:53:21,1,0,IDR,Sudah dibayar,254745.0
54213,1729677755464387159,7620934668585569031,25/03/2026 04:48:36,1,0,IDR,Sudah dibayar,166989.3
48956,1729677743140997719,7620934668585569031,25/03/2026 04:48:23,1,0,IDR,Sudah dibayar,300390.0
41349,1729677755464518231,7620934668585569031,25/03/2026 04:44:50,1,0,IDR,Sudah dibayar,189912.1
94030,1729677743140932183,7620934668585569031,25/03/2026 04:43:26,1,0,IDR,Sudah dibayar,253457.25
27164,1729677743141128791,7620934668585569031,25/03/2026 04:40:53,1,0,IDR,Sudah dibayar,256700.0
40753,1730787814072878664,7620934668585569031,25/03/2026 04:39:51,1,0,IDR,Sudah dibayar,56115.299999999996
85075,1731927306071934551,7620934668585569031,25/03/2026 04:38:38,1,0,IDR,Sudah dibayar,468775.0
42487,1729677743140866647,7620934668585569031,25/03/2026 04:35:00,1,0,IDR,Sudah dibayar,247350.0
70936,1729677755464649303,7620934668585569031,25/03/2026 04:30:26,1,0,IDR,Sudah dibayar,187258.4
72850,1729677747184503383,7620934668585569031,25/03/2026 04:29:17,1,0,IDR,Sudah dibayar,250072.55
21341,1729677743140866647,7620734833127475976,25/03/2026 04:26:25,1,0,IDR,Sudah dibayar,237614.94999999998
93627,1729677743140932183,7618178607248067336,25/03/2026 04:25:42,1,0,IDR,Sudah dibayar,278145.5
43244,1729677755464649303,7620934668585569031,25/03/2026 04:22:51,1,0,IDR,Sudah dibayar,193940.25
76641,1731927306072065623,7620734833127475976,25/03/2026 04:20:30,1,0,IDR,Sudah dibayar,503200.0
17001,1729677743140932183,7620734833127475976,25/03/2026 04:15:54,1,0,IDR,Sudah dibayar,236702.9
09421,1729677743140735575,7620734833127475976,25/03/2026 04:14:36,1,0,IDR,Sudah dibayar,256700.0
50736,1729677755464583767,7620734833127475976,25/03/2026 04:12:10,1,0,IDR,Sudah dibayar,193090.25
00377,1729677742104939095,7620734833127475976,25/03/2026 04:11:39,1,0,IDR,Sudah dibayar,257670.69999999998
43823,1729677742968769111,7620734833127475976,25/03/2026 04:10:27,1,0,IDR,Sudah dibayar,207290.35
30952,1729677746703534679,7620734833127475976,25/03/2026 04:09:11,1,0,IDR,Sudah dibayar,263615.6
84850,1729677743140997719,7620734833127475976,25/03/2026 04:09:09,1,0,IDR,Sudah dibayar,256700.0
47880,1729677743140866647,7494054609567125126,25/03/2026 04:09:01,1,0,IDR,Sudah dibayar,296140.0
55344,1729677746703534679,7620734833127475976,25/03/2026 04:05:57,1,0,IDR,Sudah dibayar,236411.35
61349,1729677755464649303,7620734833127475976,25/03/2026 04:05:42,1,0,IDR,Sudah dibayar,177967.9
25260,1729677743140866647,7620734833127475976,25/03/2026 04:04:32,1,0,IDR,Sudah dibayar,257550.0
61641,1729677743140932183,7620734833127475976,25/03/2026 04:03:36,1,0,IDR,Sudah dibayar,249806.5
16040,1729677746703403607,7620734833127475976,25/03/2026 04:00:33,1,0,IDR,Sudah dibayar,257670.69999999998
60655,1729677743140866647,7620734833127475976,25/03/2026 04:00:13,1,0,IDR,Sudah dibayar,243177.35
48690,1729677746703469143,7620734833127475976,25/03/2026 03:59:31,1,0,IDR,Sudah dibayar,253343.35
54067,1729677746703403607,7620734833127475976,25/03/2026 03:58:34,1,0,IDR,Sudah dibayar,249227.65
24715,1729677743140997719,7620734833127475976,25/03/2026 03:57:11,1,0,IDR,Sudah dibayar,237255.4
05137,1729677755464583767,7620734833127475976,25/03/2026 03:56:22,1,0,IDR,Sudah dibayar,193090.25
43289,1729677742105004631,7620734833127475976,25/03/2026 03:55:59,1,0,IDR,Sudah dibayar,256700.0
67384,1729677758275816023,7620734833127475976,25/03/2026 03:55:31,1,0,IDR,Sudah dibayar,164961.19999999998
68919,1729677743140866647,7620734833127475976,25/03/2026 03:55:16,1,0,IDR,Sudah dibayar,257550.0
08931,1729677742105004631,7620734833127475976,25/03/2026 03:54:38,1,0,IDR,Sudah dibayar,256700.0
56072,1729677743140997719,7620734833127475976,25/03/2026 03:49:27,1,0,IDR,Sudah dibayar,220719.5
98472,1729677743140932183,7620734833127475976,25/03/2026 03:47:49,1,0,IDR,Sudah dibayar,256700.0
13106,1729677755464387159,7620734833127475976,25/03/2026 03:45:15,1,0,IDR,Sudah dibayar,192593.85
27649,1729677755464583767,7620734833127475976,25/03/2026 03:44:00,1,0,IDR,Sudah dibayar,193090.25
85066,1729677743140801111,7620734833127475976,25/03/2026 03:38:21,1,0,IDR,Sudah dibayar,257550.0
89632,1729677755464518231,7620734833127475976,25/03/2026 03:36:22,1,0,IDR,Sudah dibayar,193090.25
02391,1730806636781078103,7620734833127475976,25/03/2026 03:36:18,1,0,IDR,Sudah dibayar,188261.4
05841,1729677742968834647,7620734833127475976,25/03/2026 03:35:45,1,0,IDR,Sudah dibayar,201054.75
14262,1729677755464583767,7620734833127475976,25/03/2026 03:35:21,1,0,IDR,Sudah dibayar,125090.25
47625,1729677758275816023,7620734833127475976,25/03/2026 03:33:22,1,0,IDR,Sudah dibayar,188422.9
23680,1729677743140997719,7620734833127475976,25/03/2026 03:31:08,1,0,IDR,Sudah dibayar,256700.0
96542,1729677759600429655,7620734833127475976,25/03/2026 03:31:02,1,0,IDR,Sudah dibayar,193137.0
89706,1729677755464518231,7620734833127475976,25/03/2026 03:31:01,1,0,IDR,Sudah dibayar,172393.6
96438,1729677746703534679,7620734833127475976,25/03/2026 03:27:33,1,0,IDR,Sudah dibayar,267387.05
77663,1729677755464518231,7620734833127475976,25/03/2026 03:26:46,1,0,IDR,Sudah dibayar,195673.4
66622,1729677758275750487,7620734833127475976,25/03/2026 03:26:01,1,0,IDR,Sudah dibayar,202223.5
66622,1729677743140997719,7620734833127475976,25/03/2026 03:26:01,1,0,IDR,Sudah dibayar,266724.05
62313,1729677743140801111,7620734833127475976,25/03/2026 03:24:30,1,0,IDR,Sudah dibayar,238765.0
67139,1729677755464649303,7620734833127475976,25/03/2026 03:24:16,1,0,IDR,Sudah dibayar,187258.4
92386,1729677742968834647,7620734833127475976,25/03/2026 03:24:08,1,0,IDR,Sudah dibayar,207117.8
33195,1729677743140997719,7620734833127475976,25/03/2026 03:20:20,1,0,IDR,Sudah dibayar,255595.0
15896,1729677759600101975,7620734833127475976,25/03/2026 03:15:00,1,0,IDR,Sudah dibayar,186179.75
86201,1729677759600298583,7620734833127475976,25/03/2026 03:14:07,1,0,IDR,Sudah dibayar,193090.25
43952,1729677759600298583,7620734833127475976,25/03/2026 03:12:07,1,0,IDR,Sudah dibayar,164844.75
49532,1729677743140866647,7620734833127475976,25/03/2026 03:11:21,1,0,IDR,Sudah dibayar,249907.65
94047,1729677755464649303,7620734833127475976,25/03/2026 03:10:37,1,0,IDR,Sudah dibayar,244102.15
47148,1729677742104873559,7620734833127475976,25/03/2026 03:09:30,1,0,IDR,Sudah dibayar,257550.0
53488,1729677755464649303,7620734833127475976,25/03/2026 03:07:40,1,0,IDR,Sudah dibayar,226121.25
18192,1729677755464583767,7620734833127475976,25/03/2026 03:07:23,1,0,IDR,Sudah dibayar,193940.25
62279,1729677743140866647,7620734833127475976,25/03/2026 03:07:14,1,0,IDR,Sudah dibayar,257550.0
36844,1729677743141128791,7620734833127475976,25/03/2026 03:07:08,1,0,IDR,Sudah dibayar,256700.0
76562,1729677743140932183,7620734833127475976,25/03/2026 03:06:04,1,0,IDR,Sudah dibayar,237196.75
33904,1729677742968703575,7620734833127475976,25/03/2026 03:03:21,1,0,IDR,Sudah dibayar,201904.75
44620,1729677755464583767,7620734833127475976,25/03/2026 03:02:14,1,0,IDR,Sudah dibayar,167774.69999999998
48978,1729677758275816023,7620734833127475976,25/03/2026 02:59:02,1,0,IDR,Sudah dibayar,184677.8
04148,1729677755464452695,7620734833127475976,25/03/2026 02:57:32,1,0,IDR,Sudah dibayar,187258.4
16088,1729677755464583767,7620734833127475976,25/03/2026 02:57:20,1,0,IDR,Sudah dibayar,193940.25
36442,1729677743140997719,7620734833127475976,25/03/2026 02:56:58,1,0,IDR,Sudah dibayar,226130.6
91454,1729677743140801111,7620734833127475976,25/03/2026 02:56:12,1,0,IDR,Sudah dibayar,245542.9
68064,1729677743140932183,7620734833127475976,25/03/2026 02:56:09,1,0,IDR,Sudah dibayar,226995.05
57768,1729677743140735575,7620734833127475976,25/03/2026 02:55:03,1,0,IDR,Sudah dibayar,265285.0
82440,1729677742968834647,7620734833127475976,25/03/2026 02:53:37,1,0,IDR,Sudah dibayar,236244.75
48873,1729677746703403607,7620734833127475976,25/03/2026 02:53:00,1,0,IDR,Sudah dibayar,255000.0
11535,1729677746703403607,7620734833127475976,25/03/2026 02:52:15,1,0,IDR,Sudah dibayar,256700.0
47490,1729677743140997719,7620734833127475976,25/03/2026 02:51:21,1,0,IDR,Sudah dibayar,256700.0
97038,1731927306072131159,7620734833127475976,25/03/2026 02:50:39,1,0,IDR,Sudah dibayar,454801.0
78955,1729677743140932183,7620734833127475976,25/03/2026 02:50:34,1,0,IDR,Sudah dibayar,241415.3
58675,1729677742105135703,7620734833127475976,25/03/2026 02:46:25,1,0,IDR,Sudah dibayar,249057.65
59976,1729677755464518231,7620734833127475976,25/03/2026 02:45:27,1,0,IDR,Sudah dibayar,174614.65
66152,1729677743140932183,7620734833127475976,25/03/2026 02:44:16,1,0,IDR,Sudah dibayar,257637.55
74162,1729677743141063255,7620734833127475976,25/03/2026 02:42:35,1,0,IDR,Sudah dibayar,257550.0
68611,1729677759600495191,7620734833127475976,25/03/2026 02:42:14,1,0,IDR,Sudah dibayar,186663.4
32494,1731927306071934551,7620734833127475976,25/03/2026 02:41:01,1,0,IDR,Sudah dibayar,431511.0
54481,1729677746703469143,7620734833127475976,25/03/2026 02:40:42,1,0,IDR,Sudah dibayar,249057.65
35452,1729677755464583767,7620734833127475976,25/03/2026 02:39:16,1,0,IDR,Sudah dibayar,193940.25
55327,1729677743140997719,7620734833127475976,25/03/2026 02:38:15,1,0,IDR,Sudah dibayar,249907.65
04535,1729677759600495191,7620734833127475976,25/03/2026 02:38:06,1,0,IDR,Sudah dibayar,193685.25
16821,1730806636781078103,7620734833127475976,25/03/2026 02:37:35,1,0,IDR,Sudah dibayar,182656.5
31949,1729677755464780375,7620734833127475976,25/03/2026 02:37:33,1,0,IDR,Sudah dibayar,188108.4
58316,1729677758276274775,7620734833127475976,25/03/2026 02:37:21,1,0,IDR,Sudah dibayar,172393.6
10159,1729677742104939095,7620734833127475976,25/03/2026 02:37:20,1,0,IDR,Sudah dibayar,249907.65
36226,1729677743140801111,7620734833127475976,25/03/2026 02:36:57,1,0,IDR,Sudah dibayar,258825.0
46415,1729677746703534679,7620734833127475976,25/03/2026 02:36:12,1,0,IDR,Sudah dibayar,256700.0
39625,1729677755464387159,7620734833127475976,25/03/2026 02:33:55,1,0,IDR,Sudah dibayar,164961.19999999998
32208,1729677743140932183,7620734833127475976,25/03/2026 02:32:24,1,0,IDR,Sudah dibayar,241150.1
10112,1729677755464387159,7620734833127475976,25/03/2026 02:32:07,1,0,IDR,Sudah dibayar,160868.44999999998
15228,1729677746703469143,7620734833127475976,25/03/2026 02:32:00,1,0,IDR,Sudah dibayar,238935.0
96111,1729677755464714839,7620734833127475976,25/03/2026 02:29:12,1,0,IDR,Sudah dibayar,193090.25
00876,1729677743140866647,7620734833127475976,25/03/2026 02:28:39,1,0,IDR,Sudah dibayar,236320.4
88479,1730149094126487112,7620734833127475976,25/03/2026 02:28:34,1,0,IDR,Sudah dibayar,51085.85
88479,1730149094126093896,7620734833127475976,25/03/2026 02:28:34,1,0,IDR,Sudah dibayar,51085.85
65444,1729677743140866647,7620734833127475976,25/03/2026 02:27:45,1,0,IDR,Sudah dibayar,300390.0
00566,1729677742968834647,7620734833127475976,25/03/2026 02:26:50,1,0,IDR,Sudah dibayar,206545.75
23553,1729677743140997719,7620734833127475976,25/03/2026 02:26:39,1,0,IDR,Sudah dibayar,250750.0
13722,1729677755464518231,7620734833127475976,25/03/2026 02:26:24,1,0,IDR,Sudah dibayar,227743.05
03803,1729677759600298583,7620734833127475976,25/03/2026 02:26:19,1,0,IDR,Sudah dibayar,193940.25
52276,1729677755464583767,7620734833127475976,25/03/2026 02:25:03,1,0,IDR,Sudah dibayar,200740.25
31612,1729677758275750487,7620734833127475976,25/03/2026 02:24:56,1,0,IDR,Sudah dibayar,177765.6
81490,1729677755464649303,7620734833127475976,25/03/2026 02:24:05,1,0,IDR,Sudah dibayar,193940.25
57199,1729677743140866647,7620734833127475976,25/03/2026 02:23:58,1,0,IDR,Sudah dibayar,234395.15
91314,1729677743140932183,7620734833127475976,25/03/2026 02:23:12,1,0,IDR,Sudah dibayar,254678.69999999998
70308,1729677743140997719,7620734833127475976,25/03/2026 02:22:23,1,0,IDR,Sudah dibayar,252249.4
57324,1730174743204038231,7620734833127475976,25/03/2026 02:22:05,1,0,IDR,Sudah dibayar,455651.0
42245,1729677742968769111,7620734833127475976,25/03/2026 02:21:55,1,0,IDR,Sudah dibayar,200374.75
05845,1729677743140735575,7620734833127475976,25/03/2026 02:21:54,1,0,IDR,Sudah dibayar,245755.4
43959,1729677743140932183,7620734833127475976,25/03/2026 02:21:54,1,0,IDR,Sudah dibayar,255935.0
37134,1729677743140735575,7620734833127475976,25/03/2026 02:21:29,1,0,IDR,Sudah dibayar,257550.0
86356,1729677743140866647,7620734833127475976,25/03/2026 02:21:26,1,0,IDR,Sudah dibayar,257550.0
53444,1729677746703403607,7620734833127475976,25/03/2026 02:21:18,1,0,IDR,Sudah dibayar,226810.6
40716,1729677758275947095,7620734833127475976,25/03/2026 02:21:17,1,0,IDR,Sudah dibayar,210175.25
30653,1729677742968834647,7620734833127475976,25/03/2026 02:21:15,1,0,IDR,Sudah dibayar,183307.6
28096,1731622713472878167,7620734833127475976,25/03/2026 02:20:51,1,0,IDR,Sudah dibayar,503625.0
31466,1729677755464649303,7620734833127475976,25/03/2026 02:20:43,1,0,IDR,Sudah dibayar,182077.65
24907,1729677743140932183,7620734833127475976,25/03/2026 02:20:09,1,0,IDR,Sudah dibayar,292740.0
65006,1729677743141063255,7620734833127475976,25/03/2026 02:19:48,1,0,IDR,Sudah dibayar,256564.0
42188,1729677755464649303,7620734833127475976,25/03/2026 02:19:45,1,0,IDR,Sudah dibayar,160790.25
73058,1729677743140932183,7620734833127475976,25/03/2026 02:19:21,1,0,IDR,Sudah dibayar,258485.0
22894,1729677755464387159,7620734833127475976,25/03/2026 02:19:15,1,0,IDR,Sudah dibayar,173764.65
83564,1729677743140866647,7620734833127475976,25/03/2026 02:17:39,1,0,IDR,Sudah dibayar,257550.0
22235,1729677742968834647,7620734833127475976,25/03/2026 02:17:12,1,0,IDR,Sudah dibayar,207310.75
39137,1729677747184503383,7620734833127475976,25/03/2026 02:14:27,1,0,IDR,Sudah dibayar,244472.75
44744,1729677746703469143,7620734833127475976,25/03/2026 02:14:27,1,0,IDR,Sudah dibayar,256700.0
97287,1729677758275947095,7618178607248067336,25/03/2026 02:14:18,1,0,IDR,Sudah dibayar,192899.0
48836,1729677746703469143,7620734833127475976,25/03/2026 02:12:46,1,0,IDR,Sudah dibayar,245565.0
52384,1729677755464452695,7620734833127475976,25/03/2026 02:11:56,1,0,IDR,Sudah dibayar,193940.25
33439,1731079464715912579,7620734833127475976,25/03/2026 02:11:25,1,0,IDR,Sudah dibayar,386693.05
95403,1729677758275816023,7620734833127475976,25/03/2026 02:11:05,1,0,IDR,Sudah dibayar,209171.4
33634,1729677755464518231,7620734833127475976,25/03/2026 02:10:52,1,0,IDR,Sudah dibayar,196693.4
29820,1729677743140866647,7620734833127475976,25/03/2026 02:10:38,1,0,IDR,Sudah dibayar,226130.6
56803,1729677758275750487,7620734833127475976,25/03/2026 02:10:32,1,0,IDR,Sudah dibayar,169463.65
85765,1729677743140866647,7620734833127475976,25/03/2026 02:09:00,1,0,IDR,Sudah dibayar,237976.19999999998
55165,1729677742104939095,7620734833127475976,25/03/2026 02:08:22,1,0,IDR,Sudah dibayar,249900.0
32994,1729677743140670039,7620734833127475976,25/03/2026 02:08:04,1,0,IDR,Sudah dibayar,240848.35
65318,1729677755464452695,7620734833127475976,25/03/2026 02:07:19,1,0,IDR,Sudah dibayar,188108.4
42594,1729677755464190551,7620734833127475976,25/03/2026 02:07:18,1,0,IDR,Sudah dibayar,183512.44999999998
47812,1729677743140997719,7620734833127475976,25/03/2026 02:07:04,1,0,IDR,Sudah dibayar,226130.6
78634,1729677743140932183,7620734833127475976,25/03/2026 02:06:47,1,0,IDR,Sudah dibayar,245848.9
04336,1729677743140997719,7620734833127475976,25/03/2026 02:06:05,1,0,IDR,Sudah dibayar,254745.0
59346,1729677743140932183,7620734833127475976,25/03/2026 02:05:48,1,0,IDR,Sudah dibayar,226130.6
63278,1729677742105135703,7620734833127475976,25/03/2026 02:05:44,1,0,IDR,Sudah dibayar,263870.6
10446,1729677759600298583,7620734833127475976,25/03/2026 02:05:28,1,0,IDR,Sudah dibayar,192358.4
09001,1729677743140932183,7620734833127475976,25/03/2026 02:04:09,1,0,IDR,Sudah dibayar,245565.0
32130,1729677742968834647,7620734833127475976,25/03/2026 02:03:28,1,0,IDR,Sudah dibayar,201054.75
10938,1729677755464321623,7620734833127475976,25/03/2026 02:03:19,1,0,IDR,Sudah dibayar,199851.15
18375,1729677758275750487,7620734833127475976,25/03/2026 02:03:16,1,0,IDR,Sudah dibayar,196490.25
45560,1729677755464518231,7620734833127475976,25/03/2026 02:02:23,1,0,IDR,Sudah dibayar,193940.25
19004,1729677755464583767,7620734833127475976,25/03/2026 02:02:22,1,0,IDR,Sudah dibayar,183895.8
40168,1729677743140932183,7620734833127475976,25/03/2026 02:02:13,1,0,IDR,Sudah dibayar,219405.4
00966,1729677755464583767,7620734833127475976,25/03/2026 02:02:06,1,0,IDR,Sudah dibayar,193090.25
17869,1729677747184503383,7620734833127475976,25/03/2026 02:00:33,1,0,IDR,Sudah dibayar,293259.35
05216,1729677743141128791,7620734833127475976,25/03/2026 01:58:57,1,0,IDR,Sudah dibayar,225236.4
83644,1729677759600364119,7620734833127475976,25/03/2026 01:57:45,1,0,IDR,Sudah dibayar,193090.25
98448,1729677755464321623,7620734833127475976,25/03/2026 01:57:41,1,0,IDR,Sudah dibayar,172482.85
14516,1729677743140932183,7620734833127475976,25/03/2026 01:57:07,1,0,IDR,Sudah dibayar,258485.0
83323,1729677759600429655,7620734833127475976,25/03/2026 01:56:47,1,0,IDR,Sudah dibayar,191560.25
69735,1729677743140735575,7620734833127475976,25/03/2026 01:56:40,1,0,IDR,Sudah dibayar,249057.65
46537,1729677755464583767,7620734833127475976,25/03/2026 01:55:56,1,0,IDR,Sudah dibayar,177765.6
85588,1731401465609487959,7620734833127475976,25/03/2026 01:52:43,1,0,IDR,Sudah dibayar,432583.7
28905,1729677747184372311,7620734833127475976,25/03/2026 01:52:43,1,0,IDR,Sudah dibayar,244472.75
35487,1729677759600101975,7620734833127475976,25/03/2026 01:51:44,1,0,IDR,Sudah dibayar,193895.19999999998
26929,1729677755464583767,7620734833127475976,25/03/2026 01:50:57,1,0,IDR,Sudah dibayar,193940.25
14657,1729677743141128791,7620734833127475976,25/03/2026 01:50:45,1,0,IDR,Sudah dibayar,245539.5
57469,1729677746703403607,7620734833127475976,25/03/2026 01:50:35,1,0,IDR,Sudah dibayar,256649.0
42565,1729677743141128791,7620734833127475976,25/03/2026 01:50:24,1,0,IDR,Sudah dibayar,248646.25
67850,1729677755464256087,7620734833127475976,25/03/2026 01:49:55,1,0,IDR,Sudah dibayar,182616.55
52806,1729677742968703575,7620734833127475976,25/03/2026 01:49:30,1,0,IDR,Sudah dibayar,192826.75
50547,1729677743140997719,7620734833127475976,25/03/2026 01:48:08,1,0,IDR,Sudah dibayar,235571.55
49584,1729677743141063255,7620734833127475976,25/03/2026 01:47:20,1,0,IDR,Sudah dibayar,327726.0
44034,1729677755464780375,7620734833127475976,25/03/2026 01:47:15,1,0,IDR,Sudah dibayar,190285.25
53099,1729677742968834647,7620734833127475976,25/03/2026 01:47:10,1,0,IDR,Sudah dibayar,213980.69999999998
29608,1729677743140670039,7620734833127475976,25/03/2026 01:44:18,1,0,IDR,Sudah dibayar,243950.0
81642,1729677755464256087,7620734833127475976,25/03/2026 01:43:30,1,0,IDR,Sudah dibayar,187258.4
36861,1729677743141063255,7620734833127475976,25/03/2026 01:41:58,1,0,IDR,Sudah dibayar,229304.5
82499,1729677759600167511,7620734833127475976,25/03/2026 01:41:54,1,0,IDR,Sudah dibayar,220490.0
12508,1729677755464583767,7620734833127475976,25/03/2026 01:41:47,1,0,IDR,Sudah dibayar,177765.6
35593,1729677755464649303,7620734833127475976,25/03/2026 01:41:06,1,0,IDR,Sudah dibayar,206128.4
18741,1729677743140932183,7620734833127475976,25/03/2026 01:40:06,1,0,IDR,Sudah dibayar,244472.75
24824,1729677743140932183,7620734833127475976,25/03/2026 01:39:59,1,0,IDR,Sudah dibayar,256700.0
19768,1729677743140801111,7620734833127475976,25/03/2026 01:39:01,1,0,IDR,Sudah dibayar,244889.25
36328,1729677743140997719,7620734833127475976,25/03/2026 01:38:54,1,0,IDR,Sudah dibayar,243666.94999999998
29496,1729677755464583767,7620734833127475976,25/03/2026 01:38:28,1,0,IDR,Sudah dibayar,185610.25
73433,1729677743140997719,7620734833127475976,25/03/2026 01:37:41,1,0,IDR,Sudah dibayar,249057.65
08494,1729677759600429655,7620734833127475976,25/03/2026 01:37:34,1,0,IDR,Sudah dibayar,193090.25
31768,1729677743140866647,7620734833127475976,25/03/2026 01:37:16,1,0,IDR,Sudah dibayar,243962.75
59485,1729677743141063255,7620734833127475976,25/03/2026 01:37:01,1,0,IDR,Sudah dibayar,256700.0
34838,1730806636781078103,7620734833127475976,25/03/2026 01:36:24,1,0,IDR,Sudah dibayar,190459.5
87752,1729677743141063255,7620734833127475976,25/03/2026 01:35:59,1,0,IDR,Sudah dibayar,226810.6
09675,1731927306071934551,7620734833127475976,25/03/2026 01:35:57,1,0,IDR,Sudah dibayar,468775.0
62196,1729677742105070167,7620734833127475976,25/03/2026 01:35:14,1,0,IDR,Sudah dibayar,250785.69999999998
01768,1729677758275947095,7620734833127475976,25/03/2026 01:35:02,1,0,IDR,Sudah dibayar,199890.25
25001,1729677755464583767,7620734833127475976,25/03/2026 01:34:58,1,0,IDR,Sudah dibayar,180340.25
12856,1729677742104873559,7620734833127475976,25/03/2026 01:34:14,1,0,IDR,Sudah dibayar,252207.75
70315,1729677755464583767,7620734833127475976,25/03/2026 01:33:51,1,0,IDR,Sudah dibayar,183561.75
82793,1729677746703469143,7620734833127475976,25/03/2026 01:33:50,1,0,IDR,Sudah dibayar,257550.0
74854,1729677746703403607,7620734833127475976,25/03/2026 01:33:35,1,0,IDR,Sudah dibayar,264465.6
89917,1729677755464452695,7620734833127475976,25/03/2026 01:32:58,1,0,IDR,Sudah dibayar,159818.69999999998
93002,1729677759600364119,7620734833127475976,25/03/2026 01:32:56,1,0,IDR,Sudah dibayar,187258.4
69810,1729677758275816023,7620734833127475976,25/03/2026 01:31:26,1,0,IDR,Sudah dibayar,193090.25
94000,1729677755464387159,7620734833127475976,25/03/2026 01:30:41,1,0,IDR,Sudah dibayar,184650.6
34780,1729677758275816023,7620734833127475976,25/03/2026 01:28:53,1,0,IDR,Sudah dibayar,192580.25
27670,1731927306071803479,7586133550437551367,25/03/2026 01:28:45,1,0,IDR,Sudah dibayar,506520.95
93275,1729677743141128791,7620734833127475976,25/03/2026 01:28:23,1,0,IDR,Sudah dibayar,256700.0
37685,1729677755464583767,7620734833127475976,25/03/2026 01:27:35,1,0,IDR,Sudah dibayar,192899.0
21819,1729677743140866647,7620734833127475976,25/03/2026 01:27:00,1,0,IDR,Sudah dibayar,249900.0
13615,1729677758276274775,7620734833127475976,25/03/2026 01:26:34,1,0,IDR,Sudah dibayar,193940.25
67932,1729677758275947095,7620734833127475976,25/03/2026 01:25:57,1,0,IDR,Sudah dibayar,177765.6
66044,1729677743140866647,7620734833127475976,25/03/2026 01:25:11,1,0,IDR,Sudah dibayar,256700.0
75794,1729677758275816023,7620734833127475976,25/03/2026 01:24:23,1,0,IDR,Sudah dibayar,193430.25
73060,1729677742105004631,7620734833127475976,25/03/2026 01:24:18,1,0,IDR,Sudah dibayar,249907.65
92500,1734483831936681347,7620734833127475976,25/03/2026 01:23:41,1,0,IDR,Sudah dibayar,300968.0
72970,1729677755464387159,7620734833127475976,25/03/2026 01:23:21,1,0,IDR,Sudah dibayar,193064.75
00375,1729677755464583767,7620734833127475976,25/03/2026 01:22:37,1,0,IDR,Sudah dibayar,184505.25
74503,1729677755464780375,7620734833127475976,25/03/2026 01:22:11,1,0,IDR,Sudah dibayar,207828.4
17357,1731079464715912579,7620734833127475976,25/03/2026 01:22:07,1,0,IDR,Sudah dibayar,413711.14999999997
02741,1729677743140932183,7620734833127475976,25/03/2026 01:22:03,1,0,IDR,Sudah dibayar,234231.94999999998
76988,1729677743140866647,7620734833127475976,25/03/2026 01:21:53,1,0,IDR,Sudah dibayar,254745.0
51415,1729677743141128791,7620734833127475976,25/03/2026 01:21:08,1,0,IDR,Sudah dibayar,256700.0
40091,1730174743203907159,7620734833127475976,25/03/2026 01:18:56,1,0,IDR,Sudah dibayar,441609.0
15143,1729677755464387159,7620734833127475976,25/03/2026 01:18:43,1,0,IDR,Sudah dibayar,177765.6
76910,1729677755464583767,7620734833127475976,25/03/2026 01:17:28,1,0,IDR,Sudah dibayar,193090.25
98664,1729677755464649303,7620734833127475976,25/03/2026 01:15:59,1,0,IDR,Sudah dibayar,170103.69999999998
90363,1729677742104939095,7620734833127475976,25/03/2026 01:15:17,1,0,IDR,Sudah dibayar,249907.65
38190,1729677758275947095,7620734833127475976,25/03/2026 01:15:14,1,0,IDR,Sudah dibayar,193090.25
84722,1729677743140997719,7620734833127475976,25/03/2026 01:15:12,1,0,IDR,Sudah dibayar,219405.4
21513,1729677755464452695,7620734833127475976,25/03/2026 01:15:08,1,0,IDR,Sudah dibayar,185813.4
44985,1729677755464583767,7620734833127475976,25/03/2026 01:14:59,1,0,IDR,Sudah dibayar,169254.55
42414,1729677759600036439,7620734833127475976,25/03/2026 01:14:48,1,0,IDR,Sudah dibayar,193090.25
46643,1730806636780750423,7620734833127475976,25/03/2026 01:13:49,1,0,IDR,Sudah dibayar,183506.5
16946,1729677743141128791,7620734833127475976,25/03/2026 01:13:38,1,0,IDR,Sudah dibayar,237566.5
30177,1729677755464321623,7620734833127475976,25/03/2026 01:13:13,1,0,IDR,Sudah dibayar,184505.25
19488,1729677759600364119,7620734833127475976,25/03/2026 01:12:35,1,0,IDR,Sudah dibayar,193090.25
07748,1729677759600167511,7620734833127475976,25/03/2026 01:12:08,1,0,IDR,Sudah dibayar,188108.4
45425,1729677743140997719,7620734833127475976,25/03/2026 01:11:51,1,0,IDR,Sudah dibayar,257557.65
24615,1729677743140866647,7620734833127475976,25/03/2026 01:10:30,1,0,IDR,Sudah dibayar,248312.19999999998
43503,1729677755464452695,7620734833127475976,25/03/2026 01:10:22,1,0,IDR,Sudah dibayar,191560.25
75561,1729677743140735575,7620734833127475976,25/03/2026 01:10:11,1,0,IDR,Sudah dibayar,219405.4
44530,1729677743140997719,7620734833127475976,25/03/2026 01:10:10,1,0,IDR,Sudah dibayar,258825.0
93978,1729677758275947095,7620734833127475976,25/03/2026 01:09:53,1,0,IDR,Sudah dibayar,193940.25
17588,1729677755464649303,7620734833127475976,25/03/2026 01:09:37,1,0,IDR,Sudah dibayar,185813.4
94939,1729677755464387159,7620734833127475976,25/03/2026 01:08:53,1,0,IDR,Sudah dibayar,195343.6
85403,1729677755464387159,7620734833127475976,25/03/2026 01:08:30,1,0,IDR,Sudah dibayar,191084.25
99519,1731308689765205379,7620734833127475976,25/03/2026 01:08:17,1,0,IDR,Sudah dibayar,428699.2
09067,1729677743140997719,7620734833127475976,25/03/2026 01:07:56,1,0,IDR,Sudah dibayar,229290.05
55584,1729677758275947095,7620734833127475976,25/03/2026 01:07:33,1,0,IDR,Sudah dibayar,193940.25
04646,1729677755464518231,7620734833127475976,25/03/2026 01:07:07,1,0,IDR,Sudah dibayar,193090.25
09779,1729677743140932183,7620734833127475976,25/03/2026 01:05:45,1,0,IDR,Sudah dibayar,245565.0
79685,1729677746703534679,7620734833127475976,25/03/2026 01:04:32,1,0,IDR,Sudah dibayar,253368.0
98370,1731079464715191683,7620734833127475976,25/03/2026 01:04:12,1,0,IDR,Sudah dibayar,396756.2
56300,1729677755464649303,7620734833127475976,25/03/2026 01:04:10,1,0,IDR,Sudah dibayar,193940.25
70909,1731016355289269416,7494054609567125126,25/03/2026 01:03:43,1,0,IDR,Sudah dibayar,16121.1
12369,1729677755464321623,7620734833127475976,25/03/2026 01:02:59,1,0,IDR,Sudah dibayar,193090.25
25111,1729677746703665751,7620734833127475976,25/03/2026 01:02:46,1,0,IDR,Sudah dibayar,254122.8
46175,1729677743140670039,7620734833127475976,25/03/2026 01:02:31,1,0,IDR,Sudah dibayar,275152.64999999997
97253,1729677743141063255,7620734833127475976,25/03/2026 01:02:26,1,0,IDR,Sudah dibayar,255595.0
89374,1729677743140932183,7620734833127475976,25/03/2026 01:02:07,1,0,IDR,Sudah dibayar,261885.0
68895,1731308689765336451,7620734833127475976,25/03/2026 01:01:36,1,0,IDR,Sudah dibayar,443785.0
82941,1729677759600364119,7620734833127475976,25/03/2026 01:01:01,1,0,IDR,Sudah dibayar,187258.4
18549,1731418659331802499,7620734833127475976,25/03/2026 01:01:01,1,0,IDR,Sudah dibayar,127800.05
31558,1729677755464452695,7620734833127475976,25/03/2026 01:00:51,1,0,IDR,Sudah dibayar,193090.25
13337,1729677755464387159,7620734833127475976,25/03/2026 01:00:49,1,0,IDR,Sudah dibayar,190853.05
98289,1729677755464649303,7620734833127475976,25/03/2026 01:00:45,1,0,IDR,Sudah dibayar,177620.25
04065,1729725175196125783,7620734833127475976,25/03/2026 01:00:22,1,0,IDR,Sudah dibayar,621793.7
47808,1729677755464583767,7620734833127475976,25/03/2026 00:59:28,1,0,IDR,Sudah dibayar,184505.25
90884,1729677755464583767,7620734833127475976,25/03/2026 00:59:16,1,0,IDR,Sudah dibayar,193090.25
65403,1729677759600167511,7620734833127475976,25/03/2026 00:59:13,2,0,IDR,Sudah dibayar,371599.6
65403,1729677759600101975,7620734833127475976,25/03/2026 00:59:13,2,0,IDR,Sudah dibayar,371599.6
65403,1729677759600036439,7620734833127475976,25/03/2026 00:59:13,2,0,IDR,Sudah dibayar,371599.6
65403,1729677755464583767,7620734833127475976,25/03/2026 00:59:13,1,0,IDR,Sudah dibayar,185333.15
65403,1729677755464518231,7620734833127475976,25/03/2026 00:59:13,1,0,IDR,Sudah dibayar,185334.0
20871,1729677759600167511,7620734833127475976,25/03/2026 00:58:40,1,0,IDR,Sudah dibayar,193940.25
25153,1729677755464583767,7620734833127475976,25/03/2026 00:55:46,1,0,IDR,Sudah dibayar,183655.25
67834,1729677743140735575,7620734833127475976,25/03/2026 00:54:28,1,0,IDR,Sudah dibayar,255595.0
81331,1729677755464780375,7620734833127475976,25/03/2026 00:54:07,1,0,IDR,Sudah dibayar,193940.25
72540,1729677743140801111,7620734833127475976,25/03/2026 00:53:09,1,0,IDR,Sudah dibayar,245565.0
43290,1729677746703403607,7620734833127475976,25/03/2026 00:53:09,1,0,IDR,Sudah dibayar,236815.1
25335,1729677743141063255,7620734833127475976,25/03/2026 00:52:50,1,0,IDR,Sudah dibayar,249057.65
22185,1729677758276274775,7620734833127475976,25/03/2026 00:52:37,1,0,IDR,Sudah dibayar,172393.6
16413,1729677755464583767,7620734833127475976,25/03/2026 00:52:25,1,0,IDR,Sudah dibayar,186663.4
53307,1729677755464452695,7620734833127475976,25/03/2026 00:51:55,1,0,IDR,Sudah dibayar,178445.6
34002,1729677755464518231,7620734833127475976,25/03/2026 00:51:06,1,0,IDR,Sudah dibayar,180825.6
52675,1729677743140997719,7620734833127475976,25/03/2026 00:50:52,1,0,IDR,Sudah dibayar,260185.0
78834,1729677755464321623,7620734833127475976,25/03/2026 00:50:22,1,0,IDR,Sudah dibayar,174614.65
08053,1729677759600429655,7620734833127475976,25/03/2026 00:50:19,1,0,IDR,Sudah dibayar,183910.25
74469,1729677755464583767,7620734833127475976,25/03/2026 00:49:51,1,0,IDR,Sudah dibayar,195215.25
83330,1729677743141063255,7620734833127475976,25/03/2026 00:49:28,1,0,IDR,Sudah dibayar,236702.9
07006,1729677758275947095,7620734833127475976,25/03/2026 00:48:49,1,0,IDR,Sudah dibayar,188108.4
26492,1729677755464518231,7620734833127475976,25/03/2026 00:48:31,1,0,IDR,Sudah dibayar,202865.25
80983,1729677758276274775,7620734833127475976,25/03/2026 00:48:04,1,0,IDR,Sudah dibayar,189444.6
31997,1729677758275947095,7620734833127475976,25/03/2026 00:48:03,1,0,IDR,Sudah dibayar,192410.25
39829,1729677747184503383,7620734833127475976,25/03/2026 00:47:56,1,0,IDR,Sudah dibayar,263615.6
55734,1729677743140866647,7620734833127475976,25/03/2026 00:47:50,1,0,IDR,Sudah dibayar,257550.0
84454,1729677755464583767,7620734833127475976,25/03/2026 00:47:16,1,0,IDR,Sudah dibayar,217061.1
61249,1729677742104939095,7620734833127475976,25/03/2026 00:46:57,1,0,IDR,Sudah dibayar,255177.65
48239,1729677755464452695,7620734833127475976,25/03/2026 00:46:50,1,0,IDR,Sudah dibayar,193090.25
16882,1729677755464452695,7620734833127475976,25/03/2026 00:46:16,1,0,IDR,Sudah dibayar,193090.25
10773,1729677742105004631,7620734833127475976,25/03/2026 00:46:04,1,0,IDR,Sudah dibayar,264435.0
82226,1729677758275947095,7620734833127475976,25/03/2026 00:45:57,1,0,IDR,Sudah dibayar,177765.6
68479,1729677755464583767,7620734833127475976,25/03/2026 00:45:10,1,0,IDR,Sudah dibayar,184505.25
69057,1729677759600167511,7620734833127475976,25/03/2026 00:44:59,2,0,IDR,Sudah dibayar,382806.85
69057,1729677759600101975,7620734833127475976,25/03/2026 00:44:59,2,0,IDR,Sudah dibayar,382807.7
69057,1729677759600036439,7620734833127475976,25/03/2026 00:44:59,1,0,IDR,Sudah dibayar,191403.85
69057,1729677755464649303,7620734833127475976,25/03/2026 00:44:59,1,0,IDR,Sudah dibayar,190932.94999999998
69057,1729677755464583767,7620734833127475976,25/03/2026 00:44:59,1,0,IDR,Sudah dibayar,190932.94999999998
69057,1729677755464518231,7620734833127475976,25/03/2026 00:44:59,1,0,IDR,Sudah dibayar,190933.8
60167,1729677755464583767,7620734833127475976,25/03/2026 00:44:36,1,0,IDR,Sudah dibayar,193090.25
97365,1729677758275750487,7620734833127475976,25/03/2026 00:43:39,1,0,IDR,Sudah dibayar,193940.25
12678,1729677759600495191,7620734833127475976,25/03/2026 00:41:42,1,0,IDR,Sudah dibayar,193940.25
03601,1729677759600167511,7620734833127475976,25/03/2026 00:41:11,2,0,IDR,Sudah dibayar,382687.85
03601,1729677759600101975,7620734833127475976,25/03/2026 00:41:11,2,0,IDR,Sudah dibayar,382687.85
03601,1729677759600036439,7620734833127475976,25/03/2026 00:41:11,2,0,IDR,Sudah dibayar,382687.85
03601,1729677755464583767,7620734833127475976,25/03/2026 00:41:11,1,0,IDR,Sudah dibayar,190876.85
03601,1729677755464518231,7620734833127475976,25/03/2026 00:41:11,1,0,IDR,Sudah dibayar,190877.69999999998
11142,1729677742104808023,7620734833127475976,25/03/2026 00:40:47,1,0,IDR,Sudah dibayar,229290.05
52983,1729677755464321623,7620734833127475976,25/03/2026 00:40:43,1,0,IDR,Sudah dibayar,178189.75
79967,1729677746703534679,7620734833127475976,25/03/2026 00:40:34,1,0,IDR,Sudah dibayar,226130.6
03751,1729677755464190551,7620734833127475976,25/03/2026 00:40:15,1,0,IDR,Sudah dibayar,187258.4
47400,1729677743140866647,7620734833127475976,25/03/2026 00:40:09,1,0,IDR,Sudah dibayar,285053.45
32418,1729677755464452695,7620734833127475976,25/03/2026 00:39:46,1,0,IDR,Sudah dibayar,187258.4
31643,1731308725958116739,7620734833127475976,25/03/2026 00:39:30,1,0,IDR,Sudah dibayar,424649.8
11037,1729677755464387159,7620734833127475976,25/03/2026 00:39:20,1,0,IDR,Sudah dibayar,188497.69999999998
26061,1729677742968834647,7620734833127475976,25/03/2026 00:39:15,1,0,IDR,Sudah dibayar,197438.0
20686,1729677758276274775,7620734833127475976,25/03/2026 00:38:45,1,0,IDR,Sudah dibayar,188108.4
44535,1729677743140801111,7620734833127475976,25/03/2026 00:38:14,1,0,IDR,Sudah dibayar,234352.65
93841,1729677743140932183,7620734833127475976,25/03/2026 00:38:13,1,0,IDR,Sudah dibayar,254875.9
57448,1729677755464714839,7620734833127475976,25/03/2026 00:37:53,1,0,IDR,Sudah dibayar,188108.4
24918,1729677743140997719,7620734833127475976,25/03/2026 00:37:49,1,0,IDR,Sudah dibayar,274720.0
44215,1729677755464583767,7620734833127475976,25/03/2026 00:37:06,1,0,IDR,Sudah dibayar,187258.4
15849,1729677755464387159,7620734833127475976,25/03/2026 00:36:49,1,0,IDR,Sudah dibayar,172393.6
11724,1729677759600364119,7620734833127475976,25/03/2026 00:36:38,1,0,IDR,Sudah dibayar,151449.6
77555,1729677755464452695,7494054609567125126,25/03/2026 00:35:56,1,0,IDR,Sudah dibayar,201590.25
53286,1729677746703469143,7620734833127475976,25/03/2026 00:35:50,1,0,IDR,Sudah dibayar,257550.0
37912,1729677755464518231,7620734833127475976,25/03/2026 00:35:43,1,0,IDR,Sudah dibayar,188108.4
99700,1729677743140866647,7620734833127475976,25/03/2026 00:35:22,1,0,IDR,Sudah dibayar,255850.0
86342,1729677743140997719,7620734833127475976,25/03/2026 00:35:16,1,0,IDR,Sudah dibayar,252579.19999999998
75883,1729677755464583767,7620734833127475976,25/03/2026 00:35:15,1,0,IDR,Sudah dibayar,187258.4
72449,1729677755464583767,7620734833127475976,25/03/2026 00:34:40,1,0,IDR,Sudah dibayar,188464.55
34696,1729677755464387159,7620734833127475976,25/03/2026 00:34:28,1,0,IDR,Sudah dibayar,155404.65
56817,1729677755464583767,7620734833127475976,25/03/2026 00:34:21,1,0,IDR,Sudah dibayar,179023.6
59857,1729677759600036439,7620734833127475976,25/03/2026 00:33:26,1,0,IDR,Sudah dibayar,194934.75
25837,1729677758276274775,7620734833127475976,25/03/2026 00:33:12,1,0,IDR,Sudah dibayar,188108.4
58272,1729677755464649303,7620734833127475976,25/03/2026 00:33:04,1,0,IDR,Sudah dibayar,201590.25
80356,1729677743140866647,7620734833127475976,25/03/2026 00:33:04,1,0,IDR,Sudah dibayar,219405.4
46978,1729677746703403607,7620734833127475976,25/03/2026 00:32:46,1,0,IDR,Sudah dibayar,249057.65
54458,1729677755464387159,7620734833127475976,25/03/2026 00:30:39,1,0,IDR,Sudah dibayar,173503.69999999998
37876,1729677755464649303,7620734833127475976,25/03/2026 00:30:36,1,0,IDR,Sudah dibayar,156672.85
38516,1729677759600560727,7620734833127475976,25/03/2026 00:30:27,1,0,IDR,Sudah dibayar,194790.25
62124,1729677759600364119,7620734833127475976,25/03/2026 00:30:23,1,0,IDR,Sudah dibayar,182516.25
31729,1729677759600101975,7620734833127475976,25/03/2026 00:30:19,1,0,IDR,Sudah dibayar,189444.6
19414,1729677755464452695,7620734833127475976,25/03/2026 00:30:14,1,0,IDR,Sudah dibayar,188849.6
62056,1729677743140997719,7620734833127475976,25/03/2026 00:30:07,1,0,IDR,Sudah dibayar,249907.65
61133,1729677755464452695,7620734833127475976,25/03/2026 00:29:43,1,0,IDR,Sudah dibayar,187258.4
77293,1731927306071803479,7620734833127475976,25/03/2026 00:29:43,1,0,IDR,Sudah dibayar,459425.0
43457,1729677759600167511,7620734833127475976,25/03/2026 00:29:25,1,0,IDR,Sudah dibayar,191959.75
74321,1729677759600101975,7620734833127475976,25/03/2026 00:29:18,1,0,IDR,Sudah dibayar,187258.4
88979,1729677758275947095,7620734833127475976,25/03/2026 00:28:06,1,0,IDR,Sudah dibayar,181465.65
96782,1729677755464780375,7620734833127475976,25/03/2026 00:27:22,1,0,IDR,Sudah dibayar,191840.75
74862,1729677755464452695,7620734833127475976,25/03/2026 00:27:16,1,0,IDR,Sudah dibayar,159386.9
34876,1729677759600364119,7620734833127475976,25/03/2026 00:27:09,1,0,IDR,Sudah dibayar,177765.6
78000,1729677755464649303,7620734833127475976,25/03/2026 00:26:00,1,0,IDR,Sudah dibayar,193940.25
83593,1729677743141063255,7620734833127475976,25/03/2026 00:25:50,1,0,IDR,Sudah dibayar,243950.0
76698,1729677755464321623,7620734833127475976,25/03/2026 00:25:48,1,0,IDR,Sudah dibayar,223213.4
83270,1729677743140997719,7620734833127475976,25/03/2026 00:25:36,1,0,IDR,Sudah dibayar,257550.0
18929,1729677755464452695,7620734833127475976,25/03/2026 00:25:30,1,0,IDR,Sudah dibayar,178340.19999999998
92553,1729677755464321623,7620734833127475976,25/03/2026 00:25:22,1,0,IDR,Sudah dibayar,193940.25
04765,1729677743140932183,7620734833127475976,25/03/2026 00:25:13,1,0,IDR,Sudah dibayar,230220.8
77758,1731079464715978115,7620734833127475976,25/03/2026 00:25:10,1,0,IDR,Sudah dibayar,356898.85
61809,1729677755464518231,7620734833127475976,25/03/2026 00:25:02,1,0,IDR,Sudah dibayar,192155.25
08262,1729677755464649303,7620734833127475976,25/03/2026 00:24:53,1,0,IDR,Sudah dibayar,259560.25
99269,1729677755464518231,7620734833127475976,25/03/2026 00:24:49,1,0,IDR,Sudah dibayar,265203.39999999997
01453,1729677758275947095,7620734833127475976,25/03/2026 00:24:35,1,0,IDR,Sudah dibayar,193090.25
10591,1729677743140997719,7620734833127475976,25/03/2026 00:24:00,1,0,IDR,Sudah dibayar,249907.65
34993,1729677743140866647,7620734833127475976,25/03/2026 00:23:47,1,0,IDR,Sudah dibayar,261885.0
83216,1729677755464256087,7620734833127475976,25/03/2026 00:23:27,1,0,IDR,Sudah dibayar,193940.25
67945,1729677759600233047,7620734833127475976,25/03/2026 00:23:21,1,0,IDR,Sudah dibayar,182694.75
44339,1729677755464452695,7620734833127475976,25/03/2026 00:23:13,1,0,IDR,Sudah dibayar,228055.0
18651,1729677759600364119,7620734833127475976,25/03/2026 00:22:55,1,0,IDR,Sudah dibayar,223213.4
76958,1730706088342816343,7620734833127475976,25/03/2026 00:22:53,1,0,IDR,Sudah dibayar,502775.0
07770,1729677758275947095,7620734833127475976,25/03/2026 00:22:43,1,0,IDR,Sudah dibayar,188108.4
90757,1729677755464583767,7620734833127475976,25/03/2026 00:22:32,1,0,IDR,Sudah dibayar,193940.25
15003,1729677743140801111,7620734833127475976,25/03/2026 00:22:19,1,0,IDR,Sudah dibayar,257550.0
96760,1729677742968769111,7620734833127475976,25/03/2026 00:21:39,1,0,IDR,Sudah dibayar,207310.75
48444,1729677755464583767,7620734833127475976,25/03/2026 00:21:00,1,0,IDR,Sudah dibayar,173503.69999999998
92505,1729677755464649303,7620734833127475976,25/03/2026 00:20:31,1,0,IDR,Sudah dibayar,170103.69999999998
48629,1729677755464649303,7620734833127475976,25/03/2026 00:20:23,1,0,IDR,Sudah dibayar,178564.6
91725,1729677755464321623,7620734833127475976,25/03/2026 00:20:17,1,0,IDR,Sudah dibayar,193940.25
04398,1729677755464649303,7620734833127475976,25/03/2026 00:19:59,1,0,IDR,Sudah dibayar,185280.44999999998
79565,1729677755464452695,7620734833127475976,25/03/2026 00:19:43,1,0,IDR,Sudah dibayar,187258.4
17717,1729677759600364119,7620734833127475976,25/03/2026 00:19:16,1,0,IDR,Sudah dibayar,210829.75
78086,1729677743140997719,7620734833127475976,25/03/2026 00:19:13,1,0,IDR,Sudah dibayar,240500.69999999998
93476,1729677746703469143,7620734833127475976,25/03/2026 00:18:35,1,0,IDR,Sudah dibayar,249057.65
18164,1731308725958116739,7620734833127475976,25/03/2026 00:18:06,1,0,IDR,Sudah dibayar,384754.2
53431,1729677755464649303,7620734833127475976,25/03/2026 00:17:23,1,0,IDR,Sudah dibayar,177765.6
36750,1729677743140997719,7620734833127475976,25/03/2026 00:17:11,1,0,IDR,Sudah dibayar,256700.0
74244,1731079464714732931,7620734833127475976,25/03/2026 00:16:21,1,0,IDR,Sudah dibayar,397415.8
15033,1729677755464649303,7620734833127475976,25/03/2026 00:16:15,1,0,IDR,Sudah dibayar,187258.4
09094,1729677743141128791,7620734833127475976,25/03/2026 00:16:03,1,0,IDR,Sudah dibayar,257550.0
88711,1729677758275947095,7620734833127475976,25/03/2026 00:15:59,1,0,IDR,Sudah dibayar,187258.4
58652,1729677759600167511,7620734833127475976,25/03/2026 00:15:54,1,0,IDR,Sudah dibayar,189383.4
86624,1729677758276274775,7620734833127475976,25/03/2026 00:15:46,1,0,IDR,Sudah dibayar,193901.15
27803,1729677755464649303,7620734833127475976,25/03/2026 00:15:10,1,0,IDR,Sudah dibayar,176109.8
89161,1729677755464714839,7620734833127475976,25/03/2026 00:15:01,1,0,IDR,Sudah dibayar,187258.4
80650,1729677742104808023,7620734833127475976,25/03/2026 00:14:31,1,0,IDR,Sudah dibayar,257550.0
40304,1729677743140932183,7620734833127475976,25/03/2026 00:14:25,1,0,IDR,Sudah dibayar,249907.65
53539,1729677755464518231,7620734833127475976,25/03/2026 00:14:19,1,0,IDR,Sudah dibayar,197340.25
65734,1729677758275947095,7620734833127475976,25/03/2026 00:14:11,1,0,IDR,Sudah dibayar,193940.25
20781,1729677743140866647,7620734833127475976,25/03/2026 00:14:06,1,0,IDR,Sudah dibayar,256700.0
28197,1729677742968834647,7620734833127475976,25/03/2026 00:14:04,1,0,IDR,Sudah dibayar,200855.85
55861,1729677743141063255,7620734833127475976,25/03/2026 00:13:42,1,0,IDR,Sudah dibayar,254656.6
27471,1729677746703403607,7620734833127475976,25/03/2026 00:13:21,1,0,IDR,Sudah dibayar,273445.0
22076,1729677755464714839,7620734833127475976,25/03/2026 00:13:09,1,0,IDR,Sudah dibayar,180143.05
45228,1730806636781078103,7620734833127475976,25/03/2026 00:12:56,1,0,IDR,Sudah dibayar,205249.5
95172,1731079464714536323,7620734833127475976,25/03/2026 00:12:13,1,0,IDR,Sudah dibayar,413024.35
30670,1730806636781078103,7620734833127475976,25/03/2026 00:12:04,1,0,IDR,Sudah dibayar,190386.4
10778,1729677755464714839,7620734833127475976,25/03/2026 00:11:55,1,0,IDR,Sudah dibayar,177595.6
25482,1730806636781078103,7620734833127475976,25/03/2026 00:11:53,1,0,IDR,Sudah dibayar,162846.4
73046,1729677759600233047,7620734833127475976,25/03/2026 00:11:12,1,0,IDR,Sudah dibayar,180965.85
76696,1729677759600167511,7620734833127475976,25/03/2026 00:09:05,1,0,IDR,Sudah dibayar,210415.8
27421,1729677742968769111,7620734833127475976,25/03/2026 00:08:47,1,0,IDR,Sudah dibayar,201904.75
84931,1729677747184437847,7620734833127475976,25/03/2026 00:07:35,1,0,IDR,Sudah dibayar,256655.8
78104,1729677743140997719,7620734833127475976,25/03/2026 00:06:41,1,0,IDR,Sudah dibayar,255595.0
42630,1729677759600233047,7620734833127475976,25/03/2026 00:06:34,1,0,IDR,Sudah dibayar,166139.3
75116,1729677759600233047,7620734833127475976,25/03/2026 00:06:27,1,0,IDR,Sudah dibayar,209373.69999999998
57376,1729677742968834647,7620734833127475976,25/03/2026 00:06:13,1,0,IDR,Sudah dibayar,199059.8
56457,1729677743140997719,7620734833127475976,25/03/2026 00:06:12,1,0,IDR,Sudah dibayar,250819.69999999998
88018,1729677755464780375,7620734833127475976,25/03/2026 00:06:11,1,0,IDR,Sudah dibayar,194993.4
21960,1729677743140735575,7620734833127475976,25/03/2026 00:05:50,1,0,IDR,Sudah dibayar,254152.55
35690,1729677743140801111,7620734833127475976,25/03/2026 00:05:49,1,0,IDR,Sudah dibayar,256027.65
24461,1729677755464649303,7620734833127475976,25/03/2026 00:05:47,1,0,IDR,Sudah dibayar,191521.15
05209,1729677743140997719,7620734833127475976,25/03/2026 00:05:33,1,0,IDR,Sudah dibayar,257550.0
81632,1729677755464780375,7620734833127475976,25/03/2026 00:05:32,1,0,IDR,Sudah dibayar,202355.25
20257,1729677743140932183,7620734833127475976,25/03/2026 00:05:32,1,0,IDR,Sudah dibayar,244472.75
98883,1729677742968834647,7620734833127475976,25/03/2026 00:05:21,1,0,IDR,Sudah dibayar,185093.44999999998
57236,1729677755464518231,7620734833127475976,25/03/2026 00:05:13,1,0,IDR,Sudah dibayar,104444.59999999999
15599,1729677755464518231,7620734833127475976,25/03/2026 00:04:43,1,0,IDR,Sudah dibayar,190294.6
60629,1729677755464714839,7620734833127475976,25/03/2026 00:04:39,1,0,IDR,Sudah dibayar,184840.15
84492,1729677746703469143,7620734833127475976,25/03/2026 00:04:33,1,0,IDR,Sudah dibayar,257550.0
43784,1729677758275816023,7620734833127475976,25/03/2026 00:04:22,1,0,IDR,Sudah dibayar,189529.6
11152,1729677747184437847,7620734833127475976,25/03/2026 00:04:14,1,0,IDR,Sudah dibayar,226995.05
64911,1729677743141063255,7620734833127475976,25/03/2026 00:04:06,1,0,IDR,Sudah dibayar,255046.75
40925,1731308689765467523,7620734833127475976,25/03/2026 00:03:51,1,0,IDR,Sudah dibayar,437665.0
73905,1729677755464583767,7620734833127475976,25/03/2026 00:03:35,1,0,IDR,Sudah dibayar,193090.25
48027,1729677743141063255,7620734833127475976,25/03/2026 00:03:07,1,0,IDR,Sudah dibayar,256711.05
56195,1730806636781143639,7620734833127475976,25/03/2026 00:02:51,1,0,IDR,Sudah dibayar,190459.5
22232,1729677755464190551,7620734833127475976,25/03/2026 00:02:37,1,0,IDR,Sudah dibayar,185653.6
84167,1729677743140866647,7620734833127475976,25/03/2026 00:02:36,1,0,IDR,Sudah dibayar,258520.69999999998
64604,1729677743140997719,7620734833127475976,25/03/2026 00:02:28,1,0,IDR,Sudah dibayar,250767.0
73972,1729677758275947095,7620734833127475976,25/03/2026 00:02:20,1,0,IDR,Sudah dibayar,191875.6
14129,1729677755464649303,7620734833127475976,25/03/2026 00:02:12,1,0,IDR,Sudah dibayar,177889.69999999998
51342,1729677746703403607,7620734833127475976,25/03/2026 00:02:04,1,0,IDR,Sudah dibayar,243962.75
04465,1729677755464583767,7620734833127475976,25/03/2026 00:01:45,1,0,IDR,Sudah dibayar,180421.0
92608,1729677755464649303,7620734833127475976,25/03/2026 00:01:39,1,0,IDR,Sudah dibayar,187588.19999999998
92765,1729677742968834647,7620734833127475976,25/03/2026 00:01:38,1,0,IDR,Sudah dibayar,210946.19999999998
46350,1729677743141063255,7620734833127475976,25/03/2026 00:01:27,1,0,IDR,Sudah dibayar,250767.0
74562,1729677743140866647,7620734833127475976,25/03/2026 00:01:08,1,0,IDR,Sudah dibayar,258520.69999999998
46434,1729677758275947095,7620734833127475976,25/03/2026 00:00:55,1,0,IDR,Sudah dibayar,189444.6
54537,1729677755464321623,7620734833127475976,25/03/2026 00:00:24,1,0,IDR,Sudah dibayar,196193.6
44744,1729677755464649303,7620734833127475976,24/03/2026 23:59:58,1,0,IDR,Sudah dibayar,205020.85
44744,1729677743141128791,7620734833127475976,24/03/2026 23:59:58,1,0,IDR,Sudah dibayar,270413.89999999997
76112,1729677759600364119,7620734833127475976,24/03/2026 23:59:33,1,0,IDR,Sudah dibayar,210064.75
78929,1729677742968572503,7620734833127475976,24/03/2026 23:59:28,1,0,IDR,Sudah dibayar,244715.0
48657,1729677743141063255,7620734833127475976,24/03/2026 23:58:45,1,0,IDR,Sudah dibayar,235608.94999999998
56962,1729677742104611415,7620734833127475976,24/03/2026 23:57:47,1,0,IDR,Sudah dibayar,255000.0
10066,1729677758275947095,7620734833127475976,24/03/2026 23:57:43,1,0,IDR,Sudah dibayar,210829.75
63066,1729677759600364119,7620734833127475976,24/03/2026 23:57:38,1,0,IDR,Sudah dibayar,255369.75
32710,1729677759600233047,7620734833127475976,24/03/2026 23:56:39,1,0,IDR,Sudah dibayar,204109.65
10754,1729677743140932183,7620734833127475976,24/03/2026 23:55:41,1,0,IDR,Sudah dibayar,266135.0
22145,1733814102157788759,7620734833127475976,24/03/2026 23:54:42,1,0,IDR,Sudah dibayar,508300.0
17393,1729677746703469143,7620734833127475976,24/03/2026 23:54:07,1,0,IDR,Sudah dibayar,213774.15
24234,1729677755464518231,7620734833127475976,24/03/2026 23:53:42,1,0,IDR,Sudah dibayar,204770.1
12634,1729677746703403607,7620734833127475976,24/03/2026 23:53:01,1,0,IDR,Sudah dibayar,259335.0
25941,1729677759600429655,7620734833127475976,24/03/2026 23:52:56,1,0,IDR,Sudah dibayar,204578.85
74305,1729677755464714839,7620734833127475976,24/03/2026 23:52:51,1,0,IDR,Sudah dibayar,215164.75
96533,1733814102157788759,7620734833127475976,24/03/2026 23:52:01,1,0,IDR,Sudah dibayar,480199.0
05839,1729677747184437847,7620734833127475976,24/03/2026 23:48:56,1,0,IDR,Sudah dibayar,255000.0
11254,1729677743140997719,7620734833127475976,24/03/2026 23:48:33,1,0,IDR,Sudah dibayar,258485.0
56939,1729677755464452695,7620734833127475976,24/03/2026 23:48:16,1,0,IDR,Sudah dibayar,209979.75
81142,1729677743140997719,7620734833127475976,24/03/2026 23:47:52,1,0,IDR,Sudah dibayar,227711.6
10893,1729677743140801111,7620734833127475976,24/03/2026 23:47:37,1,0,IDR,Sudah dibayar,246303.65
23710,1729677746703469143,7620734833127475976,24/03/2026 23:46:53,1,0,IDR,Sudah dibayar,255850.0
87408,1729677755464649303,7620734833127475976,24/03/2026 23:44:24,1,0,IDR,Sudah dibayar,210829.75
62179,1729677742104939095,7620734833127475976,24/03/2026 23:44:13,1,0,IDR,Sudah dibayar,247408.65
96411,1730706088342750807,7620734833127475976,24/03/2026 23:43:42,1,0,IDR,Sudah dibayar,501925.0
13651,1729677747184437847,7620734833127475976,24/03/2026 23:43:27,1,0,IDR,Sudah dibayar,258485.0
32272,1729665691842022090,7618178607248067336,24/03/2026 23:42:45,1,0,IDR,Sudah dibayar,320625.95
10497,1729677743140735575,7620734833127475976,24/03/2026 23:41:21,1,0,IDR,Sudah dibayar,257387.65
28021,1729677759600167511,7620734833127475976,24/03/2026 23:41:15,1,0,IDR,Sudah dibayar,202962.15
11858,1729677758275947095,7620734833127475976,24/03/2026 23:41:05,1,0,IDR,Sudah dibayar,163151.55
14100,1729677743141063255,7620734833127475976,24/03/2026 23:40:16,1,0,IDR,Sudah dibayar,233312.25
20610,1729677746703469143,7620734833127475976,24/03/2026 23:39:40,1,0,IDR,Sudah dibayar,259335.0
97185,1729677755464780375,7620734833127475976,24/03/2026 23:39:39,1,0,IDR,Sudah dibayar,209979.75
29498,1729677743140801111,7620734833127475976,24/03/2026 23:38:34,1,0,IDR,Sudah dibayar,255347.65
57126,1729677758275947095,7620734833127475976,24/03/2026 23:37:52,1,0,IDR,Sudah dibayar,140364.75
41707,1729677747184503383,7620734833127475976,24/03/2026 23:37:42,1,0,IDR,Sudah dibayar,263615.6
74024,1729677759600495191,7620734833127475976,24/03/2026 23:37:32,1,0,IDR,Sudah dibayar,199562.15
71007,1729677746703665751,7620734833127475976,24/03/2026 23:35:55,1,0,IDR,Sudah dibayar,256631.15
57865,1729677743140932183,7620734833127475976,24/03/2026 23:35:38,1,0,IDR,Sudah dibayar,258485.0
46769,1729677743140866647,7620734833127475976,24/03/2026 23:35:36,1,0,IDR,Sudah dibayar,265285.0
00713,1730138691708880259,7620734833127475976,24/03/2026 23:35:36,1,0,IDR,Sudah dibayar,624927.65
00713,1730138686761043331,7620734833127475976,24/03/2026 23:35:36,1,0,IDR,Sudah dibayar,624928.5
62594,1729677743140997719,7620734833127475976,24/03/2026 23:35:19,1,0,IDR,Sudah dibayar,257387.65
36052,1729677759600495191,7620734833127475976,24/03/2026 23:34:50,1,0,IDR,Sudah dibayar,209811.44999999998
87338,1729677742104808023,7620734833127475976,24/03/2026 23:33:42,1,0,IDR,Sudah dibayar,255000.0
14527,1729677758275947095,7620734833127475976,24/03/2026 23:31:28,1,0,IDR,Sudah dibayar,193311.25
62263,1729677743140932183,7620734833127475976,24/03/2026 23:30:16,1,0,IDR,Sudah dibayar,255850.0
76639,1729677743140997719,7620734833127475976,24/03/2026 23:29:38,1,0,IDR,Sudah dibayar,245270.9
86200,1729677743140866647,7620734833127475976,24/03/2026 23:27:55,1,0,IDR,Sudah dibayar,268345.0
95339,1729677743140801111,7620734833127475976,24/03/2026 23:27:22,1,0,IDR,Sudah dibayar,284979.5
99685,1729677742105135703,7620734833127475976,24/03/2026 23:27:19,1,0,IDR,Sudah dibayar,255683.4
26432,1730806636781078103,7620734833127475976,24/03/2026 23:26:25,1,0,IDR,Sudah dibayar,228356.75
62600,1729677742968703575,7620734833127475976,24/03/2026 23:26:11,1,0,IDR,Sudah dibayar,197487.3
34646,1730806636780750423,7620734833127475976,24/03/2026 23:24:55,1,0,IDR,Sudah dibayar,200389.19999999998
48220,1729677755464714839,7620734833127475976,24/03/2026 23:24:31,1,0,IDR,Sudah dibayar,210829.75
56241,1729677755464780375,7620734833127475976,24/03/2026 23:24:06,1,0,IDR,Sudah dibayar,204578.85
50106,1729677755464780375,7620734833127475976,24/03/2026 23:23:39,1,0,IDR,Sudah dibayar,253470.0
40529,1729677742104808023,7620734833127475976,24/03/2026 23:23:27,1,0,IDR,Sudah dibayar,322745.0
27452,1729677742105004631,7620734833127475976,24/03/2026 23:23:20,1,0,IDR,Sudah dibayar,280729.5
23929,1729677743141063255,7620734833127475976,24/03/2026 23:21:36,1,0,IDR,Sudah dibayar,300390.0
56391,1729677759600298583,7620734833127475976,24/03/2026 23:21:12,1,0,IDR,Sudah dibayar,203728.85
22020,1729677743140866647,7620734833127475976,24/03/2026 23:20:09,1,0,IDR,Sudah dibayar,242690.3
26729,1729677742104742487,7620734833127475976,24/03/2026 23:19:44,1,0,IDR,Sudah dibayar,299540.0
03985,1729677755464583767,7620734833127475976,24/03/2026 23:19:44,1,0,IDR,Sudah dibayar,230484.3
51899,1729677759600495191,7620734833127475976,24/03/2026 23:18:25,1,0,IDR,Sudah dibayar,169855.5
51899,1729677746703534679,7620734833127475976,24/03/2026 23:18:25,1,0,IDR,Sudah dibayar,224031.94999999998
09651,1729677759600495191,7620734833127475976,24/03/2026 23:18:15,1,0,IDR,Sudah dibayar,210829.75
23056,1729677743141063255,7620734833127475976,24/03/2026 23:17:24,1,0,IDR,Sudah dibayar,246389.5
34632,1729677755464518231,7620734833127475976,24/03/2026 23:16:30,1,0,IDR,Sudah dibayar,204578.85
65522,1730174772503152215,7620734833127475976,24/03/2026 23:13:41,1,0,IDR,Sudah dibayar,474725.0
98495,1729677743140932183,7620734833127475976,24/03/2026 23:12:38,1,0,IDR,Sudah dibayar,287895.0
24762,1729677755464714839,7620734833127475976,24/03/2026 23:10:15,1,0,IDR,Sudah dibayar,209917.69999999998
96457,1729677755464387159,7620734833127475976,24/03/2026 23:09:00,1,0,IDR,Sudah dibayar,219414.75
67680,1729677746703403607,7620734833127475976,24/03/2026 23:07:18,1,0,IDR,Sudah dibayar,290622.64999999997
42809,1729677755464321623,7620734833127475976,24/03/2026 23:06:12,1,0,IDR,Sudah dibayar,220727.15
73945,1729677743140932183,7620734833127475976,24/03/2026 23:05:21,1,0,IDR,Sudah dibayar,299540.0
11734,1729677758275947095,7620734833127475976,24/03/2026 23:04:43,1,0,IDR,Sudah dibayar,201144.85
25577,1731927306072065623,7620734833127475976,24/03/2026 23:03:18,1,0,IDR,Sudah dibayar,454002.0
75053,1729677743141063255,7620734833127475976,24/03/2026 23:01:51,1,0,IDR,Sudah dibayar,248612.25
23581,1729677743140997719,7494054609567125126,24/03/2026 23:01:45,1,0,IDR,Sudah dibayar,261511.0
37243,1729677755464583767,7620734833127475976,24/03/2026 23:01:43,1,0,IDR,Sudah dibayar,214477.94999999998
40365,1729677755464649303,7620734833127475976,24/03/2026 23:01:39,1,0,IDR,Sudah dibayar,210829.75
91713,1729677743140866647,7620734833127475976,24/03/2026 23:01:31,1,0,IDR,Sudah dibayar,290622.64999999997
94616,1729677755464518231,7620734833127475976,24/03/2026 23:00:47,1,0,IDR,Sudah dibayar,198870.25
69271,1729677759600167511,7620734833127475976,24/03/2026 22:59:21,1,0,IDR,Sudah dibayar,211174.85
22166,1733552705549534807,7620734833127475976,24/03/2026 22:58:42,1,0,IDR,Sudah dibayar,209695.0
07933,1729677743141063255,7620734833127475976,24/03/2026 22:55:53,1,0,IDR,Sudah dibayar,298095.0
42205,1729677743140932183,7620734833127475976,24/03/2026 22:55:00,1,0,IDR,Sudah dibayar,250451.65
09570,1729677747184503383,7620734833127475976,24/03/2026 22:52:59,1,0,IDR,Sudah dibayar,294949.14999999997
70687,1729677742104939095,7620734833127475976,24/03/2026 22:52:23,1,0,IDR,Sudah dibayar,300390.0
42898,1729677755464518231,7620734833127475976,24/03/2026 22:51:16,1,0,IDR,Sudah dibayar,220303.85
00165,1729677758275947095,7620734833127475976,24/03/2026 22:51:04,1,0,IDR,Sudah dibayar,220388.85
58778,1731927306072065623,7620734833127475976,24/03/2026 22:51:03,1,0,IDR,Sudah dibayar,504050.0
11830,1729677755464452695,7620734833127475976,24/03/2026 22:47:36,1,0,IDR,Sudah dibayar,220303.85
13736,1729677742968834647,7620734833127475976,24/03/2026 22:45:39,1,0,IDR,Sudah dibayar,210750.69999999998
73752,1729677758275947095,7620734833127475976,24/03/2026 22:43:42,1,0,IDR,Sudah dibayar,193623.19999999998
53220,1729677755464583767,7494054609567125126,24/03/2026 22:42:54,1,0,IDR,Sudah dibayar,216014.75
20696,1729677755464452695,7620734833127475976,24/03/2026 22:41:59,1,0,IDR,Sudah dibayar,227999.75
17597,1729677758275947095,7620734833127475976,24/03/2026 22:41:06,1,0,IDR,Sudah dibayar,225364.75
35790,1729677743141063255,7620734833127475976,24/03/2026 22:40:40,1,0,IDR,Sudah dibayar,263159.14999999997
12220,1729677755464387159,7620734833127475976,24/03/2026 22:40:06,1,0,IDR,Sudah dibayar,216332.65
87939,1729677743140932183,7620734833127475976,24/03/2026 22:39:51,1,0,IDR,Sudah dibayar,299540.0
15198,1729677759600364119,7620734833127475976,24/03/2026 22:39:03,1,0,IDR,Sudah dibayar,184840.15
52217,1729677746703534679,7620734833127475976,24/03/2026 22:36:12,1,0,IDR,Sudah dibayar,255000.0
82694,1729677743141063255,7620734833127475976,24/03/2026 22:30:42,1,0,IDR,Sudah dibayar,272892.5
67153,1729677743140997719,7620734833127475976,24/03/2026 22:26:06,1,0,IDR,Sudah dibayar,301325.0
26172,1729677742105135703,7620734833127475976,24/03/2026 22:25:36,1,0,IDR,Sudah dibayar,259335.0
65946,1729677755464518231,7620734833127475976,24/03/2026 22:23:56,1,0,IDR,Sudah dibayar,225364.75
27802,1730651001345443415,7620734833127475976,24/03/2026 22:23:01,1,0,IDR,Sudah dibayar,487426.55
49384,1729677759600495191,7620734833127475976,24/03/2026 22:21:53,1,0,IDR,Sudah dibayar,172612.05
66119,1729677755464518231,7620734833127475976,24/03/2026 22:20:49,1,0,IDR,Sudah dibayar,229699.75
50573,1729677746703403607,7620734833127475976,24/03/2026 22:20:34,1,0,IDR,Sudah dibayar,274812.64999999997
85485,1729768205592790615,7494054609567125126,24/03/2026 22:20:23,1,0,IDR,Sudah dibayar,357533.8
41858,1729677759600298583,7618460083239783186,24/03/2026 22:19:18,1,0,IDR,Sudah dibayar,209979.75
44295,1729677742104808023,7620734833127475976,24/03/2026 22:18:03,1,0,IDR,Sudah dibayar,255996.19999999998
95879,1730310858187965706,7620734833127475976,24/03/2026 22:18:03,2,0,IDR,Sudah dibayar,50082.0
89836,1729677743141063255,7620734833127475976,24/03/2026 22:16:56,1,0,IDR,Sudah dibayar,250593.6
03613,1729677755464780375,7620734833127475976,24/03/2026 22:15:18,1,0,IDR,Sudah dibayar,209979.75
32847,1729677759600364119,7620734833127475976,24/03/2026 22:14:15,1,0,IDR,Sudah dibayar,233988.85
35758,1729677755464452695,7620734833127475976,24/03/2026 22:13:18,1,0,IDR,Sudah dibayar,172637.55
52549,1729677755464583767,7620734833127475976,24/03/2026 22:12:42,1,0,IDR,Sudah dibayar,208675.85
63174,1730310850770470154,7620734833127475976,24/03/2026 22:12:40,2,0,IDR,Sudah dibayar,58607.5
90398,1729677759600233047,7620734833127475976,24/03/2026 22:10:17,1,0,IDR,Sudah dibayar,209373.69999999998
39345,1729677743140997719,7620734833127475976,24/03/2026 22:09:43,1,0,IDR,Sudah dibayar,289595.0
74881,1729677743140735575,7620734833127475976,24/03/2026 22:09:16,1,0,IDR,Sudah dibayar,262735.0
16216,1729677755464649303,7620734833127475976,24/03/2026 22:08:09,1,0,IDR,Sudah dibayar,218603.85
23023,1729677755464649303,7620734833127475976,24/03/2026 22:07:59,1,0,IDR,Sudah dibayar,213379.75
19454,1729677755464583767,7620734833127475976,24/03/2026 22:06:51,1,0,IDR,Sudah dibayar,211679.75
44934,1729677759600233047,7620734833127475976,24/03/2026 22:06:41,1,0,IDR,Sudah dibayar,227149.75
42224,1729677758276274775,7620734833127475976,24/03/2026 22:05:47,1,0,IDR,Sudah dibayar,304589.85
91624,1729677758276274775,7620734833127475976,24/03/2026 22:05:19,1,0,IDR,Sudah dibayar,225364.75
52498,1729677755464649303,7620734833127475976,24/03/2026 22:05:02,1,0,IDR,Sudah dibayar,209979.75
47136,1729677755464649303,7620734833127475976,24/03/2026 22:02:27,1,0,IDR,Sudah dibayar,204578.85
24846,1729677755464452695,7620734833127475976,24/03/2026 22:02:02,1,0,IDR,Sudah dibayar,209121.25
09535,1729677755464583767,7620734833127475976,24/03/2026 22:01:41,1,0,IDR,Sudah dibayar,228055.0
50793,1729677755464518231,7620734833127475976,24/03/2026 22:01:01,1,0,IDR,Sudah dibayar,240834.75
35221,1729677755464387159,7620734833127475976,24/03/2026 21:57:52,1,0,IDR,Sudah dibayar,211973.85
92410,1729677742105070167,7620734833127475976,24/03/2026 21:57:37,1,0,IDR,Sudah dibayar,270337.39999999997
04297,1729677746703403607,7620734833127475976,24/03/2026 21:53:21,1,0,IDR,Sudah dibayar,242546.65
43154,1729677758275816023,7620734833127475976,24/03/2026 21:52:35,1,0,IDR,Sudah dibayar,222406.75
99978,1729677759600495191,7620734833127475976,24/03/2026 21:48:37,1,0,IDR,Sudah dibayar,209800.4
81793,1729677743141063255,7620734833127475976,24/03/2026 21:47:16,1,0,IDR,Sudah dibayar,264095.0
29393,1729677755464387159,7620734833127475976,24/03/2026 21:43:23,1,0,IDR,Sudah dibayar,194751.15
12843,1729677755464387159,7620734833127475976,24/03/2026 21:43:12,1,0,IDR,Sudah dibayar,227149.75
08749,1733552688701539927,7618460083239783186,24/03/2026 21:40:38,1,0,IDR,Sudah dibayar,196775.0
35545,1729677742968769111,7620734833127475976,24/03/2026 21:39:45,1,0,IDR,Sudah dibayar,243015.0
30356,1729677758275816023,7620734833127475976,24/03/2026 21:29:40,1,0,IDR,Sudah dibayar,234799.75
63798,1729677759600167511,7620734833127475976,24/03/2026 21:27:03,1,0,IDR,Sudah dibayar,262254.75
20449,1729677755464321623,7620734833127475976,24/03/2026 21:21:48,1,0,IDR,Sudah dibayar,217182.65
88430,1729677743140801111,7620734833127475976,24/03/2026 21:20:02,1,0,IDR,Sudah dibayar,326995.0
87529,1729677755464518231,7620734833127475976,24/03/2026 21:18:04,1,0,IDR,Sudah dibayar,227149.75
63077,1729677759600560727,7620734833127475976,24/03/2026 21:17:41,1,0,IDR,Sudah dibayar,184667.6
90747,1734483831936681347,7620734833127475976,24/03/2026 21:17:35,1,0,IDR,Sudah dibayar,233743.19999999998
27190,1729677755464649303,7620734833127475976,24/03/2026 21:14:00,1,0,IDR,Sudah dibayar,215504.75
21380,1729677743140997719,7620734833127475976,24/03/2026 21:14:00,1,0,IDR,Sudah dibayar,299540.0
46500,1729677742968834647,7620734833127475976,24/03/2026 21:13:15,1,0,IDR,Sudah dibayar,225338.4
95906,1731927306072065623,7620734833127475976,24/03/2026 21:11:51,1,0,IDR,Sudah dibayar,447304.0
45550,1729677743140997719,7620734833127475976,24/03/2026 21:11:50,1,0,IDR,Sudah dibayar,257387.65
43061,1729677755464387159,7620734833127475976,24/03/2026 21:11:47,1,0,IDR,Sudah dibayar,209073.65
50360,1729677743140997719,7620734833127475976,24/03/2026 21:11:36,1,0,IDR,Sudah dibayar,247408.65
46569,1729677755464649303,7620734833127475976,24/03/2026 21:11:34,1,0,IDR,Sudah dibayar,227149.75
82443,1729677755464714839,7620734833127475976,24/03/2026 21:10:11,1,0,IDR,Sudah dibayar,220260.5
32265,1729677742105004631,7620734833127475976,24/03/2026 21:09:32,1,0,IDR,Sudah dibayar,253713.94999999998
75063,1729677755464649303,7620734833127475976,24/03/2026 21:08:58,1,0,IDR,Sudah dibayar,227205.0
06903,1729561361793123927,7620734833127475976,24/03/2026 21:08:43,1,0,IDR,Sudah dibayar,404548.14999999997
14337,1729677755464583767,7620734833127475976,24/03/2026 21:06:31,1,0,IDR,Sudah dibayar,199978.65
55334,1729677743140932183,7620734833127475976,24/03/2026 21:04:59,1,0,IDR,Sudah dibayar,281605.0
01167,1729677755464518231,7620734833127475976,24/03/2026 21:04:10,1,0,IDR,Sudah dibayar,208709.85
60191,1729677755464583767,7620734833127475976,24/03/2026 21:04:09,1,0,IDR,Sudah dibayar,217714.75
55111,1729677743141063255,7620734833127475976,24/03/2026 21:02:59,1,0,IDR,Sudah dibayar,297245.0
48323,1729677746703469143,7620734833127475976,24/03/2026 21:00:58,1,0,IDR,Sudah dibayar,266135.0
23406,1729677742105004631,7620734833127475976,24/03/2026 20:59:48,1,0,IDR,Sudah dibayar,300390.0
57455,1729677758275684951,7620734833127475976,24/03/2026 20:57:15,1,0,IDR,Sudah dibayar,194215.65
57455,1729677742968834647,7620734833127475976,24/03/2026 20:57:15,1,0,IDR,Sudah dibayar,208547.5
25446,1729677743140932183,7620734833127475976,24/03/2026 20:56:21,1,0,IDR,Sudah dibayar,243865.0
44081,1729677758276012631,7620734833127475976,24/03/2026 20:56:21,1,0,IDR,Sudah dibayar,216864.75
44676,1729677755464518231,7620734833127475976,24/03/2026 20:53:32,1,0,IDR,Sudah dibayar,216014.75
09059,1729677742968769111,7620734833127475976,24/03/2026 20:51:40,1,0,IDR,Sudah dibayar,231880.0
92098,1729677755464452695,7620734833127475976,24/03/2026 20:51:25,1,0,IDR,Sudah dibayar,202645.1
42790,1729677746703403607,7610403712481217800,24/03/2026 20:51:08,1,0,IDR,Sudah dibayar,270349.3
84801,1729677743141063255,7620734833127475976,24/03/2026 20:50:58,1,0,IDR,Sudah dibayar,299540.0
77577,1729677743141063255,7620734833127475976,24/03/2026 20:50:19,1,0,IDR,Sudah dibayar,255000.0
39564,1731927306071869015,7620734833127475976,24/03/2026 20:50:19,1,0,IDR,Sudah dibayar,471276.55
73820,1729677742105004631,7620734833127475976,24/03/2026 20:50:12,1,0,IDR,Sudah dibayar,269504.39999999997
91699,1729677743140866647,7620734833127475976,24/03/2026 20:50:09,1,0,IDR,Sudah dibayar,245131.5
15765,1729677755464518231,7620734833127475976,24/03/2026 20:49:00,1,0,IDR,Sudah dibayar,227999.75
50500,1730706106318751319,7620734833127475976,24/03/2026 20:47:47,1,0,IDR,Sudah dibayar,481049.0
94692,1729677743140932183,7620734833127475976,24/03/2026 20:46:46,1,0,IDR,Sudah dibayar,285917.89999999997
95278,1729677743140801111,7620734833127475976,24/03/2026 20:46:21,1,0,IDR,Sudah dibayar,263615.6
39188,1729677743140997719,7620734833127475976,24/03/2026 20:46:18,1,0,IDR,Sudah dibayar,275590.39999999997
37365,1729677755464583767,7620734833127475976,24/03/2026 20:45:52,1,0,IDR,Sudah dibayar,219414.75
75615,1729677743141128791,7620734833127475976,24/03/2026 20:45:16,1,0,IDR,Sudah dibayar,287555.0
15790,1729677755464387159,7620734833127475976,24/03/2026 20:44:54,1,0,IDR,Sudah dibayar,227149.75
61063,1729677758275816023,7620734833127475976,24/03/2026 20:43:36,1,0,IDR,Sudah dibayar,199851.15
53090,1729677755464190551,7620734833127475976,24/03/2026 20:43:21,1,0,IDR,Sudah dibayar,212658.1
94049,1729677755464387159,7620734833127475976,24/03/2026 20:42:01,1,0,IDR,Sudah dibayar,227999.75
43222,1729677755464583767,7620734833127475976,24/03/2026 20:41:41,1,0,IDR,Sudah dibayar,203728.85
86974,1729677743140932183,7620734833127475976,24/03/2026 20:41:34,1,0,IDR,Sudah dibayar,242692.0
81787,1729677759600429655,7620734833127475976,24/03/2026 20:40:38,1,0,IDR,Sudah dibayar,208950.4
65753,1729677742105070167,7620734833127475976,24/03/2026 20:40:15,1,0,IDR,Sudah dibayar,249643.3
85341,1729677755464387159,7620734833127475976,24/03/2026 20:39:42,1,0,IDR,Sudah dibayar,182359.0
85779,1729677755464321623,7620734833127475976,24/03/2026 20:39:23,1,0,IDR,Sudah dibayar,215220.0
44029,1729677755464780375,7620734833127475976,24/03/2026 20:39:18,1,0,IDR,Sudah dibayar,227149.75
85022,1729677743140932183,7620734833127475976,24/03/2026 20:39:11,1,0,IDR,Sudah dibayar,223923.15
05443,1729677743140735575,7620734833127475976,24/03/2026 20:38:45,1,0,IDR,Sudah dibayar,253045.0
00941,1729677755464583767,7620734833127475976,24/03/2026 20:38:36,1,0,IDR,Sudah dibayar,200701.15
20796,1729677743141063255,7620734833127475976,24/03/2026 20:38:17,1,0,IDR,Sudah dibayar,287555.0
66853,1729677742105070167,7620734833127475976,24/03/2026 20:37:39,1,0,IDR,Sudah dibayar,291472.64999999997
76739,1731927306072000087,7620271062595128071,24/03/2026 20:37:35,1,0,IDR,Sudah dibayar,501143.0
77151,1729677755464387159,7620734833127475976,24/03/2026 20:37:30,1,0,IDR,Sudah dibayar,227999.75
59769,1729677755464649303,7620734833127475976,24/03/2026 20:36:05,1,0,IDR,Sudah dibayar,203728.85
95525,1731927306071934551,7609298936339254535,24/03/2026 20:35:10,1,0,IDR,Sudah dibayar,478784.6
71752,1729677759600167511,7620734833127475976,24/03/2026 20:35:01,1,0,IDR,Sudah dibayar,227999.75
50233,1729677755464583767,7620734833127475976,24/03/2026 20:33:29,1,0,IDR,Sudah dibayar,227149.75
06246,1729677743140997719,7620734833127475976,24/03/2026 20:33:27,1,0,IDR,Sudah dibayar,272170.0
85043,1729677743141063255,7620734833127475976,24/03/2026 20:33:22,1,0,IDR,Sudah dibayar,242559.4
64160,1729677759600298583,7620734833127475976,24/03/2026 20:32:36,1,0,IDR,Sudah dibayar,181912.75
71501,1729677755464256087,7620734833127475976,24/03/2026 20:32:08,1,0,IDR,Sudah dibayar,227149.75
52900,1729677743140997719,7620734833127475976,24/03/2026 20:31:24,1,0,IDR,Sudah dibayar,300390.0
55726,1729677755464321623,7620734833127475976,24/03/2026 20:30:51,1,0,IDR,Sudah dibayar,199851.15
99917,1729677742104611415,7620734833127475976,24/03/2026 20:30:08,1,0,IDR,Sudah dibayar,299540.0
13303,1729677758276209239,7620734833127475976,24/03/2026 20:29:34,1,0,IDR,Sudah dibayar,213536.15
00801,1729677755464583767,7620734833127475976,24/03/2026 20:29:15,1,0,IDR,Sudah dibayar,227149.75
57274,1729677755464583767,7620734833127475976,24/03/2026 20:29:14,1,0,IDR,Sudah dibayar,227149.75
32576,1729677755464387159,7620734833127475976,24/03/2026 20:28:29,1,0,IDR,Sudah dibayar,242534.75
18334,1729677758275947095,7620734833127475976,24/03/2026 20:26:58,1,0,IDR,Sudah dibayar,179475.8
92560,1729677759600495191,7620734833127475976,24/03/2026 20:26:24,1,0,IDR,Sudah dibayar,218564.75
38147,1729677759600233047,7494054609567125126,24/03/2026 20:25:15,1,0,IDR,Sudah dibayar,210624.9
36178,1729677743141063255,7620734833127475976,24/03/2026 20:24:44,1,0,IDR,Sudah dibayar,263615.6
41047,1729677759600036439,7620734833127475976,24/03/2026 20:24:04,1,0,IDR,Sudah dibayar,225364.75
97773,1729677758275619415,7620734833127475976,24/03/2026 20:21:50,1,0,IDR,Sudah dibayar,227149.75
64931,1729677758275947095,7620734833127475976,24/03/2026 20:21:31,1,0,IDR,Sudah dibayar,203728.85
09110,1729677755464518231,7620734833127475976,24/03/2026 20:21:14,1,0,IDR,Sudah dibayar,226214.75
04582,1733552687641560663,7620734833127475976,24/03/2026 20:20:53,2,0,IDR,Sudah dibayar,495550.85
39533,1729677755464321623,7620734833127475976,24/03/2026 20:19:39,1,0,IDR,Sudah dibayar,222814.75
71659,1729677758276209239,7620734833127475976,24/03/2026 20:19:15,1,0,IDR,Sudah dibayar,221153.85
15427,1729677755464518231,7620734833127475976,24/03/2026 20:17:14,1,0,IDR,Sudah dibayar,181831.15
06221,1729677743140801111,7620734833127475976,24/03/2026 20:17:05,1,0,IDR,Sudah dibayar,285325.45
09322,1729677743140932183,7620734833127475976,24/03/2026 20:15:37,1,0,IDR,Sudah dibayar,284677.75
77268,1729677743141063255,7620734833127475976,24/03/2026 20:14:38,1,0,IDR,Sudah dibayar,256870.0
69570,1729677759600364119,7620734833127475976,24/03/2026 20:12:16,1,0,IDR,Sudah dibayar,209979.75
75615,1729677743140932183,7620734833127475976,24/03/2026 20:11:25,1,0,IDR,Sudah dibayar,257079.1
84949,1729677755464518231,7620734833127475976,24/03/2026 20:10:57,1,0,IDR,Sudah dibayar,194751.15
14906,1729677758275947095,7620734833127475976,24/03/2026 20:10:51,1,0,IDR,Sudah dibayar,208950.4
10489,1731079464714732931,7620734833127475976,24/03/2026 20:10:31,1,0,IDR,Sudah dibayar,438224.3
39382,1729677758275947095,7620734833127475976,24/03/2026 20:08:42,1,0,IDR,Sudah dibayar,199978.65
65783,1729677743140932183,7620734833127475976,24/03/2026 20:07:58,1,0,IDR,Sudah dibayar,280755.0
51858,1729677758276209239,7620734833127475976,24/03/2026 20:07:51,1,0,IDR,Sudah dibayar,202645.1
81067,1729677755464649303,7620734833127475976,24/03/2026 20:07:45,1,0,IDR,Sudah dibayar,190332.0
12645,1729677755464518231,7620734833127475976,24/03/2026 20:07:05,1,0,IDR,Sudah dibayar,221153.85
57032,1729677758275947095,7620734833127475976,24/03/2026 20:06:55,1,0,IDR,Sudah dibayar,227999.75
82569,1730806636781078103,7620734833127475976,24/03/2026 20:06:44,1,0,IDR,Sudah dibayar,200341.6
92748,1729677743140866647,7620734833127475976,24/03/2026 20:04:54,1,0,IDR,Sudah dibayar,262735.0
13645,1729677742968834647,7620734833127475976,24/03/2026 20:03:12,1,0,IDR,Sudah dibayar,218169.5
70987,1729677743140997719,7620734833127475976,24/03/2026 20:02:00,1,0,IDR,Sudah dibayar,280979.39999999997
71220,1729677755464518231,7620734833127475976,24/03/2026 20:00:31,1,0,IDR,Sudah dibayar,218564.75
95101,1730310858187965706,7620734833127475976,24/03/2026 19:59:36,1,0,IDR,Sudah dibayar,29130.35
99199,1729677742104808023,7620734833127475976,24/03/2026 19:59:02,1,0,IDR,Sudah dibayar,251556.65
72870,1729677743140866647,7620734833127475976,24/03/2026 19:57:48,1,0,IDR,Sudah dibayar,234756.4
41907,1729677755464583767,7620734833127475976,24/03/2026 19:55:47,1,0,IDR,Sudah dibayar,200595.75
64386,1729677759600429655,7620734833127475976,24/03/2026 19:55:21,1,0,IDR,Sudah dibayar,210324.85
01167,1730706088342881879,7620734833127475976,24/03/2026 19:53:07,1,0,IDR,Sudah dibayar,531917.25
26128,1729677755464649303,7620734833127475976,24/03/2026 19:52:47,1,0,IDR,Sudah dibayar,203728.85
50975,1729677755464649303,7620734833127475976,24/03/2026 19:51:33,1,0,IDR,Sudah dibayar,227999.75
45778,1729677743141063255,7620734833127475976,24/03/2026 19:48:51,1,0,IDR,Sudah dibayar,261575.6
64764,1729677743141063255,7620734833127475976,24/03/2026 19:48:34,1,0,IDR,Sudah dibayar,255850.0
08149,1729677758275947095,7620734833127475976,24/03/2026 19:48:32,1,0,IDR,Sudah dibayar,227149.75
06834,1729677743140801111,7620734833127475976,24/03/2026 19:47:24,1,0,IDR,Sudah dibayar,278475.3
70575,1731927306071869015,7620734833127475976,24/03/2026 19:46:30,1,0,IDR,Sudah dibayar,471325.0
56504,1729677743141128791,7620734833127475976,24/03/2026 19:46:09,1,0,IDR,Sudah dibayar,295295.1
14755,1729677743140932183,7620734833127475976,24/03/2026 19:44:13,1,0,IDR,Sudah dibayar,255683.4
62221,1729677755464583767,7620734833127475976,24/03/2026 19:44:05,1,0,IDR,Sudah dibayar,208655.44999999998
43193,1729677743140801111,7620734833127475976,24/03/2026 19:43:39,1,0,IDR,Sudah dibayar,244225.4
74380,1729677758275947095,7620734833127475976,24/03/2026 19:43:11,1,0,IDR,Sudah dibayar,227999.75
51972,1729677746703469143,7620734833127475976,24/03/2026 19:42:44,1,0,IDR,Sudah dibayar,255850.0
97000,1729677755464518231,7620734833127475976,24/03/2026 19:41:06,1,0,IDR,Sudah dibayar,226214.75
62221,1729677743141063255,7620734833127475976,24/03/2026 19:39:59,1,0,IDR,Sudah dibayar,299540.0
28534,1729677743140866647,7620734833127475976,24/03/2026 19:39:35,1,0,IDR,Sudah dibayar,299540.0
92077,1729677755464452695,7620734833127475976,24/03/2026 19:39:29,1,0,IDR,Sudah dibayar,230549.75
14194,1729677755464583767,7620734833127475976,24/03/2026 19:38:55,1,0,IDR,Sudah dibayar,215882.15
66570,1729677742968769111,7620734833127475976,24/03/2026 19:38:49,1,0,IDR,Sudah dibayar,218994.0
53630,1729677755464583767,7620734833127475976,24/03/2026 19:38:37,1,0,IDR,Sudah dibayar,188716.15
86327,1729677755464583767,7620734833127475976,24/03/2026 19:38:09,1,0,IDR,Sudah dibayar,221114.75
78678,1729677758276209239,7620734833127475976,24/03/2026 19:37:27,1,0,IDR,Sudah dibayar,216864.75
68866,1729677743140997719,7620734833127475976,24/03/2026 19:36:41,1,0,IDR,Sudah dibayar,277270.0
54842,1729677755464321623,7620734833127475976,24/03/2026 19:36:41,1,0,IDR,Sudah dibayar,206910.4
35256,1729677755464518231,7620734833127475976,24/03/2026 19:35:18,1,0,IDR,Sudah dibayar,186931.15
09448,1729677743141063255,7620734833127475976,24/03/2026 19:35:09,1,0,IDR,Sudah dibayar,297245.0
06394,1729677758275816023,7620734833127475976,24/03/2026 19:34:15,1,0,IDR,Sudah dibayar,206708.1
78170,1729677746703403607,7620734833127475976,24/03/2026 19:33:44,1,0,IDR,Sudah dibayar,228252.19999999998
71095,1729677743141194327,7620734833127475976,24/03/2026 19:32:13,1,0,IDR,Sudah dibayar,240768.44999999998
01434,1729677758275816023,7620734833127475976,24/03/2026 19:32:00,1,0,IDR,Sudah dibayar,203728.85
32323,1729677742968572503,7620734833127475976,24/03/2026 19:31:57,1,0,IDR,Sudah dibayar,202237.94999999998
63333,1729677755464452695,7620734833127475976,24/03/2026 19:29:57,1,0,IDR,Sudah dibayar,179848.94999999998
41560,1729677755464583767,7620734833127475976,24/03/2026 19:29:53,1,0,IDR,Sudah dibayar,193901.15
63332,1729677755464452695,7620734833127475976,24/03/2026 19:29:19,1,0,IDR,Sudah dibayar,215164.75
84603,1729677755464583767,7620734833127475976,24/03/2026 19:28:04,1,0,IDR,Sudah dibayar,220264.75
66322,1729677759600560727,7620734833127475976,24/03/2026 19:27:25,1,0,IDR,Sudah dibayar,204613.69999999998
63864,1729677755464583767,7620734833127475976,24/03/2026 19:27:21,1,0,IDR,Sudah dibayar,176243.25
94358,1729677755464452695,7620734833127475976,24/03/2026 19:26:35,1,0,IDR,Sudah dibayar,158755.35
89420,1729677755464452695,7620734833127475976,24/03/2026 19:25:55,1,0,IDR,Sudah dibayar,221153.85
93433,1729677759600429655,7620734833127475976,24/03/2026 19:25:40,1,0,IDR,Sudah dibayar,212692.94999999998
10108,1729677759600429655,7620734833127475976,24/03/2026 19:25:08,1,0,IDR,Sudah dibayar,199652.25
40921,1729677743140997719,7620734833127475976,24/03/2026 19:25:06,1,0,IDR,Sudah dibayar,202943.44999999998
27743,1729677755464583767,7620734833127475976,24/03/2026 19:24:26,1,0,IDR,Sudah dibayar,208675.85
12478,1729677743141194327,7620734833127475976,24/03/2026 19:23:26,1,0,IDR,Sudah dibayar,265315.6
18434,1729677743141063255,7620734833127475976,24/03/2026 19:23:22,1,0,IDR,Sudah dibayar,269790.0
33625,1729677755464452695,7607910530862337288,24/03/2026 19:22:55,1,0,IDR,Sudah dibayar,213326.19999999998
97905,1729677743140866647,7620734833127475976,24/03/2026 19:22:34,1,0,IDR,Sudah dibayar,203775.6
16971,1729677759600298583,7620734833127475976,24/03/2026 19:22:15,1,0,IDR,Sudah dibayar,227974.25
25049,1729677755464387159,7620734833127475976,24/03/2026 19:21:56,1,0,IDR,Sudah dibayar,210829.75
68861,1729677758275684951,7620734833127475976,24/03/2026 19:21:27,1,0,IDR,Sudah dibayar,224448.44999999998
68861,1729677746703469143,7620734833127475976,24/03/2026 19:21:27,1,0,IDR,Sudah dibayar,296036.3
60285,1729677742105070167,7620734833127475976,24/03/2026 19:21:09,1,0,IDR,Sudah dibayar,263245.0
03403,1729677743140997719,7620734833127475976,24/03/2026 19:20:34,1,0,IDR,Sudah dibayar,258434.0
06608,1729677755464125015,7620734833127475976,24/03/2026 19:20:33,1,0,IDR,Sudah dibayar,203094.75
76282,1729677759600429655,7620734833127475976,24/03/2026 19:18:20,1,0,IDR,Sudah dibayar,181651.8
79064,1729677758275947095,7620734833127475976,24/03/2026 19:17:14,1,0,IDR,Sudah dibayar,210829.75
89936,1729677755464518231,7620734833127475976,24/03/2026 19:17:12,1,0,IDR,Sudah dibayar,203728.85
92316,1729677743140932183,7620734833127475976,24/03/2026 19:16:17,1,0,IDR,Sudah dibayar,256023.4
90469,1729677755464518231,7620734833127475976,24/03/2026 19:15:34,1,0,IDR,Sudah dibayar,225364.75
19038,1729677755464387159,7620734833127475976,24/03/2026 19:14:46,1,0,IDR,Sudah dibayar,181651.8
65586,1729677755464256087,7620734833127475976,24/03/2026 19:14:21,1,0,IDR,Sudah dibayar,222814.75
41443,1729677742105070167,7620734833127475976,24/03/2026 19:13:09,1,0,IDR,Sudah dibayar,231511.94999999998
53056,1729677758275947095,7620734833127475976,24/03/2026 19:13:06,1,0,IDR,Sudah dibayar,227149.75
74945,1729677742968834647,7620734833127475976,24/03/2026 19:12:56,1,0,IDR,Sudah dibayar,244715.0
52701,1729677743140997719,7620734833127475976,24/03/2026 19:12:50,1,0,IDR,Sudah dibayar,299540.0
85328,1729677755464321623,7620734833127475976,24/03/2026 19:12:33,1,0,IDR,Sudah dibayar,229274.75
05627,1729677759600429655,7620734833127475976,24/03/2026 19:12:17,1,0,IDR,Sudah dibayar,215112.05
99227,1729677746703469143,7620734833127475976,24/03/2026 19:12:05,1,0,IDR,Sudah dibayar,255000.0
75487,1729677742968834647,7620734833127475976,24/03/2026 19:11:55,1,0,IDR,Sudah dibayar,189232.94999999998
34849,1729677746703534679,7620734833127475976,24/03/2026 19:11:48,1,0,IDR,Sudah dibayar,239666.0
23569,1729677743141063255,7620734833127475976,24/03/2026 19:11:15,1,0,IDR,Sudah dibayar,263585.0
67655,1729677747184437847,7620734833127475976,24/03/2026 19:10:59,1,0,IDR,Sudah dibayar,240516.0
36361,1729677742105135703,7620734833127475976,24/03/2026 19:10:04,1,0,IDR,Sudah dibayar,233296.94999999998
73740,1729677743140997719,7620734833127475976,24/03/2026 19:10:03,1,0,IDR,Sudah dibayar,265709.14999999997
79675,1729677758275947095,7620734833127475976,24/03/2026 19:09:45,1,0,IDR,Sudah dibayar,181651.8
45715,1729677758275816023,7620734833127475976,24/03/2026 19:09:38,1,0,IDR,Sudah dibayar,227999.75
47305,1729677743140866647,7620734833127475976,24/03/2026 19:09:32,1,0,IDR,Sudah dibayar,299540.0
76329,1729677742105070167,7620734833127475976,24/03/2026 19:09:30,1,0,IDR,Sudah dibayar,222496.0
18280,1729677743140801111,7620734833127475976,24/03/2026 19:08:59,1,0,IDR,Sudah dibayar,262735.0
02178,1729677743140866647,7620734833127475976,24/03/2026 19:08:20,1,0,IDR,Sudah dibayar,255000.0
88742,1729677755464583767,7620734833127475976,24/03/2026 19:08:10,1,0,IDR,Sudah dibayar,183776.8
05471,1729677743141063255,7620734833127475976,24/03/2026 19:07:42,1,0,IDR,Sudah dibayar,254180.6
73833,1729677755464387159,7620734833127475976,24/03/2026 19:07:41,1,0,IDR,Sudah dibayar,182501.8
41752,1729677746703469143,7620734833127475976,24/03/2026 19:07:31,1,0,IDR,Sudah dibayar,219744.55
86338,1729677743140997719,7620734833127475976,24/03/2026 19:07:27,1,0,IDR,Sudah dibayar,238646.0
56187,1729677742968769111,7620734833127475976,24/03/2026 19:07:18,1,0,IDR,Sudah dibayar,220605.6
55088,1729677755464583767,7620734833127475976,24/03/2026 19:06:27,1,0,IDR,Sudah dibayar,182501.8
31974,1729677755464518231,7620734833127475976,24/03/2026 19:06:26,1,0,IDR,Sudah dibayar,182501.8
97918,1731308689765336451,7618460083239783186,24/03/2026 19:06:11,1,0,IDR,Sudah dibayar,532513.95
15560,1729677743140866647,7620734833127475976,24/03/2026 19:05:03,1,0,IDR,Sudah dibayar,253163.15
84139,1729677743140997719,7620734833127475976,24/03/2026 19:03:46,1,0,IDR,Sudah dibayar,259335.0
24692,1729677742968834647,7620734833127475976,24/03/2026 19:03:44,1,0,IDR,Sudah dibayar,213649.19999999998
24754,1729677759600167511,7620734833127475976,24/03/2026 19:02:56,1,0,IDR,Sudah dibayar,216332.65
51113,1729677746703403607,7620734833127475976,24/03/2026 19:02:27,1,0,IDR,Sudah dibayar,297245.0
84845,1729677759600364119,7620734833127475976,24/03/2026 19:02:22,1,0,IDR,Sudah dibayar,210528.85
81651,1730174772819560023,7620734833127475976,24/03/2026 19:02:17,1,0,IDR,Sudah dibayar,474017.8
07982,1733552687641626199,7602664975307476231,24/03/2026 19:01:23,1,0,IDR,Sudah dibayar,215897.44999999998
10546,1729677747184503383,7620734833127475976,24/03/2026 19:01:00,1,0,IDR,Sudah dibayar,276782.95
82248,1729677755464583767,7620734833127475976,24/03/2026 19:00:56,1,0,IDR,Sudah dibayar,232249.75
79444,1729677743140866647,7620734833127475976,24/03/2026 19:00:28,1,0,IDR,Sudah dibayar,264860.0
73078,1729677742105004631,7620734833127475976,24/03/2026 19:00:27,1,0,IDR,Sudah dibayar,301325.0
15830,1729677743141063255,7620734833127475976,24/03/2026 19:00:03,1,0,IDR,Sudah dibayar,269003.75
46659,1729677742105004631,7620734833127475976,24/03/2026 18:59:53,1,0,IDR,Sudah dibayar,293590.0
07874,1729677743140735575,7620734833127475976,24/03/2026 18:59:37,1,0,IDR,Sudah dibayar,298527.64999999997
05962,1729677755464387159,7614534240998313234,24/03/2026 18:58:29,1,0,IDR,Sudah dibayar,209979.75
87699,1731622713472943703,7620734833127475976,24/03/2026 18:56:58,1,0,IDR,Sudah dibayar,440980.0
52670,1729677755464321623,7620734833127475976,24/03/2026 18:56:42,1,0,IDR,Sudah dibayar,192154.4
44663,1729677755464649303,7620734833127475976,24/03/2026 18:56:41,1,0,IDR,Sudah dibayar,207021.75
58194,1729677743140932183,7620734833127475976,24/03/2026 18:56:41,1,0,IDR,Sudah dibayar,299540.0
80218,1729677743141063255,7620734833127475976,24/03/2026 18:54:54,1,0,IDR,Sudah dibayar,263585.0
54437,1729677755464714839,7620734833127475976,24/03/2026 18:53:42,1,0,IDR,Sudah dibayar,210829.75
51650,1729677743140997719,7620734833127475976,24/03/2026 18:52:07,1,0,IDR,Sudah dibayar,282285.0
99623,1729677755464583767,7620734833127475976,24/03/2026 18:51:56,1,0,IDR,Sudah dibayar,227999.75
77754,1729677755464518231,7620734833127475976,24/03/2026 18:50:46,1,0,IDR,Sudah dibayar,227999.75
89371,1729677755464387159,7620734833127475976,24/03/2026 18:50:38,1,0,IDR,Sudah dibayar,190700.05
38375,1729677759600298583,7620734833127475976,24/03/2026 18:50:09,1,0,IDR,Sudah dibayar,172637.55
84911,1729677755464452695,7620734833127475976,24/03/2026 18:48:35,1,0,IDR,Sudah dibayar,207346.44999999998
83484,1729677755464387159,7620734833127475976,24/03/2026 18:48:05,1,0,IDR,Sudah dibayar,227999.75
38121,1729677759600429655,7620734833127475976,24/03/2026 18:47:23,1,0,IDR,Sudah dibayar,224653.3
38121,1729677758276143703,7620637729051921170,24/03/2026 18:47:23,1,0,IDR,Sudah dibayar,224653.3
22603,1729677759600364119,7620734833127475976,24/03/2026 18:46:21,1,0,IDR,Sudah dibayar,223111.4
67102,1729677758275947095,7620734833127475976,24/03/2026 18:46:04,1,0,IDR,Sudah dibayar,265654.75
64596,1729677758275947095,7620734833127475976,24/03/2026 18:45:48,1,0,IDR,Sudah dibayar,219453.85
84073,1729677759600167511,7620734833127475976,24/03/2026 18:43:55,1,0,IDR,Sudah dibayar,265475.39999999997
61480,1729677743140801111,7620734833127475976,24/03/2026 18:43:50,1,0,IDR,Sudah dibayar,257387.65
87049,1729677755464583767,7620734833127475976,24/03/2026 18:43:49,1,0,IDR,Sudah dibayar,181831.15
42158,1729677743140932183,7620734833127475976,24/03/2026 18:43:21,1,0,IDR,Sudah dibayar,301325.0
58129,1729677755464387159,7620734833127475976,24/03/2026 18:41:25,1,0,IDR,Sudah dibayar,208701.35
20279,1729677743140997719,7620734833127475976,24/03/2026 18:40:28,1,0,IDR,Sudah dibayar,288405.0
80512,1729677746703403607,7620734833127475976,24/03/2026 18:38:24,1,0,IDR,Sudah dibayar,226093.19999999998
71253,1729677743141063255,7613252543543594258,24/03/2026 18:37:58,1,0,IDR,Sudah dibayar,250706.65
34228,1729677755464583767,7620734833127475976,24/03/2026 18:37:25,1,0,IDR,Sudah dibayar,211174.85
83756,1729677755464583767,7620734833127475976,24/03/2026 18:36:33,1,0,IDR,Sudah dibayar,205077.8
61821,1729677742104939095,7620734833127475976,24/03/2026 18:35:58,1,0,IDR,Sudah dibayar,265259.5
48030,1729677743140997719,7494054609567125126,24/03/2026 18:35:03,1,0,IDR,Sudah dibayar,261575.6
17510,1729677755464452695,7620734833127475976,24/03/2026 18:35:00,1,0,IDR,Sudah dibayar,204578.85
13963,1729677755464321623,7620734833127475976,24/03/2026 18:33:22,1,0,IDR,Sudah dibayar,199851.15
69267,1729677755464387159,7620734833127475976,24/03/2026 18:32:46,1,0,IDR,Sudah dibayar,207851.35
67848,1729677755464321623,7620734833127475976,24/03/2026 18:32:00,1,0,IDR,Sudah dibayar,221153.85
13243,1729677742104939095,7620734833127475976,24/03/2026 18:31:46,1,0,IDR,Sudah dibayar,264439.25
21888,1729677755464452695,7620734833127475976,24/03/2026 18:30:44,1,0,IDR,Sudah dibayar,201994.85
18755,1729677755464518231,7620734833127475976,24/03/2026 18:30:28,1,0,IDR,Sudah dibayar,225403.85
97227,1729677746703403607,7620734833127475976,24/03/2026 18:29:43,1,0,IDR,Sudah dibayar,283490.3
64978,1734650508941428099,7620476525867944711,24/03/2026 18:29:30,1,0,IDR,Sudah dibayar,279182.5
66823,1729677755464387159,7620734833127475976,24/03/2026 18:28:36,1,0,IDR,Sudah dibayar,192412.8
84623,1729677755464452695,7620734833127475976,24/03/2026 18:28:27,1,0,IDR,Sudah dibayar,202142.75
39240,1729677755464452695,7620734833127475976,24/03/2026 18:27:05,1,0,IDR,Sudah dibayar,158683.1
61805,1729677742968834647,7620734833127475976,24/03/2026 18:26:19,1,0,IDR,Sudah dibayar,226780.0
36226,1729677755464649303,7620734833127475976,24/03/2026 18:25:57,1,0,IDR,Sudah dibayar,218432.15
94846,1729677743140932183,7620734833127475976,24/03/2026 18:24:39,1,0,IDR,Sudah dibayar,255850.0
84803,1729677742105070167,7620734833127475976,24/03/2026 18:23:58,1,0,IDR,Sudah dibayar,264465.6
22899,1729677755464452695,7620734833127475976,24/03/2026 18:23:04,1,0,IDR,Sudah dibayar,228055.0
23046,1729677758275816023,7620734833127475976,24/03/2026 18:22:47,1,0,IDR,Sudah dibayar,212361.44999999998
92470,1729677743140932183,7620734833127475976,24/03/2026 18:22:34,1,0,IDR,Sudah dibayar,191870.5
26259,1729677743140997719,7620734833127475976,24/03/2026 18:22:00,1,0,IDR,Sudah dibayar,284701.55
86455,1729677759600298583,7620734833127475976,24/03/2026 18:21:07,1,0,IDR,Sudah dibayar,210324.85
42134,1729677759600364119,7620734833127475976,24/03/2026 18:20:40,1,0,IDR,Sudah dibayar,222428.85
19825,1729677742968769111,7620734833127475976,24/03/2026 18:20:05,1,0,IDR,Sudah dibayar,244715.0
94386,1729677758275684951,7620271062595128071,24/03/2026 18:19:50,1,0,IDR,Sudah dibayar,214314.75
43912,1729677758275947095,7620734833127475976,24/03/2026 18:19:50,1,0,IDR,Sudah dibayar,221153.85
56255,1729677743141063255,7618460083239783186,24/03/2026 18:17:59,1,0,IDR,Sudah dibayar,296990.0
94304,1729677758275947095,7620734833127475976,24/03/2026 18:16:00,1,0,IDR,Sudah dibayar,204964.75
11926,1729677742968769111,7620734833127475976,24/03/2026 18:15:50,1,0,IDR,Sudah dibayar,240465.0
61582,1729677743141063255,7620734833127475976,24/03/2026 18:11:31,1,0,IDR,Sudah dibayar,224482.44999999998
34619,1729677755464518231,7620734833127475976,24/03/2026 18:10:56,1,0,IDR,Sudah dibayar,227999.75
38544,1729677755464649303,7620734833127475976,24/03/2026 18:10:35,1,0,IDR,Sudah dibayar,227227.94999999998
92122,1729677755464452695,7620734833127475976,24/03/2026 18:09:26,1,0,IDR,Sudah dibayar,215747.85
72723,1729677746703469143,7620734833127475976,24/03/2026 18:09:21,1,0,IDR,Sudah dibayar,241181.55
92445,1729677742968769111,7620734833127475976,24/03/2026 18:08:30,1,0,IDR,Sudah dibayar,237065.0
85871,1729677759600036439,7620734833127475976,24/03/2026 18:07:40,1,0,IDR,Sudah dibayar,244234.75
65913,1729677758276143703,7620734833127475976,24/03/2026 18:07:32,1,0,IDR,Sudah dibayar,227999.75
83742,1729677758276143703,7620734833127475976,24/03/2026 18:06:09,1,0,IDR,Sudah dibayar,203728.85
41274,1729677743140997719,7620734833127475976,24/03/2026 18:05:23,1,0,IDR,Sudah dibayar,226440.0
41414,1729677758275947095,7620734833127475976,24/03/2026 18:05:00,1,0,IDR,Sudah dibayar,216864.75
45288,1729677742968834647,7620734833127475976,24/03/2026 18:04:42,1,0,IDR,Sudah dibayar,217656.1
76190,1729677758276143703,7620734833127475976,24/03/2026 18:04:03,1,0,IDR,Sudah dibayar,225449.75
47535,1729677755464649303,7620734833127475976,24/03/2026 18:04:01,1,0,IDR,Sudah dibayar,209129.75
37761,1729677759600429655,7620734833127475976,24/03/2026 18:03:42,1,0,IDR,Sudah dibayar,187560.15
80933,1729677758275947095,7620734833127475976,24/03/2026 18:02:18,1,0,IDR,Sudah dibayar,196425.65
35658,1729677755464583767,7620734833127475976,24/03/2026 18:02:10,1,0,IDR,Sudah dibayar,204118.15
35658,1729677755464518231,7620734833127475976,24/03/2026 18:02:10,1,0,IDR,Sudah dibayar,204119.0
35658,1729677755464452695,7620734833127475976,24/03/2026 18:02:10,1,0,IDR,Sudah dibayar,204118.15
35658,1729677755464387159,7620734833127475976,24/03/2026 18:02:10,1,0,IDR,Sudah dibayar,204118.15
35658,1729677743141063255,7620734833127475976,24/03/2026 18:02:10,2,0,IDR,Sudah dibayar,544674.0499999999
35658,1729677743140866647,7620734833127475976,24/03/2026 18:02:10,2,0,IDR,Sudah dibayar,544674.9
35658,1729677743140735575,7620734833127475976,24/03/2026 18:02:10,1,0,IDR,Sudah dibayar,272336.6
80854,1729677755464452695,7620734833127475976,24/03/2026 18:01:54,1,0,IDR,Sudah dibayar,209979.75
83234,1729677742104939095,7620734833127475976,24/03/2026 18:01:49,1,0,IDR,Sudah dibayar,299540.0
89344,1729677755464452695,7620734833127475976,24/03/2026 18:01:05,1,0,IDR,Sudah dibayar,208279.75
05260,1729677755464321623,7620734833127475976,24/03/2026 18:01:05,1,0,IDR,Sudah dibayar,209171.4
31768,1729677755464125015,7620734833127475976,24/03/2026 17:59:20,1,0,IDR,Sudah dibayar,227149.75
08379,1729677755464583767,7620734833127475976,24/03/2026 17:58:32,1,0,IDR,Sudah dibayar,227999.75
37813,1729677755464387159,7620734833127475976,24/03/2026 17:58:02,1,0,IDR,Sudah dibayar,208950.4
09299,1729677743140866647,7620734833127475976,24/03/2026 17:57:55,1,0,IDR,Sudah dibayar,290622.64999999997
79470,1729677743140997719,7620734833127475976,24/03/2026 17:57:34,1,0,IDR,Sudah dibayar,299540.0
50700,1729677755464780375,7620734833127475976,24/03/2026 17:57:07,1,0,IDR,Sudah dibayar,191959.75
62146,1729677755464583767,7620734833127475976,24/03/2026 17:55:49,1,0,IDR,Sudah dibayar,208279.75
66843,1730310850770470154,7620734833127475976,24/03/2026 17:55:44,1,0,IDR,Sudah dibayar,27815.399999999998
84396,1729677758275816023,7620734833127475976,24/03/2026 17:55:19,1,0,IDR,Sudah dibayar,227999.75
03018,1729677759600101975,7620734833127475976,24/03/2026 17:55:05,1,0,IDR,Sudah dibayar,209800.4
55520,1729677743140997719,7620734833127475976,24/03/2026 17:54:54,1,0,IDR,Sudah dibayar,193035.0
16279,1729677759600298583,7620734833127475976,24/03/2026 17:54:17,1,0,IDR,Sudah dibayar,209979.75
30303,1729677758275947095,7620734833127475976,24/03/2026 17:53:42,1,0,IDR,Sudah dibayar,220303.85
32177,1729677743140866647,7620734833127475976,24/03/2026 17:53:04,1,0,IDR,Sudah dibayar,258485.0
27360,1729677755464518231,7620734833127475976,24/03/2026 17:52:58,1,0,IDR,Sudah dibayar,221707.19999999998
84424,1729677758276143703,7620734833127475976,24/03/2026 17:51:35,1,0,IDR,Sudah dibayar,210885.0
60071,1729677755464452695,7614784661096615175,24/03/2026 17:51:30,1,0,IDR,Sudah dibayar,196251.4
24291,1729677743140670039,7620734833127475976,24/03/2026 17:51:09,1,0,IDR,Sudah dibayar,271745.0
57062,1729677743140932183,7620734833127475976,24/03/2026 17:50:37,1,0,IDR,Sudah dibayar,265285.0
16074,1729677755464518231,7620734833127475976,24/03/2026 17:49:56,1,0,IDR,Sudah dibayar,201976.15
33793,1729677755464452695,7620734833127475976,24/03/2026 17:49:27,1,0,IDR,Sudah dibayar,227149.75
72325,1729677755464518231,7620734833127475976,24/03/2026 17:48:53,1,0,IDR,Sudah dibayar,216864.75
43417,1729677743141063255,7620734833127475976,24/03/2026 17:48:38,1,0,IDR,Sudah dibayar,290445.0
24482,1729677759600101975,7620734833127475976,24/03/2026 17:48:34,1,0,IDR,Sudah dibayar,210829.75
47542,1729677743140997719,7620734833127475976,24/03/2026 17:47:50,1,0,IDR,Sudah dibayar,300390.0
64156,1729677746703665751,7620734833127475976,24/03/2026 17:45:43,1,0,IDR,Sudah dibayar,255595.0
81622,1729677755464583767,7620734833127475976,24/03/2026 17:42:32,1,0,IDR,Sudah dibayar,221153.85
80924,1729677746703469143,7620734833127475976,24/03/2026 17:41:48,1,0,IDR,Sudah dibayar,279861.64999999997
41786,1729677758275947095,7620734833127475976,24/03/2026 17:41:32,1,0,IDR,Sudah dibayar,204578.85
03701,1729677755464649303,7620734833127475976,24/03/2026 17:40:28,1,0,IDR,Sudah dibayar,210829.75
14800,1729677743140932183,7620734833127475976,24/03/2026 17:40:28,1,0,IDR,Sudah dibayar,283852.39999999997
80433,1729677758275816023,7620734833127475976,24/03/2026 17:40:18,1,0,IDR,Sudah dibayar,210829.75
57859,1729677743140866647,7620734833127475976,24/03/2026 17:38:37,1,0,IDR,Sudah dibayar,241054.05
83824,1729677758276209239,7620734833127475976,24/03/2026 17:38:20,1,0,IDR,Sudah dibayar,209979.75
64974,1729677759600495191,7620734833127475976,24/03/2026 17:38:00,1,0,IDR,Sudah dibayar,187179.35
64974,1729677743141063255,7620734833127475976,24/03/2026 17:38:00,1,0,IDR,Sudah dibayar,246880.8
13518,1729677743140932183,7620734833127475976,24/03/2026 17:37:47,1,0,IDR,Sudah dibayar,238790.5
90172,1729677755464583767,7620734833127475976,24/03/2026 17:36:42,1,0,IDR,Sudah dibayar,206001.75
77229,1730121322704766339,7494054609567125126,24/03/2026 17:34:37,1,0,IDR,Sudah dibayar,297942.0
76614,1729677746703403607,7620734833127475976,24/03/2026 17:34:18,1,0,IDR,Sudah dibayar,255799.0
25831,1730806636780750423,7620734833127475976,24/03/2026 17:33:58,1,0,IDR,Sudah dibayar,229326.6
62840,1729677755464452695,7620734833127475976,24/03/2026 17:33:30,1,0,IDR,Sudah dibayar,210829.75
50855,1729677755464583767,7620734833127475976,24/03/2026 17:32:33,1,0,IDR,Sudah dibayar,208913.0
72778,1729677743140866647,7620734833127475976,24/03/2026 17:32:14,1,0,IDR,Sudah dibayar,255850.0
74717,1729677743140997719,7620734833127475976,24/03/2026 17:31:26,1,0,IDR,Sudah dibayar,247408.65
77507,1729677755464583767,7620734833127475976,24/03/2026 17:29:25,1,0,IDR,Sudah dibayar,198088.25
41808,1729677758275750487,7620734833127475976,24/03/2026 17:28:44,1,0,IDR,Sudah dibayar,227999.75
03524,1729677758275947095,7620734833127475976,24/03/2026 17:28:04,1,0,IDR,Sudah dibayar,203728.85
78304,1729677755464714839,7620734833127475976,24/03/2026 17:27:22,1,0,IDR,Sudah dibayar,226214.75
58922,1729677755464649303,7620734833127475976,24/03/2026 17:27:06,1,0,IDR,Sudah dibayar,198485.19999999998
29172,1729677759600233047,7620734833127475976,24/03/2026 17:26:59,1,0,IDR,Sudah dibayar,220303.85
91341,1729677758276143703,7620734833127475976,24/03/2026 17:26:25,1,0,IDR,Sudah dibayar,227149.75
56275,1729677743140932183,7620734833127475976,24/03/2026 17:26:22,1,0,IDR,Sudah dibayar,296811.5
18398,1729677743141063255,7620734833127475976,24/03/2026 17:26:00,1,0,IDR,Sudah dibayar,248258.65
47026,1729677758276209239,7620734833127475976,24/03/2026 17:24:51,1,0,IDR,Sudah dibayar,189907.0
10286,1729677759600364119,7620734833127475976,24/03/2026 17:24:44,1,0,IDR,Sudah dibayar,203728.85
49857,1729677747184437847,7620734833127475976,24/03/2026 17:23:50,1,0,IDR,Sudah dibayar,300390.0
45142,1729677755464518231,7620734833127475976,24/03/2026 17:23:31,1,0,IDR,Sudah dibayar,189723.4
57191,1729677743140801111,7620734833127475976,24/03/2026 17:21:52,1,0,IDR,Sudah dibayar,304895.0
70813,1729677746703403607,7620734833127475976,24/03/2026 17:21:48,1,0,IDR,Sudah dibayar,224379.6
81303,1729677755464583767,7620734833127475976,24/03/2026 17:20:50,1,0,IDR,Sudah dibayar,202314.44999999998
66442,1729677758275947095,7620734833127475976,24/03/2026 17:20:43,1,0,IDR,Sudah dibayar,196041.44999999998
66442,1729677743140866647,7620734833127475976,24/03/2026 17:20:43,2,0,IDR,Sudah dibayar,517138.3
84088,1729677746703600215,7620734833127475976,24/03/2026 17:19:16,1,0,IDR,Sudah dibayar,258237.65
83379,1729677755464583767,7620734833127475976,24/03/2026 17:19:10,1,0,IDR,Sudah dibayar,210035.0
29105,1729677759600364119,7620734833127475976,24/03/2026 17:18:30,1,0,IDR,Sudah dibayar,267354.75
33482,1729677758276209239,7620734833127475976,24/03/2026 17:18:23,1,0,IDR,Sudah dibayar,210650.4
51922,1729677743140997719,7620734833127475976,24/03/2026 17:18:06,1,0,IDR,Sudah dibayar,273870.0
79784,1729677743140801111,7620734833127475976,24/03/2026 17:17:56,1,0,IDR,Sudah dibayar,262735.0
31589,1729677742104939095,7620734833127475976,24/03/2026 17:16:51,1,0,IDR,Sudah dibayar,265285.0
13909,1729677743140801111,7620734833127475976,24/03/2026 17:16:43,1,0,IDR,Sudah dibayar,258485.0
95735,1729677743140997719,7620734833127475976,24/03/2026 17:16:12,1,0,IDR,Sudah dibayar,229282.4
54094,1730806636781078103,7620734833127475976,24/03/2026 17:16:04,1,0,IDR,Sudah dibayar,221484.5
67320,1729677743141128791,7620734833127475976,24/03/2026 17:14:53,1,0,IDR,Sudah dibayar,300390.0
95536,1729677746703469143,7620734833127475976,24/03/2026 17:13:47,1,0,IDR,Sudah dibayar,241181.55
79308,1730706088342947415,7620734833127475976,24/03/2026 17:13:36,1,0,IDR,Sudah dibayar,460275.0
23115,1729677758276274775,7620734833127475976,24/03/2026 17:12:54,1,0,IDR,Sudah dibayar,181651.8
04769,1729677743140932183,7620734833127475976,24/03/2026 17:12:45,1,0,IDR,Sudah dibayar,248668.35
84277,1729677758276209239,7620734833127475976,24/03/2026 17:12:20,1,0,IDR,Sudah dibayar,187093.5
16001,1729677759600036439,7620734833127475976,24/03/2026 17:12:05,1,0,IDR,Sudah dibayar,188497.69999999998
35917,1734483831936681347,7620734833127475976,24/03/2026 17:12:04,1,0,IDR,Sudah dibayar,263840.0
29520,1729677758276078167,7620734833127475976,24/03/2026 17:11:59,1,0,IDR,Sudah dibayar,209979.75
27896,1729677758276143703,7620734833127475976,24/03/2026 17:11:52,1,0,IDR,Sudah dibayar,191908.75
66826,1729677747184437847,7620734833127475976,24/03/2026 17:11:43,1,0,IDR,Sudah dibayar,260410.25
66826,1729677746703469143,7620734833127475976,24/03/2026 17:11:43,1,0,IDR,Sudah dibayar,260411.1
66826,1729677746703338071,7620734833127475976,24/03/2026 17:11:43,1,0,IDR,Sudah dibayar,260410.25
66826,1729677743140866647,7620734833127475976,24/03/2026 17:11:43,2,0,IDR,Sudah dibayar,520820.5
66826,1729677742105070167,7620734833127475976,24/03/2026 17:11:43,1,0,IDR,Sudah dibayar,260410.25
66826,1729677742105004631,7620734833127475976,24/03/2026 17:11:43,1,0,IDR,Sudah dibayar,260410.25
66826,1729677742104873559,7620734833127475976,24/03/2026 17:11:43,1,0,IDR,Sudah dibayar,260410.25
66826,1729677742104808023,7620734833127475976,24/03/2026 17:11:43,1,0,IDR,Sudah dibayar,260410.25
21870,1729677742105004631,7620734833127475976,24/03/2026 17:11:34,1,0,IDR,Sudah dibayar,247408.65
26265,1729677743141063255,7620734833127475976,24/03/2026 17:10:51,1,0,IDR,Sudah dibayar,248638.6
23652,1729677758276274775,7620734833127475976,24/03/2026 17:10:28,1,0,IDR,Sudah dibayar,188497.69999999998
78989,1729677758275947095,7620734833127475976,24/03/2026 17:10:28,1,0,IDR,Sudah dibayar,182886.0
77906,1729677758276012631,7620734833127475976,24/03/2026 17:10:23,1,0,IDR,Sudah dibayar,182895.35
89362,1729677746703338071,7620734833127475976,24/03/2026 17:10:22,1,0,IDR,Sudah dibayar,236826.15
83697,1729677743140932183,7620734833127475976,24/03/2026 17:09:58,1,0,IDR,Sudah dibayar,257802.44999999998
73581,1729677746703665751,7618460083239783186,24/03/2026 17:09:51,1,0,IDR,Sudah dibayar,261545.0
73321,1729677743140997719,7620734833127475976,24/03/2026 17:09:13,1,0,IDR,Sudah dibayar,271159.35
35590,1729677743140866647,7494054609567125126,24/03/2026 17:07:59,1,0,IDR,Sudah dibayar,265285.0
12890,1729677743140670039,7620734833127475976,24/03/2026 17:07:54,1,0,IDR,Sudah dibayar,268770.0
09671,1729677742105004631,7620734833127475976,24/03/2026 17:07:34,1,0,IDR,Sudah dibayar,298095.0
78489,1729677746703534679,7620734833127475976,24/03/2026 17:07:18,1,0,IDR,Sudah dibayar,264869.35
04927,1729677743140997719,7620734833127475976,24/03/2026 17:06:40,1,0,IDR,Sudah dibayar,255799.0
71510,1729677743140997719,7620734833127475976,24/03/2026 17:06:00,1,0,IDR,Sudah dibayar,252980.4
34836,1729677743140670039,7620734833127475976,24/03/2026 17:05:07,1,0,IDR,Sudah dibayar,231990.5
36010,1729677759600233047,7620734833127475976,24/03/2026 17:04:23,1,0,IDR,Sudah dibayar,199660.75
36010,1729677758276012631,7620734833127475976,24/03/2026 17:04:23,1,0,IDR,Sudah dibayar,198954.4
36010,1729677758275947095,7620734833127475976,24/03/2026 17:04:23,1,0,IDR,Sudah dibayar,198954.4
36010,1729677742968834647,7620734833127475976,24/03/2026 17:04:23,1,0,IDR,Sudah dibayar,213010.0
36010,1729677742104939095,7620734833127475976,24/03/2026 17:04:23,1,0,IDR,Sudah dibayar,265362.35
36010,1729677742104873559,7620734833127475976,24/03/2026 17:04:23,1,0,IDR,Sudah dibayar,265362.35
00571,1729677743141063255,7620734833127475976,24/03/2026 17:04:05,1,0,IDR,Sudah dibayar,222649.0
07682,1729677755464583767,7620734833127475976,24/03/2026 17:03:12,1,0,IDR,Sudah dibayar,213379.75
36893,1730806636780881495,7620734833127475976,24/03/2026 17:03:07,1,0,IDR,Sudah dibayar,230176.6
26106,1729677755464452695,7620734833127475976,24/03/2026 17:02:32,1,0,IDR,Sudah dibayar,196039.75
91346,1729677743140866647,7620734833127475976,24/03/2026 17:01:56,1,0,IDR,Sudah dibayar,248200.0
37971,1729677755464452695,7620734833127475976,24/03/2026 17:01:34,1,0,IDR,Sudah dibayar,200944.25
48080,1729677755464452695,7620734833127475976,24/03/2026 17:01:05,1,0,IDR,Sudah dibayar,210829.75
23406,1729677743140866647,7620734833127475976,24/03/2026 17:00:47,1,0,IDR,Sudah dibayar,257670.69999999998
93512,1729677743140997719,7620734833127475976,24/03/2026 17:00:44,1,0,IDR,Sudah dibayar,254974.5
55229,1729677758276209239,7620734833127475976,24/03/2026 17:00:04,1,0,IDR,Sudah dibayar,194027.8
24721,1729677746703469143,7620734833127475976,24/03/2026 16:59:59,1,0,IDR,Sudah dibayar,248200.0
42279,1729677743140866647,7620734833127475976,24/03/2026 16:57:55,1,0,IDR,Sudah dibayar,255713.15
56208,1729677743140997719,7620734833127475976,24/03/2026 16:57:39,1,0,IDR,Sudah dibayar,255000.0
99109,1729677743140801111,7620734833127475976,24/03/2026 16:56:31,1,0,IDR,Sudah dibayar,259743.0
36743,1729677742968769111,7620734833127475976,24/03/2026 16:55:23,1,0,IDR,Sudah dibayar,226780.0
25049,1729677746703403607,7620734833127475976,24/03/2026 16:53:42,1,0,IDR,Sudah dibayar,260971.25
29145,1729677743140932183,7620734833127475976,24/03/2026 16:53:07,1,0,IDR,Sudah dibayar,248200.0
70904,1729677758276012631,7620734833127475976,24/03/2026 16:52:52,1,0,IDR,Sudah dibayar,227999.75
04285,1729677758276143703,7620734833127475976,24/03/2026 16:52:44,1,0,IDR,Sudah dibayar,203728.85
91895,1729677758275947095,7620734833127475976,24/03/2026 16:52:29,1,0,IDR,Sudah dibayar,211166.35
25898,1729677755464452695,7620734833127475976,24/03/2026 16:52:02,1,0,IDR,Sudah dibayar,219414.75
06193,1729677743141063255,7620734833127475976,24/03/2026 16:51:28,1,0,IDR,Sudah dibayar,244737.94999999998
73608,1729677747184503383,7620734833127475976,24/03/2026 16:50:26,1,0,IDR,Sudah dibayar,252450.0
24184,1729677743141063255,7620734833127475976,24/03/2026 16:49:08,1,0,IDR,Sudah dibayar,225793.15
30833,1729677743140866647,7618460083239783186,24/03/2026 16:48:42,1,0,IDR,Sudah dibayar,257387.65
49266,1729677758275947095,7620734833127475976,24/03/2026 16:48:35,1,0,IDR,Sudah dibayar,209979.75
12373,1729677743141063255,7620734833127475976,24/03/2026 16:47:32,1,0,IDR,Sudah dibayar,288405.0
30669,1729677759600298583,7620734833127475976,24/03/2026 16:46:49,1,0,IDR,Sudah dibayar,204061.19999999998
11282,1729677755464387159,7620734833127475976,24/03/2026 16:46:36,1,0,IDR,Sudah dibayar,199638.65
63968,1729677758276143703,7620734833127475976,24/03/2026 16:46:18,1,0,IDR,Sudah dibayar,225449.75
74963,1729677743140801111,7620734833127475976,24/03/2026 16:45:24,1,0,IDR,Sudah dibayar,300390.0
08281,1729677743141063255,7620734833127475976,24/03/2026 16:44:41,1,0,IDR,Sudah dibayar,273572.5
99675,1729677743140866647,7620734833127475976,24/03/2026 16:44:19,1,0,IDR,Sudah dibayar,265632.64999999997
16443,1729677755464649303,7620734833127475976,24/03/2026 16:43:37,1,0,IDR,Sudah dibayar,239683.85
85315,1729677758276078167,7620734833127475976,24/03/2026 16:43:31,1,0,IDR,Sudah dibayar,206278.85
44977,1729677743140932183,7620734833127475976,24/03/2026 16:40:59,1,0,IDR,Sudah dibayar,255000.0
77046,1729677734992906839,7620734833127475976,24/03/2026 16:40:32,1,0,IDR,Sudah dibayar,333585.89999999997
34580,1729677759600364119,7618460083239783186,24/03/2026 16:39:30,1,0,IDR,Sudah dibayar,199978.65
64146,1729677755464452695,7620734833127475976,24/03/2026 16:39:23,1,0,IDR,Sudah dibayar,220264.75
27647,1729677746703338071,7620734833127475976,24/03/2026 16:39:09,1,0,IDR,Sudah dibayar,253045.0
58013,1729677743140866647,7620734833127475976,24/03/2026 16:38:12,1,0,IDR,Sudah dibayar,256462.0
10892,1729677743140932183,7620734833127475976,24/03/2026 16:37:13,1,0,IDR,Sudah dibayar,248174.5
16055,1729677743140932183,7620734833127475976,24/03/2026 16:37:01,1,0,IDR,Sudah dibayar,257125.0
00815,1729677743140997719,7620734833127475976,24/03/2026 16:34:10,1,0,IDR,Sudah dibayar,255850.0
21669,1729677755464452695,7620734833127475976,24/03/2026 16:33:23,1,0,IDR,Sudah dibayar,191744.69999999998
93177,1729677758276143703,7620734833127475976,24/03/2026 16:33:17,1,0,IDR,Sudah dibayar,207050.65
92984,1729677755464583767,7620734833127475976,24/03/2026 16:31:51,1,0,IDR,Sudah dibayar,189566.15
54842,1730706088342881879,7620734833127475976,24/03/2026 16:31:33,1,0,IDR,Sudah dibayar,506549.0
72939,1729677755464452695,7620734833127475976,24/03/2026 16:30:44,1,0,IDR,Sudah dibayar,210829.75
44017,1729677743140932183,7620734833127475976,24/03/2026 16:28:42,1,0,IDR,Sudah dibayar,258399.15
42108,1729677743140997719,7620734833127475976,24/03/2026 16:28:05,1,0,IDR,Sudah dibayar,255850.0
23979,1730706106318620247,7620734833127475976,24/03/2026 16:26:51,1,0,IDR,Sudah dibayar,498855.64999999997
54947,1729677758276209239,7620734833127475976,24/03/2026 16:26:31,1,0,IDR,Sudah dibayar,179727.4
95434,1729677743140735575,7620734833127475976,24/03/2026 16:24:18,1,0,IDR,Sudah dibayar,255850.0
13156,1729677755464452695,7620734833127475976,24/03/2026 16:23:40,1,0,IDR,Sudah dibayar,210829.75
45671,1729677743140932183,7620734833127475976,24/03/2026 16:22:38,1,0,IDR,Sudah dibayar,265157.5
79554,1729677755464387159,7620734833127475976,24/03/2026 16:19:53,1,0,IDR,Sudah dibayar,209979.75
39026,1729677755464649303,7620734833127475976,24/03/2026 16:19:28,1,0,IDR,Sudah dibayar,212614.75
89234,1729677755464387159,7620734833127475976,24/03/2026 16:19:22,1,0,IDR,Sudah dibayar,200701.15
65292,1729677755464583767,7620734833127475976,24/03/2026 16:17:22,1,0,IDR,Sudah dibayar,207896.4
51624,1729677742105266775,7620734833127475976,24/03/2026 16:16:46,1,0,IDR,Sudah dibayar,248726.15
64924,1729677755464780375,7620734833127475976,24/03/2026 16:15:42,1,0,IDR,Sudah dibayar,183714.75
97676,1729677758276012631,7620734833127475976,24/03/2026 16:14:50,1,0,IDR,Sudah dibayar,203264.75
45253,1729677743140604503,7620734833127475976,24/03/2026 16:14:44,1,0,IDR,Sudah dibayar,255850.0
08418,1729677758276012631,7607910530862337288,24/03/2026 16:13:42,1,0,IDR,Sudah dibayar,227149.75
94427,1731927306072065623,7620734833127475976,24/03/2026 16:13:19,1,0,IDR,Sudah dibayar,472600.0
78670,1729677758276143703,7620734833127475976,24/03/2026 16:11:47,1,0,IDR,Sudah dibayar,203728.85
74500,1729677743141063255,7620734833127475976,24/03/2026 16:10:14,1,0,IDR,Sudah dibayar,255000.0
63403,1729677755464649303,7620734833127475976,24/03/2026 16:08:17,1,0,IDR,Sudah dibayar,209979.75
84364,1729677746703469143,7620734833127475976,24/03/2026 16:07:09,1,0,IDR,Sudah dibayar,247408.65
93287,1729677759600298583,7620734833127475976,24/03/2026 16:05:42,1,0,IDR,Sudah dibayar,205653.25
44806,1730310858187965706,7617976796063042836,24/03/2026 15:29:53,1,0,IDR,Sudah dibayar,27540.0
04677,1734483831936681347,7620685660399815432,24/03/2026 15:15:13,1,0,IDR,Sudah dibayar,249874.5
89195,1729561361792927319,7494054609567125126,24/03/2026 15:06:14,1,0,IDR,Sudah dibayar,393278.0
95814,1730706088342947415,7606401077101006098,24/03/2026 14:44:29,1,0,IDR,Sudah dibayar,508300.0
99998,1729768205592725079,7618460083239783186,24/03/2026 14:37:05,1,0,IDR,Sudah dibayar,331334.25
72065,1729677755464452695,7620685660399815432,24/03/2026 14:27:26,1,0,IDR,Sudah dibayar,338274.5
15935,1730706106318751319,7620685660399815432,24/03/2026 14:16:59,1,0,IDR,Sudah dibayar,493637.5
15935,1730706088342685271,7620685660399815432,24/03/2026 14:16:59,1,0,IDR,Sudah dibayar,493637.5
28693,1734650508941493635,7620685660399815432,24/03/2026 14:00:03,1,0,IDR,Sudah dibayar,247681.5
66795,1729677755464518231,7609440172182146312,24/03/2026 13:52:17,1,0,IDR,Sudah dibayar,346800.0
05743,1729677734993234519,7620685660399815432,24/03/2026 13:36:12,1,0,IDR,Sudah dibayar,334038.95
82215,1734650508941559171,7620685660399815432,24/03/2026 13:28:17,1,0,IDR,Sudah dibayar,262899.89999999997
17160,1734650508941493635,7620685660399815432,24/03/2026 13:14:12,1,0,IDR,Sudah dibayar,258740.0
22513,1730706088343012951,7620685660399815432,24/03/2026 13:12:55,1,0,IDR,Sudah dibayar,511275.0
51473,1734483831936943491,7618460083239783186,24/03/2026 13:10:22,1,0,IDR,Sudah dibayar,255255.0
88561,1729677759600429655,7620685660399815432,24/03/2026 13:10:02,1,0,IDR,Sudah dibayar,305830.0
40631,1731079464715912579,7620685660399815432,24/03/2026 13:02:51,1,0,IDR,Sudah dibayar,486625.0
28651,1731622713472681559,7620685660399815432,24/03/2026 12:45:23,1,0,IDR,Sudah dibayar,476187.85
42245,1729677758275816023,7620685660399815432,24/03/2026 12:40:59,1,0,IDR,Sudah dibayar,309995.0
38967,1734650508941493635,7494054609567125126,24/03/2026 12:23:51,1,0,IDR,Sudah dibayar,290895.5
26921,1730706088342816343,7620403788469422866,24/03/2026 11:48:08,1,0,IDR,Sudah dibayar,491045.0
59608,1730706088342881879,7620271062595128071,24/03/2026 11:41:29,1,0,IDR,Sudah dibayar,519775.0
10340,1730706088342685271,7620637729051921170,24/03/2026 11:39:15,1,0,IDR,Sudah dibayar,460275.0
12225,1734650508941428099,7620637729051921170,24/03/2026 10:41:56,1,0,IDR,Sudah dibayar,225555.15
05598,1729699503707687155,7494054609567125126,24/03/2026 10:20:03,1,0,IDR,Sudah dibayar,151547.35
62680,1730706088342947415,7620637729051921170,24/03/2026 10:18:31,1,0,IDR,Sudah dibayar,476357.0
90407,1731927306071737943,7620637729051921170,24/03/2026 09:58:47,1,0,IDR,Sudah dibayar,450279.0
33031,1729677742968834647,7494054609567125126,24/03/2026 08:44:58,1,0,IDR,Sudah dibayar,324105.0
01416,1731927306071803479,7494054609567125126,24/03/2026 08:41:00,1,0,IDR,Sudah dibayar,494445.0
30406,1731079464715912579,7494054609567125126,24/03/2026 08:22:41,1,0,IDR,Sudah dibayar,501075.0
75645,1730174772503021143,7515354673247702278,24/03/2026 08:12:31,1,0,IDR,Sudah dibayar,481533.5
97374,1729677743141063255,7494054609567125126,24/03/2026 08:03:35,1,0,IDR,Sudah dibayar,431800.0
38193,1731927306071869015,7609907208024804626,24/03/2026 07:50:48,1,0,IDR,Sudah dibayar,488563.0
93099,1731927306072000087,7494054609567125126,24/03/2026 07:24:13,1,0,IDR,Sudah dibayar,498543.7
40718,1729561361792992855,7494054609567125126,24/03/2026 07:11:51,1,0,IDR,Sudah dibayar,511453.5
43326,1730793833131443799,7620530266146228999,24/03/2026 02:26:52,1,0,IDR,Sudah dibayar,335182.2
73204,1733108638778164611,7620476525867944711,24/03/2026 01:37:43,1,0,IDR,Sudah dibayar,40800.0
94857,1729677755464518231,7618460083239783186,24/03/2026 01:16:37,1,0,IDR,Sudah dibayar,301288.45
86676,1731308689765401987,7620476525867944711,24/03/2026 00:46:44,1,0,IDR,Sudah dibayar,414217.75
72964,1729677742968834647,7618460083239783186,24/03/2026 00:22:14,1,0,IDR,Sudah dibayar,318962.5
72964,1729677742968769111,7618460083239783186,24/03/2026 00:22:14,1,0,IDR,Sudah dibayar,318962.5
05882,1731308725958116739,7620476525867944711,24/03/2026 00:19:09,1,0,IDR,Sudah dibayar,485000.64999999997
16190,1731927306072131159,7620476525867944711,24/03/2026 00:16:24,1,0,IDR,Sudah dibayar,464100.0
29458,1729677755464518231,7620476525867944711,23/03/2026 23:40:18,1,0,IDR,Sudah dibayar,279582.0
09371,1730706106318620247,7620476525867944711,23/03/2026 23:00:29,1,0,IDR,Sudah dibayar,465882.45
70947,1730174772502955607,7620476525867944711,23/03/2026 22:56:01,1,0,IDR,Sudah dibayar,426275.0
65461,1730706088342750807,7620476525867944711,23/03/2026 22:52:59,1,0,IDR,Sudah dibayar,492150.0
33813,1730651001345574487,7607856595422285063,23/03/2026 22:07:27,1,0,IDR,Sudah dibayar,438428.3
26121,1730706106318751319,7620403788469422866,23/03/2026 21:54:06,1,0,IDR,Sudah dibayar,546975.0
75358,1730706107472053847,7494054609567125126,23/03/2026 21:37:36,1,0,IDR,Sudah dibayar,479961.0
40205,1730174772503348823,7620403788469422866,23/03/2026 21:25:14,1,0,IDR,Sudah dibayar,450279.0
70685,1730310850770470154,7620403788469422866,23/03/2026 21:07:26,1,0,IDR,Sudah dibayar,37457.799999999996
39216,1730706107471922775,7610183252741197064,23/03/2026 20:58:43,1,0,IDR,Sudah dibayar,491725.0
58997,1729677746703534679,7620403788469422866,23/03/2026 20:53:30,1,0,IDR,Sudah dibayar,403682.0
39022,1730706088342881879,7608251266038221575,23/03/2026 20:30:12,1,0,IDR,Sudah dibayar,506248.1
37403,1730706107472119383,7620403788469422866,23/03/2026 20:26:09,1,0,IDR,Sudah dibayar,538475.0
88700,1730174772502758999,7617054904829414663,23/03/2026 20:26:02,1,0,IDR,Sudah dibayar,498950.0
92299,1731927306072000087,7620403788469422866,23/03/2026 20:13:27,1,0,IDR,Sudah dibayar,511275.0
97472,1730706088342750807,7620403788469422866,23/03/2026 20:12:31,1,0,IDR,Sudah dibayar,468850.64999999997
51278,1730806636780881495,7620403788469422866,23/03/2026 20:08:29,1,0,IDR,Sudah dibayar,317459.7
23471,1731927306072000087,7591462508284660999,23/03/2026 19:55:52,1,0,IDR,Sudah dibayar,512261.0
94964,1730651001345508951,7494054609567125126,23/03/2026 19:53:21,1,0,IDR,Sudah dibayar,477142.39999999997
21043,1729677746703338071,7620403788469422866,23/03/2026 19:50:51,1,0,IDR,Sudah dibayar,431188.0
07862,1729677759600364119,7620403788469422866,23/03/2026 19:41:22,1,0,IDR,Sudah dibayar,327135.25
90573,1730706088342881879,7617194586393529608,23/03/2026 19:34:39,1,0,IDR,Sudah dibayar,480199.0
28794,1730706088342947415,7620403788469422866,23/03/2026 19:27:06,1,0,IDR,Sudah dibayar,520625.0
16732,1730868728727897687,7605320502902639890,23/03/2026 19:19:56,1,0,IDR,Sudah dibayar,558875.0
32419,1731079464714536323,7620403788469422866,23/03/2026 18:45:20,1,0,IDR,Sudah dibayar,495153.05
92969,1734650508941428099,7618460083239783186,23/03/2026 18:23:30,1,0,IDR,Sudah dibayar,285595.75
34077,1729561361937368663,7618460083239783186,23/03/2026 18:21:12,1,0,IDR,Sudah dibayar,429964.0
46847,1731927306072196695,7620403788469422866,23/03/2026 18:15:10,1,0,IDR,Sudah dibayar,486625.0
56929,1730706088342685271,7494054609567125126,23/03/2026 17:02:51,1,0,IDR,Sudah dibayar,520818.8
56135,1730706107471922775,7599142073886936328,23/03/2026 16:59:47,1,0,IDR,Sudah dibayar,501891.0
24491,1729677758275947095,7494054609567125126,23/03/2026 16:30:14,1,0,IDR,Sudah dibayar,331468.55
85813,1731927306071934551,7620271062595128071,23/03/2026 15:21:25,1,0,IDR,Sudah dibayar,529125.0
92240,1731308689765205379,7620271062595128071,23/03/2026 14:32:50,1,0,IDR,Sudah dibayar,512524.5
55526,1730174772820084311,7620271062595128071,23/03/2026 14:23:04,1,0,IDR,Sudah dibayar,484483.0
23708,1731308689765139843,7620271062595128071,23/03/2026 13:52:41,1,0,IDR,Sudah dibayar,460576.75
20036,1730651001345640023,7620271062595128071,23/03/2026 13:24:02,1,0,IDR,Sudah dibayar,427099.5
86887,1730651001345705559,7620271062595128071,23/03/2026 13:23:47,1,0,IDR,Sudah dibayar,522862.2
29542,1730706106318751319,7620271062595128071,23/03/2026 13:20:58,1,0,IDR,Sudah dibayar,461125.0
55129,1730706106318620247,7620271062595128071,23/03/2026 13:02:04,1,0,IDR,Sudah dibayar,473152.5
65540,1730310850770470154,7617976796063042836,23/03/2026 12:35:39,1,0,IDR,Sudah dibayar,18165.35
38859,1730174772502824535,7494054609567125126,23/03/2026 12:18:48,1,0,IDR,Sudah dibayar,431604.5
38859,1729677759600364119,7494054609567125126,23/03/2026 12:18:48,1,0,IDR,Sudah dibayar,294400.05
90561,1730706107471922775,7620271062595128071,23/03/2026 12:10:47,1,0,IDR,Sudah dibayar,449977.25
20811,1730706088342947415,7494054609567125126,23/03/2026 12:09:39,1,0,IDR,Sudah dibayar,460336.2
20811,1730706088342881879,7494054609567125126,23/03/2026 12:09:39,1,0,IDR,Sudah dibayar,460336.2
20811,1730706088342816343,7494054609567125126,23/03/2026 12:09:39,1,0,IDR,Sudah dibayar,460336.2
20811,1730706088342685271,7494054609567125126,23/03/2026 12:09:39,1,0,IDR,Sudah dibayar,460336.2
61103,1730706107471922775,7619947460148562696,23/03/2026 12:02:45,1,0,IDR,Sudah dibayar,501075.0
74607,1731622765730039383,7620271062595128071,23/03/2026 11:53:09,1,0,IDR,Sudah dibayar,440691.0
21219,1734483831936681347,7620271062595128071,23/03/2026 11:49:38,1,0,IDR,Sudah dibayar,298315.14999999997
27047,1730706088342816343,7620271062595128071,23/03/2026 11:42:41,1,0,IDR,Sudah dibayar,545275.0
93554,1731308689765401987,7620271062595128071,23/03/2026 11:34:08,1,0,IDR,Sudah dibayar,464019.25
11855,1732072010571679304,7620271062595128071,23/03/2026 11:03:45,1,0,IDR,Sudah dibayar,50226.5
89817,1730651001345443415,7620271062595128071,23/03/2026 10:57:09,1,0,IDR,Sudah dibayar,511275.0
28529,1729677758276078167,7620271062595128071,23/03/2026 10:55:34,1,0,IDR,Sudah dibayar,279582.0
20268,1730706088342685271,7592751379437997319,23/03/2026 10:49:32,1,0,IDR,Sudah dibayar,456773.0
42755,1729677746703534679,7619347622049893127,23/03/2026 10:35:59,1,0,IDR,Sudah dibayar,395801.64999999997
69188,1731927306072262231,7620271062595128071,23/03/2026 10:23:55,1,0,IDR,Sudah dibayar,420631.0
09469,1731927306072000087,7620271062595128071,23/03/2026 10:20:08,1,0,IDR,Sudah dibayar,392411.0
40699,1730706106318685783,7616219031900572946,23/03/2026 10:19:56,1,0,IDR,Sudah dibayar,480199.0
49237,1730174743203972695,7620271062595128071,23/03/2026 10:19:11,1,0,IDR,Sudah dibayar,427125.0
14421,1730706088343012951,7619947460148562696,23/03/2026 10:06:43,1,0,IDR,Sudah dibayar,534276.85
61208,1731622765729973847,7494054609567125126,23/03/2026 10:05:01,1,0,IDR,Sudah dibayar,500174.0
32369,1731927306071737943,7620271062595128071,23/03/2026 09:51:01,1,0,IDR,Sudah dibayar,419781.0
32759,1731308689765401987,7620271062595128071,23/03/2026 09:45:34,1,0,IDR,Sudah dibayar,474802.35
18050,1730706106318620247,7599142073886936328,23/03/2026 09:24:16,1,0,IDR,Sudah dibayar,494989.0
36958,1729677736927005271,7618460083239783186,23/03/2026 07:20:27,1,0,IDR,Sudah dibayar,471123.55
03556,1730868728727897687,7494054609567125126,23/03/2026 01:41:57,1,0,IDR,Sudah dibayar,594575.0
14365,1731308689765336451,7494054609567125126,22/03/2026 22:53:18,1,0,IDR,Sudah dibayar,484245.85
51222,1730706107471922775,7610183252741197064,22/03/2026 22:04:40,1,0,IDR,Sudah dibayar,476239.7
22318,1730706088342816343,7617390839886695175,22/03/2026 19:58:18,1,0,IDR,Sudah dibayar,533375.0
09748,1730706088342947415,7616219031900572946,22/03/2026 19:48:21,1,0,IDR,Sudah dibayar,480199.0
97977,1734439118025688663,7494054609567125126,22/03/2026 18:48:09,1,0,IDR,Sudah dibayar,483344.0
31223,1734650508941493635,7618460083239783186,22/03/2026 18:34:36,1,0,IDR,Sudah dibayar,243678.0
31262,1730651001345705559,7620016593761733384,22/03/2026 18:28:04,1,0,IDR,Sudah dibayar,411167.95
02310,1731622713472550487,7620016593761733384,22/03/2026 17:59:49,1,0,IDR,Sudah dibayar,477234.2
02310,1731599579957462615,7620016593761733384,22/03/2026 17:59:49,1,0,IDR,Sudah dibayar,305190.8
88177,1731308725958182275,7618460083239783186,22/03/2026 17:54:10,1,0,IDR,Sudah dibayar,453738.5
72639,1731308689765270915,7620016593761733384,22/03/2026 17:40:03,1,0,IDR,Sudah dibayar,469599.5
37235,1729677734993300055,7620016593761733384,22/03/2026 17:39:21,1,0,IDR,Sudah dibayar,311403.45
35459,1734483831936681347,7620016593761733384,22/03/2026 17:38:02,1,0,IDR,Sudah dibayar,278358.0
84494,1731927306072065623,7615972524102290695,22/03/2026 17:27:23,1,0,IDR,Sudah dibayar,426275.0
48435,1731079464714536323,7620016593761733384,22/03/2026 17:25:55,1,0,IDR,Sudah dibayar,444125.0
84509,1730706088342947415,7620016593761733384,22/03/2026 17:23:17,1,0,IDR,Sudah dibayar,460275.0
13943,1729677759600101975,7620016593761733384,22/03/2026 17:22:33,1,0,IDR,Sudah dibayar,280973.45
07697,1730706088342685271,7620016593761733384,22/03/2026 17:18:55,1,0,IDR,Sudah dibayar,452344.5
79803,1731308689765270915,7620016593761733384,22/03/2026 17:18:30,1,0,IDR,Sudah dibayar,460551.25
74929,1731308725957920131,7620016593761733384,22/03/2026 17:17:30,1,0,IDR,Sudah dibayar,459425.0
21483,1734650508941493635,7620016593761733384,22/03/2026 17:14:24,1,0,IDR,Sudah dibayar,250988.0
79066,1730651001345771095,7620016593761733384,22/03/2026 17:13:58,1,0,IDR,Sudah dibayar,413576.0
76774,1731308725957854595,7620016593761733384,22/03/2026 17:10:33,1,0,IDR,Sudah dibayar,465736.25
87969,1731622713473074775,7620016593761733384,22/03/2026 17:09:01,1,0,IDR,Sudah dibayar,447950.0
15498,1731079464714798467,7620016593761733384,22/03/2026 17:08:04,1,0,IDR,Sudah dibayar,380728.6
79836,1731622713472812631,7620016593761733384,22/03/2026 17:04:32,1,0,IDR,Sudah dibayar,461125.0
29150,1730706088342750807,7606401077101006098,22/03/2026 16:57:26,1,0,IDR,Sudah dibayar,501075.0
53299,1734650508941493635,7494054609567125126,22/03/2026 16:12:47,1,0,IDR,Sudah dibayar,257890.0
17932,1730310850770470154,7617976796063042836,22/03/2026 15:48:59,1,0,IDR,Sudah dibayar,29130.35
51194,1730174743203907159,7619947460148562696,22/03/2026 15:13:17,1,0,IDR,Sudah dibayar,424804.5
41303,1734483831936943491,7618979092550142738,22/03/2026 15:04:14,1,0,IDR,Sudah dibayar,329800.0
67129,1730136533760574851,7619947460148562696,22/03/2026 15:00:51,1,0,IDR,Sudah dibayar,314588.39999999997
74275,1731298756262069635,7619947460148562696,22/03/2026 14:59:07,1,0,IDR,Sudah dibayar,195346.15
10411,1731927306071869015,7619947460148562696,22/03/2026 14:57:45,1,0,IDR,Sudah dibayar,419475.0
01241,1731927306071934551,7619947460148562696,22/03/2026 14:54:47,1,0,IDR,Sudah dibayar,424696.55
40960,1731308725957985667,7619947460148562696,22/03/2026 14:53:36,1,0,IDR,Sudah dibayar,460249.5
97253,1731927306072000087,7619947460148562696,22/03/2026 14:53:22,1,0,IDR,Sudah dibayar,426275.0
44595,1734650508941493635,7619947460148562696,22/03/2026 14:46:51,1,0,IDR,Sudah dibayar,248174.5
34924,1730651001345705559,7619947460148562696,22/03/2026 14:42:41,1,0,IDR,Sudah dibayar,448375.0
27572,1730706088343012951,7619947460148562696,22/03/2026 14:31:52,1,0,IDR,Sudah dibayar,460275.0
45757,1730651001345771095,7619947460148562696,22/03/2026 14:29:10,1,0,IDR,Sudah dibayar,493901.0
10243,1729677743140932183,7619947460148562696,22/03/2026 14:28:53,1,0,IDR,Sudah dibayar,455900.05
29517,1729677761805191767,7619947460148562696,22/03/2026 14:28:51,1,0,IDR,Sudah dibayar,289881.45
52968,1729677734993234519,7619947460148562696,22/03/2026 14:21:58,1,0,IDR,Sudah dibayar,315653.45
89297,1731079464714798467,7619947460148562696,22/03/2026 14:21:33,1,0,IDR,Sudah dibayar,430512.25
53817,1731308689765270915,7619947460148562696,22/03/2026 14:18:49,1,0,IDR,Sudah dibayar,469480.5
14116,1729677755464387159,7619947460148562696,22/03/2026 14:18:20,1,0,IDR,Sudah dibayar,292193.45
23943,1730651001345705559,7494054609567125126,22/03/2026 14:15:06,1,0,IDR,Sudah dibayar,426275.0
65099,1731927306071869015,7619947460148562696,22/03/2026 14:10:49,1,0,IDR,Sudah dibayar,426275.0
29994,1730174772819887703,7619947460148562696,22/03/2026 14:07:36,1,0,IDR,Sudah dibayar,392411.0
72604,1731967978191095171,7619947460148562696,22/03/2026 14:05:24,1,0,IDR,Sudah dibayar,350901.25
96637,1729677755464583767,7619947460148562696,22/03/2026 14:00:23,1,0,IDR,Sudah dibayar,282333.45
08373,1730706106318751319,7619947460148562696,22/03/2026 13:56:04,1,0,IDR,Sudah dibayar,460275.0
84277,1730174772819822167,7619947460148562696,22/03/2026 13:55:18,1,0,IDR,Sudah dibayar,419642.45
17915,1731363766937945687,7494054609567125126,22/03/2026 13:51:37,1,0,IDR,Sudah dibayar,682040.0
61494,1731927306072065623,7619947460148562696,22/03/2026 13:43:23,1,0,IDR,Sudah dibayar,434893.14999999997
63267,1731079464715388291,7619947460148562696,22/03/2026 13:41:05,1,0,IDR,Sudah dibayar,425425.0
14837,1730174743203579479,7619947460148562696,22/03/2026 13:40:06,1,0,IDR,Sudah dibayar,415225.0
58433,1731927306072000087,7619947460148562696,22/03/2026 13:38:26,1,0,IDR,Sudah dibayar,428400.0
18750,1729677743140866647,7619947460148562696,22/03/2026 13:35:10,1,0,IDR,Sudah dibayar,373073.5
56565,1734483831936681347,7619947460148562696,22/03/2026 13:32:45,1,0,IDR,Sudah dibayar,246219.5
50045,1731308689765336451,7619947460148562696,22/03/2026 13:31:46,1,0,IDR,Sudah dibayar,479825.0
46512,1731927306072000087,7619947460148562696,22/03/2026 13:29:47,1,0,IDR,Sudah dibayar,426275.0
41399,1731622713472878167,7619947460148562696,22/03/2026 13:23:58,1,0,IDR,Sudah dibayar,460275.0
54647,1734650508941428099,7619947460148562696,22/03/2026 13:21:13,1,0,IDR,Sudah dibayar,249024.5
69573,1731308689765139843,7619947460148562696,22/03/2026 13:15:54,1,0,IDR,Sudah dibayar,459425.0
02536,1731927306072000087,7619947460148562696,22/03/2026 13:15:44,1,0,IDR,Sudah dibayar,416976.0
74225,1731622765730235991,7619947460148562696,22/03/2026 13:09:54,1,0,IDR,Sudah dibayar,460275.0
52327,1731308689765467523,7619947460148562696,22/03/2026 13:09:49,1,0,IDR,Sudah dibayar,453717.25
17137,1731967978191029635,7619947460148562696,22/03/2026 13:08:57,1,0,IDR,Sudah dibayar,338110.45
31904,1734650508941428099,7619947460148562696,22/03/2026 13:08:29,1,0,IDR,Sudah dibayar,241264.0
35186,1731622713472878167,7619947460148562696,22/03/2026 13:05:50,1,0,IDR,Sudah dibayar,472260.0
61407,1734483831937205635,7619947460148562696,22/03/2026 12:58:10,1,0,IDR,Sudah dibayar,278094.5
03063,1729677759600233047,7619947460148562696,22/03/2026 12:57:51,1,0,IDR,Sudah dibayar,281993.45
96379,1730706088342947415,7619947460148562696,22/03/2026 12:56:49,1,0,IDR,Sudah dibayar,482341.0
42347,1730706107471922775,7619947460148562696,22/03/2026 12:54:49,1,0,IDR,Sudah dibayar,460275.0
82738,1733552718079034967,7619947460148562696,22/03/2026 12:51:34,1,0,IDR,Sudah dibayar,268804.0
87439,1734483831937205635,7619947460148562696,22/03/2026 12:49:29,1,0,IDR,Sudah dibayar,249024.5
87044,1731927306072000087,7494054609567125126,22/03/2026 12:48:42,1,0,IDR,Sudah dibayar,500650.0
08209,1730149094126093896,7619947460148562696,22/03/2026 12:43:48,1,0,IDR,Sudah dibayar,63410.0
26075,1734650508941559171,7619947460148562696,22/03/2026 12:40:07,1,0,IDR,Sudah dibayar,237889.5
30186,1731927306072131159,7619947460148562696,22/03/2026 12:37:04,1,0,IDR,Sudah dibayar,429250.0
85603,1731927306072065623,7619947460148562696,22/03/2026 12:32:03,1,0,IDR,Sudah dibayar,428378.75
13825,1730310850770470154,7617976796063042836,22/03/2026 11:46:03,1,0,IDR,Sudah dibayar,28842.2
53828,1729677755464583767,7609440172182146312,22/03/2026 11:27:03,1,0,IDR,Sudah dibayar,286355.64999999997
57010,1731622713472681559,7603317560594943250,22/03/2026 10:26:49,1,0,IDR,Sudah dibayar,452251.85
67274,1731599579957659223,7618460083239783186,22/03/2026 03:16:18,1,0,IDR,Sudah dibayar,326190.89999999997
94954,1734483831936681347,7618460083239783186,22/03/2026 00:42:15,1,0,IDR,Sudah dibayar,234081.5
19370,1729677742104939095,7611356441324833543,22/03/2026 00:09:55,1,0,IDR,Sudah dibayar,406725.0
46434,1731927306072131159,7609298936339254535,21/03/2026 21:18:11,1,0,IDR,Sudah dibayar,486876.6
46475,1731927306072131159,7615972524102290695,21/03/2026 21:11:39,1,0,IDR,Sudah dibayar,489600.0
81402,1730706106318685783,7494054609567125126,21/03/2026 20:47:33,1,0,IDR,Sudah dibayar,535075.0
60875,1730706107471988311,7605320979937545490,21/03/2026 18:52:18,1,0,IDR,Sudah dibayar,502741.0
16727,1729677746703403607,7494054609567125126,21/03/2026 18:48:08,1,0,IDR,Sudah dibayar,410193.0
83361,1734133394288772967,7618460083239783186,21/03/2026 18:30:31,1,0,IDR,Sudah dibayar,745161.0
58264,1729677759600495191,7601985587653905682,21/03/2026 17:19:57,1,0,IDR,Sudah dibayar,304895.0
36536,1731304172234442115,7618178607248067336,21/03/2026 16:14:40,1,0,IDR,Sudah dibayar,464877.75
82828,1734650508941493635,7618460083239783186,21/03/2026 16:12:30,1,0,IDR,Sudah dibayar,237094.75
07681,1731927306072131159,7615575155061918994,21/03/2026 14:40:27,1,0,IDR,Sudah dibayar,477275.0
61516,1730706088342947415,7619347622049893127,21/03/2026 13:59:18,1,0,IDR,Sudah dibayar,542725.0
02038,1730706106318751319,7609374889253883154,21/03/2026 12:55:35,1,0,IDR,Sudah dibayar,502208.05
91369,1730706107471922775,7615307182589872903,21/03/2026 08:08:02,1,0,IDR,Sudah dibayar,465882.45
00029,1729677759600364119,7609299380075597064,21/03/2026 06:20:10,1,0,IDR,Sudah dibayar,322373.55
94948,1730868728727701079,7610298023435963656,21/03/2026 05:29:50,1,0,IDR,Sudah dibayar,549899.0
47432,1730706107471922775,7494054609567125126,21/03/2026 01:42:47,1,0,IDR,Sudah dibayar,507229.0
14757,1731927306072065623,7619347622049893127,20/03/2026 23:00:42,1,0,IDR,Sudah dibayar,426275.0
72681,1730706106318685783,7619347622049893127,20/03/2026 23:00:31,1,0,IDR,Sudah dibayar,460249.5
59894,1730706088342947415,7619347622049893127,20/03/2026 22:58:25,1,0,IDR,Sudah dibayar,476425.0
75325,1729677758326999639,7619347622049893127,20/03/2026 22:55:28,1,0,IDR,Sudah dibayar,290068.45
03209,1734483831936943491,7619347622049893127,20/03/2026 22:53:00,1,0,IDR,Sudah dibayar,247928.0
33969,1731418659331999107,7619347622049893127,20/03/2026 22:43:00,1,0,IDR,Sudah dibayar,156204.5
07667,1730706106318685783,7619347622049893127,20/03/2026 22:39:58,1,0,IDR,Sudah dibayar,438324.6
79802,1729677755464518231,7619347622049893127,20/03/2026 22:37:42,1,0,IDR,Sudah dibayar,321688.45
04507,1729677755464387159,7619347622049893127,20/03/2026 22:34:35,1,0,IDR,Sudah dibayar,272022.95
51395,1731308725958182275,7619347622049893127,20/03/2026 22:17:43,1,0,IDR,Sudah dibayar,447406.0
16909,1730706088342947415,7619347622049893127,20/03/2026 22:17:06,1,0,IDR,Sudah dibayar,449199.5
09372,1731622765730301527,7619347622049893127,20/03/2026 22:16:47,1,0,IDR,Sudah dibayar,460275.0
57429,1730706088342816343,7619347622049893127,20/03/2026 22:16:33,1,0,IDR,Sudah dibayar,436186.0
02061,1730174772820018775,7619347622049893127,20/03/2026 22:15:44,1,0,IDR,Sudah dibayar,405956.6
02075,1730706107471922775,7619347622049893127,20/03/2026 22:08:30,1,0,IDR,Sudah dibayar,460275.0
06389,1731996015553709443,7619347622049893127,20/03/2026 22:03:19,1,0,IDR,Sudah dibayar,457021.2
44260,1733706003728008653,7619347622049893127,20/03/2026 21:59:40,1,0,IDR,Sudah dibayar,145265.0
48461,1730706088342685271,7592751379437997319,20/03/2026 18:00:59,1,0,IDR,Sudah dibayar,480199.0
39832,1730706088342881879,7606401077101006098,20/03/2026 17:29:04,1,0,IDR,Sudah dibayar,492089.64999999997
83475,1733193079876650583,7618017343180507911,20/03/2026 17:23:49,1,0,IDR,Sudah dibayar,1270912.3499999999
83475,1731622765730104919,7618017343180507911,20/03/2026 17:23:49,1,0,IDR,Sudah dibayar,456195.85
52002,1731079464715322755,7618979092550142738,20/03/2026 17:11:54,1,0,IDR,Sudah dibayar,429679.25
53829,1730310858187965706,7617976796063042836,20/03/2026 17:10:32,1,0,IDR,Sudah dibayar,30558.35
00760,1730706088342816343,7618460083239783186,20/03/2026 16:58:57,1,0,IDR,Sudah dibayar,532844.6
24896,1730706088342947415,7610532434949442834,20/03/2026 15:27:58,1,0,IDR,Sudah dibayar,481049.0
71752,1733814102157788759,7618460083239783186,20/03/2026 15:22:09,1,0,IDR,Sudah dibayar,507915.8
30120,1731622713472550487,7515354673247702278,20/03/2026 11:45:27,1,0,IDR,Sudah dibayar,537693.0
78759,1730174772819560023,7610850356491930375,20/03/2026 10:19:53,1,0,IDR,Sudah dibayar,484557.8
65750,1730174743203907159,7494054609567125126,20/03/2026 09:52:02,1,0,IDR,Sudah dibayar,490055.6
10269,1730706088342816343,7494054609567125126,20/03/2026 07:12:27,1,0,IDR,Sudah dibayar,451975.6
51181,1729677758276078167,7618979092550142738,20/03/2026 02:04:14,1,0,IDR,Sudah dibayar,286721.14999999997
40454,1734483831936681347,7618979092550142738,20/03/2026 01:36:17,1,0,IDR,Sudah dibayar,245471.5
93375,1731308725957920131,7618979092550142738,20/03/2026 01:33:28,1,0,IDR,Sudah dibayar,428522.39999999997
26759,1729561361793189463,7618979092550142738,20/03/2026 01:30:48,1,0,IDR,Sudah dibayar,377996.7
47308,1734650508941428099,7618979092550142738,20/03/2026 01:11:45,1,0,IDR,Sudah dibayar,228235.19999999998
00565,1731967978191095171,7618979092550142738,20/03/2026 00:43:35,1,0,IDR,Sudah dibayar,345557.3
50970,1729677736926939735,7618979092550142738,20/03/2026 00:42:06,1,0,IDR,Sudah dibayar,400153.64999999997
18390,1730706088342947415,7494054609567125126,19/03/2026 23:51:52,1,0,IDR,Sudah dibayar,460275.0
40113,1734650508941493635,7494054609567125126,19/03/2026 23:38:14,1,0,IDR,Sudah dibayar,285795.5
01775,1730706106318751319,7618086307029486344,19/03/2026 18:41:08,1,0,IDR,Sudah dibayar,411070.2
76052,1730806636781143639,7618460083239783186,19/03/2026 16:00:25,1,0,IDR,Sudah dibayar,342095.25
27606,1730706088342750807,7618460083239783186,19/03/2026 14:52:23,1,0,IDR,Sudah dibayar,446556.0
84918,1734418658207827815,7618460083239783186,19/03/2026 14:48:52,1,0,IDR,Sudah dibayar,575795.95
66236,1729677758327130711,7618460083239783186,19/03/2026 14:31:55,1,0,IDR,Sudah dibayar,278933.45
08427,1729677758327065175,7618460083239783186,19/03/2026 13:55:43,1,0,IDR,Sudah dibayar,282200.0
92374,1731927306071803479,7618460083239783186,19/03/2026 13:43:17,1,0,IDR,Sudah dibayar,392411.0
54860,1730651001345443415,7608585973388348168,19/03/2026 13:35:16,1,0,IDR,Sudah dibayar,491929.0
37987,1730651001345771095,7618460083239783186,19/03/2026 13:34:49,1,0,IDR,Sudah dibayar,402135.0
41176,1731079464714798467,7618460083239783186,19/03/2026 13:29:42,1,0,IDR,Sudah dibayar,420325.0
50823,1734483831936681347,7618460083239783186,19/03/2026 13:27:26,1,0,IDR,Sudah dibayar,235863.94999999998
72259,1729677743140866647,7618460083239783186,19/03/2026 13:18:33,1,0,IDR,Sudah dibayar,259760.85
99909,1729677736926939735,7618460083239783186,19/03/2026 13:17:37,1,0,IDR,Sudah dibayar,370077.25
28022,1729628808088290903,7618460083239783186,19/03/2026 13:16:28,1,0,IDR,Sudah dibayar,311403.45
95881,1731622713472550487,7618460083239783186,19/03/2026 13:07:26,1,0,IDR,Sudah dibayar,444147.95
77525,1730310850770535690,7617976796063042836,19/03/2026 13:02:43,1,0,IDR,Sudah dibayar,30005.85
30140,1731079464714601859,7618460083239783186,19/03/2026 12:58:54,1,0,IDR,Sudah dibayar,382748.2
85605,1729677746703469143,7618460083239783186,19/03/2026 12:57:04,1,0,IDR,Sudah dibayar,382534.0
88074,1730174772503217751,7618460083239783186,19/03/2026 12:49:20,1,0,IDR,Sudah dibayar,426275.0
50609,1731308725958116739,7618460083239783186,19/03/2026 12:43:33,1,0,IDR,Sudah dibayar,464877.75
81643,1729677736927070807,7618460083239783186,19/03/2026 12:42:45,1,0,IDR,Sudah dibayar,369871.55
85003,1734650508941559171,7618460083239783186,19/03/2026 12:41:15,1,0,IDR,Sudah dibayar,255637.5
85003,1734650508941493635,7618460083239783186,19/03/2026 12:41:15,1,0,IDR,Sudah dibayar,255637.5
19562,1729677758276274775,7618460083239783186,19/03/2026 12:19:06,1,0,IDR,Sudah dibayar,288283.45
06769,1730651001345705559,7618460083239783186,19/03/2026 12:17:56,1,0,IDR,Sudah dibayar,392275.0
56896,1729677755464649303,7618460083239783186,19/03/2026 12:15:27,1,0,IDR,Sudah dibayar,287773.45
12038,1729677743140801111,7618460083239783186,19/03/2026 12:15:17,1,0,IDR,Sudah dibayar,267816.3
93419,1729677758275947095,7618460083239783186,19/03/2026 12:14:47,1,0,IDR,Sudah dibayar,203821.5
53369,1731308725957854595,7618460083239783186,19/03/2026 12:13:28,1,0,IDR,Sudah dibayar,460705.1
43442,1730174743204038231,7618460083239783186,19/03/2026 12:09:53,1,0,IDR,Sudah dibayar,414426.0
60597,1731079464714732931,7618460083239783186,19/03/2026 12:09:52,1,0,IDR,Sudah dibayar,421094.25
52811,1729677736926874199,7618460083239783186,19/03/2026 12:08:40,1,0,IDR,Sudah dibayar,423691.0
48040,1729677755464452695,7618460083239783186,19/03/2026 12:07:14,1,0,IDR,Sudah dibayar,312247.5
85789,1730868728727963223,7618460083239783186,19/03/2026 12:01:56,1,0,IDR,Sudah dibayar,453475.0
66928,1732072010571679304,7618460083239783186,19/03/2026 12:01:27,1,0,IDR,Sudah dibayar,55201.549999999996
47995,1731079464716043651,7618460083239783186,19/03/2026 11:58:48,1,0,IDR,Sudah dibayar,426275.0
70859,1729677755464387159,7618460083239783186,19/03/2026 11:53:32,1,0,IDR,Sudah dibayar,284033.45
38240,1731308689765205379,7618460083239783186,19/03/2026 11:51:39,1,0,IDR,Sudah dibayar,462302.25
11667,1730868728727766615,7618460083239783186,19/03/2026 11:51:19,1,0,IDR,Sudah dibayar,460275.0
46102,1729677755464583767,7618460083239783186,19/03/2026 11:50:39,1,0,IDR,Sudah dibayar,282200.0
70206,1729677746703534679,7589779411218582791,19/03/2026 11:48:02,1,0,IDR,Sudah dibayar,394282.7
26937,1730149094126290504,7618460083239783186,19/03/2026 11:45:43,1,0,IDR,Sudah dibayar,53467.549999999996
26006,1731308689765205379,7613354856820722450,19/03/2026 11:42:04,1,0,IDR,Sudah dibayar,525135.95
46142,1731079464714536323,7618460083239783186,19/03/2026 11:36:24,1,0,IDR,Sudah dibayar,438600.0
84323,1734650508941493635,7618460083239783186,19/03/2026 11:29:57,1,0,IDR,Sudah dibayar,267646.3
84323,1731308689765467523,7618460083239783186,19/03/2026 11:29:57,1,0,IDR,Sudah dibayar,489278.7
72180,1731622765730104919,7618460083239783186,19/03/2026 11:27:38,1,0,IDR,Sudah dibayar,498690.75
72180,1729677761805191767,7618460083239783186,19/03/2026 11:27:38,1,0,IDR,Sudah dibayar,323599.25
15620,1729677758275947095,7618460083239783186,19/03/2026 11:22:13,1,0,IDR,Sudah dibayar,290918.45
86037,1733814097185506903,7618460083239783186,19/03/2026 11:19:00,1,0,IDR,Sudah dibayar,461125.0
90926,1731079464714601859,7618460083239783186,19/03/2026 11:17:30,1,0,IDR,Sudah dibayar,426275.0
71929,1731308689765336451,7618460083239783186,19/03/2026 11:17:28,1,0,IDR,Sudah dibayar,446581.5
20146,1731308689765139843,7618460083239783186,19/03/2026 11:12:32,1,0,IDR,Sudah dibayar,449650.0
06728,1730174743203972695,7618460083239783186,19/03/2026 11:11:21,1,0,IDR,Sudah dibayar,380728.6
71011,1730706106318751319,7618460083239783186,19/03/2026 11:07:23,1,0,IDR,Sudah dibayar,460275.0
38998,1729677734993037911,7618460083239783186,19/03/2026 10:55:13,1,0,IDR,Sudah dibayar,291453.95
96995,1731079464715978115,7618460083239783186,19/03/2026 10:49:34,1,0,IDR,Sudah dibayar,390490.85
89488,1731985620630734423,7618460083239783186,19/03/2026 10:38:30,1,0,IDR,Sudah dibayar,418421.0
57097,1729677755464452695,7618460083239783186,19/03/2026 10:37:09,1,0,IDR,Sudah dibayar,286176.3
34360,1731308725957920131,7618460083239783186,19/03/2026 10:35:20,1,0,IDR,Sudah dibayar,450899.5
22799,1734650508941493635,7618460083239783186,19/03/2026 10:33:35,1,0,IDR,Sudah dibayar,249024.5
08781,1729677758276012631,7618460083239783186,19/03/2026 10:33:11,1,0,IDR,Sudah dibayar,278423.45
58562,1729677758276078167,7618460083239783186,19/03/2026 10:30:50,1,0,IDR,Sudah dibayar,225097.85
08392,1729677755464518231,7618460083239783186,19/03/2026 10:26:14,1,0,IDR,Sudah dibayar,203821.5
60167,1729677758276012631,7618460083239783186,19/03/2026 10:26:04,1,0,IDR,Sudah dibayar,186856.35
13318,1729677743140932183,7618460083239783186,19/03/2026 10:25:59,1,0,IDR,Sudah dibayar,267816.3
19336,1729677758276143703,7618460083239783186,19/03/2026 10:24:57,1,0,IDR,Sudah dibayar,195398.0
43031,1729677758276143703,7618460083239783186,19/03/2026 10:24:49,1,0,IDR,Sudah dibayar,244570.5
22892,1729677758276078167,7618460083239783186,19/03/2026 10:24:40,1,0,IDR,Sudah dibayar,246016.35
95527,1731308689765401987,7618460083239783186,19/03/2026 10:24:39,1,0,IDR,Sudah dibayar,459425.0
35119,1729677758276143703,7618460083239783186,19/03/2026 10:24:30,1,0,IDR,Sudah dibayar,191836.5
08553,1729677755464518231,7618460083239783186,19/03/2026 10:24:26,1,0,IDR,Sudah dibayar,202971.5
46756,1729677758275816023,7618460083239783186,19/03/2026 10:23:49,1,0,IDR,Sudah dibayar,195398.0
36462,1729677758275881559,7618460083239783186,19/03/2026 10:23:35,1,0,IDR,Sudah dibayar,186856.35
34650,1731622713473009239,7618460083239783186,19/03/2026 10:23:14,1,0,IDR,Sudah dibayar,437410.0
45032,1729677755464387159,7618460083239783186,19/03/2026 10:23:07,1,0,IDR,Sudah dibayar,186856.35
10480,1729677755464452695,7618460083239783186,19/03/2026 10:21:58,1,0,IDR,Sudah dibayar,193740.5
91038,1729677743140866647,7618460083239783186,19/03/2026 10:21:35,1,0,IDR,Sudah dibayar,267773.8
75641,1729677755464583767,7618460083239783186,19/03/2026 10:21:26,1,0,IDR,Sudah dibayar,201441.5
24647,1729677758276012631,7618460083239783186,19/03/2026 10:20:50,1,0,IDR,Sudah dibayar,192468.05
24647,1729677758275750487,7618460083239783186,19/03/2026 10:20:50,1,0,IDR,Sudah dibayar,192467.19999999998
25296,1729677747184503383,7618460083239783186,19/03/2026 10:20:36,1,0,IDR,Sudah dibayar,265691.3
51766,1729677758275816023,7618460083239783186,19/03/2026 10:20:29,1,0,IDR,Sudah dibayar,196928.0
58787,1729677755464649303,7618460083239783186,19/03/2026 10:20:25,1,0,IDR,Sudah dibayar,196248.0
76160,1729677758276078167,7618460083239783186,19/03/2026 10:20:21,1,0,IDR,Sudah dibayar,181296.5
98122,1729677758276078167,7618460083239783186,19/03/2026 10:19:35,1,0,IDR,Sudah dibayar,252696.5
39275,1729677755464387159,7618460083239783186,19/03/2026 10:19:10,1,0,IDR,Sudah dibayar,186856.35
84338,1729677758275816023,7618460083239783186,19/03/2026 10:18:08,1,0,IDR,Sudah dibayar,202971.5
34896,1729677758276078167,7618460083239783186,19/03/2026 10:17:54,1,0,IDR,Sudah dibayar,196962.0
09568,1729677743140997719,7618460083239783186,19/03/2026 10:17:40,1,0,IDR,Sudah dibayar,259760.85
55663,1731308725958051203,7618460083239783186,19/03/2026 10:16:02,1,0,IDR,Sudah dibayar,423691.0
54990,1729677743141063255,7618460083239783186,19/03/2026 10:15:08,1,0,IDR,Sudah dibayar,259760.85
04674,1729677743140997719,7618460083239783186,19/03/2026 10:14:55,1,0,IDR,Sudah dibayar,241247.85
60205,1729677759600429655,7618460083239783186,19/03/2026 10:14:47,1,0,IDR,Sudah dibayar,213492.8
94582,1729677755464321623,7618460083239783186,19/03/2026 10:14:07,1,0,IDR,Sudah dibayar,186856.35
10100,1731967978190767491,7618460083239783186,19/03/2026 10:13:53,1,0,IDR,Sudah dibayar,354376.05
70423,1729677755464452695,7618460083239783186,19/03/2026 10:13:35,1,0,IDR,Sudah dibayar,202971.5
78311,1729677758275947095,7618460083239783186,19/03/2026 10:13:33,1,0,IDR,Sudah dibayar,245480.0
45428,1730806636781143639,7618460083239783186,19/03/2026 10:13:00,1,0,IDR,Sudah dibayar,226823.35
25058,1730706088342947415,7618460083239783186,19/03/2026 10:12:52,1,0,IDR,Sudah dibayar,482375.0
90424,1729677758276012631,7618460083239783186,19/03/2026 10:12:31,1,0,IDR,Sudah dibayar,197778.0
07309,1729677755464387159,7618460083239783186,19/03/2026 10:12:26,1,0,IDR,Sudah dibayar,205343.0
43355,1729677755464518231,7618460083239783186,19/03/2026 10:12:03,1,0,IDR,Sudah dibayar,202971.5
25664,1729677758276012631,7618460083239783186,19/03/2026 10:11:59,1,0,IDR,Sudah dibayar,199950.6
59732,1729677742104939095,7618460083239783186,19/03/2026 10:07:39,1,0,IDR,Sudah dibayar,261460.85
69750,1729677759600167511,7618460083239783186,19/03/2026 10:07:01,1,0,IDR,Sudah dibayar,202301.69999999998
24338,1729677743140932183,7618460083239783186,19/03/2026 10:06:05,1,0,IDR,Sudah dibayar,255491.3
90569,1730138691708224899,7618460083239783186,19/03/2026 10:05:17,1,0,IDR,Sudah dibayar,585119.6
64435,1729677758276078167,7618460083239783186,19/03/2026 10:05:00,1,0,IDR,Sudah dibayar,203821.5
13622,1729677758276078167,7618460083239783186,19/03/2026 10:03:31,1,0,IDR,Sudah dibayar,237770.5
21381,1729677759600298583,7618460083239783186,19/03/2026 10:03:04,1,0,IDR,Sudah dibayar,192941.5
97876,1729677758276078167,7618460083239783186,19/03/2026 10:02:15,1,0,IDR,Sudah dibayar,202971.5
96020,1729677758276209239,7618460083239783186,19/03/2026 10:01:36,1,0,IDR,Sudah dibayar,202971.5
04383,1729677755464583767,7618460083239783186,19/03/2026 10:01:33,1,0,IDR,Sudah dibayar,185036.5
02270,1729677743140997719,7618460083239783186,19/03/2026 10:01:15,1,0,IDR,Sudah dibayar,260610.85
40270,1729677742105004631,7618460083239783186,19/03/2026 10:00:59,1,0,IDR,Sudah dibayar,289680.85
63372,1731079464714732931,7618460083239783186,19/03/2026 10:00:12,1,0,IDR,Sudah dibayar,415063.5
75854,1731079464714667395,7618460083239783186,19/03/2026 10:00:05,1,0,IDR,Sudah dibayar,430537.75
91215,1729677742968834647,7618460083239783186,19/03/2026 09:59:47,1,0,IDR,Sudah dibayar,216306.3
74689,1729677755464321623,7618460083239783186,19/03/2026 09:59:45,1,0,IDR,Sudah dibayar,202971.5
21637,1729677755464583767,7618460083239783186,19/03/2026 09:59:20,1,0,IDR,Sudah dibayar,203821.5
68016,1729677758276012631,7618460083239783186,19/03/2026 09:58:40,1,0,IDR,Sudah dibayar,202971.5
48469,1734483831936681347,7618460083239783186,19/03/2026 09:58:22,1,0,IDR,Sudah dibayar,247069.5
40743,1729677758276143703,7618460083239783186,19/03/2026 09:57:32,1,0,IDR,Sudah dibayar,194974.69999999998
81972,1729677755464518231,7618460083239783186,19/03/2026 09:56:19,1,0,IDR,Sudah dibayar,202971.5
34542,1729677758276078167,7618460083239783186,19/03/2026 09:54:48,1,0,IDR,Sudah dibayar,194471.5
85111,1729677755464780375,7618460083239783186,19/03/2026 09:52:49,1,0,IDR,Sudah dibayar,202971.5
44658,1729677746703534679,7618460083239783186,19/03/2026 09:52:48,1,0,IDR,Sudah dibayar,277331.2
32145,1729677755464714839,7618460083239783186,19/03/2026 09:52:46,1,0,IDR,Sudah dibayar,199950.6
32168,1729677758275816023,7618460083239783186,19/03/2026 09:52:29,1,0,IDR,Sudah dibayar,203821.5
83305,1729677743140866647,7618460083239783186,19/03/2026 09:52:25,1,0,IDR,Sudah dibayar,268666.3
23233,1729677758275816023,7618460083239783186,19/03/2026 09:51:26,1,0,IDR,Sudah dibayar,214971.8
98860,1730806636781143639,7618460083239783186,19/03/2026 09:51:25,1,0,IDR,Sudah dibayar,223662.19999999998
36440,1729677755464518231,7618460083239783186,19/03/2026 09:51:03,1,0,IDR,Sudah dibayar,197778.0
37118,1730174743203841623,7618460083239783186,19/03/2026 09:50:03,1,0,IDR,Sudah dibayar,406579.64999999997
75821,1729677755464452695,7618460083239783186,19/03/2026 09:49:12,1,0,IDR,Sudah dibayar,204756.5
85968,1729677743141063255,7618460083239783186,19/03/2026 09:48:58,1,0,IDR,Sudah dibayar,260610.85
72232,1729677743140735575,7618460083239783186,19/03/2026 09:47:17,1,0,IDR,Sudah dibayar,267816.3
37902,1731308689765336451,7618460083239783186,19/03/2026 09:47:03,1,0,IDR,Sudah dibayar,483764.75
02926,1729677734993168983,7618460083239783186,19/03/2026 09:46:41,1,0,IDR,Sudah dibayar,286688.85
48642,1729677758276012631,7618460083239783186,19/03/2026 09:46:37,1,0,IDR,Sudah dibayar,178799.19999999998
52314,1730706107471922775,7618460083239783186,19/03/2026 09:46:26,1,0,IDR,Sudah dibayar,450075.0
84421,1729677758276143703,7618460083239783186,19/03/2026 09:45:33,1,0,IDR,Sudah dibayar,203821.5
27348,1734483831936681347,7618460083239783186,19/03/2026 09:45:29,1,0,IDR,Sudah dibayar,249024.5
54135,1729677743140801111,7618460083239783186,19/03/2026 09:44:07,1,0,IDR,Sudah dibayar,268666.3
19345,1729677758276012631,7618460083239783186,19/03/2026 09:43:37,1,0,IDR,Sudah dibayar,197778.0
77091,1729677743140866647,7618460083239783186,19/03/2026 09:43:33,1,0,IDR,Sudah dibayar,263831.5
50070,1729677743140997719,7618460083239783186,19/03/2026 09:43:11,1,0,IDR,Sudah dibayar,350880.0
83071,1729677755464583767,7618460083239783186,19/03/2026 09:42:45,1,0,IDR,Sudah dibayar,184977.85
60908,1729677758276012631,7618460083239783186,19/03/2026 09:42:24,1,0,IDR,Sudah dibayar,202971.5
09922,1729677743141128791,7618460083239783186,19/03/2026 09:40:22,1,0,IDR,Sudah dibayar,260931.3
86770,1729677759600560727,7618460083239783186,19/03/2026 09:39:38,1,0,IDR,Sudah dibayar,237331.9
86770,1729677755464714839,7618460083239783186,19/03/2026 09:39:38,1,0,IDR,Sudah dibayar,237331.9
41334,1729677758276143703,7618460083239783186,19/03/2026 09:39:36,1,0,IDR,Sudah dibayar,203821.5
12468,1729677746703403607,7618460083239783186,19/03/2026 09:38:57,1,0,IDR,Sudah dibayar,267816.3
97172,1729677743140801111,7618460083239783186,19/03/2026 09:38:57,1,0,IDR,Sudah dibayar,267752.55
97172,1729677742104873559,7618460083239783186,19/03/2026 09:38:57,1,0,IDR,Sudah dibayar,267751.7
58111,1729677743140997719,7618460083239783186,19/03/2026 09:38:44,1,0,IDR,Sudah dibayar,258891.3
84168,1729677743140997719,7618460083239783186,19/03/2026 09:37:49,1,0,IDR,Sudah dibayar,296796.2
00825,1729677755464583767,7618460083239783186,19/03/2026 09:35:20,1,0,IDR,Sudah dibayar,202971.5
97234,1731418659331999107,7618460083239783186,19/03/2026 09:35:14,1,0,IDR,Sudah dibayar,156359.19999999998
73313,1729677743140932183,7618460083239783186,19/03/2026 09:35:03,1,0,IDR,Sudah dibayar,268666.3
66440,1729677742968834647,7618460083239783186,19/03/2026 09:32:22,1,0,IDR,Sudah dibayar,212282.4
79027,1729677758275750487,7618460083239783186,19/03/2026 09:32:13,1,0,IDR,Sudah dibayar,198469.9
43721,1729677743140735575,7618460083239783186,19/03/2026 09:32:01,1,0,IDR,Sudah dibayar,268666.3
82299,1729677743141063255,7618460083239783186,19/03/2026 09:31:30,1,0,IDR,Sudah dibayar,267816.3
75505,1729677743140735575,7618460083239783186,19/03/2026 09:30:01,1,0,IDR,Sudah dibayar,267816.3
10411,1729677761805519447,7618460083239783186,19/03/2026 09:29:11,1,0,IDR,Sudah dibayar,278933.45
62232,1729677743140866647,7618460083239783186,19/03/2026 09:28:37,1,0,IDR,Sudah dibayar,267816.3
64923,1729677742968572503,7618460083239783186,19/03/2026 09:27:55,1,0,IDR,Sudah dibayar,218006.3
45251,1734483831936943491,7618460083239783186,19/03/2026 09:27:48,1,0,IDR,Sudah dibayar,294414.5
80063,1729677743141194327,7618460083239783186,19/03/2026 09:26:15,1,0,IDR,Sudah dibayar,268666.3
67167,1729677755464583767,7494054609567125126,19/03/2026 09:24:31,1,0,IDR,Sudah dibayar,204663.0
79578,1729677743140801111,7618460083239783186,19/03/2026 09:24:14,1,0,IDR,Sudah dibayar,267816.3
90497,1729677743141063255,7618460083239783186,19/03/2026 09:23:16,1,0,IDR,Sudah dibayar,326910.0
90371,1729677743140997719,7618460083239783186,19/03/2026 09:20:46,1,0,IDR,Sudah dibayar,246874.85
84517,1729677743141194327,7618460083239783186,19/03/2026 09:20:08,1,0,IDR,Sudah dibayar,278016.3
21485,1729677755464649303,7618460083239783186,19/03/2026 09:19:06,1,0,IDR,Sudah dibayar,203821.5
71655,1729677743140997719,7618460083239783186,19/03/2026 09:17:57,1,0,IDR,Sudah dibayar,261781.3
69329,1729677758276078167,7618460083239783186,19/03/2026 09:16:04,1,0,IDR,Sudah dibayar,203821.5
10085,1730174743204103767,7618460083239783186,19/03/2026 09:15:52,1,0,IDR,Sudah dibayar,426275.0
58166,1729677759600495191,7618460083239783186,19/03/2026 09:15:16,1,0,IDR,Sudah dibayar,193997.19999999998
15899,1729677743140997719,7618460083239783186,19/03/2026 09:14:37,1,0,IDR,Sudah dibayar,303790.0
32027,1730706088342685271,7612046897330539784,19/03/2026 09:13:15,1,0,IDR,Sudah dibayar,475427.1
65637,1729677755464452695,7618460083239783186,19/03/2026 09:08:15,1,0,IDR,Sudah dibayar,185036.5
21054,1729677758275816023,7618460083239783186,19/03/2026 09:08:11,1,0,IDR,Sudah dibayar,199950.6
34474,1729677743140866647,7618460083239783186,19/03/2026 09:03:47,1,0,IDR,Sudah dibayar,268666.3
91348,1729677755464256087,7618460083239783186,19/03/2026 09:02:59,1,0,IDR,Sudah dibayar,202291.5
83896,1729677743141063255,7618460083239783186,19/03/2026 09:01:46,1,0,IDR,Sudah dibayar,259760.85
66787,1729677746703534679,7618460083239783186,19/03/2026 09:00:55,1,0,IDR,Sudah dibayar,260786.8
35595,1730706088342685271,7618460083239783186,19/03/2026 09:00:34,1,0,IDR,Sudah dibayar,461125.0
13387,1729677759600167511,7618460083239783186,19/03/2026 08:58:08,1,0,IDR,Sudah dibayar,186856.35
31113,1729677755464518231,7618460083239783186,19/03/2026 08:57:34,1,0,IDR,Sudah dibayar,200001.6
74877,1729677758276209239,7618460083239783186,19/03/2026 08:56:00,1,0,IDR,Sudah dibayar,271945.6
89997,1729677755464518231,7618460083239783186,19/03/2026 08:54:49,1,0,IDR,Sudah dibayar,202895.0
32942,1729677759600298583,7618460083239783186,19/03/2026 08:54:29,1,0,IDR,Sudah dibayar,201829.94999999998
32942,1729677743141194327,7618460083239783186,19/03/2026 08:54:29,1,0,IDR,Sudah dibayar,266205.55
50807,1729677755464518231,7618460083239783186,19/03/2026 08:52:07,1,0,IDR,Sudah dibayar,226797.0
13864,1729677743140801111,7618460083239783186,19/03/2026 08:51:22,1,0,IDR,Sudah dibayar,267816.3
68242,1729677746703469143,7618460083239783186,19/03/2026 08:51:11,1,0,IDR,Sudah dibayar,268666.3
26401,1729677743140997719,7618460083239783186,19/03/2026 08:50:52,1,0,IDR,Sudah dibayar,262928.8
12218,1729677759600495191,7618460083239783186,19/03/2026 08:46:57,1,0,IDR,Sudah dibayar,229576.5
53162,1729677758275619415,7618460083239783186,19/03/2026 08:45:45,1,0,IDR,Sudah dibayar,203821.5
67100,1729677746703403607,7618460083239783186,19/03/2026 08:44:10,1,0,IDR,Sudah dibayar,268666.3
22004,1729677746703403607,7618460083239783186,19/03/2026 08:43:10,1,0,IDR,Sudah dibayar,282351.3
19294,1729677755464518231,7618460083239783186,19/03/2026 08:42:56,1,0,IDR,Sudah dibayar,199950.6
65047,1734483831936943491,7618460083239783186,19/03/2026 08:42:13,1,0,IDR,Sudah dibayar,292714.5
67071,1731927306071803479,7618460083239783186,19/03/2026 08:39:45,1,0,IDR,Sudah dibayar,427125.0
27346,1730706088342750807,7618460083239783186,19/03/2026 08:37:04,1,0,IDR,Sudah dibayar,453117.14999999997
48473,1729677734993234519,7618460083239783186,19/03/2026 08:36:17,1,0,IDR,Sudah dibayar,311403.45
18982,1729677743140932183,7618460083239783186,19/03/2026 08:34:22,1,0,IDR,Sudah dibayar,268666.3
63408,1729677743140932183,7618460083239783186,19/03/2026 08:34:02,1,0,IDR,Sudah dibayar,270607.7
76037,1729677755464583767,7618460083239783186,19/03/2026 08:32:48,1,0,IDR,Sudah dibayar,194471.5
55911,1729677743140932183,7618460083239783186,19/03/2026 08:31:38,1,0,IDR,Sudah dibayar,266541.3
42137,1729677758275947095,7618460083239783186,19/03/2026 08:24:04,1,0,IDR,Sudah dibayar,186856.35
25301,1729677758276012631,7618460083239783186,19/03/2026 08:24:00,1,0,IDR,Sudah dibayar,191836.5
41937,1730138502596953475,7618460083239783186,19/03/2026 08:20:28,1,0,IDR,Sudah dibayar,283143.5
66015,1729677758276078167,7618460083239783186,19/03/2026 08:19:26,1,0,IDR,Sudah dibayar,203821.5
35564,1729677743140866647,7618460083239783186,19/03/2026 08:17:52,1,0,IDR,Sudah dibayar,265691.3
91619,1729677758275947095,7618460083239783186,19/03/2026 08:17:26,1,0,IDR,Sudah dibayar,197778.0
44895,1729677758275947095,7618460083239783186,19/03/2026 08:15:23,1,0,IDR,Sudah dibayar,196928.0
97842,1729677743140932183,7494054609567125126,19/03/2026 08:14:07,1,0,IDR,Sudah dibayar,251496.3
73152,1729677759600233047,7618460083239783186,19/03/2026 08:13:12,1,0,IDR,Sudah dibayar,198117.15
59319,1729677743140538967,7618460083239783186,19/03/2026 08:10:14,1,0,IDR,Sudah dibayar,263183.8
06460,1729677743140997719,7618460083239783186,19/03/2026 08:10:01,1,0,IDR,Sudah dibayar,270366.3
68818,1729677755464583767,7618460083239783186,19/03/2026 08:09:46,1,0,IDR,Sudah dibayar,202971.5
58514,1729438565128439978,7618460083239783186,19/03/2026 08:09:27,1,0,IDR,Sudah dibayar,193080.9
58514,1729385454017283242,7618460083239783186,19/03/2026 08:09:27,1,0,IDR,Sudah dibayar,180833.25
42254,1730793833131443799,7618460083239783186,19/03/2026 08:08:47,1,0,IDR,Sudah dibayar,376457.35
42254,1729677743141063255,7618460083239783186,19/03/2026 08:08:47,1,0,IDR,Sudah dibayar,292859.0
08982,1729677755464518231,7618460083239783186,19/03/2026 08:08:39,1,0,IDR,Sudah dibayar,243997.6
08982,1729677743140932183,7618460083239783186,19/03/2026 08:08:39,1,0,IDR,Sudah dibayar,323374.85
80364,1729677759600233047,7618460083239783186,19/03/2026 08:06:41,1,0,IDR,Sudah dibayar,203127.05
59665,1729677743140997719,7618460083239783186,19/03/2026 08:03:50,1,0,IDR,Sudah dibayar,246561.19999999998
28954,1729677758276078167,7618460083239783186,19/03/2026 08:03:40,1,0,IDR,Sudah dibayar,202946.0
48317,1729677758276078167,7618460083239783186,19/03/2026 08:03:21,1,0,IDR,Sudah dibayar,199950.6
28111,1730174743203776087,7618460083239783186,19/03/2026 08:02:24,1,0,IDR,Sudah dibayar,427125.0
42501,1729677743140997719,7618460083239783186,19/03/2026 08:00:32,1,0,IDR,Sudah dibayar,284051.3
49137,1729677755464321623,7618460083239783186,19/03/2026 07:59:26,1,0,IDR,Sudah dibayar,196928.0
20888,1729677758276012631,7606033203224251666,19/03/2026 07:56:25,1,0,IDR,Sudah dibayar,273785.0
78783,1729677743141194327,7618460083239783186,19/03/2026 07:56:18,1,0,IDR,Sudah dibayar,255895.05
73733,1729677746703403607,7618460083239783186,19/03/2026 07:55:54,1,0,IDR,Sudah dibayar,267816.3
57796,1731967978191095171,7618460083239783186,19/03/2026 07:54:39,1,0,IDR,Sudah dibayar,330192.7
59608,1729677759600560727,7618460083239783186,19/03/2026 07:54:20,1,0,IDR,Sudah dibayar,202971.5
87020,1729677743140997719,7618460083239783186,19/03/2026 07:53:14,1,0,IDR,Sudah dibayar,267816.3
54928,1729677743140735575,7618460083239783186,19/03/2026 07:52:34,1,0,IDR,Sudah dibayar,259760.85
31989,1729677755464583767,7618460083239783186,19/03/2026 07:52:33,1,0,IDR,Sudah dibayar,209142.5
59619,1731308689765467523,7618460083239783186,19/03/2026 07:49:50,1,0,IDR,Sudah dibayar,460275.0
78388,1729677758276012631,7618460083239783186,19/03/2026 07:49:42,1,0,IDR,Sudah dibayar,196928.0
48879,1729677758276078167,7618460083239783186,19/03/2026 07:48:03,1,0,IDR,Sudah dibayar,196928.0
76497,1729677747184503383,7618460083239783186,19/03/2026 07:48:00,1,0,IDR,Sudah dibayar,257720.85
78413,1729677743140932183,7618460083239783186,19/03/2026 07:46:41,1,0,IDR,Sudah dibayar,263670.85
12850,1729677758276012631,7618460083239783186,19/03/2026 07:42:32,1,0,IDR,Sudah dibayar,196928.0
06352,1729677743140997719,7618460083239783186,19/03/2026 07:39:20,1,0,IDR,Sudah dibayar,307726.35
97833,1729677747184503383,7618460083239783186,19/03/2026 07:38:36,1,0,IDR,Sudah dibayar,268666.3
69598,1729677743140932183,7618460083239783186,19/03/2026 07:37:19,1,0,IDR,Sudah dibayar,270366.3
91631,1729677743140997719,7618460083239783186,19/03/2026 07:36:07,1,0,IDR,Sudah dibayar,239143.25
12361,1729677755464452695,7618460083239783186,19/03/2026 07:35:09,1,0,IDR,Sudah dibayar,182922.55
77772,1729677758276143703,7618460083239783186,19/03/2026 07:34:15,1,0,IDR,Sudah dibayar,196928.0
35102,1729677743140932183,7618460083239783186,19/03/2026 07:33:25,1,0,IDR,Sudah dibayar,288301.3
84988,1729677758276078167,7618460083239783186,19/03/2026 07:32:14,1,0,IDR,Sudah dibayar,203906.5
31101,1734650508941493635,7618460083239783186,19/03/2026 07:31:05,1,0,IDR,Sudah dibayar,248174.5
04053,1731308725958051203,7618460083239783186,19/03/2026 07:30:52,1,0,IDR,Sudah dibayar,427756.55
95897,1731308725957920131,7618460083239783186,19/03/2026 07:30:38,1,0,IDR,Sudah dibayar,454580.85
06895,1731927306072000087,7618460083239783186,19/03/2026 07:29:07,1,0,IDR,Sudah dibayar,426275.0
20666,1731927306072065623,7618460083239783186,19/03/2026 07:29:00,1,0,IDR,Sudah dibayar,383394.2
85718,1729677743140735575,7618460083239783186,19/03/2026 07:28:25,1,0,IDR,Sudah dibayar,263338.5
41127,1729677742105004631,7618460083239783186,19/03/2026 07:27:39,1,0,IDR,Sudah dibayar,267306.3
04709,1730706088343078487,7618460083239783186,19/03/2026 07:27:39,1,0,IDR,Sudah dibayar,446290.8
65527,1729677755464583767,7618460083239783186,19/03/2026 07:24:30,1,0,IDR,Sudah dibayar,224298.0
42860,1730174743203972695,7618460083239783186,19/03/2026 07:15:12,1,0,IDR,Sudah dibayar,426232.5
09902,1730706106318620247,7599142073886936328,19/03/2026 07:13:50,1,0,IDR,Sudah dibayar,461125.0
72369,1729677755464780375,7618460083239783186,19/03/2026 07:11:44,1,0,IDR,Sudah dibayar,203821.5
02796,1729677743141063255,7618460083239783186,19/03/2026 07:09:38,1,0,IDR,Sudah dibayar,260551.35
29813,1731298803850970499,7618460083239783186,19/03/2026 07:03:44,1,0,IDR,Sudah dibayar,194757.94999999998
87237,1729677755464321623,7618460083239783186,19/03/2026 07:03:01,1,0,IDR,Sudah dibayar,198548.1
39592,1729677746703338071,7618460083239783186,19/03/2026 07:02:38,1,0,IDR,Sudah dibayar,267816.3
17618,1729677747184503383,7618460083239783186,19/03/2026 07:01:51,1,0,IDR,Sudah dibayar,260610.85
26218,1729677758276012631,7618460083239783186,19/03/2026 07:00:37,1,0,IDR,Sudah dibayar,202971.5
02319,1729677743141128791,7618460083239783186,19/03/2026 06:58:28,1,0,IDR,Sudah dibayar,258865.8
90603,1729677743140670039,7618460083239783186,19/03/2026 06:55:42,1,0,IDR,Sudah dibayar,267816.3
12004,1729677743140932183,7618460083239783186,19/03/2026 06:53:48,1,0,IDR,Sudah dibayar,257183.65
74844,1729677743140801111,7618460083239783186,19/03/2026 06:51:04,1,0,IDR,Sudah dibayar,266541.3
51081,1729677742105201239,7618460083239783186,19/03/2026 06:49:24,1,0,IDR,Sudah dibayar,266622.05
85553,1729677755464518231,7618460083239783186,19/03/2026 06:48:29,1,0,IDR,Sudah dibayar,202971.5
87376,1729677742104939095,7618460083239783186,19/03/2026 06:47:28,1,0,IDR,Sudah dibayar,263831.5
22129,1729677746703403607,7618460083239783186,19/03/2026 06:45:10,1,0,IDR,Sudah dibayar,261781.3
58123,1731079464715388291,7618460083239783186,19/03/2026 06:28:58,1,0,IDR,Sudah dibayar,386061.5
03114,1730706088343012951,7618460083239783186,19/03/2026 06:26:59,1,0,IDR,Sudah dibayar,449211.39999999997
41596,1729677742104873559,7618460083239783186,19/03/2026 06:25:18,1,0,IDR,Sudah dibayar,267816.3
42795,1729677758276274775,7618460083239783186,19/03/2026 06:22:12,1,0,IDR,Sudah dibayar,196928.0
82941,1729677746703403607,7618460083239783186,19/03/2026 06:20:04,1,0,IDR,Sudah dibayar,228721.4
42932,1729677758275947095,7618460083239783186,19/03/2026 06:17:25,1,0,IDR,Sudah dibayar,183287.19999999998
68928,1729677743140866647,7618460083239783186,19/03/2026 06:04:34,1,0,IDR,Sudah dibayar,266381.5
66358,1729677758276078167,7618460083239783186,19/03/2026 06:04:02,1,0,IDR,Sudah dibayar,203821.5
04445,1729677743140866647,7618460083239783186,19/03/2026 06:03:18,1,0,IDR,Sudah dibayar,268666.3
23685,1729677743140866647,7618460083239783186,19/03/2026 06:03:06,1,0,IDR,Sudah dibayar,263831.5
69648,1731401465609619031,7618460083239783186,19/03/2026 06:00:56,1,0,IDR,Sudah dibayar,419788.64999999997
10121,1729677746703403607,7618460083239783186,19/03/2026 05:59:55,1,0,IDR,Sudah dibayar,268666.3
41817,1729677743140801111,7618460083239783186,19/03/2026 05:57:22,1,0,IDR,Sudah dibayar,260931.3
55184,1729677743141063255,7607910530862337288,19/03/2026 05:54:10,1,0,IDR,Sudah dibayar,299731.25
69265,1729677743140801111,7618460083239783186,19/03/2026 05:49:06,1,0,IDR,Sudah dibayar,277166.3
68080,1729677743141063255,7618460083239783186,19/03/2026 05:48:50,1,0,IDR,Sudah dibayar,267816.3
54211,1729677743140735575,7618460083239783186,19/03/2026 05:48:21,1,0,IDR,Sudah dibayar,268666.3
49871,1729677759600233047,7618460083239783186,19/03/2026 05:46:44,1,0,IDR,Sudah dibayar,202836.35
30991,1729677758276143703,7618460083239783186,19/03/2026 05:44:34,1,0,IDR,Sudah dibayar,211556.5
53417,1729677755464387159,7618460083239783186,19/03/2026 05:43:20,1,0,IDR,Sudah dibayar,202291.5
09195,1731967978190833027,7618460083239783186,19/03/2026 05:42:10,1,0,IDR,Sudah dibayar,362620.2
83721,1729677743140801111,7618460083239783186,19/03/2026 05:39:17,1,0,IDR,Sudah dibayar,265266.3
93312,1729677759600429655,7618460083239783186,19/03/2026 05:37:07,1,0,IDR,Sudah dibayar,197325.8
92051,1729677758276012631,7618460083239783186,19/03/2026 05:35:26,1,0,IDR,Sudah dibayar,186856.35
90718,1729677758275816023,7618460083239783186,19/03/2026 05:34:35,1,0,IDR,Sudah dibayar,196928.0
58416,1729677743140932183,7618460083239783186,19/03/2026 05:33:26,1,0,IDR,Sudah dibayar,266484.35
17895,1729677734993234519,7618460083239783186,19/03/2026 05:32:44,1,0,IDR,Sudah dibayar,311403.45
87695,1729677743140801111,7618460083239783186,19/03/2026 05:30:40,1,0,IDR,Sudah dibayar,259760.85
48207,1729677743140932183,7618460083239783186,19/03/2026 05:29:57,1,0,IDR,Sudah dibayar,258945.69999999998
41869,1729677758276078167,7618460083239783186,19/03/2026 05:29:49,1,0,IDR,Sudah dibayar,184986.35
13697,1729677743140866647,7618460083239783186,19/03/2026 05:28:46,1,0,IDR,Sudah dibayar,267816.3
95548,1729677759600298583,7618460083239783186,19/03/2026 05:28:40,1,0,IDR,Sudah dibayar,222557.19999999998
49817,1729677755464714839,7618460083239783186,19/03/2026 05:28:20,1,0,IDR,Sudah dibayar,203821.5
53448,1729677742968834647,7618460083239783186,19/03/2026 05:27:50,1,0,IDR,Sudah dibayar,218006.3
48236,1729677755464452695,7618460083239783186,19/03/2026 05:27:15,1,0,IDR,Sudah dibayar,200795.5
54812,1729677755464518231,7618460083239783186,19/03/2026 05:26:45,1,0,IDR,Sudah dibayar,233435.5
19434,1729677755464190551,7618460083239783186,19/03/2026 05:25:53,1,0,IDR,Sudah dibayar,198027.05
24503,1729677755464321623,7618460083239783186,19/03/2026 05:25:42,1,0,IDR,Sudah dibayar,202971.5
26383,1731079464716109187,7618460083239783186,19/03/2026 05:25:32,1,0,IDR,Sudah dibayar,424592.0
50925,1729677759600298583,7618460083239783186,19/03/2026 05:22:37,1,0,IDR,Sudah dibayar,204762.44999999998
50925,1729677743140866647,7618460083239783186,19/03/2026 05:22:37,1,0,IDR,Sudah dibayar,270073.05
35855,1729677743140932183,7618460083239783186,19/03/2026 05:21:27,1,0,IDR,Sudah dibayar,268345.85
00128,1729677758276143703,7618460083239783186,19/03/2026 05:19:24,1,0,IDR,Sudah dibayar,202971.5
67144,1729677758276078167,7618460083239783186,19/03/2026 05:18:50,1,0,IDR,Sudah dibayar,202971.5
89515,1729677743140866647,7618460083239783186,19/03/2026 05:18:38,1,0,IDR,Sudah dibayar,263160.85
59095,1730174772819887703,7618460083239783186,19/03/2026 05:16:01,1,0,IDR,Sudah dibayar,426275.0
83145,1729677743141063255,7618460083239783186,19/03/2026 05:15:12,1,0,IDR,Sudah dibayar,260765.55
59239,1729677743140801111,7618460083239783186,19/03/2026 05:14:59,1,0,IDR,Sudah dibayar,268666.3
41503,1729677755464452695,7618460083239783186,19/03/2026 05:14:35,1,0,IDR,Sudah dibayar,202971.5
53720,1729677743140735575,7618460083239783186,19/03/2026 05:14:34,1,0,IDR,Sudah dibayar,260610.85
37586,1729677755464452695,7618460083239783186,19/03/2026 05:14:13,1,0,IDR,Sudah dibayar,198478.4
07686,1729706772145145431,7618460083239783186,19/03/2026 05:13:05,1,0,IDR,Sudah dibayar,599590.0
54391,1729677758276012631,7618460083239783186,19/03/2026 05:11:55,1,0,IDR,Sudah dibayar,197778.0
96126,1729677755464387159,7618460083239783186,19/03/2026 05:10:26,1,0,IDR,Sudah dibayar,207751.9
37228,1729677743140932183,7618460083239783186,19/03/2026 05:09:52,1,0,IDR,Sudah dibayar,259760.85
14773,1729677747184437847,7618460083239783186,19/03/2026 05:09:36,1,0,IDR,Sudah dibayar,268666.3
30474,1729677746703338071,7618460083239783186,19/03/2026 05:09:19,1,0,IDR,Sudah dibayar,267816.3
48434,1731418673451468163,7618460083239783186,19/03/2026 05:08:47,1,0,IDR,Sudah dibayar,139626.1
27374,1729677742968834647,7618460083239783186,19/03/2026 05:07:41,1,0,IDR,Sudah dibayar,218856.3
72467,1729677755464256087,7618460083239783186,19/03/2026 05:07:06,1,0,IDR,Sudah dibayar,194446.0
47297,1729677746703403607,7618460083239783186,19/03/2026 05:05:46,1,0,IDR,Sudah dibayar,267816.3
30912,1729677755464583767,7618460083239783186,19/03/2026 05:05:23,1,0,IDR,Sudah dibayar,202971.5
23313,1729677755464387159,7618460083239783186,19/03/2026 05:04:44,1,0,IDR,Sudah dibayar,226635.5
32933,1729677755464649303,7618460083239783186,19/03/2026 05:04:07,1,0,IDR,Sudah dibayar,202121.5
72077,1729677755464387159,7618460083239783186,19/03/2026 05:04:05,1,0,IDR,Sudah dibayar,199381.1
63583,1729677743141063255,7618460083239783186,19/03/2026 05:04:04,1,0,IDR,Sudah dibayar,246561.19999999998
24680,1729677758275947095,7618460083239783186,19/03/2026 05:03:55,1,0,IDR,Sudah dibayar,230608.4
73527,1729677742968834647,7618460083239783186,19/03/2026 05:02:57,1,0,IDR,Sudah dibayar,228650.0
96691,1730174772819953239,7618460083239783186,19/03/2026 05:02:37,1,0,IDR,Sudah dibayar,414494.85
86142,1729677755464518231,7618460083239783186,19/03/2026 05:02:03,1,0,IDR,Sudah dibayar,181296.5
88772,1731079464714798467,7618460083239783186,19/03/2026 05:01:49,1,0,IDR,Sudah dibayar,426275.0
31282,1731016355289269416,7618460083239783186,19/03/2026 05:01:15,1,0,IDR,Sudah dibayar,18028.5
62835,1729677759600101975,7618460083239783186,19/03/2026 04:59:58,1,0,IDR,Sudah dibayar,221787.94999999998
31250,1729677743140801111,7618460083239783186,19/03/2026 04:59:36,1,0,IDR,Sudah dibayar,258321.8
32362,1729677755464649303,7618460083239783186,19/03/2026 04:59:29,1,0,IDR,Sudah dibayar,197778.0
62526,1729677755464780375,7618460083239783186,19/03/2026 04:59:22,1,0,IDR,Sudah dibayar,202971.5
87662,1734650508941493635,7618460083239783186,19/03/2026 04:58:29,1,0,IDR,Sudah dibayar,241553.0
96021,1729677742104676951,7618460083239783186,19/03/2026 04:57:53,1,0,IDR,Sudah dibayar,267816.3
59872,1729677758275947095,7618460083239783186,19/03/2026 04:57:43,1,0,IDR,Sudah dibayar,199775.5
39745,1729677755464256087,7618460083239783186,19/03/2026 04:57:24,1,0,IDR,Sudah dibayar,197778.0
76787,1729677743140866647,7618460083239783186,19/03/2026 04:57:24,1,0,IDR,Sudah dibayar,265691.3
61532,1729677755464452695,7618460083239783186,19/03/2026 04:56:37,1,0,IDR,Sudah dibayar,191781.25
57111,1731622713472812631,7618460083239783186,19/03/2026 04:56:05,1,0,IDR,Sudah dibayar,492456.0
86290,1729677758275816023,7618460083239783186,19/03/2026 04:55:14,1,0,IDR,Sudah dibayar,202623.0
46356,1729677758276012631,7618460083239783186,19/03/2026 04:54:37,1,0,IDR,Sudah dibayar,236070.5
40426,1729677743141128791,7618460083239783186,19/03/2026 04:54:18,1,0,IDR,Sudah dibayar,267816.3
42460,1729677743140801111,7618460083239783186,19/03/2026 04:53:37,1,0,IDR,Sudah dibayar,268666.3
34066,1729677755464583767,7618460083239783186,19/03/2026 04:50:00,1,0,IDR,Sudah dibayar,184842.69999999998
99751,1729677758276012631,7618460083239783186,19/03/2026 04:49:58,1,0,IDR,Sudah dibayar,203821.5
87106,1730806636781274711,7618460083239783186,19/03/2026 04:49:40,1,0,IDR,Sudah dibayar,232906.8
34206,1729677755464518231,7618460083239783186,19/03/2026 04:49:31,1,0,IDR,Sudah dibayar,193997.19999999998
51771,1729677755464452695,7618460083239783186,19/03/2026 04:49:26,1,0,IDR,Sudah dibayar,202971.5
57553,1729677743140997719,7618460083239783186,19/03/2026 04:48:03,1,0,IDR,Sudah dibayar,281520.0
56615,1729677759600364119,7618460083239783186,19/03/2026 04:48:01,1,0,IDR,Sudah dibayar,191241.5
84817,1731079464715978115,7618460083239783186,19/03/2026 04:47:49,1,0,IDR,Sudah dibayar,425425.0
14437,1729677755464518231,7618460083239783186,19/03/2026 04:47:07,1,0,IDR,Sudah dibayar,186747.55
59876,1729677742968769111,7618460083239783186,19/03/2026 04:46:53,1,0,IDR,Sudah dibayar,214761.85
41033,1734650508941493635,7618460083239783186,19/03/2026 04:46:52,1,0,IDR,Sudah dibayar,242139.5
91621,1730706107471988311,7618460083239783186,19/03/2026 04:46:16,1,0,IDR,Sudah dibayar,461125.0
53320,1729677755464583767,7618460083239783186,19/03/2026 04:46:07,1,0,IDR,Sudah dibayar,202920.5
50392,1729677742104742487,7618460083239783186,19/03/2026 04:46:04,1,0,IDR,Sudah dibayar,278143.8
07708,1729677758276078167,7618460083239783186,19/03/2026 04:45:10,1,0,IDR,Sudah dibayar,236070.5
27642,1730806636781078103,7618460083239783186,19/03/2026 04:44:10,1,0,IDR,Sudah dibayar,232906.8
75077,1729677743140801111,7618460083239783186,19/03/2026 04:44:03,1,0,IDR,Sudah dibayar,260610.85
61533,1729677755464518231,7618460083239783186,19/03/2026 04:43:35,1,0,IDR,Sudah dibayar,203821.5
08714,1729677755464714839,7618460083239783186,19/03/2026 04:43:30,1,0,IDR,Sudah dibayar,189286.5
01058,1729677743140932183,7618460083239783186,19/03/2026 04:43:17,1,0,IDR,Sudah dibayar,266541.3
60887,1729677743140932183,7618460083239783186,19/03/2026 04:43:08,1,0,IDR,Sudah dibayar,254532.5
79796,1729677743140735575,7618460083239783186,19/03/2026 04:42:47,1,0,IDR,Sudah dibayar,261781.3
53236,1729677743140866647,7618460083239783186,19/03/2026 04:42:43,1,0,IDR,Sudah dibayar,267816.3
17592,1729677743140932183,7618460083239783186,19/03/2026 04:42:35,1,0,IDR,Sudah dibayar,260185.0
12142,1729677742105201239,7618460083239783186,19/03/2026 04:42:09,1,0,IDR,Sudah dibayar,246561.19999999998
42350,1729677758276143703,7618460083239783186,19/03/2026 04:42:06,1,0,IDR,Sudah dibayar,197778.0
65881,1729677755464452695,7618460083239783186,19/03/2026 04:42:02,1,0,IDR,Sudah dibayar,202971.5
77148,1731079464715322755,7618460083239783186,19/03/2026 04:41:44,1,0,IDR,Sudah dibayar,429679.25
54854,1729677746703403607,7618460083239783186,19/03/2026 04:41:41,1,0,IDR,Sudah dibayar,259760.85
41171,1729677743140801111,7618460083239783186,19/03/2026 04:41:22,1,0,IDR,Sudah dibayar,267816.3
10216,1731967978190898563,7618460083239783186,19/03/2026 04:40:20,1,0,IDR,Sudah dibayar,347274.3
92510,1734483831936681347,7618460083239783186,19/03/2026 04:39:33,1,0,IDR,Sudah dibayar,232034.69999999998
06107,1729677755464518231,7618460083239783186,19/03/2026 04:39:22,1,0,IDR,Sudah dibayar,202971.5
46574,1734650508941362563,7618460083239783186,19/03/2026 04:39:18,1,0,IDR,Sudah dibayar,248008.75
46726,1729677758275816023,7618460083239783186,19/03/2026 04:37:58,1,0,IDR,Sudah dibayar,199950.6
73655,1730806636781078103,7618460083239783186,19/03/2026 04:37:44,1,0,IDR,Sudah dibayar,229440.5
01669,1729677755464387159,7618460083239783186,19/03/2026 04:37:38,1,0,IDR,Sudah dibayar,202240.5
10514,1729677743140997719,7618460083239783186,19/03/2026 04:37:35,1,0,IDR,Sudah dibayar,300092.5
29899,1729677758275684951,7618460083239783186,19/03/2026 04:37:21,1,0,IDR,Sudah dibayar,196928.0
38596,1729677758275816023,7618460083239783186,19/03/2026 04:37:11,1,0,IDR,Sudah dibayar,203821.5
79455,1729677742968703575,7618460083239783186,19/03/2026 04:36:43,1,0,IDR,Sudah dibayar,216306.3
53775,1729677759600036439,7618460083239783186,19/03/2026 04:35:02,1,0,IDR,Sudah dibayar,206702.15
36697,1729677742104939095,7618460083239783186,19/03/2026 04:34:07,1,0,IDR,Sudah dibayar,267816.3
93102,1729677755464452695,7618460083239783186,19/03/2026 04:34:07,1,0,IDR,Sudah dibayar,190391.5
55761,1731079464714732931,7618460083239783186,19/03/2026 04:33:51,1,0,IDR,Sudah dibayar,430537.75
18632,1729677742968834647,7618460083239783186,19/03/2026 04:33:09,1,0,IDR,Sudah dibayar,208419.15
91776,1729677755464518231,7618460083239783186,19/03/2026 04:32:23,1,0,IDR,Sudah dibayar,196928.0
55826,1729677743140866647,7618460083239783186,19/03/2026 04:31:16,1,0,IDR,Sudah dibayar,240220.19999999998
97306,1729677758276143703,7618460083239783186,19/03/2026 04:30:48,1,0,IDR,Sudah dibayar,186856.35
42561,1729677759600233047,7618460083239783186,19/03/2026 04:30:29,1,0,IDR,Sudah dibayar,202971.5
19914,1729677743141194327,7618460083239783186,19/03/2026 04:30:27,1,0,IDR,Sudah dibayar,257446.3
81307,1729677755464583767,7618460083239783186,19/03/2026 04:28:17,1,0,IDR,Sudah dibayar,196996.0
55898,1729677758276143703,7618460083239783186,19/03/2026 04:27:55,1,0,IDR,Sudah dibayar,202971.5
69634,1729677758275816023,7618460083239783186,19/03/2026 04:27:13,1,0,IDR,Sudah dibayar,196928.0
68595,1729677743141063255,7618460083239783186,19/03/2026 04:26:35,1,0,IDR,Sudah dibayar,261122.55
02623,1729677758275947095,7618460083239783186,19/03/2026 04:26:31,1,0,IDR,Sudah dibayar,208998.0
07263,1729677746703534679,7618460083239783186,19/03/2026 04:26:14,1,0,IDR,Sudah dibayar,246561.19999999998
55467,1729677743140801111,7618460083239783186,19/03/2026 04:25:34,1,0,IDR,Sudah dibayar,267816.3
21952,1729677758276078167,7618460083239783186,19/03/2026 04:24:51,1,0,IDR,Sudah dibayar,198944.19999999998
18621,1729677743140866647,7618460083239783186,19/03/2026 04:24:36,1,0,IDR,Sudah dibayar,267816.3
69845,1729677747184437847,7618460083239783186,19/03/2026 04:24:15,1,0,IDR,Sudah dibayar,310675.0
44783,1731927306071934551,7618460083239783186,19/03/2026 04:23:10,1,0,IDR,Sudah dibayar,427125.0
80995,1729677755464452695,7618460083239783186,19/03/2026 04:22:02,1,0,IDR,Sudah dibayar,195664.9
86961,1729677758275750487,7618460083239783186,19/03/2026 04:21:18,1,0,IDR,Sudah dibayar,190068.5
13922,1729677758276143703,7618460083239783186,19/03/2026 04:21:07,1,0,IDR,Sudah dibayar,202971.5
28132,1729677742968703575,7618460083239783186,19/03/2026 04:20:13,1,0,IDR,Sudah dibayar,197055.5
16716,1729677758276209239,7618460083239783186,19/03/2026 04:19:44,1,0,IDR,Sudah dibayar,196928.0
78366,1729677755464649303,7618460083239783186,19/03/2026 04:18:59,1,0,IDR,Sudah dibayar,197948.0
17029,1729677755464452695,7618460083239783186,19/03/2026 04:18:46,1,0,IDR,Sudah dibayar,202971.5
14171,1729677755464714839,7618460083239783186,19/03/2026 04:18:14,1,0,IDR,Sudah dibayar,203821.5
90265,1729677758275947095,7618460083239783186,19/03/2026 04:18:12,1,0,IDR,Sudah dibayar,186856.35
43378,1729677758275684951,7618460083239783186,19/03/2026 04:18:06,1,0,IDR,Sudah dibayar,203277.5
86953,1729677746703469143,7618460083239783186,19/03/2026 04:18:05,1,0,IDR,Sudah dibayar,258381.3
55853,1729677747184503383,7618460083239783186,19/03/2026 04:17:51,1,0,IDR,Sudah dibayar,263831.5
99620,1729677746703403607,7618460083239783186,19/03/2026 04:17:36,1,0,IDR,Sudah dibayar,260931.3
42788,1731079464714798467,7618460083239783186,19/03/2026 04:16:01,1,0,IDR,Sudah dibayar,413576.0
33047,1729677758276012631,7618460083239783186,19/03/2026 04:15:52,1,0,IDR,Sudah dibayar,199049.6
94105,1731401493348451927,7618460083239783186,19/03/2026 04:15:48,1,0,IDR,Sudah dibayar,426275.0
54295,1729677755464387159,7618460083239783186,19/03/2026 04:15:13,1,0,IDR,Sudah dibayar,196928.0
17313,1729677758275816023,7618460083239783186,19/03/2026 04:14:50,1,0,IDR,Sudah dibayar,194678.9
72149,1729677743140932183,7618460083239783186,19/03/2026 04:14:45,1,0,IDR,Sudah dibayar,268666.3
91695,1730174743204038231,7618460083239783186,19/03/2026 04:14:36,1,0,IDR,Sudah dibayar,414840.8
31993,1729677758276078167,7618460083239783186,19/03/2026 04:14:30,1,0,IDR,Sudah dibayar,197021.5
23074,1729677743140932183,7618460083239783186,19/03/2026 04:13:52,1,0,IDR,Sudah dibayar,257591.65
56794,1729677755464583767,7618460083239783186,19/03/2026 04:12:27,1,0,IDR,Sudah dibayar,202971.5
49211,1729677743140801111,7618460083239783186,19/03/2026 04:10:24,1,0,IDR,Sudah dibayar,254532.5
35540,1729677758276143703,7618460083239783186,19/03/2026 04:09:15,1,0,IDR,Sudah dibayar,200079.8
05794,1731401465609619031,7618460083239783186,19/03/2026 04:08:42,1,0,IDR,Sudah dibayar,403699.0
98983,1729677758275947095,7618460083239783186,19/03/2026 04:08:28,1,0,IDR,Sudah dibayar,202971.5
45743,1734483831936943491,7618460083239783186,19/03/2026 04:07:45,1,0,IDR,Sudah dibayar,245779.19999999998
79987,1729677758276078167,7618460083239783186,19/03/2026 04:07:29,1,0,IDR,Sudah dibayar,196928.0
71778,1729677755464583767,7618460083239783186,19/03/2026 04:07:06,1,0,IDR,Sudah dibayar,194471.5
04491,1729677759600364119,7609299380075597064,19/03/2026 04:06:31,1,0,IDR,Sudah dibayar,272875.5
24407,1729677755464583767,7618460083239783186,19/03/2026 04:05:53,1,0,IDR,Sudah dibayar,191836.5
85991,1729677743141063255,7618460083239783186,19/03/2026 04:05:18,1,0,IDR,Sudah dibayar,260931.3
94202,1731967978190898563,7618460083239783186,19/03/2026 04:04:40,1,0,IDR,Sudah dibayar,337992.3
73228,1730706106318620247,7618460083239783186,19/03/2026 04:04:34,1,0,IDR,Sudah dibayar,461125.0
98045,1729677755464321623,7618460083239783186,19/03/2026 04:02:42,1,0,IDR,Sudah dibayar,202971.5
84525,1729677743140866647,7618460083239783186,19/03/2026 04:01:20,1,0,IDR,Sudah dibayar,229842.55
58963,1729677758276012631,7618460083239783186,19/03/2026 04:01:09,1,0,IDR,Sudah dibayar,204756.5
75186,1729677743141128791,7618460083239783186,19/03/2026 03:59:32,1,0,IDR,Sudah dibayar,260966.15
25554,1729677758276209239,7618460083239783186,19/03/2026 03:58:36,1,0,IDR,Sudah dibayar,230472.4
92485,1731308725958116739,7618460083239783186,19/03/2026 03:57:16,1,0,IDR,Sudah dibayar,464877.75
75740,1729677742105004631,7618460083239783186,19/03/2026 03:57:13,1,0,IDR,Sudah dibayar,280141.3
76672,1729677742968769111,7618460083239783186,19/03/2026 03:57:09,1,0,IDR,Sudah dibayar,218006.3
24951,1729677742104873559,7618460083239783186,19/03/2026 03:56:46,1,0,IDR,Sudah dibayar,261129.35
01935,1729677758276209239,7618460083239783186,19/03/2026 03:54:14,1,0,IDR,Sudah dibayar,232585.5
04302,1729677743140932183,7618460083239783186,19/03/2026 03:52:48,1,0,IDR,Sudah dibayar,250124.4
48443,1734483831936943491,7618460083239783186,19/03/2026 03:50:34,1,0,IDR,Sudah dibayar,291295.0
21753,1729677759600364119,7618460083239783186,19/03/2026 03:50:06,1,0,IDR,Sudah dibayar,203821.5
79879,1731927306072000087,7618460083239783186,19/03/2026 03:47:39,1,0,IDR,Sudah dibayar,413576.0
37574,1729677758276012631,7618460083239783186,19/03/2026 03:46:56,1,0,IDR,Sudah dibayar,196928.0
72820,1729677742104808023,7618460083239783186,19/03/2026 03:46:50,1,0,IDR,Sudah dibayar,261755.8
68106,1734650508941493635,7618460083239783186,19/03/2026 03:44:45,1,0,IDR,Sudah dibayar,238027.19999999998
37034,1731927306072196695,7618460083239783186,19/03/2026 03:44:45,1,0,IDR,Sudah dibayar,407847.85
94931,1729677759600429655,7618460083239783186,19/03/2026 03:44:06,1,0,IDR,Sudah dibayar,196928.0
53211,1729677746703403607,7618460083239783186,19/03/2026 03:43:48,1,0,IDR,Sudah dibayar,262304.05
42715,1729677758276078167,7618460083239783186,19/03/2026 03:42:40,1,0,IDR,Sudah dibayar,190997.55
69392,1729677759600167511,7618460083239783186,19/03/2026 03:41:41,1,0,IDR,Sudah dibayar,215354.3
72017,1729677755464518231,7618460083239783186,19/03/2026 03:40:42,1,0,IDR,Sudah dibayar,181254.85
72017,1729677755464452695,7618460083239783186,19/03/2026 03:40:42,1,0,IDR,Sudah dibayar,181254.0
63990,1729677755464583767,7618460083239783186,19/03/2026 03:38:47,1,0,IDR,Sudah dibayar,186856.35
56764,1729677759600626263,7618460083239783186,19/03/2026 03:37:56,1,0,IDR,Sudah dibayar,203821.5
67070,1729677759600364119,7618460083239783186,19/03/2026 03:36:41,1,0,IDR,Sudah dibayar,197778.0
73492,1731927306071672407,7618460083239783186,19/03/2026 03:36:22,1,0,IDR,Sudah dibayar,421896.64999999997
84751,1731308725957985667,7618460083239783186,19/03/2026 03:34:26,1,0,IDR,Sudah dibayar,449063.5
47110,1729677742968834647,7618460083239783186,19/03/2026 03:32:33,1,0,IDR,Sudah dibayar,211432.4
25239,1729677743140866647,7618460083239783186,19/03/2026 03:29:54,1,0,IDR,Sudah dibayar,239143.25
27117,1729677758276078167,7618460083239783186,19/03/2026 03:28:48,1,0,IDR,Sudah dibayar,202971.5
93252,1729677743140670039,7618460083239783186,19/03/2026 03:26:47,1,0,IDR,Sudah dibayar,267816.3
78594,1729677747184503383,7618460083239783186,19/03/2026 03:25:32,1,0,IDR,Sudah dibayar,293853.5
88689,1729677758276143703,7618460083239783186,19/03/2026 03:24:45,1,0,IDR,Sudah dibayar,203821.5
80925,1729677759600101975,7618460083239783186,19/03/2026 03:24:28,1,0,IDR,Sudah dibayar,203354.0
80925,1729677755464321623,7618460083239783186,19/03/2026 03:24:28,1,0,IDR,Sudah dibayar,203354.0
24027,1730121322703455619,7618460083239783186,19/03/2026 03:24:26,1,0,IDR,Sudah dibayar,278627.45
68929,1729677758275881559,7618460083239783186,19/03/2026 03:24:01,1,0,IDR,Sudah dibayar,185897.55
20051,1729677743140997719,7618460083239783186,19/03/2026 03:23:57,1,0,IDR,Sudah dibayar,260183.3
13283,1729677747184503383,7618460083239783186,19/03/2026 03:22:23,1,0,IDR,Sudah dibayar,314075.0
98170,1729677758276012631,7618460083239783186,19/03/2026 03:19:38,1,0,IDR,Sudah dibayar,186856.35
78766,1729677743140997719,7618460083239783186,19/03/2026 03:18:17,1,0,IDR,Sudah dibayar,233816.3
98274,1729677759600233047,7618460083239783186,19/03/2026 03:18:09,1,0,IDR,Sudah dibayar,179766.5
54628,1729677755464649303,7618460083239783186,19/03/2026 03:17:47,1,0,IDR,Sudah dibayar,202793.0
61174,1729677759600101975,7618460083239783186,19/03/2026 03:17:24,1,0,IDR,Sudah dibayar,184178.0
67165,1731967978190833027,7618460083239783186,19/03/2026 03:17:13,1,0,IDR,Sudah dibayar,319850.75
69605,1729677759600429655,7618460083239783186,19/03/2026 03:16:51,1,0,IDR,Sudah dibayar,197778.0
99073,1729677758276274775,7618460083239783186,19/03/2026 03:16:43,1,0,IDR,Sudah dibayar,186856.35
25769,1729677755464321623,7618460083239783186,19/03/2026 03:15:12,1,0,IDR,Sudah dibayar,203821.5
12677,1729677742968769111,7618460083239783186,19/03/2026 03:15:02,1,0,IDR,Sudah dibayar,218509.5
30399,1734650508941362563,7618460083239783186,19/03/2026 03:14:15,1,0,IDR,Sudah dibayar,248956.5
75598,1729677743140932183,7618460083239783186,19/03/2026 03:13:48,1,0,IDR,Sudah dibayar,283056.8
20321,1729677743140866647,7618460083239783186,19/03/2026 03:13:01,1,0,IDR,Sudah dibayar,268666.3
45181,1729677759600298583,7618460083239783186,19/03/2026 03:11:49,1,0,IDR,Sudah dibayar,219657.0
45181,1729677759600233047,7618460083239783186,19/03/2026 03:11:49,1,0,IDR,Sudah dibayar,219654.44999999998
45181,1729677755464452695,7618460083239783186,19/03/2026 03:11:49,1,0,IDR,Sudah dibayar,218586.85
45181,1729677755464387159,7618460083239783186,19/03/2026 03:11:49,1,0,IDR,Sudah dibayar,218586.0
45181,1729677742104873559,7618460083239783186,19/03/2026 03:11:49,1,0,IDR,Sudah dibayar,292767.2
19504,1730706106318751319,7618460083239783186,19/03/2026 03:11:39,1,0,IDR,Sudah dibayar,449723.1
42162,1729677759600298583,7618460083239783186,19/03/2026 03:10:01,1,0,IDR,Sudah dibayar,202971.5
92431,1729677758275947095,7618460083239783186,19/03/2026 03:07:24,1,0,IDR,Sudah dibayar,235140.6
98211,1729677759600298583,7618460083239783186,19/03/2026 03:06:43,1,0,IDR,Sudah dibayar,243632.1
49512,1729677755464452695,7618460083239783186,19/03/2026 03:02:29,1,0,IDR,Sudah dibayar,222258.0
47200,1731927306071803479,7618460083239783186,19/03/2026 02:55:55,1,0,IDR,Sudah dibayar,419475.0
59769,1734650508941493635,7618460083239783186,19/03/2026 02:55:47,1,0,IDR,Sudah dibayar,242020.5
94232,1729677742968703575,7618460083239783186,19/03/2026 02:55:14,1,0,IDR,Sudah dibayar,212282.4
14617,1730174772502955607,7618460083239783186,19/03/2026 02:52:02,1,0,IDR,Sudah dibayar,426275.0
89105,1729677755464518231,7618460083239783186,19/03/2026 02:51:39,1,0,IDR,Sudah dibayar,197778.0
17035,1729677743140932183,7618460083239783186,19/03/2026 02:49:46,1,0,IDR,Sudah dibayar,269911.55
28413,1729677755464452695,7618460083239783186,19/03/2026 02:49:14,1,0,IDR,Sudah dibayar,187709.75
40188,1729677742968769111,7618460083239783186,19/03/2026 02:48:59,1,0,IDR,Sudah dibayar,218856.3
78832,1729677755464256087,7618460083239783186,19/03/2026 02:48:35,1,0,IDR,Sudah dibayar,188227.4
11341,1729677758275816023,7618460083239783186,19/03/2026 02:46:16,1,0,IDR,Sudah dibayar,196928.0
54079,1729677746703338071,7618460083239783186,19/03/2026 02:44:42,1,0,IDR,Sudah dibayar,247010.85
26180,1729677755464583767,7618460083239783186,19/03/2026 02:41:14,1,0,IDR,Sudah dibayar,182670.94999999998
22892,1729677742968834647,7618460083239783186,19/03/2026 02:40:52,1,0,IDR,Sudah dibayar,218856.3
03032,1729677743140866647,7618460083239783186,19/03/2026 02:40:45,1,0,IDR,Sudah dibayar,254365.9
27755,1729677742104873559,7618460083239783186,19/03/2026 02:35:15,1,0,IDR,Sudah dibayar,259760.85
80812,1731927306072131159,7618460083239783186,19/03/2026 02:35:15,1,0,IDR,Sudah dibayar,419925.5
25750,1729677743140997719,7618460083239783186,19/03/2026 02:33:46,1,0,IDR,Sudah dibayar,230579.5
36391,1729677755464649303,7618460083239783186,19/03/2026 02:33:45,1,0,IDR,Sudah dibayar,203821.5
00214,1729677758276143703,7618460083239783186,19/03/2026 02:33:42,1,0,IDR,Sudah dibayar,203906.5
44246,1729677758276078167,7618460083239783186,19/03/2026 02:32:32,1,0,IDR,Sudah dibayar,245480.0
66119,1729677755464452695,7618460083239783186,19/03/2026 02:32:00,1,0,IDR,Sudah dibayar,197778.0
39759,1729677755464649303,7618460083239783186,19/03/2026 02:30:58,1,0,IDR,Sudah dibayar,197778.0
74468,1729677755464583767,7618460083239783186,19/03/2026 02:29:39,1,0,IDR,Sudah dibayar,191811.0
24792,1729677758275881559,7618460083239783186,19/03/2026 02:27:33,1,0,IDR,Sudah dibayar,199950.6
34206,1729677758276078167,7618460083239783186,19/03/2026 02:25:31,1,0,IDR,Sudah dibayar,198956.94999999998
95305,1729677743140997719,7618460083239783186,19/03/2026 02:23:06,1,0,IDR,Sudah dibayar,261781.3
23752,1729677742105070167,7618460083239783186,19/03/2026 02:21:26,1,0,IDR,Sudah dibayar,259941.05
86092,1729677742105201239,7618460083239783186,19/03/2026 02:20:18,1,0,IDR,Sudah dibayar,353438.5
38874,1729677758275881559,7618460083239783186,19/03/2026 02:19:52,1,0,IDR,Sudah dibayar,228959.4
61940,1729677743140932183,7618460083239783186,19/03/2026 02:19:29,1,0,IDR,Sudah dibayar,267816.3
06278,1729677743140997719,7618460083239783186,19/03/2026 02:19:29,1,0,IDR,Sudah dibayar,265691.3
90135,1731308725958116739,7618460083239783186,19/03/2026 02:19:22,1,0,IDR,Sudah dibayar,423691.0
56496,1730706106318685783,7618460083239783186,19/03/2026 02:16:20,1,0,IDR,Sudah dibayar,460275.0
77490,1729677755464321623,7618460083239783186,19/03/2026 02:16:15,1,0,IDR,Sudah dibayar,202971.5
41074,1729677743141063255,7618460083239783186,19/03/2026 02:16:06,1,0,IDR,Sudah dibayar,267816.3
03578,1731308725957920131,7618460083239783186,19/03/2026 02:15:05,1,0,IDR,Sudah dibayar,458394.8
01918,1729677743141063255,7618460083239783186,19/03/2026 02:12:04,1,0,IDR,Sudah dibayar,263561.2
00737,1731298803851101571,7618460083239783186,19/03/2026 02:11:51,1,0,IDR,Sudah dibayar,171578.44999999998
36537,1729677743140932183,7618460083239783186,19/03/2026 02:11:50,1,0,IDR,Sudah dibayar,258381.3
89876,1734650508941428099,7618460083239783186,19/03/2026 02:10:02,1,0,IDR,Sudah dibayar,250724.5
55080,1730706106318751319,7618460083239783186,19/03/2026 02:06:35,1,0,IDR,Sudah dibayar,451979.0
64400,1729677740302699095,7618460083239783186,19/03/2026 02:06:27,1,0,IDR,Sudah dibayar,211432.4
28466,1729677758276078167,7618460083239783186,19/03/2026 02:05:21,1,0,IDR,Sudah dibayar,196928.0
02831,1729677740302699095,7618460083239783186,19/03/2026 02:05:10,1,0,IDR,Sudah dibayar,212217.8
83663,1729677742105070167,7618460083239783186,19/03/2026 02:04:13,1,0,IDR,Sudah dibayar,268666.3
62921,1730868728727570007,7618460083239783186,19/03/2026 02:04:08,1,0,IDR,Sudah dibayar,423691.0
82910,1729677746703403607,7618460083239783186,19/03/2026 01:59:32,1,0,IDR,Sudah dibayar,268666.3
45610,1730706088342947415,7618460083239783186,19/03/2026 01:59:07,1,0,IDR,Sudah dibayar,447525.0
67879,1729677758275947095,7618460083239783186,19/03/2026 01:58:56,1,0,IDR,Sudah dibayar,202971.5
52392,1729561361792992855,7618460083239783186,19/03/2026 01:58:11,1,0,IDR,Sudah dibayar,411097.39999999997
25170,1729677755464518231,7618460083239783186,19/03/2026 01:56:41,1,0,IDR,Sudah dibayar,186856.35
38311,1729677755464452695,7618460083239783186,19/03/2026 01:56:24,1,0,IDR,Sudah dibayar,203821.5
06270,1729677742105004631,7618460083239783186,19/03/2026 01:55:50,1,0,IDR,Sudah dibayar,258570.85
24275,1729677746703403607,7618460083239783186,19/03/2026 01:55:01,1,0,IDR,Sudah dibayar,264973.05
44402,1731308725957920131,7618460083239783186,19/03/2026 01:53:45,1,0,IDR,Sudah dibayar,461975.0
17121,1729628808088356439,7618460083239783186,19/03/2026 01:53:03,1,0,IDR,Sudah dibayar,286688.85
12835,1729677743140932183,7618460083239783186,19/03/2026 01:52:46,1,0,IDR,Sudah dibayar,258570.85
43512,1729677746703469143,7618460083239783186,19/03/2026 01:52:41,1,0,IDR,Sudah dibayar,263831.5
24832,1729677759600298583,7618460083239783186,19/03/2026 01:51:58,1,0,IDR,Sudah dibayar,203821.5
04739,1729677755464714839,7618460083239783186,19/03/2026 01:51:52,1,0,IDR,Sudah dibayar,162928.0
37333,1729677758275816023,7618460083239783186,19/03/2026 01:51:25,1,0,IDR,Sudah dibayar,203821.5
98941,1729677742968769111,7618460083239783186,19/03/2026 01:50:47,1,0,IDR,Sudah dibayar,216778.05
69142,1731308689765401987,7618460083239783186,19/03/2026 01:50:44,1,0,IDR,Sudah dibayar,445731.5
59624,1729677742968769111,7618460083239783186,19/03/2026 01:44:49,1,0,IDR,Sudah dibayar,213068.65
02263,1729677758275881559,7618460083239783186,19/03/2026 01:43:42,1,0,IDR,Sudah dibayar,212406.5
78003,1729677743140997719,7618460083239783186,19/03/2026 01:43:34,1,0,IDR,Sudah dibayar,267816.3
07671,1729677743140997719,7618460083239783186,19/03/2026 01:42:02,1,0,IDR,Sudah dibayar,267816.3
87044,1729677758275816023,7618460083239783186,19/03/2026 01:40:28,1,0,IDR,Sudah dibayar,202971.5
83639,1729677758276274775,7618460083239783186,19/03/2026 01:38:19,1,0,IDR,Sudah dibayar,232585.5
61530,1729677743140866647,7618460083239783186,19/03/2026 01:37:43,1,0,IDR,Sudah dibayar,268666.3
47357,1731079464714667395,7618460083239783186,19/03/2026 01:37:22,1,0,IDR,Sudah dibayar,511275.0
80005,1729677743140866647,7618460083239783186,19/03/2026 01:36:56,1,0,IDR,Sudah dibayar,268666.3
12091,1731967978190833027,7618460083239783186,19/03/2026 01:35:21,1,0,IDR,Sudah dibayar,337966.8
97439,1729677759600233047,7618460083239783186,19/03/2026 01:34:56,1,0,IDR,Sudah dibayar,188898.9
03994,1729677743140801111,7618460083239783186,19/03/2026 01:30:50,1,0,IDR,Sudah dibayar,262882.05
57626,1729677746703338071,7618460083239783186,19/03/2026 01:30:33,1,0,IDR,Sudah dibayar,267765.3
79343,1731308725957854595,7618460083239783186,19/03/2026 01:28:47,1,0,IDR,Sudah dibayar,477755.25
05248,1729677743141128791,7618460083239783186,19/03/2026 01:28:19,1,0,IDR,Sudah dibayar,268666.3
46838,1729677755464321623,7618460083239783186,19/03/2026 01:27:27,1,0,IDR,Sudah dibayar,201441.5
42642,1731079464714601859,7618460083239783186,19/03/2026 01:26:43,1,0,IDR,Sudah dibayar,424626.85
38997,1729677742105004631,7618460083239783186,19/03/2026 01:25:56,1,0,IDR,Sudah dibayar,261781.3
99024,1729677743140866647,7618460083239783186,19/03/2026 01:23:28,1,0,IDR,Sudah dibayar,259760.85
33321,1730806636780881495,7618460083239783186,19/03/2026 01:20:42,1,0,IDR,Sudah dibayar,225973.35
06513,1729677758276078167,7618460083239783186,19/03/2026 01:20:20,1,0,IDR,Sudah dibayar,186824.9
40995,1729562551000073603,7618460083239783186,19/03/2026 01:20:16,1,0,IDR,Sudah dibayar,212004.44999999998
59808,1729677755464780375,7618460083239783186,19/03/2026 01:19:32,1,0,IDR,Sudah dibayar,202971.5
75065,1729677758276143703,7618460083239783186,19/03/2026 01:18:27,1,0,IDR,Sudah dibayar,190221.5
57070,1729677742105004631,7618460083239783186,19/03/2026 01:17:51,1,0,IDR,Sudah dibayar,246561.19999999998
55655,1729677743140801111,7618460083239783186,19/03/2026 01:17:35,1,0,IDR,Sudah dibayar,235933.65
47146,1729677743140866647,7618460083239783186,19/03/2026 01:17:01,1,0,IDR,Sudah dibayar,261781.3
30934,1729677755464452695,7618460083239783186,19/03/2026 01:16:33,1,0,IDR,Sudah dibayar,186711.0
14172,1731927306071869015,7618460083239783186,19/03/2026 01:15:47,1,0,IDR,Sudah dibayar,427125.0
11630,1729677758276078167,7618460083239783186,19/03/2026 01:14:51,1,0,IDR,Sudah dibayar,111928.0
14964,1731927306071737943,7618460083239783186,19/03/2026 01:13:49,1,0,IDR,Sudah dibayar,410550.0
52122,1729677755464452695,7618460083239783186,19/03/2026 01:13:00,1,0,IDR,Sudah dibayar,193749.0
19368,1729677755464452695,7618460083239783186,19/03/2026 01:12:41,1,0,IDR,Sudah dibayar,236833.8
43783,1729677740302699095,7618460083239783186,19/03/2026 01:12:40,1,0,IDR,Sudah dibayar,218006.3
17547,1729677742968834647,7618460083239783186,19/03/2026 01:11:56,1,0,IDR,Sudah dibayar,198682.4
39608,1729677746703469143,7618460083239783186,19/03/2026 01:10:35,1,0,IDR,Sudah dibayar,260625.3
28520,1729677746703469143,7618460083239783186,19/03/2026 01:10:20,1,0,IDR,Sudah dibayar,255066.3
51220,1729677758276012631,7618460083239783186,19/03/2026 01:07:33,1,0,IDR,Sudah dibayar,200835.44999999998
77993,1731308689765401987,7618460083239783186,19/03/2026 01:06:41,1,0,IDR,Sudah dibayar,450231.39999999997
23639,1729677755464583767,7618460083239783186,19/03/2026 01:04:15,1,0,IDR,Sudah dibayar,197778.0
64400,1729677755464649303,7618460083239783186,19/03/2026 01:04:15,1,0,IDR,Sudah dibayar,193997.19999999998
13995,1729677755464387159,7618460083239783186,19/03/2026 01:03:17,1,0,IDR,Sudah dibayar,197778.0
71831,1729677743141063255,7618460083239783186,19/03/2026 01:03:15,1,0,IDR,Sudah dibayar,267816.3
92897,1729677742968834647,7618460083239783186,19/03/2026 01:02:17,1,0,IDR,Sudah dibayar,212709.1
62917,1730651001345574487,7618460083239783186,19/03/2026 01:02:16,1,0,IDR,Sudah dibayar,422237.5
24535,1729677759600495191,7618460083239783186,19/03/2026 01:01:42,1,0,IDR,Sudah dibayar,207213.0
33666,1729677743140997719,7618460083239783186,19/03/2026 01:01:19,1,0,IDR,Sudah dibayar,246561.19999999998
30747,1729677743140735575,7618460083239783186,19/03/2026 01:00:34,1,0,IDR,Sudah dibayar,235933.65
76087,1729677743140866647,7618460083239783186,19/03/2026 01:00:12,1,0,IDR,Sudah dibayar,266550.64999999997
98891,1729561361937303127,7606033203224251666,19/03/2026 00:59:58,1,0,IDR,Sudah dibayar,442425.0
41252,1734650508941493635,7618460083239783186,19/03/2026 00:59:39,1,0,IDR,Sudah dibayar,259819.5
45672,1729677743140932183,7618460083239783186,19/03/2026 00:59:01,1,0,IDR,Sudah dibayar,260610.85
49123,1729677758276012631,7618460083239783186,19/03/2026 00:57:23,1,0,IDR,Sudah dibayar,203821.5
15034,1729677755464452695,7618460083239783186,19/03/2026 00:56:33,1,0,IDR,Sudah dibayar,193375.0
52200,1731622765730301527,7618460083239783186,19/03/2026 00:56:20,1,0,IDR,Sudah dibayar,461125.0
44950,1729677746703338071,7618460083239783186,19/03/2026 00:55:31,1,0,IDR,Sudah dibayar,267790.8
83190,1729677755464518231,7618460083239783186,19/03/2026 00:53:52,1,0,IDR,Sudah dibayar,193997.19999999998
62978,1731308689765336451,7618460083239783186,19/03/2026 00:53:04,1,0,IDR,Sudah dibayar,501075.0
83757,1729677747184372311,7618460083239783186,19/03/2026 00:52:16,1,0,IDR,Sudah dibayar,261781.3
02581,1729677755464452695,7618460083239783186,19/03/2026 00:51:29,1,0,IDR,Sudah dibayar,199950.6
28171,1729677747184437847,7618460083239783186,19/03/2026 00:51:25,1,0,IDR,Sudah dibayar,246561.19999999998
90964,1729677746703469143,7618460083239783186,19/03/2026 00:51:01,1,0,IDR,Sudah dibayar,234859.25
98531,1729677758276209239,7618460083239783186,19/03/2026 00:50:45,1,0,IDR,Sudah dibayar,196928.0
34904,1729677746703338071,7618460083239783186,19/03/2026 00:49:03,1,0,IDR,Sudah dibayar,267816.3
92518,1730706088343012951,7618460083239783186,19/03/2026 00:48:51,1,0,IDR,Sudah dibayar,447100.0
17938,1729677755464649303,7618460083239783186,19/03/2026 00:48:23,1,0,IDR,Sudah dibayar,169923.5
51729,1729562551000728963,7618460083239783186,19/03/2026 00:48:14,1,0,IDR,Sudah dibayar,215187.69999999998
77048,1729677743140866647,7618460083239783186,19/03/2026 00:48:13,1,0,IDR,Sudah dibayar,280816.2
62096,1729677743140801111,7618460083239783186,19/03/2026 00:46:59,1,0,IDR,Sudah dibayar,266072.95
13561,1729677755464452695,7618460083239783186,19/03/2026 00:45:56,1,0,IDR,Sudah dibayar,192941.5
36868,1729677759600101975,7618460083239783186,19/03/2026 00:45:50,1,0,IDR,Sudah dibayar,234862.65
56571,1729677755464583767,7618460083239783186,19/03/2026 00:45:41,1,0,IDR,Sudah dibayar,203821.5
62908,1731079464714536323,7618460083239783186,19/03/2026 00:45:37,1,0,IDR,Sudah dibayar,426275.0
11154,1729677758276143703,7618460083239783186,19/03/2026 00:45:37,1,0,IDR,Sudah dibayar,202971.5
00919,1729677755464583767,7618460083239783186,19/03/2026 00:45:26,1,0,IDR,Sudah dibayar,186856.35
28518,1729677743140932183,7618460083239783186,19/03/2026 00:44:14,1,0,IDR,Sudah dibayar,246561.19999999998
01080,1729677755464452695,7618460083239783186,19/03/2026 00:43:55,1,0,IDR,Sudah dibayar,197778.0
99714,1729677755464649303,7618460083239783186,19/03/2026 00:41:55,1,0,IDR,Sudah dibayar,170987.69999999998
18465,1730174743204169303,7618460083239783186,19/03/2026 00:41:27,1,0,IDR,Sudah dibayar,418319.0
16732,1729677747184503383,7618460083239783186,19/03/2026 00:41:13,1,0,IDR,Sudah dibayar,252116.8
43172,1731298803850904963,7618460083239783186,19/03/2026 00:41:09,1,0,IDR,Sudah dibayar,194001.44999999998
90340,1731079464714798467,7618460083239783186,19/03/2026 00:39:46,1,0,IDR,Sudah dibayar,419377.25
23168,1729677742104873559,7618460083239783186,19/03/2026 00:39:37,1,0,IDR,Sudah dibayar,323491.3
95837,1729677746703403607,7618460083239783186,19/03/2026 00:39:25,1,0,IDR,Sudah dibayar,288320.0
17644,1729677755464321623,7618460083239783186,19/03/2026 00:38:51,1,0,IDR,Sudah dibayar,244791.5
11323,1729677755464583767,7618460083239783186,19/03/2026 00:38:11,1,0,IDR,Sudah dibayar,197778.0
73626,1729677742104611415,7618460083239783186,19/03/2026 00:38:08,1,0,IDR,Sudah dibayar,260610.85
26003,1730174772820084311,7618460083239783186,19/03/2026 00:37:13,1,0,IDR,Sudah dibayar,404175.0
27827,1734650508941493635,7618460083239783186,19/03/2026 00:34:56,1,0,IDR,Sudah dibayar,216819.69999999998
48581,1729677743141063255,7618460083239783186,19/03/2026 00:31:32,1,0,IDR,Sudah dibayar,263831.5
54412,1729677747184503383,7618460083239783186,19/03/2026 00:31:27,1,0,IDR,Sudah dibayar,236710.55
01838,1729677746703403607,7618460083239783186,19/03/2026 00:30:28,1,0,IDR,Sudah dibayar,251470.8
74527,1729677759600429655,7618460083239783186,19/03/2026 00:30:21,1,0,IDR,Sudah dibayar,203821.5
93546,1729677742105004631,7618460083239783186,19/03/2026 00:29:03,1,0,IDR,Sudah dibayar,286601.3
88342,1729677743140932183,7618460083239783186,19/03/2026 00:28:56,1,0,IDR,Sudah dibayar,266541.3
73277,1729677742104873559,7618460083239783186,19/03/2026 00:28:22,1,0,IDR,Sudah dibayar,267816.3
12783,1729677758276012631,7618460083239783186,19/03/2026 00:27:58,1,0,IDR,Sudah dibayar,199534.94999999998
24272,1729677743140997719,7618460083239783186,19/03/2026 00:27:11,1,0,IDR,Sudah dibayar,237405.85
19051,1729677755464583767,7618460083239783186,19/03/2026 00:27:09,1,0,IDR,Sudah dibayar,197778.0
62694,1729677743140997719,7618460083239783186,19/03/2026 00:27:08,1,0,IDR,Sudah dibayar,265160.05
41868,1729677742968834647,7618460083239783186,19/03/2026 00:25:05,1,0,IDR,Sudah dibayar,218856.3
81308,1731308725957854595,7618460083239783186,19/03/2026 00:24:35,1,0,IDR,Sudah dibayar,460164.5
73409,1730651001345508951,7618460083239783186,19/03/2026 00:23:33,1,0,IDR,Sudah dibayar,416035.89999999997
32228,1729677759600298583,7618460083239783186,19/03/2026 00:23:31,1,0,IDR,Sudah dibayar,225659.69999999998
52495,1729677742105004631,7618460083239783186,19/03/2026 00:23:05,1,0,IDR,Sudah dibayar,263474.5
46653,1729677743140866647,7618460083239783186,19/03/2026 00:22:24,1,0,IDR,Sudah dibayar,260610.85
33162,1729677758276143703,7618460083239783186,19/03/2026 00:22:13,1,0,IDR,Sudah dibayar,178118.35
14896,1729677742105135703,7618460083239783186,19/03/2026 00:21:40,1,0,IDR,Sudah dibayar,266107.8
47299,1729677747184437847,7618460083239783186,19/03/2026 00:20:10,1,0,IDR,Sudah dibayar,266381.5
43555,1729677755464583767,7618460083239783186,19/03/2026 00:19:44,1,0,IDR,Sudah dibayar,202028.0
62468,1729677743140735575,7618460083239783186,19/03/2026 00:19:03,1,0,IDR,Sudah dibayar,241003.9
28027,1729677758275947095,7618460083239783186,19/03/2026 00:18:17,1,0,IDR,Sudah dibayar,200957.85
51819,1729677755464518231,7618460083239783186,19/03/2026 00:17:39,1,0,IDR,Sudah dibayar,197778.0
21139,1731308725957985667,7618460083239783186,19/03/2026 00:17:06,1,0,IDR,Sudah dibayar,478613.75
85734,1729677755464387159,7618460083239783186,19/03/2026 00:16:42,1,0,IDR,Sudah dibayar,197778.0
48501,1729677746703338071,7618460083239783186,19/03/2026 00:16:41,1,0,IDR,Sudah dibayar,268666.3
67274,1729677743140932183,7618460083239783186,19/03/2026 00:16:25,1,0,IDR,Sudah dibayar,282370.0
28639,1734483831936943491,7618460083239783186,19/03/2026 00:16:01,1,0,IDR,Sudah dibayar,244103.0
23205,1729677755464321623,7618460083239783186,19/03/2026 00:15:51,1,0,IDR,Sudah dibayar,225601.9
01461,1731308725958051203,7618460083239783186,19/03/2026 00:14:26,1,0,IDR,Sudah dibayar,516387.75
80054,1729677758276078167,7618460083239783186,19/03/2026 00:12:25,1,0,IDR,Sudah dibayar,203821.5
98426,1729677758275947095,7618460083239783186,19/03/2026 00:12:16,1,0,IDR,Sudah dibayar,204756.5
68836,1731927306072000087,7618460083239783186,19/03/2026 00:10:55,1,0,IDR,Sudah dibayar,417775.0
55472,1729677759600298583,7618460083239783186,19/03/2026 00:10:48,1,0,IDR,Sudah dibayar,197267.15
40496,1734483831936681347,7618460083239783186,19/03/2026 00:10:25,1,0,IDR,Sudah dibayar,245803.0
02382,1729677742968834647,7618460083239783186,19/03/2026 00:09:54,1,0,IDR,Sudah dibayar,220131.3
52904,1731308725957920131,7618460083239783186,19/03/2026 00:09:53,1,0,IDR,Sudah dibayar,457007.6
63297,1729677734993234519,7618460083239783186,19/03/2026 00:09:47,1,0,IDR,Sudah dibayar,302050.05
52719,1730806636781143639,7618460083239783186,19/03/2026 00:09:43,1,0,IDR,Sudah dibayar,226823.35
55384,1729677743140735575,7618460083239783186,19/03/2026 00:08:44,1,0,IDR,Sudah dibayar,267816.3
73559,1730651001345705559,7618460083239783186,19/03/2026 00:08:19,1,0,IDR,Sudah dibayar,372515.89999999997
65227,1730806636781078103,7618460083239783186,19/03/2026 00:07:54,1,0,IDR,Sudah dibayar,229440.5
90158,1729677758276012631,7618460083239783186,19/03/2026 00:07:53,1,0,IDR,Sudah dibayar,205606.5
88349,1729677759600101975,7618460083239783186,19/03/2026 00:07:50,1,0,IDR,Sudah dibayar,197778.0
46139,1731967978190833027,7618460083239783186,19/03/2026 00:07:34,1,0,IDR,Sudah dibayar,348154.05
83524,1729677742968834647,7618460083239783186,19/03/2026 00:07:08,1,0,IDR,Sudah dibayar,218006.3
66573,1729677758275947095,7618460083239783186,19/03/2026 00:06:36,1,0,IDR,Sudah dibayar,202971.5
83569,1729677759600233047,7618460083239783186,19/03/2026 00:06:30,1,0,IDR,Sudah dibayar,191094.44999999998
99137,1729677758275947095,7618460083239783186,19/03/2026 00:06:24,1,0,IDR,Sudah dibayar,202971.5
04155,1729677755464518231,7618460083239783186,19/03/2026 00:06:23,1,0,IDR,Sudah dibayar,190221.5
69313,1729677742968834647,7618460083239783186,19/03/2026 00:06:14,1,0,IDR,Sudah dibayar,218006.3
38930,1729677743140801111,7618460083239783186,19/03/2026 00:06:02,1,0,IDR,Sudah dibayar,251875.4
17231,1729677758276078167,7618460083239783186,19/03/2026 00:05:55,1,0,IDR,Sudah dibayar,197778.0
68289,1729677755464321623,7618460083239783186,19/03/2026 00:05:48,1,0,IDR,Sudah dibayar,202971.5
22789,1729677759600167511,7618460083239783186,19/03/2026 00:05:45,1,0,IDR,Sudah dibayar,202971.5
35599,1734650508941428099,7618460083239783186,19/03/2026 00:05:32,1,0,IDR,Sudah dibayar,228477.44999999998
38225,1729677755464518231,7618460083239783186,19/03/2026 00:05:18,1,0,IDR,Sudah dibayar,212406.5
81334,1729677758276078167,7618460083239783186,19/03/2026 00:05:07,1,0,IDR,Sudah dibayar,201603.0
26573,1729677746703600215,7618460083239783186,19/03/2026 00:05:07,1,0,IDR,Sudah dibayar,257446.3
46330,1734650508941428099,7618460083239783186,19/03/2026 00:05:04,1,0,IDR,Sudah dibayar,249024.5
06359,1729677755464452695,7618460083239783186,19/03/2026 00:04:45,1,0,IDR,Sudah dibayar,197778.0
58610,1729562550999811459,7618460083239783186,19/03/2026 00:04:39,1,0,IDR,Sudah dibayar,216481.4
05322,1730806636781143639,7618460083239783186,19/03/2026 00:04:25,1,0,IDR,Sudah dibayar,232906.8
66665,1729677755464452695,7618460083239783186,19/03/2026 00:04:12,1,0,IDR,Sudah dibayar,186856.35
36273,1729677758276012631,7618460083239783186,19/03/2026 00:04:00,1,0,IDR,Sudah dibayar,202971.5
00501,1729677742968834647,7618460083239783186,19/03/2026 00:03:46,1,0,IDR,Sudah dibayar,225542.4
68776,1729677758276143703,7618460083239783186,19/03/2026 00:02:51,1,0,IDR,Sudah dibayar,218866.5
02917,1734483831936681347,7618460083239783186,19/03/2026 00:01:31,1,0,IDR,Sudah dibayar,250979.5
77732,1729677755464518231,7618460083239783186,19/03/2026 00:01:16,1,0,IDR,Sudah dibayar,196928.0
24864,1730154400086394243,7618460083239783186,19/03/2026 00:01:09,1,0,IDR,Sudah dibayar,197327.5
94327,1729677758276209239,7618460083239783186,19/03/2026 00:00:56,1,0,IDR,Sudah dibayar,236536.3
29921,1729677755464649303,7618460083239783186,19/03/2026 00:00:35,1,0,IDR,Sudah dibayar,203796.0
47616,1729677758276012631,7618460083239783186,19/03/2026 00:00:18,1,0,IDR,Sudah dibayar,199950.6
03041,1731298756262135171,7618460083239783186,19/03/2026 00:00:16,1,0,IDR,Sudah dibayar,193658.05
52562,1729677758276078167,7618460083239783186,19/03/2026 00:00:13,1,0,IDR,Sudah dibayar,202790.44999999998
52562,1729677758275881559,7618460083239783186,19/03/2026 00:00:13,1,0,IDR,Sudah dibayar,244326.55
45715,1729677743141063255,7618460083239783186,18/03/2026 23:59:50,1,0,IDR,Sudah dibayar,268666.3
07955,1729677758275947095,7618460083239783186,18/03/2026 23:59:49,1,0,IDR,Sudah dibayar,222501.94999999998
49892,1729677743140997719,7618460083239783186,18/03/2026 23:59:34,1,0,IDR,Sudah dibayar,268666.3
06327,1729677758275881559,7618460083239783186,18/03/2026 23:58:58,1,0,IDR,Sudah dibayar,202971.5
76987,1730806636781143639,7618460083239783186,18/03/2026 23:58:32,1,0,IDR,Sudah dibayar,223446.3
43701,1734650508941559171,7618460083239783186,18/03/2026 23:57:45,1,0,IDR,Sudah dibayar,240703.0
63450,1729677758275947095,7618460083239783186,18/03/2026 23:57:44,1,0,IDR,Sudah dibayar,198664.55
50477,1729677758275881559,7618460083239783186,18/03/2026 23:57:42,1,0,IDR,Sudah dibayar,197778.0
40779,1729677755464518231,7618460083239783186,18/03/2026 23:57:21,1,0,IDR,Sudah dibayar,203821.5
29441,1729677759600429655,7618460083239783186,18/03/2026 23:57:01,1,0,IDR,Sudah dibayar,228047.35
29441,1729677758276078167,7618460083239783186,18/03/2026 23:57:01,1,0,IDR,Sudah dibayar,225649.5
55915,1729677743140866647,7618460083239783186,18/03/2026 23:56:42,1,0,IDR,Sudah dibayar,260905.8
34533,1729677758275947095,7618460083239783186,18/03/2026 23:56:26,1,0,IDR,Sudah dibayar,195491.5
69418,1729677743140866647,7618460083239783186,18/03/2026 23:56:16,1,0,IDR,Sudah dibayar,267816.3
58933,1729677758276078167,7618460083239783186,18/03/2026 23:56:00,1,0,IDR,Sudah dibayar,191650.35
38399,1730706088343012951,7618460083239783186,18/03/2026 23:55:59,1,0,IDR,Sudah dibayar,457300.0
63625,1729677743140932183,7618460083239783186,18/03/2026 23:54:52,1,0,IDR,Sudah dibayar,267816.3
15287,1729677743140997719,7618460083239783186,18/03/2026 23:54:38,1,0,IDR,Sudah dibayar,268666.3
04526,1734650508941428099,7618460083239783186,18/03/2026 23:53:41,1,0,IDR,Sudah dibayar,248174.5
70823,1729677758276012631,7618460083239783186,18/03/2026 23:52:53,1,0,IDR,Sudah dibayar,231251.0
90433,1729677755464583767,7618460083239783186,18/03/2026 23:52:51,1,0,IDR,Sudah dibayar,201441.5
72557,1729677758275947095,7618460083239783186,18/03/2026 23:52:13,1,0,IDR,Sudah dibayar,209300.6
20578,1729677743140801111,7618460083239783186,18/03/2026 23:51:42,1,0,IDR,Sudah dibayar,259231.3
85937,1729677759600364119,7618460083239783186,18/03/2026 23:51:06,1,0,IDR,Sudah dibayar,230336.4
72835,1729677755464321623,7618460083239783186,18/03/2026 23:50:55,1,0,IDR,Sudah dibayar,185963.85
92817,1729677755464387159,7618460083239783186,18/03/2026 23:50:25,1,0,IDR,Sudah dibayar,196928.0
43704,1729677755464321623,7618460083239783186,18/03/2026 23:50:15,1,0,IDR,Sudah dibayar,196928.0
76269,1729677755464518231,7618460083239783186,18/03/2026 23:49:09,1,0,IDR,Sudah dibayar,192984.85
20030,1729677743140670039,7618460083239783186,18/03/2026 23:49:04,1,0,IDR,Sudah dibayar,267816.3
25036,1729677755464452695,7618460083239783186,18/03/2026 23:48:45,1,0,IDR,Sudah dibayar,199950.6
92013,1729677743140932183,7618460083239783186,18/03/2026 23:48:22,1,0,IDR,Sudah dibayar,334092.5
25108,1731418659331868035,7618460083239783186,18/03/2026 23:47:06,1,0,IDR,Sudah dibayar,153210.8
11102,1729677758276078167,7618460083239783186,18/03/2026 23:46:32,1,0,IDR,Sudah dibayar,202971.5
14672,1729677758275881559,7618460083239783186,18/03/2026 23:46:29,1,0,IDR,Sudah dibayar,212236.5
98481,1729677758275947095,7618460083239783186,18/03/2026 23:46:19,1,0,IDR,Sudah dibayar,197778.0
06384,1729677758275881559,7618460083239783186,18/03/2026 23:44:40,1,0,IDR,Sudah dibayar,199053.0
49267,1729677758276078167,7618460083239783186,18/03/2026 23:44:25,1,0,IDR,Sudah dibayar,192899.85
49085,1731079464715322755,7618460083239783186,18/03/2026 23:44:03,1,0,IDR,Sudah dibayar,391629.0
61462,1729677743140866647,7618460083239783186,18/03/2026 23:43:57,1,0,IDR,Sudah dibayar,267816.3
17752,1729677758275816023,7618460083239783186,18/03/2026 23:43:54,1,0,IDR,Sudah dibayar,202971.5
56279,1729677758275816023,7618460083239783186,18/03/2026 23:43:43,1,0,IDR,Sudah dibayar,182279.94999999998
47711,1729677742105004631,7618460083239783186,18/03/2026 23:43:33,1,0,IDR,Sudah dibayar,226931.3
52781,1729677743141194327,7618460083239783186,18/03/2026 23:43:12,1,0,IDR,Sudah dibayar,264128.14999999997
38954,1729677755464452695,7618460083239783186,18/03/2026 23:43:12,1,0,IDR,Sudah dibayar,186856.35
93823,1729677758276274775,7618460083239783186,18/03/2026 23:43:12,1,0,IDR,Sudah dibayar,128928.0
26023,1730137722202981763,7618460083239783186,18/03/2026 23:42:21,1,0,IDR,Sudah dibayar,361709.0
99602,1729677755464452695,7618460083239783186,18/03/2026 23:42:12,1,0,IDR,Sudah dibayar,196928.0
09593,1729677755464387159,7618460083239783186,18/03/2026 23:41:34,1,0,IDR,Sudah dibayar,196928.0
31630,1729677758276078167,7618460083239783186,18/03/2026 23:41:10,1,0,IDR,Sudah dibayar,200898.35
84976,1729677758275750487,7618460083239783186,18/03/2026 23:41:09,1,0,IDR,Sudah dibayar,201271.5
60662,1729677758275881559,7618460083239783186,18/03/2026 23:40:32,1,0,IDR,Sudah dibayar,233435.5
18924,1729677755464518231,7618460083239783186,18/03/2026 23:40:04,1,0,IDR,Sudah dibayar,203821.5
21992,1734483831936681347,7618460083239783186,18/03/2026 23:38:16,1,0,IDR,Sudah dibayar,246655.55
09557,1729677755464583767,7618460083239783186,18/03/2026 23:37:47,1,0,IDR,Sudah dibayar,203821.5
22913,1734439081841296983,7618460083239783186,18/03/2026 23:36:43,1,0,IDR,Sudah dibayar,422229.0
90903,1729677743140801111,7618460083239783186,18/03/2026 23:36:02,1,0,IDR,Sudah dibayar,261710.75
27021,1729677758275947095,7618460083239783186,18/03/2026 23:35:59,1,0,IDR,Sudah dibayar,192661.0
71979,1731079464714601859,7618460083239783186,18/03/2026 23:35:46,1,0,IDR,Sudah dibayar,427125.0
30758,1729677758275881559,7618460083239783186,18/03/2026 23:35:33,1,0,IDR,Sudah dibayar,193997.19999999998
82140,1731298803850904963,7618460083239783186,18/03/2026 23:34:32,1,0,IDR,Sudah dibayar,195168.5
02938,1729677758276078167,7618460083239783186,18/03/2026 23:34:15,1,0,IDR,Sudah dibayar,202971.5
62567,1729677755464583767,7618460083239783186,18/03/2026 23:33:48,1,0,IDR,Sudah dibayar,202971.5
83032,1729677742968572503,7618460083239783186,18/03/2026 23:33:47,1,0,IDR,Sudah dibayar,218006.3
53518,1729677758276078167,7618460083239783186,18/03/2026 23:33:30,1,0,IDR,Sudah dibayar,194471.5
71462,1729677743141063255,7618460083239783186,18/03/2026 23:33:09,1,0,IDR,Sudah dibayar,243271.69999999998
88931,1729677746703338071,7618460083239783186,18/03/2026 23:32:34,1,0,IDR,Sudah dibayar,246561.19999999998
67877,1729677755464321623,7618460083239783186,18/03/2026 23:32:02,1,0,IDR,Sudah dibayar,195353.8
84047,1729677743140604503,7618460083239783186,18/03/2026 23:31:43,1,0,IDR,Sudah dibayar,259760.85
80442,1729677755464518231,7618460083239783186,18/03/2026 23:31:21,1,0,IDR,Sudah dibayar,203821.5
58787,1729677758276143703,7618460083239783186,18/03/2026 23:31:11,1,0,IDR,Sudah dibayar,202971.5
34885,1730806648018863703,7618460083239783186,18/03/2026 23:31:06,1,0,IDR,Sudah dibayar,232906.8
95971,1729677755464321623,7618460083239783186,18/03/2026 23:30:48,1,0,IDR,Sudah dibayar,201371.8
52627,1729677743140866647,7618460083239783186,18/03/2026 23:30:06,1,0,IDR,Sudah dibayar,244647.85
36395,1729677758276078167,7618460083239783186,18/03/2026 23:29:51,1,0,IDR,Sudah dibayar,197778.0
77380,1729677743141063255,7618460083239783186,18/03/2026 23:29:21,1,0,IDR,Sudah dibayar,269652.3
39988,1729677755464780375,7618460083239783186,18/03/2026 23:28:33,1,0,IDR,Sudah dibayar,203821.5
95632,1729677759600495191,7618460083239783186,18/03/2026 23:28:08,1,0,IDR,Sudah dibayar,196928.0
30411,1729677758276012631,7618460083239783186,18/03/2026 23:27:50,1,0,IDR,Sudah dibayar,178799.19999999998
62365,1729677755464256087,7618460083239783186,18/03/2026 23:27:26,1,0,IDR,Sudah dibayar,203821.5
48359,1729677755464583767,7618460083239783186,18/03/2026 23:27:10,1,0,IDR,Sudah dibayar,183900.9
84680,1729677755464583767,7618460083239783186,18/03/2026 23:26:45,1,0,IDR,Sudah dibayar,186856.35
05285,1729677758276078167,7618460083239783186,18/03/2026 23:26:34,1,0,IDR,Sudah dibayar,213341.5
30688,1729677758276012631,7618460083239783186,18/03/2026 23:25:18,1,0,IDR,Sudah dibayar,202971.5
57539,1729677758276078167,7618460083239783186,18/03/2026 23:25:08,1,0,IDR,Sudah dibayar,254396.5
79852,1729677743141128791,7618460083239783186,18/03/2026 23:25:07,1,0,IDR,Sudah dibayar,259760.85
36996,1729677758276078167,7618460083239783186,18/03/2026 23:24:34,1,0,IDR,Sudah dibayar,197778.0
23193,1729677743141063255,7618460083239783186,18/03/2026 23:24:18,1,0,IDR,Sudah dibayar,271216.3
49135,1734650508941428099,7618460083239783186,18/03/2026 23:23:35,1,0,IDR,Sudah dibayar,248174.5
62322,1729677746703403607,7618460083239783186,18/03/2026 23:23:23,1,0,IDR,Sudah dibayar,295441.3
66850,1729677758275881559,7618460083239783186,18/03/2026 23:23:22,1,0,IDR,Sudah dibayar,199950.6
41451,1729677755464583767,7618460083239783186,18/03/2026 23:23:20,1,0,IDR,Sudah dibayar,199950.6
56376,1729677758276078167,7618460083239783186,18/03/2026 23:22:20,1,0,IDR,Sudah dibayar,202971.5
46193,1729677758275881559,7618460083239783186,18/03/2026 23:21:46,1,0,IDR,Sudah dibayar,199950.6
47995,1734650508941493635,7618460083239783186,18/03/2026 23:21:44,1,0,IDR,Sudah dibayar,244103.0
67353,1729677758276078167,7618460083239783186,18/03/2026 23:21:37,1,0,IDR,Sudah dibayar,191643.55
83020,1729677742105266775,7618460083239783186,18/03/2026 23:21:31,1,0,IDR,Sudah dibayar,246561.19999999998
75806,1729677755464518231,7618460083239783186,18/03/2026 23:20:31,1,0,IDR,Sudah dibayar,211556.5
57548,1729677758275947095,7618460083239783186,18/03/2026 23:20:25,1,0,IDR,Sudah dibayar,199950.6
60744,1729677758275947095,7618460083239783186,18/03/2026 23:20:20,1,0,IDR,Sudah dibayar,196120.5
67725,1729677758276078167,7618460083239783186,18/03/2026 23:20:20,1,0,IDR,Sudah dibayar,210706.5
60837,1729677759600364119,7618460083239783186,18/03/2026 23:20:02,1,0,IDR,Sudah dibayar,254065.0
68695,1729677755464321623,7618460083239783186,18/03/2026 23:19:56,1,0,IDR,Sudah dibayar,202971.5
26067,1729677758276143703,7618460083239783186,18/03/2026 23:19:52,1,0,IDR,Sudah dibayar,182821.4
90697,1729677755464452695,7618460083239783186,18/03/2026 23:19:48,1,0,IDR,Sudah dibayar,196928.0
55835,1729677758275816023,7618460083239783186,18/03/2026 23:19:37,1,0,IDR,Sudah dibayar,232287.15
89201,1729677758276078167,7618460083239783186,18/03/2026 23:18:25,1,0,IDR,Sudah dibayar,203821.5
25326,1729677758276012631,7618460083239783186,18/03/2026 23:18:03,1,0,IDR,Sudah dibayar,203821.5
51496,1729677758276078167,7618460083239783186,18/03/2026 23:17:55,1,0,IDR,Sudah dibayar,207306.5
56154,1729677758275947095,7618460083239783186,18/03/2026 23:17:20,1,0,IDR,Sudah dibayar,203821.5
94744,1729677755464256087,7618460083239783186,18/03/2026 23:16:42,1,0,IDR,Sudah dibayar,202971.5
79275,1734483831936943491,7618460083239783186,18/03/2026 23:16:39,1,0,IDR,Sudah dibayar,242295.05
81996,1729677755464387159,7618460083239783186,18/03/2026 23:16:22,1,0,IDR,Sudah dibayar,193621.5
99579,1729677755464583767,7618460083239783186,18/03/2026 23:15:51,1,0,IDR,Sudah dibayar,198942.5
04341,1729677758276012631,7618460083239783186,18/03/2026 23:15:33,1,0,IDR,Sudah dibayar,180437.15
44309,1729677755464583767,7618460083239783186,18/03/2026 23:14:57,1,0,IDR,Sudah dibayar,202971.5
65577,1729677755464649303,7618460083239783186,18/03/2026 23:14:34,1,0,IDR,Sudah dibayar,196138.35
05616,1729677742968834647,7618460083239783186,18/03/2026 23:13:36,1,0,IDR,Sudah dibayar,209421.3
19482,1732312223986845133,7618460083239783186,18/03/2026 23:12:34,1,0,IDR,Sudah dibayar,151470.85
73026,1730174772819953239,7618460083239783186,18/03/2026 23:11:33,1,0,IDR,Sudah dibayar,409928.64999999997
67400,1729677742104808023,7618460083239783186,18/03/2026 23:11:08,1,0,IDR,Sudah dibayar,268494.6
09225,1729677758275947095,7618460083239783186,18/03/2026 23:11:03,1,0,IDR,Sudah dibayar,186856.35
35613,1730806636781274711,7618460083239783186,18/03/2026 23:10:28,1,0,IDR,Sudah dibayar,225973.35
01758,1729677755464649303,7618460083239783186,18/03/2026 23:10:20,1,0,IDR,Sudah dibayar,233495.0
10321,1729677743140997719,7618460083239783186,18/03/2026 23:10:10,1,0,IDR,Sudah dibayar,246561.19999999998
77272,1731079464714536323,7618460083239783186,18/03/2026 23:09:42,1,0,IDR,Sudah dibayar,433151.5
07220,1729677759600233047,7618460083239783186,18/03/2026 23:09:41,1,0,IDR,Sudah dibayar,187621.35
60325,1731308725958182275,7618460083239783186,18/03/2026 23:09:30,1,0,IDR,Sudah dibayar,459918.85
86575,1729677758276078167,7618460083239783186,18/03/2026 23:07:51,1,0,IDR,Sudah dibayar,199950.6
29882,1729677755464518231,7618460083239783186,18/03/2026 23:07:35,1,0,IDR,Sudah dibayar,175969.55
08834,1729677758275881559,7618460083239783186,18/03/2026 23:06:58,1,0,IDR,Sudah dibayar,187158.1
37784,1729677740302699095,7618460083239783186,18/03/2026 23:06:34,1,0,IDR,Sudah dibayar,200702.0
19821,1731622713472616023,7618460083239783186,18/03/2026 23:05:36,1,0,IDR,Sudah dibayar,493908.64999999997
19821,1730706106318685783,7618460083239783186,18/03/2026 23:05:36,1,0,IDR,Sudah dibayar,493908.64999999997
83089,1729677758275947095,7618460083239783186,18/03/2026 23:05:32,1,0,IDR,Sudah dibayar,199478.0
81104,1729677758276209239,7618460083239783186,18/03/2026 23:05:30,1,0,IDR,Sudah dibayar,179478.35
10139,1731079464714601859,7618460083239783186,18/03/2026 23:05:04,1,0,IDR,Sudah dibayar,426119.45
66678,1729677758276012631,7618460083239783186,18/03/2026 23:03:24,1,0,IDR,Sudah dibayar,182488.19999999998
95383,1729677758276209239,7618460083239783186,18/03/2026 23:02:55,1,0,IDR,Sudah dibayar,201441.5
40906,1729677736927070807,7618460083239783186,18/03/2026 23:02:55,1,0,IDR,Sudah dibayar,391677.45
69617,1729677755464649303,7618460083239783186,18/03/2026 23:02:53,1,0,IDR,Sudah dibayar,202971.5
71793,1729677758275947095,7618460083239783186,18/03/2026 23:02:45,1,0,IDR,Sudah dibayar,193621.5
95235,1731927306072131159,7618460083239783186,18/03/2026 23:01:44,1,0,IDR,Sudah dibayar,392411.0
06134,1729677759600364119,7618460083239783186,18/03/2026 23:00:45,1,0,IDR,Sudah dibayar,200957.85
29119,1729677755464452695,7618460083239783186,18/03/2026 23:00:32,1,0,IDR,Sudah dibayar,197778.0
02374,1729677746703469143,7618460083239783186,18/03/2026 23:00:25,1,0,IDR,Sudah dibayar,255895.05
24532,1729677758276012631,7618460083239783186,18/03/2026 23:00:23,1,0,IDR,Sudah dibayar,198454.6
64785,1729677759600167511,7618460083239783186,18/03/2026 22:59:34,1,0,IDR,Sudah dibayar,202929.0
64785,1729677758276012631,7618460083239783186,18/03/2026 22:59:34,1,0,IDR,Sudah dibayar,202929.0
78693,1729677743140735575,7618460083239783186,18/03/2026 22:59:31,1,0,IDR,Sudah dibayar,268666.3
07207,1729677746703469143,7618460083239783186,18/03/2026 22:58:30,1,0,IDR,Sudah dibayar,267816.3
29447,1729677743140866647,7618460083239783186,18/03/2026 22:58:29,1,0,IDR,Sudah dibayar,260931.3
64704,1729677742104808023,7618460083239783186,18/03/2026 22:58:20,1,0,IDR,Sudah dibayar,267816.3
97145,1729677758275881559,7618460083239783186,18/03/2026 22:57:44,1,0,IDR,Sudah dibayar,186856.35
02673,1729677758276209239,7618460083239783186,18/03/2026 22:56:59,1,0,IDR,Sudah dibayar,202971.5
92841,1729677747184437847,7618460083239783186,18/03/2026 22:56:38,1,0,IDR,Sudah dibayar,241625.25
57099,1729677746703534679,7618460083239783186,18/03/2026 22:56:34,1,0,IDR,Sudah dibayar,307190.0
06567,1729677759600233047,7618460083239783186,18/03/2026 22:56:00,1,0,IDR,Sudah dibayar,193713.3
84997,1729677746703338071,7618460083239783186,18/03/2026 22:55:30,1,0,IDR,Sudah dibayar,260610.85
07517,1729677743140866647,7618460083239783186,18/03/2026 22:55:12,1,0,IDR,Sudah dibayar,259760.85
48033,1729677747184503383,7618460083239783186,18/03/2026 22:54:59,1,0,IDR,Sudah dibayar,267816.3
94057,1729677759600298583,7618460083239783186,18/03/2026 22:54:04,1,0,IDR,Sudah dibayar,198314.35
99704,1729677740302961239,7618460083239783186,18/03/2026 22:53:44,1,0,IDR,Sudah dibayar,218006.3
21752,1729677758275947095,7618460083239783186,18/03/2026 22:53:16,1,0,IDR,Sudah dibayar,202971.5
81459,1729677743141063255,7618460083239783186,18/03/2026 22:51:51,1,0,IDR,Sudah dibayar,265691.3
06670,1729677742105201239,7618460083239783186,18/03/2026 22:50:48,1,0,IDR,Sudah dibayar,268666.3
31919,1729677755464321623,7618460083239783186,18/03/2026 22:50:44,1,0,IDR,Sudah dibayar,231276.5
72073,1729677740302961239,7618460083239783186,18/03/2026 22:50:38,1,0,IDR,Sudah dibayar,212282.4
90141,1729677755464518231,7618460083239783186,18/03/2026 22:50:30,1,0,IDR,Sudah dibayar,196928.0
89184,1729677758276143703,7618460083239783186,18/03/2026 22:50:18,1,0,IDR,Sudah dibayar,196171.5
90743,1729677755464321623,7618460083239783186,18/03/2026 22:48:59,1,0,IDR,Sudah dibayar,202971.5
15544,1730174772503021143,7618460083239783186,18/03/2026 22:48:49,1,0,IDR,Sudah dibayar,422042.0
61619,1729677755464649303,7618460083239783186,18/03/2026 22:48:03,1,0,IDR,Sudah dibayar,199950.6
11476,1729677743140997719,7618460083239783186,18/03/2026 22:47:59,1,0,IDR,Sudah dibayar,261080.9
03361,1729677742968834647,7618460083239783186,18/03/2026 22:47:16,1,0,IDR,Sudah dibayar,218006.3
28219,1729677746703338071,7618460083239783186,18/03/2026 22:47:11,1,0,IDR,Sudah dibayar,241247.85
61328,1729677743140866647,7618460083239783186,18/03/2026 22:45:59,1,0,IDR,Sudah dibayar,297415.85
66201,1729677742105070167,7618460083239783186,18/03/2026 22:45:14,1,0,IDR,Sudah dibayar,267816.3
19271,1729677743140801111,7618460083239783186,18/03/2026 22:44:28,1,0,IDR,Sudah dibayar,267816.3
77205,1729677755464387159,7618460083239783186,18/03/2026 22:43:30,1,0,IDR,Sudah dibayar,196928.0
89225,1729677758276078167,7618460083239783186,18/03/2026 22:41:55,1,0,IDR,Sudah dibayar,193997.19999999998
97822,1729677742105070167,7618460083239783186,18/03/2026 22:41:15,1,0,IDR,Sudah dibayar,263308.75
04217,1729677758275947095,7618460083239783186,18/03/2026 22:40:55,1,0,IDR,Sudah dibayar,193621.5
43105,1729677743140801111,7618460083239783186,18/03/2026 22:40:03,1,0,IDR,Sudah dibayar,263601.14999999997
25043,1729677759600101975,7618460083239783186,18/03/2026 22:39:49,1,0,IDR,Sudah dibayar,203821.5
47504,1731079464716109187,7618460083239783186,18/03/2026 22:38:25,1,0,IDR,Sudah dibayar,448566.25
46205,1734439101179528791,7618460083239783186,18/03/2026 22:38:04,1,0,IDR,Sudah dibayar,433721.0
89160,1729677755464649303,7618460083239783186,18/03/2026 22:37:43,1,0,IDR,Sudah dibayar,203821.5
44496,1729677755464321623,7618460083239783186,18/03/2026 22:37:03,1,0,IDR,Sudah dibayar,202971.5
96918,1729677743140932183,7618460083239783186,18/03/2026 22:36:05,1,0,IDR,Sudah dibayar,267526.45
96324,1731298803850446211,7618460083239783186,18/03/2026 22:35:51,1,0,IDR,Sudah dibayar,193848.44999999998
65252,1729677755464780375,7618460083239783186,18/03/2026 22:35:51,1,0,IDR,Sudah dibayar,202079.0
25768,1729677743140932183,7618460083239783186,18/03/2026 22:35:30,1,0,IDR,Sudah dibayar,261781.3
35808,1729677758276143703,7618460083239783186,18/03/2026 22:34:49,1,0,IDR,Sudah dibayar,216741.5
27458,1729677758276012631,7618460083239783186,18/03/2026 22:34:41,1,0,IDR,Sudah dibayar,202971.5
48880,1729677755464518231,7618460083239783186,18/03/2026 22:33:57,1,0,IDR,Sudah dibayar,202971.5
97287,1729677746703534679,7618460083239783186,18/03/2026 22:33:47,1,0,IDR,Sudah dibayar,253243.05
66415,1729677755464583767,7618460083239783186,18/03/2026 22:32:35,1,0,IDR,Sudah dibayar,201441.5
16163,1729677734993234519,7618460083239783186,18/03/2026 22:32:24,1,0,IDR,Sudah dibayar,298121.35
07188,1729677758276078167,7618460083239783186,18/03/2026 22:32:02,1,0,IDR,Sudah dibayar,183592.35
80769,1729677758276078167,7618460083239783186,18/03/2026 22:31:34,1,0,IDR,Sudah dibayar,193997.19999999998
38746,1729677755464583767,7618460083239783186,18/03/2026 22:31:20,1,0,IDR,Sudah dibayar,230798.8
90307,1729677755464518231,7618460083239783186,18/03/2026 22:31:19,1,0,IDR,Sudah dibayar,202971.5
02560,1729677758276143703,7618460083239783186,18/03/2026 22:30:44,1,0,IDR,Sudah dibayar,202971.5
92467,1729677758275881559,7618460083239783186,18/03/2026 22:30:32,1,0,IDR,Sudah dibayar,202971.5
34534,1729677742968572503,7618460083239783186,18/03/2026 22:30:26,1,0,IDR,Sudah dibayar,260100.0
09751,1729677759600495191,7618460083239783186,18/03/2026 22:30:12,1,0,IDR,Sudah dibayar,202971.5
07467,1729677758276012631,7618460083239783186,18/03/2026 22:30:03,1,0,IDR,Sudah dibayar,202971.5
60933,1730706107472053847,7618460083239783186,18/03/2026 22:29:27,1,0,IDR,Sudah dibayar,446556.0
76588,1729677755464649303,7618460083239783186,18/03/2026 22:27:57,1,0,IDR,Sudah dibayar,212020.6
27409,1729677746703338071,7618460083239783186,18/03/2026 22:27:22,1,0,IDR,Sudah dibayar,266541.3
56454,1729677759600233047,7618460083239783186,18/03/2026 22:27:15,1,0,IDR,Sudah dibayar,202971.5
51119,1729677758275816023,7618460083239783186,18/03/2026 22:26:31,1,0,IDR,Sudah dibayar,203821.5
47231,1729677758275881559,7618460083239783186,18/03/2026 22:25:45,1,0,IDR,Sudah dibayar,202759.0
34984,1730706107471922775,7618460083239783186,18/03/2026 22:25:07,1,0,IDR,Sudah dibayar,461975.0
94894,1729677758276012631,7618460083239783186,18/03/2026 22:25:01,1,0,IDR,Sudah dibayar,202971.5
97397,1729677742104808023,7618460083239783186,18/03/2026 22:24:16,1,0,IDR,Sudah dibayar,247241.19999999998
17607,1729677759600364119,7494054609567125126,18/03/2026 22:24:00,1,0,IDR,Sudah dibayar,223510.9
06725,1729677758276209239,7618460083239783186,18/03/2026 22:23:48,1,0,IDR,Sudah dibayar,203821.5
01126,1729677743140932183,7618460083239783186,18/03/2026 22:23:21,1,0,IDR,Sudah dibayar,267816.3
86311,1729677755464583767,7618460083239783186,18/03/2026 22:23:11,1,0,IDR,Sudah dibayar,196928.0
33201,1729677743140866647,7618460083239783186,18/03/2026 22:22:01,1,0,IDR,Sudah dibayar,267816.3
95875,1729677746703469143,7618460083239783186,18/03/2026 22:21:57,1,0,IDR,Sudah dibayar,267816.3
01912,1734483831936943491,7618460083239783186,18/03/2026 22:21:22,1,0,IDR,Sudah dibayar,249024.5
88324,1729677743141063255,7618460083239783186,18/03/2026 22:21:18,1,0,IDR,Sudah dibayar,267637.8
00994,1729677755464452695,7618460083239783186,18/03/2026 22:21:05,1,0,IDR,Sudah dibayar,202971.5
52442,1730310850770470154,7617976796063042836,18/03/2026 22:19:47,1,0,IDR,Sudah dibayar,34850.0
77808,1731308725957920131,7618460083239783186,18/03/2026 22:19:27,1,0,IDR,Sudah dibayar,459425.0
30418,1734483831936943491,7618460083239783186,18/03/2026 22:18:43,1,0,IDR,Sudah dibayar,248174.5
64269,1731401465609487959,7618460083239783186,18/03/2026 22:11:46,1,0,IDR,Sudah dibayar,389793.85
42730,1729561361793058391,7618460083239783186,18/03/2026 22:09:47,1,0,IDR,Sudah dibayar,382534.0
28796,1731927306072000087,7618460083239783186,18/03/2026 22:06:48,1,0,IDR,Sudah dibayar,426275.0
89865,1734483831936681347,7618460083239783186,18/03/2026 22:05:56,1,0,IDR,Sudah dibayar,240703.0
83191,1734439101179922007,7618460083239783186,18/03/2026 22:04:36,1,0,IDR,Sudah dibayar,435625.0
83093,1730310858187965706,7617976796063042836,18/03/2026 22:02:34,1,0,IDR,Sudah dibayar,30435.1
30730,1731308689765401987,7618460083239783186,18/03/2026 22:00:58,1,0,IDR,Sudah dibayar,464019.25
38973,1731016355289269416,7618460083239783186,18/03/2026 22:00:07,1,0,IDR,Sudah dibayar,16591.149999999998
76413,1731308725957985667,7618460083239783186,18/03/2026 21:56:59,1,0,IDR,Sudah dibayar,464877.75
22705,1731308725957854595,7618460083239783186,18/03/2026 21:54:00,1,0,IDR,Sudah dibayar,457300.0
45875,1734650508941493635,7618460083239783186,18/03/2026 21:49:07,1,0,IDR,Sudah dibayar,248174.5
14174,1734483831936943491,7618460083239783186,18/03/2026 21:47:32,1,0,IDR,Sudah dibayar,248174.5
50087,1731401493348451927,7618460083239783186,18/03/2026 21:44:44,1,0,IDR,Sudah dibayar,427125.0
89598,1729677747184372311,7618460083239783186,18/03/2026 21:37:02,1,0,IDR,Sudah dibayar,246561.19999999998
03263,1729677755464649303,7618460083239783186,18/03/2026 21:35:59,1,0,IDR,Sudah dibayar,199950.6
45773,1731967978190898563,7618460083239783186,18/03/2026 21:33:02,1,0,IDR,Sudah dibayar,347427.3
75098,1729677746703469143,7618460083239783186,18/03/2026 21:32:32,1,0,IDR,Sudah dibayar,266031.3
81743,1729677755464518231,7618460083239783186,18/03/2026 21:32:32,1,0,IDR,Sudah dibayar,206933.35
61913,1729677746703403607,7618460083239783186,18/03/2026 21:32:01,1,0,IDR,Sudah dibayar,239851.3
43676,1729677746703403607,7618460083239783186,18/03/2026 21:31:38,1,0,IDR,Sudah dibayar,259760.85
90048,1729677746703469143,7618460083239783186,18/03/2026 21:29:28,1,0,IDR,Sudah dibayar,260621.05
34806,1729677743140735575,7618460083239783186,18/03/2026 21:29:19,1,0,IDR,Sudah dibayar,259231.3
77441,1729677743140997719,7618460083239783186,18/03/2026 21:28:00,1,0,IDR,Sudah dibayar,259990.35
19248,1731967978191160707,7618460083239783186,18/03/2026 21:27:35,1,0,IDR,Sudah dibayar,415310.0
88176,1729677759600626263,7618460083239783186,18/03/2026 21:27:35,1,0,IDR,Sudah dibayar,242700.5
24405,1729677755464714839,7618460083239783186,18/03/2026 21:27:14,1,0,IDR,Sudah dibayar,191836.5
71782,1729677758276143703,7618460083239783186,18/03/2026 21:26:54,1,0,IDR,Sudah dibayar,181408.69999999998
49045,1731079464714667395,7618460083239783186,18/03/2026 21:26:53,1,0,IDR,Sudah dibayar,422042.0
15044,1731308725957985667,7618460083239783186,18/03/2026 21:24:05,1,0,IDR,Sudah dibayar,457300.0
19385,1729677759600101975,7618460083239783186,18/03/2026 21:22:56,1,0,IDR,Sudah dibayar,203821.5
30610,1729677758275881559,7618460083239783186,18/03/2026 21:22:42,1,0,IDR,Sudah dibayar,196928.0
34272,1729677755464583767,7618460083239783186,18/03/2026 21:22:29,1,0,IDR,Sudah dibayar,202971.5
07421,1731308725958051203,7618460083239783186,18/03/2026 21:21:21,1,0,IDR,Sudah dibayar,460212.1
45430,1731079464714798467,7618460083239783186,18/03/2026 21:20:21,1,0,IDR,Sudah dibayar,427125.0
19789,1729677759600364119,7618460083239783186,18/03/2026 21:20:21,1,0,IDR,Sudah dibayar,207723.85
08739,1729677755464256087,7618460083239783186,18/03/2026 21:20:20,1,0,IDR,Sudah dibayar,199950.6
36412,1729677743140997719,7618460083239783186,18/03/2026 21:15:53,1,0,IDR,Sudah dibayar,260081.3
50289,1729677758275881559,7618460083239783186,18/03/2026 21:14:59,1,0,IDR,Sudah dibayar,203821.5
79666,1729677755464452695,7618460083239783186,18/03/2026 21:14:35,1,0,IDR,Sudah dibayar,198827.75
84292,1729677743140866647,7618460083239783186,18/03/2026 21:13:53,1,0,IDR,Sudah dibayar,267816.3
49138,1729677743140932183,7618460083239783186,18/03/2026 21:13:19,1,0,IDR,Sudah dibayar,259760.85
57616,1729677743140997719,7618460083239783186,18/03/2026 21:13:15,1,0,IDR,Sudah dibayar,258381.3
85212,1734650508941428099,7618460083239783186,18/03/2026 21:13:07,1,0,IDR,Sudah dibayar,239683.0
70775,1734650508941428099,7618460083239783186,18/03/2026 21:12:14,1,0,IDR,Sudah dibayar,249024.5
92609,1729677755464583767,7618460083239783186,18/03/2026 21:12:11,1,0,IDR,Sudah dibayar,203821.5
14321,1729677742968638039,7618460083239783186,18/03/2026 21:11:53,1,0,IDR,Sudah dibayar,218006.3
96964,1731308725957854595,7618460083239783186,18/03/2026 21:10:52,1,0,IDR,Sudah dibayar,448017.14999999997
02045,1731967978191029635,7618460083239783186,18/03/2026 21:10:49,1,0,IDR,Sudah dibayar,337001.2
32794,1729677746703338071,7618460083239783186,18/03/2026 21:10:16,1,0,IDR,Sudah dibayar,256596.3
94339,1729677755464321623,7618460083239783186,18/03/2026 21:10:01,1,0,IDR,Sudah dibayar,198747.0
68130,1734483831936681347,7618460083239783186,18/03/2026 21:06:54,1,0,IDR,Sudah dibayar,248174.5
29263,1731308725958116739,7618460083239783186,18/03/2026 21:06:43,1,0,IDR,Sudah dibayar,423691.0
05957,1729677743140866647,7618460083239783186,18/03/2026 21:06:37,1,0,IDR,Sudah dibayar,268640.8
74876,1729677743140997719,7618460083239783186,18/03/2026 21:06:33,1,0,IDR,Sudah dibayar,259760.85
97790,1731308689765139843,7618460083239783186,18/03/2026 21:06:27,1,0,IDR,Sudah dibayar,464019.25
80864,1729677759600101975,7618460083239783186,18/03/2026 21:05:40,1,0,IDR,Sudah dibayar,228026.1
16279,1729677759600101975,7618460083239783186,18/03/2026 21:04:12,1,0,IDR,Sudah dibayar,197778.0
39274,1729677758276143703,7618460083239783186,18/03/2026 21:03:59,1,0,IDR,Sudah dibayar,202844.0
95092,1731927306072196695,7618460083239783186,18/03/2026 21:03:57,1,0,IDR,Sudah dibayar,426275.0
38565,1729677743140604503,7618460083239783186,18/03/2026 21:03:53,1,0,IDR,Sudah dibayar,263831.5
99793,1729677736926874199,7618460083239783186,18/03/2026 21:01:39,1,0,IDR,Sudah dibayar,394521.55
62923,1729677755464518231,7618460083239783186,18/03/2026 21:01:21,1,0,IDR,Sudah dibayar,236461.5
21982,1729677755464452695,7618460083239783186,18/03/2026 21:00:04,1,0,IDR,Sudah dibayar,202971.5
74796,1729677758327130711,7618460083239783186,18/03/2026 21:00:00,1,0,IDR,Sudah dibayar,290068.45
59436,1729677742104873559,7618460083239783186,18/03/2026 20:59:56,1,0,IDR,Sudah dibayar,260876.05
68543,1729677743140801111,7618460083239783186,18/03/2026 20:59:50,1,0,IDR,Sudah dibayar,314585.85
25929,1729677758275881559,7618460083239783186,18/03/2026 20:59:24,1,0,IDR,Sudah dibayar,202971.5
41373,1731308689765270915,7618460083239783186,18/03/2026 20:58:53,1,0,IDR,Sudah dibayar,456292.75
39784,1729677755464649303,7618460083239783186,18/03/2026 20:58:53,1,0,IDR,Sudah dibayar,202971.5
68108,1729677758276078167,7618460083239783186,18/03/2026 20:58:37,1,0,IDR,Sudah dibayar,196928.0
79770,1731308725958116739,7618460083239783186,18/03/2026 20:58:09,1,0,IDR,Sudah dibayar,461125.0
16670,1729677743140997719,7618460083239783186,18/03/2026 20:57:52,1,0,IDR,Sudah dibayar,264878.7
84277,1729677742968769111,7618460083239783186,18/03/2026 20:57:15,1,0,IDR,Sudah dibayar,218856.3
01058,1729677743140932183,7618460083239783186,18/03/2026 20:56:48,1,0,IDR,Sudah dibayar,268666.3
31444,1729677743141063255,7618460083239783186,18/03/2026 20:56:43,1,0,IDR,Sudah dibayar,260610.85
80094,1729677758276078167,7618460083239783186,18/03/2026 20:56:27,1,0,IDR,Sudah dibayar,202971.5
65283,1729677758276078167,7618460083239783186,18/03/2026 20:55:04,1,0,IDR,Sudah dibayar,202971.5
88083,1734650508941493635,7618460083239783186,18/03/2026 20:55:02,1,0,IDR,Sudah dibayar,248174.5
34019,1734650508941493635,7618460083239783186,18/03/2026 20:54:44,1,0,IDR,Sudah dibayar,240703.0
49630,1734650508941428099,7618460083239783186,18/03/2026 20:52:57,1,0,IDR,Sudah dibayar,240703.0
90698,1731308725958182275,7618460083239783186,18/03/2026 20:51:48,1,0,IDR,Sudah dibayar,467075.0
04292,1729677746703469143,7618460083239783186,18/03/2026 20:51:34,1,0,IDR,Sudah dibayar,268666.3
82098,1734650508941493635,7618460083239783186,18/03/2026 20:50:42,1,0,IDR,Sudah dibayar,244096.19999999998
19067,1729677758275947095,7618460083239783186,18/03/2026 20:50:37,1,0,IDR,Sudah dibayar,194160.4
42614,1729677742968834647,7618460083239783186,18/03/2026 20:50:25,1,0,IDR,Sudah dibayar,218006.3
18768,1729677743140866647,7618460083239783186,18/03/2026 20:50:18,1,0,IDR,Sudah dibayar,227142.1
99288,1731079464714536323,7618460083239783186,18/03/2026 20:49:49,1,0,IDR,Sudah dibayar,475575.0
66188,1729677743140997719,7618460083239783186,18/03/2026 20:49:44,1,0,IDR,Sudah dibayar,260931.3
65904,1729677759600429655,7618460083239783186,18/03/2026 20:48:56,1,0,IDR,Sudah dibayar,202971.5
71026,1730868728728028759,7618460083239783186,18/03/2026 20:48:31,1,0,IDR,Sudah dibayar,411070.2
38130,1729677742968834647,7618460083239783186,18/03/2026 20:44:56,1,0,IDR,Sudah dibayar,206520.25
43829,1729677743141063255,7618460083239783186,18/03/2026 20:44:37,1,0,IDR,Sudah dibayar,252060.69999999998
67954,1729677747184503383,7618460083239783186,18/03/2026 20:43:57,1,0,IDR,Sudah dibayar,250360.69999999998
57771,1729677759600364119,7618460083239783186,18/03/2026 20:42:42,1,0,IDR,Sudah dibayar,199614.0
52865,1729677758327196247,7618460083239783186,18/03/2026 20:40:56,1,0,IDR,Sudah dibayar,267047.05
44190,1729677755464649303,7618460083239783186,18/03/2026 20:40:53,1,0,IDR,Sudah dibayar,202971.5
41125,1729677746703600215,7618460083239783186,18/03/2026 20:40:22,1,0,IDR,Sudah dibayar,268666.3
17340,1731308689765205379,7618460083239783186,18/03/2026 20:40:19,1,0,IDR,Sudah dibayar,441889.5
52328,1729677759600233047,7618460083239783186,18/03/2026 20:39:10,1,0,IDR,Sudah dibayar,214191.5
89115,1729677743140997719,7618460083239783186,18/03/2026 20:39:09,1,0,IDR,Sudah dibayar,296886.3
99593,1729677759600167511,7618460083239783186,18/03/2026 20:39:00,1,0,IDR,Sudah dibayar,186856.35
34879,1729677742968834647,7618460083239783186,18/03/2026 20:39:00,1,0,IDR,Sudah dibayar,218006.3
78637,1729677743140932183,7618460083239783186,18/03/2026 20:38:20,1,0,IDR,Sudah dibayar,263831.5
57241,1729677743140932183,7618460083239783186,18/03/2026 20:37:17,1,0,IDR,Sudah dibayar,267816.3
71630,1729677743140997719,7618460083239783186,18/03/2026 20:36:42,1,0,IDR,Sudah dibayar,268666.3
14905,1731308689765205379,7618460083239783186,18/03/2026 20:35:52,1,0,IDR,Sudah dibayar,422909.0
36798,1729677755464714839,7618460083239783186,18/03/2026 20:35:12,1,0,IDR,Sudah dibayar,203821.5
13707,1729677755464518231,7618460083239783186,18/03/2026 20:34:28,1,0,IDR,Sudah dibayar,214121.8
82949,1731079464714798467,7618460083239783186,18/03/2026 20:34:25,1,0,IDR,Sudah dibayar,469170.25
19400,1734650508941428099,7618460083239783186,18/03/2026 20:33:26,1,0,IDR,Sudah dibayar,248174.5
51570,1729677743140866647,7618460083239783186,18/03/2026 20:33:18,1,0,IDR,Sudah dibayar,233816.3
53354,1729677743140801111,7618460083239783186,18/03/2026 20:33:03,1,0,IDR,Sudah dibayar,233816.3
56062,1729677742104939095,7618460083239783186,18/03/2026 20:32:50,1,0,IDR,Sudah dibayar,286018.2
15808,1729677758276078167,7618460083239783186,18/03/2026 20:32:40,1,0,IDR,Sudah dibayar,197311.35
15808,1729677758275947095,7618460083239783186,18/03/2026 20:32:40,1,0,IDR,Sudah dibayar,197310.5
99006,1729677743140997719,7618460083239783186,18/03/2026 20:32:05,1,0,IDR,Sudah dibayar,267816.3
89579,1729677755464452695,7618460083239783186,18/03/2026 20:31:41,1,0,IDR,Sudah dibayar,196928.0
75552,1731308689765401987,7618460083239783186,18/03/2026 20:31:08,1,0,IDR,Sudah dibayar,459425.0
77952,1729677759600429655,7618460083239783186,18/03/2026 20:31:05,1,0,IDR,Sudah dibayar,194847.19999999998
10007,1729677758275947095,7618460083239783186,18/03/2026 20:29:18,1,0,IDR,Sudah dibayar,197778.0
30719,1729677758275816023,7618460083239783186,18/03/2026 20:28:22,1,0,IDR,Sudah dibayar,202971.5
50591,1729677759600429655,7618460083239783186,18/03/2026 20:28:05,1,0,IDR,Sudah dibayar,225661.4
08565,1729677758275881559,7618460083239783186,18/03/2026 20:27:51,1,0,IDR,Sudah dibayar,205453.5
08565,1729677758275816023,7618460083239783186,18/03/2026 20:27:51,1,0,IDR,Sudah dibayar,205453.5
12776,1729677755464518231,7618460083239783186,18/03/2026 20:27:10,1,0,IDR,Sudah dibayar,196928.0
17691,1731308689765401987,7618460083239783186,18/03/2026 20:26:43,1,0,IDR,Sudah dibayar,459425.0
53851,1729677755464387159,7618460083239783186,18/03/2026 20:25:44,1,0,IDR,Sudah dibayar,202291.5
32296,1729677743141194327,7618460083239783186,18/03/2026 20:25:35,1,0,IDR,Sudah dibayar,265283.3
20628,1729677755464321623,7618460083239783186,18/03/2026 20:24:30,1,0,IDR,Sudah dibayar,202971.5
95850,1729677755464387159,7618460083239783186,18/03/2026 20:24:03,1,0,IDR,Sudah dibayar,202971.5
28574,1729677742968769111,7618460083239783186,18/03/2026 20:23:51,1,0,IDR,Sudah dibayar,208860.3
74895,1729677743140801111,7618460083239783186,18/03/2026 20:22:38,1,0,IDR,Sudah dibayar,267816.3
10033,1729677759600036439,7618460083239783186,18/03/2026 20:21:49,1,0,IDR,Sudah dibayar,203821.5
42724,1734483831936681347,7618460083239783186,18/03/2026 20:20:04,1,0,IDR,Sudah dibayar,240703.0
90814,1729677755464452695,7618460083239783186,18/03/2026 20:19:34,1,0,IDR,Sudah dibayar,197778.0
05229,1730806636781012567,7618460083239783186,18/03/2026 20:17:18,1,0,IDR,Sudah dibayar,233756.8
20163,1729677747184437847,7618460083239783186,18/03/2026 20:17:18,1,0,IDR,Sudah dibayar,269917.5
86941,1729677758276012631,7618460083239783186,18/03/2026 20:16:40,1,0,IDR,Sudah dibayar,196928.0
18136,1731308689765270915,7618460083239783186,18/03/2026 20:16:32,1,0,IDR,Sudah dibayar,506085.75
95760,1729677743140604503,7618460083239783186,18/03/2026 20:15:49,1,0,IDR,Sudah dibayar,260931.3
68107,1729677743140997719,7618460083239783186,18/03/2026 20:15:31,1,0,IDR,Sudah dibayar,261313.8
74138,1729677746703338071,7618460083239783186,18/03/2026 20:14:38,1,0,IDR,Sudah dibayar,199816.3
90726,1731927306072131159,7618460083239783186,18/03/2026 20:13:38,1,0,IDR,Sudah dibayar,413576.0
34406,1734483831936681347,7618460083239783186,18/03/2026 20:13:32,1,0,IDR,Sudah dibayar,316372.55
83539,1729677755464583767,7618460083239783186,18/03/2026 20:13:22,1,0,IDR,Sudah dibayar,199950.6
75829,1729677743140997719,7618460083239783186,18/03/2026 20:12:23,1,0,IDR,Sudah dibayar,260931.3
63253,1729677742968638039,7618460083239783186,18/03/2026 20:11:49,1,0,IDR,Sudah dibayar,237726.3
72898,1729677755464714839,7618460083239783186,18/03/2026 20:11:02,1,0,IDR,Sudah dibayar,203906.5
89993,1729677758276012631,7618460083239783186,18/03/2026 20:09:40,1,0,IDR,Sudah dibayar,201920.9
56317,1729677743140866647,7618460083239783186,18/03/2026 20:09:34,1,0,IDR,Sudah dibayar,261885.85
19066,1731079464714798467,7618460083239783186,18/03/2026 20:08:31,1,0,IDR,Sudah dibayar,426275.0
43907,1734650508941428099,7618460083239783186,18/03/2026 20:08:28,1,0,IDR,Sudah dibayar,240703.0
91035,1729677743141194327,7618460083239783186,18/03/2026 20:07:48,1,0,IDR,Sudah dibayar,260610.85
23385,1729677758275619415,7618460083239783186,18/03/2026 20:07:41,1,0,IDR,Sudah dibayar,202971.5
45746,1729677743140932183,7618460083239783186,18/03/2026 20:06:55,1,0,IDR,Sudah dibayar,258891.3
45943,1729677758276012631,7618460083239783186,18/03/2026 20:06:53,1,0,IDR,Sudah dibayar,183105.3
76829,1731079464714798467,7618460083239783186,18/03/2026 20:06:37,1,0,IDR,Sudah dibayar,427125.0
20242,1729677746703469143,7618460083239783186,18/03/2026 20:05:10,1,0,IDR,Sudah dibayar,256570.8
58261,1729677743140866647,7618460083239783186,18/03/2026 20:05:08,1,0,IDR,Sudah dibayar,260506.3
33690,1729677758275947095,7618460083239783186,18/03/2026 20:04:56,1,0,IDR,Sudah dibayar,203821.5
39469,1729677758276012631,7618460083239783186,18/03/2026 20:04:27,1,0,IDR,Sudah dibayar,202971.5
22456,1729677746703338071,7618460083239783186,18/03/2026 20:04:14,1,0,IDR,Sudah dibayar,263615.6
50881,1729677755464518231,7618460083239783186,18/03/2026 20:03:43,1,0,IDR,Sudah dibayar,199925.1
78473,1729677743141128791,7618460083239783186,18/03/2026 20:03:04,1,0,IDR,Sudah dibayar,322660.0
65092,1729677743140735575,7618460083239783186,18/03/2026 20:02:58,1,0,IDR,Sudah dibayar,258570.85
12839,1729677747184437847,7618460083239783186,18/03/2026 20:02:40,1,0,IDR,Sudah dibayar,263959.85
68945,1729677758276012631,7618460083239783186,18/03/2026 20:02:21,1,0,IDR,Sudah dibayar,202971.5
01247,1729677755464518231,7618460083239783186,18/03/2026 20:00:58,1,0,IDR,Sudah dibayar,196248.0
69527,1731079464715978115,7618086307029486344,18/03/2026 19:59:59,1,0,IDR,Sudah dibayar,416879.1
34992,1729677755464387159,7618460083239783186,18/03/2026 19:59:38,1,0,IDR,Sudah dibayar,197079.3
68841,1729677742104676951,7618460083239783186,18/03/2026 19:59:12,1,0,IDR,Sudah dibayar,267816.3
71852,1729677758276078167,7618460083239783186,18/03/2026 19:59:10,1,0,IDR,Sudah dibayar,186653.19999999998
71706,1729677742968572503,7618460083239783186,18/03/2026 19:58:54,1,0,IDR,Sudah dibayar,242401.3
43204,1729677758276143703,7618460083239783186,18/03/2026 19:58:52,1,0,IDR,Sudah dibayar,202971.5
73133,1729677746703534679,7618460083239783186,18/03/2026 19:58:44,1,0,IDR,Sudah dibayar,227963.19999999998
10301,1731079464714667395,7618460083239783186,18/03/2026 19:58:29,1,0,IDR,Sudah dibayar,418732.95
50133,1729677759600101975,7618460083239783186,18/03/2026 19:58:25,1,0,IDR,Sudah dibayar,196928.0
73209,1729677743140997719,7618460083239783186,18/03/2026 19:58:08,1,0,IDR,Sudah dibayar,267761.05
03305,1729677755464780375,7618460083239783186,18/03/2026 19:57:05,1,0,IDR,Sudah dibayar,192899.85
20340,1729677758276143703,7618460083239783186,18/03/2026 19:56:44,1,0,IDR,Sudah dibayar,202971.5
24237,1730806636781012567,7618460083239783186,18/03/2026 19:56:32,1,0,IDR,Sudah dibayar,226823.35
62112,1729677742104873559,7618460083239783186,18/03/2026 19:56:15,1,0,IDR,Sudah dibayar,267816.3
36982,1729677759600364119,7618460083239783186,18/03/2026 19:56:07,1,0,IDR,Sudah dibayar,196928.0
87105,1729677742968769111,7618460083239783186,18/03/2026 19:53:02,1,0,IDR,Sudah dibayar,212282.4
33394,1730806636781274711,7618460083239783186,18/03/2026 19:52:45,1,0,IDR,Sudah dibayar,242129.3
42635,1729677742968769111,7618460083239783186,18/03/2026 19:52:39,1,0,IDR,Sudah dibayar,218006.3
54600,1729677743140801111,7618460083239783186,18/03/2026 19:52:38,1,0,IDR,Sudah dibayar,263058.0
33965,1729677758276078167,7618460083239783186,18/03/2026 19:52:11,1,0,IDR,Sudah dibayar,202971.5
19828,1734650508941428099,7618460083239783186,18/03/2026 19:51:51,1,0,IDR,Sudah dibayar,239683.0
29003,1731927306072065623,7618460083239783186,18/03/2026 19:50:55,1,0,IDR,Sudah dibayar,427125.0
97923,1729677743140932183,7618460083239783186,18/03/2026 19:50:03,1,0,IDR,Sudah dibayar,258381.3
62505,1729677743140997719,7618460083239783186,18/03/2026 19:49:53,1,0,IDR,Sudah dibayar,280651.3
69073,1729677747184503383,7618178607248067336,18/03/2026 19:49:47,1,0,IDR,Sudah dibayar,267816.3
98373,1729677758276078167,7618460083239783186,18/03/2026 19:49:40,1,0,IDR,Sudah dibayar,186856.35
43522,1729677755464649303,7618460083239783186,18/03/2026 19:48:49,1,0,IDR,Sudah dibayar,202971.5
14744,1729677747184306775,7618460083239783186,18/03/2026 19:48:32,1,0,IDR,Sudah dibayar,268666.3
81853,1731927306071803479,7618460083239783186,18/03/2026 19:48:12,1,0,IDR,Sudah dibayar,419475.0
69843,1729677758275816023,7609440172182146312,18/03/2026 19:47:36,1,0,IDR,Sudah dibayar,232359.4
51839,1729677746703403607,7618460083239783186,18/03/2026 19:47:05,1,0,IDR,Sudah dibayar,251470.8
23778,1729677755464387159,7618460083239783186,18/03/2026 19:45:47,1,0,IDR,Sudah dibayar,196928.0
23904,1729677758275947095,7618460083239783186,18/03/2026 19:45:09,1,0,IDR,Sudah dibayar,209006.5
85805,1729677742968834647,7618460083239783186,18/03/2026 19:44:53,1,0,IDR,Sudah dibayar,224544.5
47251,1729677759600429655,7618460083239783186,18/03/2026 19:44:39,1,0,IDR,Sudah dibayar,202950.25
46509,1730806636781078103,7618460083239783186,18/03/2026 19:44:06,1,0,IDR,Sudah dibayar,232906.8
99901,1729677743141194327,7618460083239783186,18/03/2026 19:44:04,1,0,IDR,Sudah dibayar,264315.14999999997
82015,1729677755464518231,7618460083239783186,18/03/2026 19:43:48,1,0,IDR,Sudah dibayar,202971.5
06894,1729677742968638039,7618460083239783186,18/03/2026 19:43:48,1,0,IDR,Sudah dibayar,215843.9
76599,1729677743140670039,7618460083239783186,18/03/2026 19:43:47,1,0,IDR,Sudah dibayar,263284.1
21961,1729677742968834647,7618460083239783186,18/03/2026 19:43:26,1,0,IDR,Sudah dibayar,237187.4
78613,1729677758276078167,7618460083239783186,18/03/2026 19:43:24,1,0,IDR,Sudah dibayar,202971.5
84684,1729677755464518231,7618460083239783186,18/03/2026 19:43:01,1,0,IDR,Sudah dibayar,233495.0
40531,1732072010571679304,7618460083239783186,18/03/2026 19:42:55,1,0,IDR,Sudah dibayar,65331.85
13686,1729677740302961239,7618460083239783186,18/03/2026 19:42:04,1,0,IDR,Sudah dibayar,194676.35
58534,1729677743140997719,7618460083239783186,18/03/2026 19:41:34,1,0,IDR,Sudah dibayar,246561.19999999998
52488,1729677758276012631,7618460083239783186,18/03/2026 19:41:27,1,0,IDR,Sudah dibayar,202971.5
95702,1729677743141063255,7618460083239783186,18/03/2026 19:41:25,1,0,IDR,Sudah dibayar,251037.3
86501,1729677743140932183,7618460083239783186,18/03/2026 19:41:15,1,0,IDR,Sudah dibayar,266453.75
35504,1729677742968834647,7618460083239783186,18/03/2026 19:41:12,1,0,IDR,Sudah dibayar,218006.3
22799,1729677758276143703,7618460083239783186,18/03/2026 19:41:04,1,0,IDR,Sudah dibayar,202971.5
03420,1729677755464583767,7618460083239783186,18/03/2026 19:40:51,1,0,IDR,Sudah dibayar,200957.85
82491,1729677758275947095,7618460083239783186,18/03/2026 19:40:02,1,0,IDR,Sudah dibayar,244630.0
36293,1729677758275947095,7618460083239783186,18/03/2026 19:39:37,1,0,IDR,Sudah dibayar,197778.0
79121,1729677758276143703,7618460083239783186,18/03/2026 19:39:14,1,0,IDR,Sudah dibayar,195398.0
25355,1729677746703469143,7618460083239783186,18/03/2026 19:38:37,1,0,IDR,Sudah dibayar,278951.3
99640,1731308725958116739,7618460083239783186,18/03/2026 19:38:22,1,0,IDR,Sudah dibayar,502865.95
99640,1731308725957985667,7618460083239783186,18/03/2026 19:38:22,1,0,IDR,Sudah dibayar,502866.8
49554,1729677743140932183,7618460083239783186,18/03/2026 19:35:40,1,0,IDR,Sudah dibayar,234356.9
69074,1729677758276078167,7618460083239783186,18/03/2026 19:35:18,1,0,IDR,Sudah dibayar,202971.5
46258,1729677746703469143,7618460083239783186,18/03/2026 19:35:10,1,0,IDR,Sudah dibayar,268666.3
61552,1729677755464452695,7618460083239783186,18/03/2026 19:34:44,1,0,IDR,Sudah dibayar,191836.5
99962,1729677742968834647,7618460083239783186,18/03/2026 19:34:15,1,0,IDR,Sudah dibayar,218006.3
90026,1731079464715322755,7618460083239783186,18/03/2026 19:31:55,1,0,IDR,Sudah dibayar,426275.0
25133,1729677743141063255,7618460083239783186,18/03/2026 19:30:58,1,0,IDR,Sudah dibayar,266525.14999999997
13897,1729677743141128791,7618460083239783186,18/03/2026 19:30:50,1,0,IDR,Sudah dibayar,268666.3
19217,1729677755464649303,7618460083239783186,18/03/2026 19:30:49,1,0,IDR,Sudah dibayar,203821.5
32957,1729677743140801111,7618460083239783186,18/03/2026 19:30:09,1,0,IDR,Sudah dibayar,260931.3
69485,1729677743140801111,7618460083239783186,18/03/2026 19:29:48,1,0,IDR,Sudah dibayar,265691.3
45482,1729677755464780375,7618460083239783186,18/03/2026 19:29:23,1,0,IDR,Sudah dibayar,192899.0
12870,1729677759600429655,7618460083239783186,18/03/2026 19:29:18,1,0,IDR,Sudah dibayar,199950.6
50755,1731308689765270915,7618460083239783186,18/03/2026 19:28:52,1,0,IDR,Sudah dibayar,447562.39999999997
56137,1729677746703534679,7618460083239783186,18/03/2026 19:26:35,1,0,IDR,Sudah dibayar,259760.85
49844,1731079464714667395,7618460083239783186,18/03/2026 19:26:34,1,0,IDR,Sudah dibayar,418408.25
97000,1729677755464649303,7618460083239783186,18/03/2026 19:26:28,1,0,IDR,Sudah dibayar,193997.19999999998
36158,1729677758275881559,7618460083239783186,18/03/2026 19:26:24,1,0,IDR,Sudah dibayar,196171.5
03680,1729677755464518231,7618460083239783186,18/03/2026 19:26:24,1,0,IDR,Sudah dibayar,198533.65
06990,1730806648018863703,7618460083239783186,18/03/2026 19:25:39,1,0,IDR,Sudah dibayar,216620.8
71049,1729677755464452695,7618460083239783186,18/03/2026 19:23:17,1,0,IDR,Sudah dibayar,225785.5
76169,1729677743140735575,7618460083239783186,18/03/2026 19:22:36,1,0,IDR,Sudah dibayar,254532.5
72000,1729677758275947095,7618460083239783186,18/03/2026 19:22:25,1,0,IDR,Sudah dibayar,181296.5
10144,1734650508941297027,7618460083239783186,18/03/2026 19:22:22,1,0,IDR,Sudah dibayar,238315.35
32234,1734439118025557591,7618460083239783186,18/03/2026 19:22:20,1,0,IDR,Sudah dibayar,424974.5
83930,1729677755464452695,7618460083239783186,18/03/2026 19:21:53,1,0,IDR,Sudah dibayar,202946.0
79061,1729677755464518231,7618460083239783186,18/03/2026 19:21:14,1,0,IDR,Sudah dibayar,186856.35
27524,1729677758276078167,7618460083239783186,18/03/2026 19:20:23,1,0,IDR,Sudah dibayar,223876.4
45189,1729677758276078167,7618460083239783186,18/03/2026 19:18:26,1,0,IDR,Sudah dibayar,202971.5
34464,1729677740302961239,7618460083239783186,18/03/2026 19:17:34,1,0,IDR,Sudah dibayar,211882.9
98885,1732072010571679304,7618460083239783186,18/03/2026 19:17:34,1,0,IDR,Sudah dibayar,54655.0
30562,1729677743140866647,7618460083239783186,18/03/2026 19:17:01,1,0,IDR,Sudah dibayar,239143.25
58263,1729677755464452695,7618460083239783186,18/03/2026 19:16:45,1,0,IDR,Sudah dibayar,201441.5
63437,1734650508941493635,7618460083239783186,18/03/2026 19:16:34,1,0,IDR,Sudah dibayar,249024.5
51326,1729677755464452695,7618460083239783186,18/03/2026 19:16:28,1,0,IDR,Sudah dibayar,186856.35
22697,1729677743140866647,7618460083239783186,18/03/2026 19:16:24,1,0,IDR,Sudah dibayar,312375.0
02327,1729677746703469143,7618460083239783186,18/03/2026 19:16:00,1,0,IDR,Sudah dibayar,239143.25
10755,1729677758276012631,7618460083239783186,18/03/2026 19:15:27,1,0,IDR,Sudah dibayar,191811.0
73259,1729677758276078167,7618460083239783186,18/03/2026 19:14:57,1,0,IDR,Sudah dibayar,202971.5
57904,1729677758276143703,7618460083239783186,18/03/2026 19:14:42,1,0,IDR,Sudah dibayar,196996.0
49045,1731927306072065623,7618460083239783186,18/03/2026 19:14:31,1,0,IDR,Sudah dibayar,383945.0
58804,1734650508941559171,7618460083239783186,18/03/2026 19:14:29,1,0,IDR,Sudah dibayar,248174.5
09026,1729677759600298583,7618460083239783186,18/03/2026 19:14:06,1,0,IDR,Sudah dibayar,196928.0
34646,1731622765730235991,7618460083239783186,18/03/2026 19:13:37,1,0,IDR,Sudah dibayar,447406.0
97048,1729677755464714839,7618460083239783186,18/03/2026 19:12:51,1,0,IDR,Sudah dibayar,202971.5
36266,1729677743140932183,7618460083239783186,18/03/2026 19:12:21,1,0,IDR,Sudah dibayar,267816.3
95170,1729677758276078167,7618460083239783186,18/03/2026 19:10:53,1,0,IDR,Sudah dibayar,202971.5
51860,1729677758275881559,7618460083239783186,18/03/2026 19:10:42,1,0,IDR,Sudah dibayar,192467.19999999998
49889,1729677755464583767,7618460083239783186,18/03/2026 19:09:31,1,0,IDR,Sudah dibayar,197669.19999999998
84268,1734483831936157059,7618460083239783186,18/03/2026 19:08:55,1,0,IDR,Sudah dibayar,242139.5
90881,1729677755464583767,7618460083239783186,18/03/2026 19:08:51,1,0,IDR,Sudah dibayar,203821.5
72060,1734483831936943491,7618460083239783186,18/03/2026 19:08:29,1,0,IDR,Sudah dibayar,260182.44999999998
89358,1731927306072065623,7618460083239783186,18/03/2026 19:08:21,1,0,IDR,Sudah dibayar,426275.0
28479,1729677755464518231,7618460083239783186,18/03/2026 19:08:01,1,0,IDR,Sudah dibayar,195332.55
07241,1734650508941559171,7618460083239783186,18/03/2026 19:07:15,1,0,IDR,Sudah dibayar,249024.5
86543,1731079464715322755,7618460083239783186,18/03/2026 19:06:23,1,0,IDR,Sudah dibayar,421200.5
25690,1729677743141128791,7618460083239783186,18/03/2026 19:04:50,1,0,IDR,Sudah dibayar,272894.2
39749,1734483831936943491,7618460083239783186,18/03/2026 19:02:36,1,0,IDR,Sudah dibayar,240703.0
58738,1729677743141063255,7618460083239783186,18/03/2026 19:02:10,1,0,IDR,Sudah dibayar,267816.3
62678,1730174772820018775,7618460083239783186,18/03/2026 19:02:10,1,0,IDR,Sudah dibayar,426275.0
27767,1729677743140801111,7618460083239783186,18/03/2026 19:01:41,1,0,IDR,Sudah dibayar,269195.85
48979,1729677755464583767,7618460083239783186,18/03/2026 19:00:54,1,0,IDR,Sudah dibayar,203821.5
75181,1729677743140932183,7618460083239783186,18/03/2026 19:00:28,1,0,IDR,Sudah dibayar,267816.3
77551,1729677758276143703,7618460083239783186,18/03/2026 19:00:28,1,0,IDR,Sudah dibayar,202971.5
14133,1730706106318620247,7618460083239783186,18/03/2026 18:59:36,1,0,IDR,Sudah dibayar,535302.7999999999
25400,1729677743140801111,7618460083239783186,18/03/2026 18:59:28,1,0,IDR,Sudah dibayar,271258.8
06411,1729677743140735575,7618460083239783186,18/03/2026 18:58:49,1,0,IDR,Sudah dibayar,268666.3
67348,1731079464715978115,7618460083239783186,18/03/2026 18:58:35,1,0,IDR,Sudah dibayar,429679.25
04696,1729677755464387159,7618460083239783186,18/03/2026 18:58:16,1,0,IDR,Sudah dibayar,201072.6
54996,1730174772819953239,7618460083239783186,18/03/2026 18:57:35,1,0,IDR,Sudah dibayar,413576.0
99120,1729677742968834647,7618460083239783186,18/03/2026 18:56:17,1,0,IDR,Sudah dibayar,215532.8
88445,1729677742968834647,7618460083239783186,18/03/2026 18:56:02,1,0,IDR,Sudah dibayar,207611.65
28523,1729677758276143703,7618460083239783186,18/03/2026 18:55:27,1,0,IDR,Sudah dibayar,203821.5
38592,1731308725957920131,7618460083239783186,18/03/2026 18:55:08,1,0,IDR,Sudah dibayar,459425.0
20515,1731079464714536323,7618460083239783186,18/03/2026 18:54:59,1,0,IDR,Sudah dibayar,429679.25
91777,1729677742968703575,7618460083239783186,18/03/2026 18:54:20,1,0,IDR,Sudah dibayar,207191.75
02678,1730806636781143639,7618460083239783186,18/03/2026 18:53:42,1,0,IDR,Sudah dibayar,224321.8
47762,1729677755464714839,7618460083239783186,18/03/2026 18:52:37,1,0,IDR,Sudah dibayar,203821.5
87250,1729677746703338071,7618460083239783186,18/03/2026 18:52:34,1,0,IDR,Sudah dibayar,268666.3
68557,1729677755464583767,7618460083239783186,18/03/2026 18:52:03,1,0,IDR,Sudah dibayar,196928.0
61933,1729677755464387159,7618460083239783186,18/03/2026 18:51:03,1,0,IDR,Sudah dibayar,188428.0
75667,1729677743141063255,7618460083239783186,18/03/2026 18:50:38,1,0,IDR,Sudah dibayar,259760.85
22698,1734650508941493635,7618460083239783186,18/03/2026 18:50:33,1,0,IDR,Sudah dibayar,249024.5
02133,1729677758276078167,7618460083239783186,18/03/2026 18:49:56,1,0,IDR,Sudah dibayar,202971.5
65598,1729677758275750487,7618460083239783186,18/03/2026 18:49:14,1,0,IDR,Sudah dibayar,185886.5
14702,1729677755464387159,7618460083239783186,18/03/2026 18:49:06,1,0,IDR,Sudah dibayar,202971.5
00989,1729677743140866647,7618460083239783186,18/03/2026 18:48:49,1,0,IDR,Sudah dibayar,261781.3
55553,1729677758327065175,7618460083239783186,18/03/2026 18:48:00,1,0,IDR,Sudah dibayar,275680.5
17697,1731308725957985667,7618460083239783186,18/03/2026 18:47:59,1,0,IDR,Sudah dibayar,461057.0
50887,1729677742968834647,7618460083239783186,18/03/2026 18:46:53,1,0,IDR,Sudah dibayar,218006.3
26233,1729677743140932183,7618460083239783186,18/03/2026 18:45:05,1,0,IDR,Sudah dibayar,267816.3
22281,1731927306072000087,7618460083239783186,18/03/2026 18:44:33,1,0,IDR,Sudah dibayar,426275.0
80728,1729677743141063255,7618460083239783186,18/03/2026 18:43:59,1,0,IDR,Sudah dibayar,256570.8
96344,1731079464714601859,7618460083239783186,18/03/2026 18:43:49,1,0,IDR,Sudah dibayar,423300.0
40650,1729677755464583767,7618460083239783186,18/03/2026 18:43:19,1,0,IDR,Sudah dibayar,203821.5
79019,1729677759600495191,7618460083239783186,18/03/2026 18:43:07,1,0,IDR,Sudah dibayar,199590.19999999998
32048,1729677743141128791,7618460083239783186,18/03/2026 18:42:05,1,0,IDR,Sudah dibayar,239143.25
68472,1729677758276078167,7618460083239783186,18/03/2026 18:41:09,1,0,IDR,Sudah dibayar,198402.75
98271,1729677755464583767,7618460083239783186,18/03/2026 18:41:04,1,0,IDR,Sudah dibayar,202691.0
29656,1733814097185506903,7606401077101006098,18/03/2026 18:39:13,1,0,IDR,Sudah dibayar,446556.0
11510,1734483831937205635,7618460083239783186,18/03/2026 18:39:02,1,0,IDR,Sudah dibayar,248174.5
19304,1729677755464583767,7618460083239783186,18/03/2026 18:38:48,1,0,IDR,Sudah dibayar,202971.5
46353,1729677758275947095,7618460083239783186,18/03/2026 18:38:09,1,0,IDR,Sudah dibayar,245480.0
80256,1729677755464452695,7614784661096615175,18/03/2026 18:37:20,1,0,IDR,Sudah dibayar,212313.0
64611,1729677758275947095,7618460083239783186,18/03/2026 18:36:02,1,0,IDR,Sudah dibayar,202971.5
55609,1734483831936943491,7618460083239783186,18/03/2026 18:35:03,1,0,IDR,Sudah dibayar,249024.5
83218,1729677742968834647,7618460083239783186,18/03/2026 18:34:36,1,0,IDR,Sudah dibayar,208285.69999999998
41911,1729677746703338071,7618460083239783186,18/03/2026 18:33:28,1,0,IDR,Sudah dibayar,323510.0
36928,1729677759600560727,7618460083239783186,18/03/2026 18:32:40,1,0,IDR,Sudah dibayar,198691.75
77006,1729677755464583767,7618460083239783186,18/03/2026 18:32:37,1,0,IDR,Sudah dibayar,202971.5
87894,1729677758276078167,7618460083239783186,18/03/2026 18:31:29,1,0,IDR,Sudah dibayar,202291.5
98199,1729677755464649303,7618460083239783186,18/03/2026 18:30:09,1,0,IDR,Sudah dibayar,203821.5
68931,1729677742968769111,7618460083239783186,18/03/2026 18:24:44,1,0,IDR,Sudah dibayar,214761.85
81604,1729677742968638039,7618460083239783186,18/03/2026 18:24:14,1,0,IDR,Sudah dibayar,218006.3
12840,1729677743140932183,7618460083239783186,18/03/2026 18:23:04,1,0,IDR,Sudah dibayar,259760.85
48079,1731622765730039383,7618460083239783186,18/03/2026 18:22:28,1,0,IDR,Sudah dibayar,472112.95
65863,1729677758276012631,7618460083239783186,18/03/2026 18:20:03,1,0,IDR,Sudah dibayar,202971.5
12497,1729677747184372311,7618460083239783186,18/03/2026 18:19:37,1,0,IDR,Sudah dibayar,267625.05
78904,1729677743140997719,7618460083239783186,18/03/2026 18:19:35,1,0,IDR,Sudah dibayar,268666.3
20507,1729677743140866647,7618460083239783186,18/03/2026 18:19:14,1,0,IDR,Sudah dibayar,259760.85
82362,1729677758275881559,7618460083239783186,18/03/2026 18:17:03,1,0,IDR,Sudah dibayar,198890.65
26509,1729677758275881559,7618460083239783186,18/03/2026 18:15:51,1,0,IDR,Sudah dibayar,218820.6
96902,1729677755464452695,7618460083239783186,18/03/2026 18:14:37,1,0,IDR,Sudah dibayar,202971.5
23210,1729677758275947095,7618460083239783186,18/03/2026 18:14:24,1,0,IDR,Sudah dibayar,197778.0
13092,1729677758275881559,7618460083239783186,18/03/2026 18:13:15,1,0,IDR,Sudah dibayar,202946.0
29649,1729677747184503383,7618460083239783186,18/03/2026 18:13:14,1,0,IDR,Sudah dibayar,279097.5
29649,1729677743140866647,7618460083239783186,18/03/2026 18:13:14,1,0,IDR,Sudah dibayar,279097.5
02765,1731308725958051203,7618460083239783186,18/03/2026 18:10:58,1,0,IDR,Sudah dibayar,464877.75
40240,1729677743140932183,7618460083239783186,18/03/2026 18:10:33,1,0,IDR,Sudah dibayar,241675.4
28234,1729677743140670039,7618460083239783186,18/03/2026 18:08:53,1,0,IDR,Sudah dibayar,243919.4
47263,1729677755464649303,7618460083239783186,18/03/2026 18:06:53,1,0,IDR,Sudah dibayar,198117.15
45607,1729677758276012631,7618460083239783186,18/03/2026 18:06:27,1,0,IDR,Sudah dibayar,195398.0
08092,1729677743140670039,7618460083239783186,18/03/2026 18:02:45,1,0,IDR,Sudah dibayar,264815.8
54623,1731308725957920131,7618460083239783186,18/03/2026 18:02:16,1,0,IDR,Sudah dibayar,459425.0
37683,1729677758276012631,7494054609567125126,18/03/2026 18:02:01,1,0,IDR,Sudah dibayar,222303.9
97699,1734483831936681347,7618460083239783186,18/03/2026 18:00:34,1,0,IDR,Sudah dibayar,236844.0
13329,1729677758275881559,7618460083239783186,18/03/2026 18:00:34,1,0,IDR,Sudah dibayar,198826.9
97804,1730310858187965706,7617976796063042836,18/03/2026 17:59:52,1,0,IDR,Sudah dibayar,30435.1
75913,1729677743141128791,7618460083239783186,18/03/2026 17:59:04,1,0,IDR,Sudah dibayar,274895.1
75913,1729677740302961239,7618460083239783186,18/03/2026 17:59:04,1,0,IDR,Sudah dibayar,223799.9
60685,1734650508941493635,7618460083239783186,18/03/2026 17:58:57,1,0,IDR,Sudah dibayar,249024.5
91924,1729677759600429655,7618460083239783186,18/03/2026 17:58:34,1,0,IDR,Sudah dibayar,202971.5
53886,1729677761805453911,7618460083239783186,18/03/2026 17:57:02,1,0,IDR,Sudah dibayar,284640.35
91989,1729677758275684951,7618460083239783186,18/03/2026 17:56:26,1,0,IDR,Sudah dibayar,199950.6
55584,1729677758275881559,7618460083239783186,18/03/2026 17:55:51,1,0,IDR,Sudah dibayar,190341.35
57920,1729677743140932183,7618460083239783186,18/03/2026 17:55:46,1,0,IDR,Sudah dibayar,260931.3
89270,1734483831936681347,7618460083239783186,18/03/2026 17:54:49,1,0,IDR,Sudah dibayar,241635.44999999998
48861,1729677743140932183,7618460083239783186,18/03/2026 17:52:35,1,0,IDR,Sudah dibayar,260931.3
39795,1729677743140997719,7618460083239783186,18/03/2026 17:51:21,1,0,IDR,Sudah dibayar,276316.3
65392,1729677746703338071,7618460083239783186,18/03/2026 17:51:14,1,0,IDR,Sudah dibayar,255895.05
87337,1731308689765467523,7618460083239783186,18/03/2026 17:50:27,1,0,IDR,Sudah dibayar,453717.25
96133,1729677755464583767,7618460083239783186,18/03/2026 17:50:06,1,0,IDR,Sudah dibayar,200957.85
10457,1729677743140932183,7618460083239783186,18/03/2026 17:48:31,1,0,IDR,Sudah dibayar,255491.3
55722,1734650508941493635,7618460083239783186,18/03/2026 17:47:43,1,0,IDR,Sudah dibayar,248174.5
48665,1729677759600233047,7618460083239783186,18/03/2026 17:46:52,1,0,IDR,Sudah dibayar,202971.5
05902,1731079464714732931,7618460083239783186,18/03/2026 17:46:47,1,0,IDR,Sudah dibayar,414707.35
33703,1729677742968834647,7618460083239783186,18/03/2026 17:46:38,1,0,IDR,Sudah dibayar,218856.3
29388,1729677743140801111,7618460083239783186,18/03/2026 17:46:33,1,0,IDR,Sudah dibayar,316625.0
53761,1729677755464714839,7618460083239783186,18/03/2026 17:45:53,1,0,IDR,Sudah dibayar,232585.5
74573,1729677758275619415,7618460083239783186,18/03/2026 17:44:26,1,0,IDR,Sudah dibayar,187158.1
23621,1729677755464452695,7618460083239783186,18/03/2026 17:42:08,1,0,IDR,Sudah dibayar,197778.0
57032,1729677758276012631,7618460083239783186,18/03/2026 17:41:16,1,0,IDR,Sudah dibayar,202971.5
33016,1729677755464583767,7618460083239783186,18/03/2026 17:40:41,1,0,IDR,Sudah dibayar,199950.6
59945,1729677743141194327,7618460083239783186,18/03/2026 17:39:01,1,0,IDR,Sudah dibayar,267780.6
73055,1729677758275947095,7618460083239783186,18/03/2026 17:38:55,1,0,IDR,Sudah dibayar,198865.15
71494,1729677742968638039,7618460083239783186,18/03/2026 17:38:44,1,0,IDR,Sudah dibayar,228204.6
78892,1729677743140801111,7618460083239783186,18/03/2026 17:38:22,1,0,IDR,Sudah dibayar,268666.3
56207,1729677743140866647,7618460083239783186,18/03/2026 17:37:54,1,0,IDR,Sudah dibayar,246561.19999999998
69201,1730793833131509335,7618460083239783186,18/03/2026 17:33:20,1,0,IDR,Sudah dibayar,311474.0
28576,1729677743140670039,7618460083239783186,18/03/2026 17:33:05,1,0,IDR,Sudah dibayar,259760.85
29716,1729677743140997719,7618460083239783186,18/03/2026 17:32:41,1,0,IDR,Sudah dibayar,263831.5
69362,1729677758276012631,7618460083239783186,18/03/2026 17:30:28,1,0,IDR,Sudah dibayar,225326.5
61228,1734483831936419203,7618460083239783186,18/03/2026 17:30:18,1,0,IDR,Sudah dibayar,248174.5
45603,1729677746703403607,7618460083239783186,18/03/2026 17:28:51,1,0,IDR,Sudah dibayar,267816.3
32177,1729677759600233047,7618460083239783186,18/03/2026 17:28:11,1,0,IDR,Sudah dibayar,202971.5
16621,1729677755464583767,7618460083239783186,18/03/2026 17:26:43,1,0,IDR,Sudah dibayar,199950.6
11575,1729677758275881559,7618460083239783186,18/03/2026 17:25:47,1,0,IDR,Sudah dibayar,217591.5
37935,1731927306071934551,7618460083239783186,18/03/2026 17:23:49,1,0,IDR,Sudah dibayar,420449.1
36497,1729677758276012631,7618460083239783186,18/03/2026 17:22:31,1,0,IDR,Sudah dibayar,202971.5
38500,1734483831936943491,7618460083239783186,18/03/2026 17:22:21,1,0,IDR,Sudah dibayar,228477.44999999998
83712,1731308725958182275,7618460083239783186,18/03/2026 17:22:09,1,0,IDR,Sudah dibayar,460275.0
42773,1729677758275816023,7618460083239783186,18/03/2026 17:21:42,1,0,IDR,Sudah dibayar,202096.0
40286,1729677742968769111,7618460083239783186,18/03/2026 17:21:42,1,0,IDR,Sudah dibayar,253961.3
42354,1729677758275816023,7618460083239783186,18/03/2026 17:21:08,1,0,IDR,Sudah dibayar,232585.5
35387,1729677755464452695,7618460083239783186,18/03/2026 17:20:05,1,0,IDR,Sudah dibayar,199950.6
86618,1729677758276012631,7618460083239783186,18/03/2026 17:20:04,1,0,IDR,Sudah dibayar,212406.5
35420,1734650508941559171,7618460083239783186,18/03/2026 17:18:36,1,0,IDR,Sudah dibayar,248132.0
72213,1729677758275947095,7618460083239783186,18/03/2026 17:17:22,1,0,IDR,Sudah dibayar,202585.6
52226,1729677758276012631,7618460083239783186,18/03/2026 17:17:15,1,0,IDR,Sudah dibayar,202971.5
69628,1729677758276078167,7618460083239783186,18/03/2026 17:16:52,1,0,IDR,Sudah dibayar,190136.5
76891,1729677758275881559,7618460083239783186,18/03/2026 17:16:35,1,0,IDR,Sudah dibayar,186856.35
41114,1731079464715978115,7618460083239783186,18/03/2026 17:15:34,1,0,IDR,Sudah dibayar,429679.25
06154,1729677755464321623,7618460083239783186,18/03/2026 17:13:27,1,0,IDR,Sudah dibayar,248905.5
94238,1729677759600560727,7618460083239783186,18/03/2026 17:13:17,1,0,IDR,Sudah dibayar,200957.85
39049,1729677758276209239,7618460083239783186,18/03/2026 17:10:23,1,0,IDR,Sudah dibayar,202971.5
92846,1729677755464190551,7618460083239783186,18/03/2026 17:08:58,1,0,IDR,Sudah dibayar,202971.5
63056,1729677755464321623,7618460083239783186,18/03/2026 17:08:48,1,0,IDR,Sudah dibayar,196789.44999999998
10318,1729677755464452695,7618460083239783186,18/03/2026 17:08:46,1,0,IDR,Sudah dibayar,198800.55
98484,1731016355289269416,7618460083239783186,18/03/2026 17:07:48,1,0,IDR,Sudah dibayar,18028.5
35891,1730806636781012567,7618460083239783186,18/03/2026 17:07:43,1,0,IDR,Sudah dibayar,208038.35
17642,1729677743140801111,7618460083239783186,18/03/2026 17:07:17,1,0,IDR,Sudah dibayar,265168.55
15908,1729677755464321623,7618460083239783186,18/03/2026 17:06:26,1,0,IDR,Sudah dibayar,196928.0
63712,1729677743140735575,7618460083239783186,18/03/2026 17:06:11,1,0,IDR,Sudah dibayar,246561.19999999998
47282,1729677743141063255,7618460083239783186,18/03/2026 17:04:33,1,0,IDR,Sudah dibayar,257183.65
34771,1729677758276143703,7618460083239783186,18/03/2026 17:04:26,1,0,IDR,Sudah dibayar,196928.0
16769,1729677759600233047,7618460083239783186,18/03/2026 17:04:10,1,0,IDR,Sudah dibayar,203176.35
90281,1729677746703469143,7618460083239783186,18/03/2026 17:01:37,1,0,IDR,Sudah dibayar,268666.3
38154,1729677755464452695,7618460083239783186,18/03/2026 17:01:22,1,0,IDR,Sudah dibayar,202971.5
00789,1729677755464583767,7618460083239783186,18/03/2026 17:00:49,1,0,IDR,Sudah dibayar,202971.5
90090,1731298756262659459,7618460083239783186,18/03/2026 17:00:14,1,0,IDR,Sudah dibayar,194766.44999999998
29703,1729677755464518231,7618460083239783186,18/03/2026 17:00:02,1,0,IDR,Sudah dibayar,239445.0
87439,1731016355289269416,7618460083239783186,18/03/2026 16:58:31,1,0,IDR,Sudah dibayar,17904.399999999998
05469,1729677759600495191,7618460083239783186,18/03/2026 16:57:56,1,0,IDR,Sudah dibayar,182827.35
99642,1729677743140932183,7618460083239783186,18/03/2026 16:57:24,1,0,IDR,Sudah dibayar,256072.69999999998
33246,1729677743141063255,7618460083239783186,18/03/2026 16:56:57,1,0,IDR,Sudah dibayar,251243.0
94523,1731308689765467523,7618460083239783186,18/03/2026 16:56:47,1,0,IDR,Sudah dibayar,464877.75
60776,1729677746703338071,7618460083239783186,18/03/2026 16:56:45,1,0,IDR,Sudah dibayar,263831.5
51052,1729677747184372311,7618460083239783186,18/03/2026 16:55:57,1,0,IDR,Sudah dibayar,240448.0
39624,1729677755464452695,7618460083239783186,18/03/2026 16:53:43,1,0,IDR,Sudah dibayar,194616.0
46524,1729677755464452695,7618460083239783186,18/03/2026 16:52:09,1,0,IDR,Sudah dibayar,186856.35
96018,1729677743140932183,7618460083239783186,18/03/2026 16:51:05,1,0,IDR,Sudah dibayar,267816.3
85962,1729677755464387159,7618460083239783186,18/03/2026 16:49:52,1,0,IDR,Sudah dibayar,186856.35
13320,1729677755464452695,7494054609567125126,18/03/2026 16:48:03,1,0,IDR,Sudah dibayar,258340.5
64674,1729677743140801111,7618460083239783186,18/03/2026 16:46:59,1,0,IDR,Sudah dibayar,267816.3
47923,1729677743140932183,7618460083239783186,18/03/2026 16:46:05,1,0,IDR,Sudah dibayar,259760.85
92768,1729677742968834647,7618460083239783186,18/03/2026 16:42:49,1,0,IDR,Sudah dibayar,211770.69999999998
49962,1731308725958051203,7618460083239783186,18/03/2026 16:42:24,1,0,IDR,Sudah dibayar,460249.5
87391,1729677758275881559,7618460083239783186,18/03/2026 16:42:01,1,0,IDR,Sudah dibayar,201441.5
64787,1729677759600036439,7618460083239783186,18/03/2026 16:40:51,1,0,IDR,Sudah dibayar,238416.5
51471,1734650508941428099,7618460083239783186,18/03/2026 16:40:01,1,0,IDR,Sudah dibayar,249024.5
10320,1729677743140997719,7618460083239783186,18/03/2026 16:39:34,1,0,IDR,Sudah dibayar,260931.3
98357,1729677742968834647,7618460083239783186,18/03/2026 16:39:24,1,0,IDR,Sudah dibayar,218006.3
94968,1729677755464780375,7618460083239783186,18/03/2026 16:37:57,1,0,IDR,Sudah dibayar,202971.5
12867,1729677743140735575,7618460083239783186,18/03/2026 16:37:28,1,0,IDR,Sudah dibayar,267816.3
33186,1729677755464387159,7618460083239783186,18/03/2026 16:37:09,1,0,IDR,Sudah dibayar,225154.8
90824,1729677755464518231,7618178607248067336,18/03/2026 16:34:42,1,0,IDR,Sudah dibayar,227310.4
37974,1729677755464780375,7618460083239783186,18/03/2026 16:33:17,1,0,IDR,Sudah dibayar,203595.4
54872,1729677755464518231,7618460083239783186,18/03/2026 16:29:55,1,0,IDR,Sudah dibayar,199083.6
00905,1729677758276012631,7618460083239783186,18/03/2026 16:29:25,1,0,IDR,Sudah dibayar,203821.5
74357,1729677742968834647,7618460083239783186,18/03/2026 16:29:21,1,0,IDR,Sudah dibayar,218006.3
06016,1729677742968769111,7618460083239783186,18/03/2026 16:29:20,1,0,IDR,Sudah dibayar,218856.3
83599,1729677758326934103,7618460083239783186,18/03/2026 16:29:05,1,0,IDR,Sudah dibayar,299285.0
46025,1731079464714732931,7618460083239783186,18/03/2026 16:27:40,1,0,IDR,Sudah dibayar,421090.0
88182,1731079464714732931,7618460083239783186,18/03/2026 16:27:15,1,0,IDR,Sudah dibayar,439122.75
88834,1729677743140932183,7618460083239783186,18/03/2026 16:26:35,1,0,IDR,Sudah dibayar,258570.85
37001,1729677755464649303,7618460083239783186,18/03/2026 16:26:06,1,0,IDR,Sudah dibayar,203821.5
17656,1729677755464649303,7618460083239783186,18/03/2026 16:25:41,1,0,IDR,Sudah dibayar,202971.5
76630,1729677743141063255,7618460083239783186,18/03/2026 16:25:23,1,0,IDR,Sudah dibayar,247724.0
05282,1729677758276078167,7618460083239783186,18/03/2026 16:24:46,1,0,IDR,Sudah dibayar,203906.5
77503,1729677758276078167,7618460083239783186,18/03/2026 16:24:40,1,0,IDR,Sudah dibayar,203821.5
82069,1729677758276012631,7618460083239783186,18/03/2026 16:23:54,1,0,IDR,Sudah dibayar,186856.35
31387,1729677758275881559,7618460083239783186,18/03/2026 16:23:10,1,0,IDR,Sudah dibayar,201697.35
92862,1729677755464780375,7618460083239783186,18/03/2026 16:21:53,1,0,IDR,Sudah dibayar,190261.44999999998
14224,1729677746703338071,7618460083239783186,18/03/2026 16:21:47,1,0,IDR,Sudah dibayar,268666.3
73883,1729677755464649303,7618460083239783186,18/03/2026 16:19:26,1,0,IDR,Sudah dibayar,197978.6
55949,1729677755464583767,7618460083239783186,18/03/2026 16:18:29,1,0,IDR,Sudah dibayar,196928.0
64814,1729677758275947095,7618460083239783186,18/03/2026 16:17:38,1,0,IDR,Sudah dibayar,194420.5
10056,1729677758275947095,7618460083239783186,18/03/2026 16:16:52,1,0,IDR,Sudah dibayar,203435.6
26104,1729677755464583767,7618460083239783186,18/03/2026 16:16:35,1,0,IDR,Sudah dibayar,271566.5
77301,1729677758276078167,7618460083239783186,18/03/2026 16:16:32,1,0,IDR,Sudah dibayar,201441.5
34878,1729677755464387159,7618460083239783186,18/03/2026 16:14:50,1,0,IDR,Sudah dibayar,202971.5
07884,1729677759600167511,7618460083239783186,18/03/2026 16:14:43,1,0,IDR,Sudah dibayar,195398.0
65904,1729677758275750487,7618460083239783186,18/03/2026 16:13:41,1,0,IDR,Sudah dibayar,186856.35
65270,1729677743140801111,7618460083239783186,18/03/2026 16:11:50,1,0,IDR,Sudah dibayar,259760.85
69301,1729677758276012631,7618460083239783186,18/03/2026 16:10:29,1,0,IDR,Sudah dibayar,202946.0
05293,1729677743140997719,7618460083239783186,18/03/2026 16:07:21,1,0,IDR,Sudah dibayar,266541.3
05745,1729677743140997719,7618460083239783186,18/03/2026 16:05:55,1,0,IDR,Sudah dibayar,268666.3
42776,1729677743140997719,7618460083239783186,18/03/2026 16:05:27,1,0,IDR,Sudah dibayar,258381.3
51385,1730806636781143639,7618460083239783186,18/03/2026 16:05:20,1,0,IDR,Sudah dibayar,232906.8
63038,1729677743140866647,7618460083239783186,18/03/2026 16:03:50,1,0,IDR,Sudah dibayar,267816.3
16110,1734483831936681347,7618460083239783186,18/03/2026 16:02:31,1,0,IDR,Sudah dibayar,248922.5
08885,1731927306072065623,7618460083239783186,18/03/2026 16:01:11,1,0,IDR,Sudah dibayar,383219.95
54172,1729677758276143703,7618460083239783186,18/03/2026 15:59:01,1,0,IDR,Sudah dibayar,203565.65
87677,1729677746703338071,7618460083239783186,18/03/2026 15:57:36,1,0,IDR,Sudah dibayar,267816.3
86627,1729677755464583767,7618460083239783186,18/03/2026 15:56:54,1,0,IDR,Sudah dibayar,197778.0
95731,1729677755464649303,7618460083239783186,18/03/2026 15:55:40,1,0,IDR,Sudah dibayar,182827.35
38491,1729677759600429655,7618460083239783186,18/03/2026 15:54:19,1,0,IDR,Sudah dibayar,202929.0
38491,1729677755464583767,7618460083239783186,18/03/2026 15:54:19,1,0,IDR,Sudah dibayar,202929.0
23083,1731079464714798467,7618460083239783186,18/03/2026 15:53:42,1,0,IDR,Sudah dibayar,424888.64999999997
52512,1729677755464518231,7618460083239783186,18/03/2026 15:50:45,1,0,IDR,Sudah dibayar,203821.5
91813,1729677755464452695,7618460083239783186,18/03/2026 15:50:43,1,0,IDR,Sudah dibayar,202971.5
61099,1729677743141063255,7618460083239783186,18/03/2026 15:50:22,1,0,IDR,Sudah dibayar,246561.19999999998
10874,1729677758276078167,7618460083239783186,18/03/2026 15:49:01,1,0,IDR,Sudah dibayar,193997.19999999998
74360,1731308725957920131,7618460083239783186,18/03/2026 15:47:58,1,0,IDR,Sudah dibayar,459425.0
92542,1729677759600233047,7618460083239783186,18/03/2026 15:47:17,1,0,IDR,Sudah dibayar,202971.5
27938,1729677742968834647,7618460083239783186,18/03/2026 15:46:41,1,0,IDR,Sudah dibayar,214761.85
26368,1729677755464387159,7618460083239783186,18/03/2026 15:46:28,1,0,IDR,Sudah dibayar,188135.6
65250,1729677755464387159,7618460083239783186,18/03/2026 15:46:20,1,0,IDR,Sudah dibayar,187246.5
27502,1729706772144948823,7618460083239783186,18/03/2026 15:46:15,1,0,IDR,Sudah dibayar,596190.0
62081,1729677743140932183,7618460083239783186,18/03/2026 15:45:42,1,0,IDR,Sudah dibayar,267816.3
00613,1730806648018863703,7618460083239783186,18/03/2026 15:41:26,1,0,IDR,Sudah dibayar,233756.8
47953,1729677755464649303,7618460083239783186,18/03/2026 15:38:41,1,0,IDR,Sudah dibayar,202291.5
37019,1731401465609619031,7618460083239783186,18/03/2026 15:38:07,1,0,IDR,Sudah dibayar,396899.0
44548,1729677759600233047,7618460083239783186,18/03/2026 15:38:04,1,0,IDR,Sudah dibayar,203821.5
28655,1729677740302961239,7618460083239783186,18/03/2026 15:35:26,1,0,IDR,Sudah dibayar,197818.8
91188,1729677755464518231,7618460083239783186,18/03/2026 15:35:12,1,0,IDR,Sudah dibayar,218441.5
41490,1729677758276012631,7618460083239783186,18/03/2026 15:34:31,1,0,IDR,Sudah dibayar,202291.5
66290,1729677743140801111,7618460083239783186,18/03/2026 15:33:23,1,0,IDR,Sudah dibayar,268636.55
26834,1729677746703338071,7618460083239783186,18/03/2026 15:33:13,1,0,IDR,Sudah dibayar,267816.3
17386,1731079464715978115,7610803765620902663,18/03/2026 15:32:43,1,0,IDR,Sudah dibayar,499375.0
09056,1729677742105004631,7618460083239783186,18/03/2026 15:30:51,1,0,IDR,Sudah dibayar,256596.3
53340,1729677755464714839,7618460083239783186,18/03/2026 15:30:50,1,0,IDR,Sudah dibayar,209856.5
43062,1729677758276012631,7618460083239783186,18/03/2026 15:30:29,1,0,IDR,Sudah dibayar,236750.5
35095,1730806636781012567,7618460083239783186,18/03/2026 15:27:04,1,0,IDR,Sudah dibayar,214417.6
92354,1729677758276078167,7618460083239783186,18/03/2026 15:26:50,1,0,IDR,Sudah dibayar,196928.0
66874,1729677758276209239,7618460083239783186,18/03/2026 15:25:07,1,0,IDR,Sudah dibayar,203821.5
16034,1734650508941493635,7618460083239783186,18/03/2026 15:24:55,1,0,IDR,Sudah dibayar,248174.5
81024,1729677743140801111,7618460083239783186,18/03/2026 15:22:35,1,0,IDR,Sudah dibayar,260931.3
79440,1729677758276012631,7618460083239783186,18/03/2026 15:18:39,1,0,IDR,Sudah dibayar,186856.35
16187,1729677755464452695,7618178607248067336,18/03/2026 15:17:49,1,0,IDR,Sudah dibayar,202971.5
03844,1734483831936943491,7618460083239783186,18/03/2026 15:16:20,1,0,IDR,Sudah dibayar,249024.5
34721,1729677747184306775,7618460083239783186,18/03/2026 15:15:53,1,0,IDR,Sudah dibayar,288830.85
13334,1729677758276012631,7618460083239783186,18/03/2026 15:14:53,1,0,IDR,Sudah dibayar,202971.5
54697,1729677736927005271,7618460083239783186,18/03/2026 15:14:40,1,0,IDR,Sudah dibayar,371641.25
57772,1729677758276078167,7618460083239783186,18/03/2026 15:13:42,1,0,IDR,Sudah dibayar,196928.0
30995,1729677755464649303,7618460083239783186,18/03/2026 15:11:38,1,0,IDR,Sudah dibayar,202971.5
54786,1729677758276078167,7618460083239783186,18/03/2026 15:10:39,1,0,IDR,Sudah dibayar,202971.5
12883,1729677746703403607,7618460083239783186,18/03/2026 15:07:39,1,0,IDR,Sudah dibayar,302071.3
95145,1729677758275947095,7618460083239783186,18/03/2026 15:07:27,1,0,IDR,Sudah dibayar,238161.5
07651,1729677746703469143,7618460083239783186,18/03/2026 15:05:40,1,0,IDR,Sudah dibayar,260880.3
35817,1729677758275881559,7618460083239783186,18/03/2026 15:04:16,1,0,IDR,Sudah dibayar,202971.5
34299,1729677747184437847,7618460083239783186,18/03/2026 15:02:42,1,0,IDR,Sudah dibayar,260761.3
29587,1729677758276078167,7618460083239783186,18/03/2026 15:02:07,1,0,IDR,Sudah dibayar,186856.35
57140,1729677758276078167,7618460083239783186,18/03/2026 15:01:59,1,0,IDR,Sudah dibayar,202971.5
43969,1729677755464256087,7618460083239783186,18/03/2026 15:01:27,1,0,IDR,Sudah dibayar,202971.5
10329,1729677758327130711,7618460083239783186,18/03/2026 14:59:35,1,0,IDR,Sudah dibayar,293723.45
61222,1729677758276078167,7618460083239783186,18/03/2026 14:59:25,1,0,IDR,Sudah dibayar,197463.5
28877,1729677759600298583,7618460083239783186,18/03/2026 14:58:00,1,0,IDR,Sudah dibayar,195491.5
93326,1731308725958182275,7618460083239783186,18/03/2026 14:56:31,1,0,IDR,Sudah dibayar,464525.0
13383,1731308725957985667,7618460083239783186,18/03/2026 14:55:34,1,0,IDR,Sudah dibayar,460275.0
04823,1729677743141128791,7618460083239783186,18/03/2026 14:53:18,1,0,IDR,Sudah dibayar,267816.3
06564,1729677755464780375,7618460083239783186,18/03/2026 14:51:22,1,0,IDR,Sudah dibayar,202971.5
64045,1729725175196256855,7603296148811484423,18/03/2026 14:51:16,1,0,IDR,Sudah dibayar,656625.0
71289,1729677743140866647,7618460083239783186,18/03/2026 14:50:13,1,0,IDR,Sudah dibayar,263831.5
45036,1729677755464452695,7618460083239783186,18/03/2026 14:49:36,1,0,IDR,Sudah dibayar,176022.25
73239,1729677755464518231,7618460083239783186,18/03/2026 14:49:01,1,0,IDR,Sudah dibayar,238139.4
70584,1729677755464387159,7618460083239783186,18/03/2026 14:48:25,1,0,IDR,Sudah dibayar,202971.5
34201,1729677747184437847,7618460083239783186,18/03/2026 14:48:07,1,0,IDR,Sudah dibayar,246561.19999999998
60635,1729677755464452695,7618460083239783186,18/03/2026 14:47:36,1,0,IDR,Sudah dibayar,202971.5
62898,1729677758276012631,7618460083239783186,18/03/2026 14:47:17,1,0,IDR,Sudah dibayar,202971.5
19091,1729677755464714839,7618460083239783186,18/03/2026 14:47:03,1,0,IDR,Sudah dibayar,186856.35
36741,1729677743140735575,7618460083239783186,18/03/2026 14:45:46,1,0,IDR,Sudah dibayar,261781.3
44762,1729677743859796567,7618460083239783186,18/03/2026 14:43:12,1,0,IDR,Sudah dibayar,264697.64999999997
13094,1729677758276274775,7618460083239783186,18/03/2026 14:42:25,1,0,IDR,Sudah dibayar,202971.5
01452,1729677759600429655,7618460083239783186,18/03/2026 14:33:59,1,0,IDR,Sudah dibayar,199907.25
01452,1729677759600298583,7618460083239783186,18/03/2026 14:33:59,1,0,IDR,Sudah dibayar,199908.1
44162,1731308689765205379,7618460083239783186,18/03/2026 14:33:52,1,0,IDR,Sudah dibayar,403340.3
10965,1730806636781078103,7618460083239783186,18/03/2026 14:31:30,1,0,IDR,Sudah dibayar,229440.5
09822,1731079464714667395,7618460083239783186,18/03/2026 14:29:18,1,0,IDR,Sudah dibayar,392411.0
44046,1729677758276209239,7618460083239783186,18/03/2026 14:27:46,1,0,IDR,Sudah dibayar,196928.0
84712,1729677755464518231,7618460083239783186,18/03/2026 14:27:17,1,0,IDR,Sudah dibayar,192899.85
09895,1734483831936943491,7618460083239783186,18/03/2026 14:27:03,1,0,IDR,Sudah dibayar,249024.5
39540,1729677742104873559,7618460083239783186,18/03/2026 14:26:32,1,0,IDR,Sudah dibayar,268666.3
16488,1729677758275881559,7618460083239783186,18/03/2026 14:26:14,1,0,IDR,Sudah dibayar,202971.5
09262,1729677755464256087,7618460083239783186,18/03/2026 14:25:59,1,0,IDR,Sudah dibayar,200415.55
44064,1734650508941493635,7618460083239783186,18/03/2026 14:24:41,1,0,IDR,Sudah dibayar,251574.5
10149,1729677758275881559,7618460083239783186,18/03/2026 14:24:12,1,0,IDR,Sudah dibayar,204756.5
57819,1729677746703403607,7618460083239783186,18/03/2026 14:21:52,1,0,IDR,Sudah dibayar,261195.65
50981,1729677742105004631,7618460083239783186,18/03/2026 14:21:36,1,0,IDR,Sudah dibayar,267816.3
08217,1729677755464452695,7618460083239783186,18/03/2026 14:19:27,1,0,IDR,Sudah dibayar,202971.5
85719,1729677755464387159,7618460083239783186,18/03/2026 14:18:53,1,0,IDR,Sudah dibayar,197778.0
73627,1729677743140997719,7618460083239783186,18/03/2026 14:18:34,1,0,IDR,Sudah dibayar,246561.19999999998
09768,1729677759600101975,7618178607248067336,18/03/2026 14:15:53,1,0,IDR,Sudah dibayar,214814.55
01385,1729677755464649303,7618460083239783186,18/03/2026 14:15:50,1,0,IDR,Sudah dibayar,196928.0
16119,1731927306072262231,7618460083239783186,18/03/2026 14:14:13,1,0,IDR,Sudah dibayar,485032.1
52628,1729677758275947095,7618460083239783186,18/03/2026 14:13:12,1,0,IDR,Sudah dibayar,191667.35
82430,1734483831937205635,7618460083239783186,18/03/2026 14:12:22,1,0,IDR,Sudah dibayar,253274.5
50643,1729677743140670039,7618460083239783186,18/03/2026 14:11:17,1,0,IDR,Sudah dibayar,267816.3
96733,1731401465609487959,7618460083239783186,18/03/2026 14:08:59,1,0,IDR,Sudah dibayar,400297.3
20980,1729677743140866647,7618460083239783186,18/03/2026 14:08:29,1,0,IDR,Sudah dibayar,287430.05
95211,1734650508941559171,7618460083239783186,18/03/2026 14:08:28,1,0,IDR,Sudah dibayar,245802.15
64139,1729677755464780375,7618460083239783186,18/03/2026 14:08:28,1,0,IDR,Sudah dibayar,201098.94999999998
10590,1729677743140866647,7618460083239783186,18/03/2026 14:07:22,1,0,IDR,Sudah dibayar,267816.3
02847,1729677755464452695,7618460083239783186,18/03/2026 14:07:03,1,0,IDR,Sudah dibayar,196298.15
65288,1729677742105004631,7618460083239783186,18/03/2026 14:06:19,1,0,IDR,Sudah dibayar,263831.5
80801,1729677740302961239,7618460083239783186,18/03/2026 14:06:03,1,0,IDR,Sudah dibayar,208545.8
94962,1729677755464387159,7618460083239783186,18/03/2026 14:05:38,1,0,IDR,Sudah dibayar,203821.5
80986,1729677743140866647,7618460083239783186,18/03/2026 14:02:57,1,0,IDR,Sudah dibayar,267816.3
80448,1734650508941493635,7618460083239783186,18/03/2026 14:01:24,1,0,IDR,Sudah dibayar,246185.5
41502,1729677755464452695,7618460083239783186,18/03/2026 14:00:48,1,0,IDR,Sudah dibayar,176605.35
64476,1729677742968703575,7618460083239783186,18/03/2026 13:58:47,1,0,IDR,Sudah dibayar,221154.69999999998
64057,1729677758276209239,7618460083239783186,18/03/2026 13:57:58,1,0,IDR,Sudah dibayar,211463.0
00909,1729677755464714839,7618460083239783186,18/03/2026 13:57:48,1,0,IDR,Sudah dibayar,203821.5
84862,1729677743140932183,7618460083239783186,18/03/2026 13:52:55,1,0,IDR,Sudah dibayar,267816.3
11199,1731927306072065623,7609298936339254535,18/03/2026 13:52:21,1,0,IDR,Sudah dibayar,492575.0
94756,1729677742968769111,7618460083239783186,18/03/2026 13:52:20,1,0,IDR,Sudah dibayar,200679.05
64865,1734483831936943491,7618460083239783186,18/03/2026 13:51:13,1,0,IDR,Sudah dibayar,248174.5
42448,1729677743140932183,7618460083239783186,18/03/2026 13:51:06,1,0,IDR,Sudah dibayar,262189.3
33227,1729677758276078167,7618460083239783186,18/03/2026 13:50:59,1,0,IDR,Sudah dibayar,203821.5
69936,1729677746703469143,7618460083239783186,18/03/2026 13:50:05,1,0,IDR,Sudah dibayar,267816.3
73212,1734483831936943491,7618460083239783186,18/03/2026 13:49:18,1,0,IDR,Sudah dibayar,240703.0
67321,1729677743140866647,7618460083239783186,18/03/2026 13:47:43,1,0,IDR,Sudah dibayar,270088.35
20884,1729677743140932183,7618460083239783186,18/03/2026 13:46:37,1,0,IDR,Sudah dibayar,258472.25
52969,1729677746703338071,7618460083239783186,18/03/2026 13:46:03,1,0,IDR,Sudah dibayar,263831.5
94918,1729677758276012631,7618460083239783186,18/03/2026 13:44:54,1,0,IDR,Sudah dibayar,269475.5
74406,1729677743141128791,7618460083239783186,18/03/2026 13:42:16,1,0,IDR,Sudah dibayar,301697.3
96248,1729725175196125783,7618460083239783186,18/03/2026 13:41:51,1,0,IDR,Sudah dibayar,662690.6
16705,1730868728727635543,7618460083239783186,18/03/2026 13:38:21,1,0,IDR,Sudah dibayar,446556.0
42200,1729677758276143703,7618460083239783186,18/03/2026 13:38:09,1,0,IDR,Sudah dibayar,185897.55
89859,1729677743140932183,7618460083239783186,18/03/2026 13:38:04,1,0,IDR,Sudah dibayar,251496.3
86321,1729677758276012631,7617239352954932498,18/03/2026 13:37:57,1,0,IDR,Sudah dibayar,229635.15
85507,1734650508941362563,7618460083239783186,18/03/2026 13:37:09,1,0,IDR,Sudah dibayar,247069.5
57184,1729677742105070167,7618460083239783186,18/03/2026 13:36:51,1,0,IDR,Sudah dibayar,260610.85
11918,1731927306072131159,7618460083239783186,18/03/2026 13:36:14,1,0,IDR,Sudah dibayar,427125.0
65060,1731079464715257219,7618460083239783186,18/03/2026 13:33:36,1,0,IDR,Sudah dibayar,426760.35
71846,1729677758276143703,7618460083239783186,18/03/2026 13:33:00,1,0,IDR,Sudah dibayar,195398.0
96583,1729677755464387159,7618460083239783186,18/03/2026 13:32:26,1,0,IDR,Sudah dibayar,210791.5
95184,1729677747184503383,7618460083239783186,18/03/2026 13:31:25,1,0,IDR,Sudah dibayar,268831.2
22387,1729677758276143703,7618460083239783186,18/03/2026 13:31:15,1,0,IDR,Sudah dibayar,202971.5
21050,1729677759600167511,7618460083239783186,18/03/2026 13:31:06,1,0,IDR,Sudah dibayar,233495.0
01084,1731401465609487959,7618460083239783186,18/03/2026 13:27:42,1,0,IDR,Sudah dibayar,393414.0
94783,1734483831936681347,7618460083239783186,18/03/2026 13:26:48,1,0,IDR,Sudah dibayar,240703.0
73007,1729677743140866647,7618460083239783186,18/03/2026 13:26:42,1,0,IDR,Sudah dibayar,258516.44999999998
58512,1729677743140801111,7618460083239783186,18/03/2026 13:25:21,1,0,IDR,Sudah dibayar,268666.3
07537,1729677758275816023,7618460083239783186,18/03/2026 13:23:39,1,0,IDR,Sudah dibayar,198325.4
09013,1729677742105201239,7618460083239783186,18/03/2026 13:23:28,1,0,IDR,Sudah dibayar,263831.5
60066,1731308725957854595,7618460083239783186,18/03/2026 13:21:24,1,0,IDR,Sudah dibayar,423691.0
61858,1729677758275881559,7618460083239783186,18/03/2026 13:19:46,1,0,IDR,Sudah dibayar,212236.5
50781,1729677759600495191,7618460083239783186,18/03/2026 13:18:32,1,0,IDR,Sudah dibayar,196886.35
50781,1729677758276143703,7618460083239783186,18/03/2026 13:18:32,1,0,IDR,Sudah dibayar,196885.5
88468,1729677758275947095,7618460083239783186,18/03/2026 13:18:14,1,0,IDR,Sudah dibayar,202971.5
49314,1731927306072065623,7618460083239783186,18/03/2026 13:18:12,1,0,IDR,Sudah dibayar,415063.5
07902,1729677755464780375,7618460083239783186,18/03/2026 13:17:17,1,0,IDR,Sudah dibayar,244570.5
17180,1729677758276143703,7618460083239783186,18/03/2026 13:15:01,1,0,IDR,Sudah dibayar,196928.0
42739,1729677743140997719,7618460083239783186,18/03/2026 13:14:51,1,0,IDR,Sudah dibayar,252769.6
65723,1734483831936681347,7618460083239783186,18/03/2026 13:10:57,1,0,IDR,Sudah dibayar,244772.8
08410,1734483831936681347,7618460083239783186,18/03/2026 13:09:39,1,0,IDR,Sudah dibayar,248174.5
23464,1729677743140997719,7618460083239783186,18/03/2026 13:07:29,1,0,IDR,Sudah dibayar,260823.35
83015,1729677746703534679,7618460083239783186,18/03/2026 13:05:59,1,0,IDR,Sudah dibayar,263687.85
71724,1729677743140997719,7618460083239783186,18/03/2026 13:01:56,1,0,IDR,Sudah dibayar,267816.3
08870,1729677743140866647,7618460083239783186,18/03/2026 12:57:09,1,0,IDR,Sudah dibayar,266855.8
84969,1729677758276012631,7618460083239783186,18/03/2026 12:56:17,1,0,IDR,Sudah dibayar,231183.0
38332,1731079464715912579,7618460083239783186,18/03/2026 12:55:44,1,0,IDR,Sudah dibayar,430537.75
78193,1729677758276078167,7618460083239783186,18/03/2026 12:54:25,1,0,IDR,Sudah dibayar,202971.5
71848,1730706088342947415,7494054609567125126,18/03/2026 12:51:42,1,0,IDR,Sudah dibayar,537020.65
65017,1734650508941493635,7618460083239783186,18/03/2026 12:50:51,1,0,IDR,Sudah dibayar,240462.44999999998
82667,1729677755464518231,7618460083239783186,18/03/2026 12:48:01,1,0,IDR,Sudah dibayar,202971.5
33790,1729677758275816023,7607910530862337288,18/03/2026 12:46:39,1,0,IDR,Sudah dibayar,241000.5
71265,1729677759600429655,7618460083239783186,18/03/2026 12:46:26,1,0,IDR,Sudah dibayar,197370.0
71265,1729677759600364119,7618460083239783186,18/03/2026 12:46:26,1,0,IDR,Sudah dibayar,197370.0
78449,1729677758276078167,7618460083239783186,18/03/2026 12:46:22,1,0,IDR,Sudah dibayar,201824.0
78449,1729677758276012631,7618460083239783186,18/03/2026 12:46:22,1,0,IDR,Sudah dibayar,201824.0
51859,1731927306072065623,7618460083239783186,18/03/2026 12:41:20,1,0,IDR,Sudah dibayar,419347.5
30899,1729677743140801111,7618460083239783186,18/03/2026 12:38:32,1,0,IDR,Sudah dibayar,268436.8
39760,1731308689765205379,7618460083239783186,18/03/2026 12:34:39,1,0,IDR,Sudah dibayar,422909.0
29718,1731418659333113219,7616326470352407304,18/03/2026 12:12:47,1,0,IDR,Sudah dibayar,176503.35
17260,1729677755464452695,7618178607248067336,18/03/2026 12:00:47,1,0,IDR,Sudah dibayar,229124.3
80718,1729677758276078167,7615307182589872903,18/03/2026 11:25:13,1,0,IDR,Sudah dibayar,234724.1
13886,1729677740302961239,7618178607248067336,18/03/2026 10:15:56,1,0,IDR,Sudah dibayar,257847.5
09662,1729677755464583767,7599608216993025288,18/03/2026 09:09:28,1,0,IDR,Sudah dibayar,215622.9
50789,1731927306071934551,7617762995544623880,18/03/2026 08:39:29,1,0,IDR,Sudah dibayar,420557.89999999997
01356,1734483831936943491,7617842403554773778,18/03/2026 08:30:12,1,0,IDR,Sudah dibayar,296089.0
10080,1734650508941493635,7618178607248067336,18/03/2026 06:25:32,1,0,IDR,Sudah dibayar,228477.44999999998
99644,1729677743140932183,7618178607248067336,18/03/2026 06:10:09,1,0,IDR,Sudah dibayar,268666.3
65018,1729677755464518231,7618178607248067336,18/03/2026 06:06:14,1,0,IDR,Sudah dibayar,208131.0
84253,1729677746703338071,7618178607248067336,18/03/2026 06:04:19,1,0,IDR,Sudah dibayar,361496.5
97847,1729677758276143703,7618178607248067336,18/03/2026 06:03:32,1,0,IDR,Sudah dibayar,196928.0
14189,1729677755464518231,7618178607248067336,18/03/2026 06:01:51,1,0,IDR,Sudah dibayar,168971.5
03807,1729677743140735575,7618178607248067336,18/03/2026 06:01:24,1,0,IDR,Sudah dibayar,263831.5
22823,1729677758276209239,7618178607248067336,18/03/2026 05:59:21,1,0,IDR,Sudah dibayar,203821.5
56079,1729677743140997719,7618178607248067336,18/03/2026 05:59:09,1,0,IDR,Sudah dibayar,246561.19999999998
96641,1734483831936681347,7618178607248067336,18/03/2026 05:59:05,1,0,IDR,Sudah dibayar,240703.0
46129,1731079464714536323,7618178607248067336,18/03/2026 05:54:26,1,0,IDR,Sudah dibayar,422110.85
67603,1729677743140735575,7618178607248067336,18/03/2026 05:53:53,1,0,IDR,Sudah dibayar,259760.85
68601,1729677755464452695,7618178607248067336,18/03/2026 05:51:31,1,0,IDR,Sudah dibayar,203821.5
82953,1729677747184503383,7618178607248067336,18/03/2026 05:46:14,1,0,IDR,Sudah dibayar,246514.44999999998
89786,1731308725957854595,7618178607248067336,18/03/2026 05:41:53,1,0,IDR,Sudah dibayar,472175.0
11366,1731927306072065623,7618086307029486344,18/03/2026 05:41:35,1,0,IDR,Sudah dibayar,384033.39999999997
27244,1729677743140932183,7618178607248067336,18/03/2026 05:40:26,1,0,IDR,Sudah dibayar,246561.19999999998
65807,1729677743140866647,7618178607248067336,18/03/2026 05:39:44,1,0,IDR,Sudah dibayar,260397.5
61392,1734439101179528791,7618178607248067336,18/03/2026 05:36:44,1,0,IDR,Sudah dibayar,421821.0
66627,1729677742968834647,7618178607248067336,18/03/2026 05:36:20,1,0,IDR,Sudah dibayar,216306.3
46902,1729677746703403607,7618178607248067336,18/03/2026 05:34:48,1,0,IDR,Sudah dibayar,261885.85
01904,1729677743141128791,7618178607248067336,18/03/2026 05:34:38,1,0,IDR,Sudah dibayar,267816.3
31208,1729677743140866647,7618178607248067336,18/03/2026 05:34:25,1,0,IDR,Sudah dibayar,268666.3
66873,1729677743141128791,7618178607248067336,18/03/2026 05:30:07,1,0,IDR,Sudah dibayar,267816.3
52523,1731308689765467523,7618178607248067336,18/03/2026 05:28:16,1,0,IDR,Sudah dibayar,487492.85
55915,1729733013272364631,7618178607248067336,18/03/2026 05:28:16,1,0,IDR,Sudah dibayar,66184.4
55915,1729677759600036439,7618178607248067336,18/03/2026 05:28:16,1,0,IDR,Sudah dibayar,214748.25
05257,1729677755464583767,7618178607248067336,18/03/2026 05:26:40,1,0,IDR,Sudah dibayar,202971.5
68924,1729677755464452695,7618178607248067336,18/03/2026 05:25:08,1,0,IDR,Sudah dibayar,192686.5
42961,1729677743140866647,7618178607248067336,18/03/2026 05:24:56,1,0,IDR,Sudah dibayar,253284.69999999998
99811,1729677758276143703,7618178607248067336,18/03/2026 05:24:10,1,0,IDR,Sudah dibayar,202291.5
91660,1731308725958116739,7618178607248067336,18/03/2026 05:22:07,1,0,IDR,Sudah dibayar,447100.0
20908,1729677755464321623,7618178607248067336,18/03/2026 05:19:31,1,0,IDR,Sudah dibayar,202971.5
10299,1729677758276012631,7618178607248067336,18/03/2026 05:18:57,1,0,IDR,Sudah dibayar,202971.5
30719,1729677758275816023,7618178607248067336,18/03/2026 05:17:19,1,0,IDR,Sudah dibayar,202971.5
91444,1729677755464518231,7618178607248067336,18/03/2026 05:16:55,1,0,IDR,Sudah dibayar,202971.5
34636,1729677759600036439,7618178607248067336,18/03/2026 05:14:58,1,0,IDR,Sudah dibayar,203821.5
24735,1729677755464583767,7618178607248067336,18/03/2026 05:14:34,1,0,IDR,Sudah dibayar,192686.5
06832,1729677755464518231,7618178607248067336,18/03/2026 05:13:05,1,0,IDR,Sudah dibayar,202971.5
90263,1729677755464583767,7618178607248067336,18/03/2026 05:12:06,1,0,IDR,Sudah dibayar,205691.5
85209,1729677755464583767,7618178607248067336,18/03/2026 05:11:25,1,0,IDR,Sudah dibayar,202291.5
76174,1729677743140932183,7618178607248067336,18/03/2026 05:11:14,1,0,IDR,Sudah dibayar,268666.3
71718,1730806636781078103,7618178607248067336,18/03/2026 05:08:12,1,0,IDR,Sudah dibayar,270385.0
57451,1731079464715453827,7618178607248067336,18/03/2026 05:08:05,1,0,IDR,Sudah dibayar,452540.0
96713,1729677758276012631,7618178607248067336,18/03/2026 05:07:25,1,0,IDR,Sudah dibayar,202291.5
60795,1729677758276012631,7618178607248067336,18/03/2026 05:07:11,1,0,IDR,Sudah dibayar,203821.5
81221,1729677755464649303,7618178607248067336,18/03/2026 05:03:47,1,0,IDR,Sudah dibayar,203821.5
04439,1729677743140932183,7618178607248067336,18/03/2026 05:03:17,1,0,IDR,Sudah dibayar,263831.5
09489,1729677755464518231,7618178607248067336,18/03/2026 05:01:50,1,0,IDR,Sudah dibayar,192467.19999999998
85893,1734483831936943491,7618178607248067336,18/03/2026 05:01:28,1,0,IDR,Sudah dibayar,242403.0
57686,1729677743140801111,7618178607248067336,18/03/2026 04:58:50,1,0,IDR,Sudah dibayar,263831.5
98254,1729677743140997719,7618178607248067336,18/03/2026 04:57:17,1,0,IDR,Sudah dibayar,265933.55
03566,1731079464714667395,7618178607248067336,18/03/2026 04:56:44,1,0,IDR,Sudah dibayar,426275.0
69815,1734483831936681347,7618178607248067336,18/03/2026 04:54:15,1,0,IDR,Sudah dibayar,248174.5
70726,1729677758275816023,7618178607248067336,18/03/2026 04:51:52,1,0,IDR,Sudah dibayar,203821.5
98440,1729677758276274775,7618178607248067336,18/03/2026 04:50:44,1,0,IDR,Sudah dibayar,194471.5
58978,1729677740302961239,7618178607248067336,18/03/2026 04:48:43,1,0,IDR,Sudah dibayar,212282.4
74823,1729677740302699095,7618178607248067336,18/03/2026 04:46:22,1,0,IDR,Sudah dibayar,210245.8
44935,1729677755464583767,7618178607248067336,18/03/2026 04:42:04,1,0,IDR,Sudah dibayar,245420.5
48188,1729677758276209239,7618178607248067336,18/03/2026 04:41:55,1,0,IDR,Sudah dibayar,203821.5
27963,1729677755464583767,7618178607248067336,18/03/2026 04:40:52,1,0,IDR,Sudah dibayar,202971.5
65159,1729677755464452695,7618178607248067336,18/03/2026 04:40:20,1,0,IDR,Sudah dibayar,202971.5
76860,1731401493348124247,7618178607248067336,18/03/2026 04:40:17,1,0,IDR,Sudah dibayar,426275.0
72790,1729677742104808023,7618178607248067336,18/03/2026 04:39:28,1,0,IDR,Sudah dibayar,268666.3
36483,1729677743140866647,7618178607248067336,18/03/2026 04:38:26,1,0,IDR,Sudah dibayar,267816.3
22238,1731308725958051203,7618178607248067336,18/03/2026 04:37:49,1,0,IDR,Sudah dibayar,413196.89999999997
28717,1729677758275816023,7618178607248067336,18/03/2026 04:33:20,1,0,IDR,Sudah dibayar,221051.0
75384,1729677758276209239,7618178607248067336,18/03/2026 04:32:32,1,0,IDR,Sudah dibayar,197778.0
51464,1729677743140932183,7618178607248067336,18/03/2026 04:29:17,1,0,IDR,Sudah dibayar,249351.75
06396,1731304172234507651,7494054609567125126,18/03/2026 04:26:49,1,0,IDR,Sudah dibayar,538708.75
61995,1729677755464518231,7618178607248067336,18/03/2026 04:24:39,1,0,IDR,Sudah dibayar,202291.5
79719,1729677743140866647,7618178607248067336,18/03/2026 04:23:44,1,0,IDR,Sudah dibayar,256596.3
26268,1731079464714732931,7618178607248067336,18/03/2026 04:21:38,1,0,IDR,Sudah dibayar,427533.0
68045,1730121322704831875,7618178607248067336,18/03/2026 04:21:16,1,0,IDR,Sudah dibayar,290139.0
68871,1729677746703403607,7618178607248067336,18/03/2026 04:20:48,1,0,IDR,Sudah dibayar,259760.85
97816,1729677759600429655,7618178607248067336,18/03/2026 04:20:01,1,0,IDR,Sudah dibayar,196171.5
43621,1729677755464518231,7618178607248067336,18/03/2026 04:20:01,1,0,IDR,Sudah dibayar,195509.35
29297,1729677747184437847,7618178607248067336,18/03/2026 04:19:18,1,0,IDR,Sudah dibayar,271467.89999999997
29297,1729677742104808023,7618178607248067336,18/03/2026 04:19:18,1,0,IDR,Sudah dibayar,271469.6
06557,1734483831936943491,7618178607248067336,18/03/2026 04:19:15,1,0,IDR,Sudah dibayar,249024.5
30742,1729677743141063255,7494054609567125126,18/03/2026 04:14:27,1,0,IDR,Sudah dibayar,328057.5
63994,1729677758276078167,7618178607248067336,18/03/2026 04:10:55,1,0,IDR,Sudah dibayar,203821.5
75838,1729677755464714839,7618178607248067336,18/03/2026 04:10:52,1,0,IDR,Sudah dibayar,202971.5
43413,1729677743140997719,7618178607248067336,18/03/2026 04:09:58,1,0,IDR,Sudah dibayar,257446.3
34002,1729677759600429655,7618178607248067336,18/03/2026 04:04:33,1,0,IDR,Sudah dibayar,182978.65
35561,1729677758275684951,7618178607248067336,18/03/2026 04:02:50,1,0,IDR,Sudah dibayar,202971.5
88883,1729677743140932183,7618178607248067336,18/03/2026 04:02:12,1,0,IDR,Sudah dibayar,254669.35
66420,1729677743141063255,7618178607248067336,18/03/2026 03:59:31,1,0,IDR,Sudah dibayar,267816.3
38001,1731308689765270915,7618178607248067336,18/03/2026 03:59:06,1,0,IDR,Sudah dibayar,461125.0
01173,1729677759600298583,7618178607248067336,18/03/2026 03:52:16,1,0,IDR,Sudah dibayar,202971.5
02956,1730806636780881495,7618178607248067336,18/03/2026 03:50:40,1,0,IDR,Sudah dibayar,231659.85
23668,1730121322704962947,7618178607248067336,18/03/2026 03:48:48,1,0,IDR,Sudah dibayar,283510.7
30167,1731996015553512835,7618178607248067336,18/03/2026 03:45:46,1,0,IDR,Sudah dibayar,459186.14999999997
65624,1731079464714536323,7618178607248067336,18/03/2026 03:35:03,1,0,IDR,Sudah dibayar,420955.7
13028,1734483831936681347,7618178607248067336,18/03/2026 03:34:35,1,0,IDR,Sudah dibayar,236628.1
32479,1729677736927005271,7618178607248067336,18/03/2026 03:33:03,1,0,IDR,Sudah dibayar,392955.0
64788,1729677743140866647,7618178607248067336,18/03/2026 03:31:54,1,0,IDR,Sudah dibayar,265691.3
91602,1730121322704307587,7618178607248067336,18/03/2026 03:31:45,1,0,IDR,Sudah dibayar,293040.05
33589,1734483831936943491,7618178607248067336,18/03/2026 03:30:31,1,0,IDR,Sudah dibayar,248174.5
07244,1729677742105266775,7618178607248067336,18/03/2026 03:26:53,1,0,IDR,Sudah dibayar,266541.3
97576,1731401465609487959,7618178607248067336,18/03/2026 03:20:25,1,0,IDR,Sudah dibayar,403699.0
37145,1731308725958116739,7618178607248067336,18/03/2026 03:19:27,1,0,IDR,Sudah dibayar,453475.0
64303,1734650508941362563,7618178607248067336,18/03/2026 03:15:45,1,0,IDR,Sudah dibayar,248174.5
48570,1729677758276078167,7618178607248067336,18/03/2026 03:13:44,1,0,IDR,Sudah dibayar,202971.5
36461,1729677743140801111,7618178607248067336,18/03/2026 03:12:45,1,0,IDR,Sudah dibayar,246561.19999999998
60566,1729677758275881559,7618178607248067336,18/03/2026 03:09:56,1,0,IDR,Sudah dibayar,203821.5
48245,1734650508941493635,7618178607248067336,18/03/2026 03:07:58,1,0,IDR,Sudah dibayar,249024.5
33916,1729677759600298583,7618178607248067336,18/03/2026 03:06:55,1,0,IDR,Sudah dibayar,202971.5
50683,1734650508941362563,7618178607248067336,18/03/2026 03:01:23,1,0,IDR,Sudah dibayar,280817.89999999997
54734,1729677743140866647,7618178607248067336,18/03/2026 02:57:01,1,0,IDR,Sudah dibayar,263545.05
68265,1729677743140997719,7618178607248067336,18/03/2026 02:45:05,1,0,IDR,Sudah dibayar,267816.3
65521,1729677759600364119,7618178607248067336,18/03/2026 02:34:35,1,0,IDR,Sudah dibayar,179478.35
45856,1729677743140932183,7618178607248067336,18/03/2026 02:23:42,1,0,IDR,Sudah dibayar,263831.5
60964,1729677758275816023,7618178607248067336,18/03/2026 02:22:07,1,0,IDR,Sudah dibayar,202971.5
60332,1729677740302895703,7618178607248067336,18/03/2026 02:18:04,1,0,IDR,Sudah dibayar,200702.0
25916,1729677758275816023,7618178607248067336,18/03/2026 02:17:39,1,0,IDR,Sudah dibayar,196928.0
71625,1734483831936681347,7618178607248067336,18/03/2026 02:16:34,1,0,IDR,Sudah dibayar,248958.19999999998
58236,1729677755464518231,7618178607248067336,18/03/2026 02:16:28,1,0,IDR,Sudah dibayar,244570.5
74741,1729677755464452695,7618178607248067336,18/03/2026 02:14:35,1,0,IDR,Sudah dibayar,192925.35
47727,1729677743141063255,7618178607248067336,18/03/2026 02:08:11,1,0,IDR,Sudah dibayar,275466.3
60271,1730806636781012567,7618178607248067336,18/03/2026 02:06:46,1,0,IDR,Sudah dibayar,232906.8
97180,1729677746703665751,7618178607248067336,18/03/2026 02:05:38,1,0,IDR,Sudah dibayar,254641.3
65308,1729677743140997719,7618178607248067336,18/03/2026 01:58:41,1,0,IDR,Sudah dibayar,259869.65
55580,1729677743140997719,7618178607248067336,18/03/2026 01:57:32,1,0,IDR,Sudah dibayar,239143.25
61684,1734650508941493635,7618178607248067336,18/03/2026 01:57:12,1,0,IDR,Sudah dibayar,300968.0
91496,1729677755464583767,7618178607248067336,18/03/2026 01:50:24,1,0,IDR,Sudah dibayar,199950.6
88812,1729677743140932183,7618178607248067336,18/03/2026 01:49:17,1,0,IDR,Sudah dibayar,267816.3
00154,1729677758276078167,7618178607248067336,18/03/2026 01:48:44,1,0,IDR,Sudah dibayar,230341.5
73861,1734650508941428099,7618178607248067336,18/03/2026 01:48:11,1,0,IDR,Sudah dibayar,271150.0
23047,1729677755464583767,7618178607248067336,18/03/2026 01:47:04,1,0,IDR,Sudah dibayar,191566.19999999998
59584,1729677743140801111,7618178607248067336,18/03/2026 01:43:05,1,0,IDR,Sudah dibayar,267816.3
07908,1729677755464452695,7618178607248067336,18/03/2026 01:39:13,1,0,IDR,Sudah dibayar,202971.5
04248,1729677743140801111,7618178607248067336,18/03/2026 01:32:50,1,0,IDR,Sudah dibayar,267816.3
46822,1731079464714667395,7618178607248067336,18/03/2026 01:31:39,1,0,IDR,Sudah dibayar,430537.75
27401,1729677759600167511,7618178607248067336,18/03/2026 01:29:21,1,0,IDR,Sudah dibayar,168971.5
86444,1729677743140801111,7618178607248067336,18/03/2026 01:27:02,1,0,IDR,Sudah dibayar,239143.25
58168,1729677758276078167,7618178607248067336,18/03/2026 01:25:12,1,0,IDR,Sudah dibayar,205096.5
40008,1729677743140866647,7618178607248067336,18/03/2026 01:24:59,1,0,IDR,Sudah dibayar,252615.75
41056,1729677743140801111,7618178607248067336,18/03/2026 01:22:03,1,0,IDR,Sudah dibayar,271641.3
53005,1729677755464518231,7618178607248067336,18/03/2026 01:21:01,1,0,IDR,Sudah dibayar,220346.35
65116,1730868728728028759,7618178607248067336,18/03/2026 01:18:32,1,0,IDR,Sudah dibayar,458575.0
87016,1731308689765401987,7618178607248067336,18/03/2026 01:17:36,1,0,IDR,Sudah dibayar,459425.0
36291,1731308725957854595,7618178607248067336,18/03/2026 01:14:22,1,0,IDR,Sudah dibayar,464877.75
32907,1729677742968769111,7618178607248067336,18/03/2026 01:10:17,1,0,IDR,Sudah dibayar,209978.05
42770,1731079464715978115,7618178607248067336,18/03/2026 01:08:36,1,0,IDR,Sudah dibayar,437405.75
45445,1729677758276078167,7618178607248067336,18/03/2026 01:03:12,1,0,IDR,Sudah dibayar,203821.5
38009,1729677759600233047,7618178607248067336,18/03/2026 01:02:18,1,0,IDR,Sudah dibayar,190615.05
64953,1731622765730301527,7618178607248067336,18/03/2026 01:00:47,1,0,IDR,Sudah dibayar,447491.0
86960,1730806636781012567,7618178607248067336,18/03/2026 00:59:41,1,0,IDR,Sudah dibayar,218371.8
22766,1729677755464452695,7618178607248067336,18/03/2026 00:59:35,1,0,IDR,Sudah dibayar,202971.5
98884,1729677758276012631,7618178607248067336,18/03/2026 00:57:33,1,0,IDR,Sudah dibayar,186856.35
31292,1729677742105004631,7618178607248067336,18/03/2026 00:55:53,1,0,IDR,Sudah dibayar,260610.85
91565,1729677743140997719,7618178607248067336,18/03/2026 00:52:11,1,0,IDR,Sudah dibayar,287876.3
96192,1734650508941428099,7618178607248067336,18/03/2026 00:51:48,1,0,IDR,Sudah dibayar,249024.5
98121,1729677758276012631,7618178607248067336,18/03/2026 00:50:41,1,0,IDR,Sudah dibayar,226695.0
67840,1731308689765139843,7618178607248067336,18/03/2026 00:48:22,1,0,IDR,Sudah dibayar,455923.0
13812,1729677740302699095,7618178607248067336,18/03/2026 00:45:39,1,0,IDR,Sudah dibayar,200537.94999999998
32844,1734650508941428099,7618178607248067336,18/03/2026 00:43:38,1,0,IDR,Sudah dibayar,249024.5
21010,1729677755464649303,7618178607248067336,18/03/2026 00:43:02,1,0,IDR,Sudah dibayar,234642.5
29891,1729677743140866647,7618178607248067336,18/03/2026 00:41:52,1,0,IDR,Sudah dibayar,263831.5
33885,1729677759600364119,7618178607248067336,18/03/2026 00:31:55,1,0,IDR,Sudah dibayar,203821.5
77175,1729677734993365591,7618178607248067336,18/03/2026 00:30:55,1,0,IDR,Sudah dibayar,330565.0
33968,1734483831936943491,7618178607248067336,18/03/2026 00:30:16,1,0,IDR,Sudah dibayar,228477.44999999998
21880,1729677746703403607,7618178607248067336,18/03/2026 00:25:37,1,0,IDR,Sudah dibayar,284199.2
67969,1731079464716043651,7618178607248067336,18/03/2026 00:19:45,1,0,IDR,Sudah dibayar,392411.0
65919,1729677740302699095,7618178607248067336,18/03/2026 00:15:02,1,0,IDR,Sudah dibayar,218856.3
14454,1729677743140735575,7618178607248067336,18/03/2026 00:08:40,1,0,IDR,Sudah dibayar,246561.19999999998
41362,1729677743140801111,7618178607248067336,18/03/2026 00:07:17,1,0,IDR,Sudah dibayar,232747.85
07985,1729677743140866647,7618178607248067336,18/03/2026 00:04:27,1,0,IDR,Sudah dibayar,267816.3
34760,1729677740302699095,7618178607248067336,18/03/2026 00:02:50,1,0,IDR,Sudah dibayar,241575.1
63644,1729677758275947095,7618178607248067336,17/03/2026 23:57:46,1,0,IDR,Sudah dibayar,186856.35
77474,1729677759600233047,7618178607248067336,17/03/2026 23:57:44,1,0,IDR,Sudah dibayar,202971.5
04033,1729677758275947095,7618178607248067336,17/03/2026 23:46:34,1,0,IDR,Sudah dibayar,202971.5
68164,1729677743140932183,7618178607248067336,17/03/2026 23:45:13,1,0,IDR,Sudah dibayar,266541.3
82084,1729677742968834647,7618178607248067336,17/03/2026 23:43:46,1,0,IDR,Sudah dibayar,218006.3
28202,1729677755464452695,7618178607248067336,17/03/2026 23:42:01,1,0,IDR,Sudah dibayar,234285.5
39968,1731079464715322755,7618178607248067336,17/03/2026 23:39:36,1,0,IDR,Sudah dibayar,429679.25
79696,1729677755464452695,7618178607248067336,17/03/2026 23:39:14,1,0,IDR,Sudah dibayar,220141.5
29347,1731308725958182275,7618178607248067336,17/03/2026 23:35:51,1,0,IDR,Sudah dibayar,471282.5
49850,1729677740302699095,7618178607248067336,17/03/2026 23:31:41,1,0,IDR,Sudah dibayar,200702.0
03913,1729677755464714839,7618178607248067336,17/03/2026 23:28:21,1,0,IDR,Sudah dibayar,199178.8
55133,1734650508941493635,7618178607248067336,17/03/2026 23:27:08,1,0,IDR,Sudah dibayar,245712.9
64209,1729677746703338071,7618178607248067336,17/03/2026 23:25:09,1,0,IDR,Sudah dibayar,278143.8
30779,1729677759600298583,7618178607248067336,17/03/2026 23:23:26,1,0,IDR,Sudah dibayar,202971.5
98209,1734650508941559171,7618178607248067336,17/03/2026 23:22:26,1,0,IDR,Sudah dibayar,248174.5
52846,1729677742105004631,7618178607248067336,17/03/2026 23:18:53,1,0,IDR,Sudah dibayar,267790.8
54709,1731308689765467523,7618178607248067336,17/03/2026 23:18:11,1,0,IDR,Sudah dibayar,460224.85
01830,1729677743140866647,7618178607248067336,17/03/2026 23:14:27,1,0,IDR,Sudah dibayar,260361.8
78599,1729677759600364119,7618178607248067336,17/03/2026 23:13:24,1,0,IDR,Sudah dibayar,204841.5
91988,1729677758275881559,7618178607248067336,17/03/2026 23:12:38,1,0,IDR,Sudah dibayar,201862.25
74852,1729677743140997719,7618178607248067336,17/03/2026 23:10:57,1,0,IDR,Sudah dibayar,256570.8
51173,1729677746703338071,7618178607248067336,17/03/2026 23:06:02,1,0,IDR,Sudah dibayar,263991.3
04735,1729677746703469143,7618178607248067336,17/03/2026 23:05:43,1,0,IDR,Sudah dibayar,267816.3
37337,1729677755464714839,7618178607248067336,17/03/2026 23:04:44,1,0,IDR,Sudah dibayar,202971.5
45246,1730706107471988311,7617952850044652295,17/03/2026 22:58:48,1,0,IDR,Sudah dibayar,492507.0
47625,1731308725957985667,7618178607248067336,17/03/2026 22:56:16,1,0,IDR,Sudah dibayar,495975.0
67775,1729677755464649303,7618178607248067336,17/03/2026 22:48:30,1,0,IDR,Sudah dibayar,203821.5
50949,1729677755464518231,7618178607248067336,17/03/2026 22:44:34,1,0,IDR,Sudah dibayar,202971.5
79842,1729677758275816023,7618178607248067336,17/03/2026 22:42:43,1,0,IDR,Sudah dibayar,199053.0
59665,1729677742968769111,7618178607248067336,17/03/2026 22:42:15,1,0,IDR,Sudah dibayar,228291.3
58044,1734650508941493635,7618178607248067336,17/03/2026 22:38:28,1,0,IDR,Sudah dibayar,242918.1
97484,1734650508941493635,7618178607248067336,17/03/2026 22:32:29,1,0,IDR,Sudah dibayar,249024.5
12939,1731079464716043651,7618178607248067336,17/03/2026 22:32:24,1,0,IDR,Sudah dibayar,417712.1
19289,1729677743140866647,7618178607248067336,17/03/2026 22:27:28,1,0,IDR,Sudah dibayar,266541.3
14814,1731622765730301527,7618178607248067336,17/03/2026 22:25:30,1,0,IDR,Sudah dibayar,460275.0
29806,1729677758276143703,7618178607248067336,17/03/2026 22:23:06,1,0,IDR,Sudah dibayar,202971.5
06392,1729677746703469143,7618178607248067336,17/03/2026 22:22:45,1,0,IDR,Sudah dibayar,268666.3
36826,1731308725958051203,7618178607248067336,17/03/2026 22:20:00,1,0,IDR,Sudah dibayar,464877.75
08709,1729677755464649303,7618178607248067336,17/03/2026 22:19:23,1,0,IDR,Sudah dibayar,186856.35
89761,1729677743140932183,7618178607248067336,17/03/2026 22:03:42,1,0,IDR,Sudah dibayar,259760.85
20135,1731996015553774979,7618178607248067336,17/03/2026 22:00:08,1,0,IDR,Sudah dibayar,462105.05
57660,1729677758276143703,7618178607248067336,17/03/2026 21:57:28,1,0,IDR,Sudah dibayar,186856.35
15571,1734483831936943491,7618178607248067336,17/03/2026 21:54:32,1,0,IDR,Sudah dibayar,240703.0
92748,1729677743140735575,7618178607248067336,17/03/2026 21:49:48,1,0,IDR,Sudah dibayar,286601.3
60819,1729677758276012631,7618178607248067336,17/03/2026 21:46:19,1,0,IDR,Sudah dibayar,202291.5
86921,1731996015553709443,7618178607248067336,17/03/2026 21:45:37,1,0,IDR,Sudah dibayar,447766.39999999997
21951,1731308725958051203,7618086307029486344,17/03/2026 21:42:02,1,0,IDR,Sudah dibayar,460275.0
46286,1734650508941559171,7618178607248067336,17/03/2026 21:39:52,1,0,IDR,Sudah dibayar,235169.5
25841,1729677747184503383,7618178607248067336,17/03/2026 21:39:05,1,0,IDR,Sudah dibayar,254536.75
33919,1731079464715322755,7618178607248067336,17/03/2026 21:34:59,1,0,IDR,Sudah dibayar,426275.0
49590,1729677755464649303,7618178607248067336,17/03/2026 21:34:55,1,0,IDR,Sudah dibayar,197778.0
13401,1729677746703338071,7618178607248067336,17/03/2026 21:32:49,1,0,IDR,Sudah dibayar,265691.3
46448,1729677743140932183,7618178607248067336,17/03/2026 21:27:34,1,0,IDR,Sudah dibayar,262749.45
39298,1731079464714732931,7618178607248067336,17/03/2026 21:27:30,1,0,IDR,Sudah dibayar,426275.0
38151,1734650508941493635,7618178607248067336,17/03/2026 21:24:17,1,0,IDR,Sudah dibayar,248174.5
45880,1734650508941362563,7618178607248067336,17/03/2026 21:24:08,1,0,IDR,Sudah dibayar,265744.0
12585,1729677743141063255,7618178607248067336,17/03/2026 21:20:42,1,0,IDR,Sudah dibayar,258355.8
25649,1729677742104808023,7618178607248067336,17/03/2026 21:19:19,1,0,IDR,Sudah dibayar,267816.3
62243,1729677740302830167,7618178607248067336,17/03/2026 21:14:26,1,0,IDR,Sudah dibayar,214761.85
22847,1729677743140866647,7618178607248067336,17/03/2026 21:14:07,1,0,IDR,Sudah dibayar,322660.0
21183,1729677740302830167,7618178607248067336,17/03/2026 21:14:06,1,0,IDR,Sudah dibayar,214761.85
71748,1729677746703338071,7618178607248067336,17/03/2026 21:09:36,1,0,IDR,Sudah dibayar,259760.85
49965,1729677743140866647,7618178607248067336,17/03/2026 21:07:44,1,0,IDR,Sudah dibayar,259760.85
25890,1734483831936681347,7618178607248067336,17/03/2026 21:04:41,1,0,IDR,Sudah dibayar,248174.5
54170,1729677742105070167,7618178607248067336,17/03/2026 21:04:34,1,0,IDR,Sudah dibayar,298202.1
79416,1729677743140801111,7618178607248067336,17/03/2026 21:04:06,1,0,IDR,Sudah dibayar,317695.14999999997
90903,1729677743140932183,7618178607248067336,17/03/2026 21:03:07,1,0,IDR,Sudah dibayar,267816.3
74013,1729677758275881559,7618178607248067336,17/03/2026 20:58:18,1,0,IDR,Sudah dibayar,203906.5
49337,1729677755464649303,7618178607248067336,17/03/2026 20:55:54,1,0,IDR,Sudah dibayar,199950.6
46464,1729677743140866647,7618178607248067336,17/03/2026 20:55:32,1,0,IDR,Sudah dibayar,266541.3
80469,1729677742968703575,7618178607248067336,17/03/2026 20:52:15,1,0,IDR,Sudah dibayar,218856.3
31353,1731308725958182275,7618178607248067336,17/03/2026 20:50:05,1,0,IDR,Sudah dibayar,505227.25
36230,1729677755464452695,7618178607248067336,17/03/2026 20:45:06,1,0,IDR,Sudah dibayar,195690.4
02198,1729677759600101975,7618178607248067336,17/03/2026 20:44:15,1,0,IDR,Sudah dibayar,193621.5
00058,1729677743140997719,7618178607248067336,17/03/2026 20:42:25,1,0,IDR,Sudah dibayar,241117.8
23756,1729677759600364119,7618178607248067336,17/03/2026 20:41:51,1,0,IDR,Sudah dibayar,180158.35
41714,1729677755464649303,7618178607248067336,17/03/2026 20:40:52,1,0,IDR,Sudah dibayar,195690.4
82513,1729677758276078167,7618178607248067336,17/03/2026 20:34:34,1,0,IDR,Sudah dibayar,271235.0
87663,1729677761805126231,7618178607248067336,17/03/2026 20:33:04,1,0,IDR,Sudah dibayar,312338.45
46323,1729677755464452695,7618178607248067336,17/03/2026 20:30:39,1,0,IDR,Sudah dibayar,199950.6
05504,1731308689765270915,7618178607248067336,17/03/2026 20:26:55,1,0,IDR,Sudah dibayar,461216.8
67747,1729677758275947095,7607910530862337288,17/03/2026 20:23:10,1,0,IDR,Sudah dibayar,234232.8
97466,1729677743141128791,7618178607248067336,17/03/2026 20:09:31,1,0,IDR,Sudah dibayar,267816.3
66769,1729677758276012631,7618178607248067336,17/03/2026 20:04:47,1,0,IDR,Sudah dibayar,186856.35
45377,1729677755464387159,7618178607248067336,17/03/2026 20:03:08,1,0,IDR,Sudah dibayar,217847.35
45377,1729677746703403607,7618178607248067336,17/03/2026 20:03:08,1,0,IDR,Sudah dibayar,290988.14999999997
21955,1730806636781143639,7618178607248067336,17/03/2026 19:53:03,1,0,IDR,Sudah dibayar,231971.8
12766,1731308725958116739,7618178607248067336,17/03/2026 19:49:06,1,0,IDR,Sudah dibayar,495783.75
19323,1729677742105135703,7618178607248067336,17/03/2026 19:48:04,1,0,IDR,Sudah dibayar,259760.85
44603,1729677755464452695,7618178607248067336,17/03/2026 19:42:34,1,0,IDR,Sudah dibayar,195398.0
85972,1729677758276012631,7618178607248067336,17/03/2026 19:42:13,1,0,IDR,Sudah dibayar,233181.35
40121,1730806636780947031,7618178607248067336,17/03/2026 19:37:12,1,0,IDR,Sudah dibayar,227747.3
47483,1729677755464649303,7618178607248067336,17/03/2026 19:23:16,1,0,IDR,Sudah dibayar,203821.5
36579,1729677746703403607,7618178607248067336,17/03/2026 19:21:39,1,0,IDR,Sudah dibayar,240620.55
56515,1729677755464780375,7615575155061918994,17/03/2026 19:18:39,1,0,IDR,Sudah dibayar,208071.5
32579,1729677743140997719,7494054609567125126,17/03/2026 19:17:30,1,0,IDR,Sudah dibayar,274218.5
77244,1731308725958051203,7618178607248067336,17/03/2026 19:14:37,1,0,IDR,Sudah dibayar,400571.0
99883,1734650508941493635,7618178607248067336,17/03/2026 19:05:38,1,0,IDR,Sudah dibayar,237889.5
50981,1731308725958051203,7618178607248067336,17/03/2026 19:05:21,1,0,IDR,Sudah dibayar,464877.75
94264,1734650508941493635,7618178607248067336,17/03/2026 19:02:38,1,0,IDR,Sudah dibayar,250019.0
09190,1734483831936681347,7618178607248067336,17/03/2026 18:57:47,1,0,IDR,Sudah dibayar,248174.5
71960,1729677758276078167,7618178607248067336,17/03/2026 18:53:27,1,0,IDR,Sudah dibayar,217166.5
09351,1730121322703586691,7618178607248067336,17/03/2026 18:50:14,1,0,IDR,Sudah dibayar,290989.0
65800,1734650508941559171,7618178607248067336,17/03/2026 18:43:24,1,0,IDR,Sudah dibayar,249024.5
43964,1731927306072000087,7494054609567125126,17/03/2026 18:34:05,1,0,IDR,Sudah dibayar,495278.0
60850,1729677743140997719,7618178607248067336,17/03/2026 18:22:34,1,0,IDR,Sudah dibayar,267816.3
40699,1731308689765467523,7618135777234848530,17/03/2026 17:29:59,1,0,IDR,Sudah dibayar,460275.0
85310,1734483831936681347,7618135777234848530,17/03/2026 17:25:20,1,0,IDR,Sudah dibayar,247069.5
22291,1731308725958051203,7618135777234848530,17/03/2026 17:10:39,1,0,IDR,Sudah dibayar,459197.2
78098,1731927306071869015,7618135777234848530,17/03/2026 17:09:17,1,0,IDR,Sudah dibayar,426275.0
32921,1731308725958116739,7618135777234848530,17/03/2026 16:34:16,1,0,IDR,Sudah dibayar,472226.0
51356,1730706088342750807,7616715108269509906,17/03/2026 16:31:48,1,0,IDR,Sudah dibayar,537838.35
11483,1734650508941493635,7617840589530303762,17/03/2026 16:30:49,1,0,IDR,Sudah dibayar,221596.69999999998
41131,1730868728727766615,7618135777234848530,17/03/2026 16:25:10,1,0,IDR,Sudah dibayar,446258.5
40060,1730706088342947415,7618135777234848530,17/03/2026 16:05:30,1,0,IDR,Sudah dibayar,461125.0
15259,1730706106318751319,7618086307029486344,17/03/2026 15:38:38,1,0,IDR,Sudah dibayar,472302.5
77818,1734650508941493635,7618135777234848530,17/03/2026 15:37:05,1,0,IDR,Sudah dibayar,256079.5
00290,1734439101179790935,7618135777234848530,17/03/2026 15:30:46,1,0,IDR,Sudah dibayar,449161.25
57134,1729725175196060247,7618086307029486344,17/03/2026 15:30:26,1,0,IDR,Sudah dibayar,614261.0
97788,1729677734993234519,7618135777234848530,17/03/2026 15:29:01,1,0,IDR,Sudah dibayar,286688.85
75457,1734483831936681347,7618086307029486344,17/03/2026 15:02:39,1,0,IDR,Sudah dibayar,283118.0
74828,1731079464714601859,7618086307029486344,17/03/2026 14:58:59,1,0,IDR,Sudah dibayar,510013.6
52198,1734483831936681347,7617952850044652295,17/03/2026 14:50:43,1,0,IDR,Sudah dibayar,307785.0
23418,1734650508941493635,7618086307029486344,17/03/2026 14:33:54,1,0,IDR,Sudah dibayar,247631.35
59021,1731622713472878167,7618086307029486344,17/03/2026 14:31:00,1,0,IDR,Sudah dibayar,460275.0
91347,1730706088343012951,7618086307029486344,17/03/2026 14:30:37,1,0,IDR,Sudah dibayar,447100.0
33783,1730706107471988311,7618086307029486344,17/03/2026 14:29:11,1,0,IDR,Sudah dibayar,461125.0
58580,1730121322705683843,7618086307029486344,17/03/2026 14:26:19,1,0,IDR,Sudah dibayar,281278.6
06378,1731927306072196695,7618086307029486344,17/03/2026 14:24:42,1,0,IDR,Sudah dibayar,426275.0
81143,1729677743140997719,7603296148811484423,17/03/2026 14:21:01,1,0,IDR,Sudah dibayar,380868.85
15089,1731308725957985667,7618086307029486344,17/03/2026 14:05:06,1,0,IDR,Sudah dibayar,448834.85
52021,1734483831936943491,7618086307029486344,17/03/2026 13:46:48,1,0,IDR,Sudah dibayar,227977.65
98209,1734483831936681347,7618086307029486344,17/03/2026 13:43:34,1,0,IDR,Sudah dibayar,244944.5
75601,1734483831936681347,7618086307029486344,17/03/2026 13:32:18,1,0,IDR,Sudah dibayar,253274.5
71399,1731308689765336451,7618086307029486344,17/03/2026 13:23:33,1,0,IDR,Sudah dibayar,460275.0
41962,1734439101179725399,7618086307029486344,17/03/2026 13:13:39,1,0,IDR,Sudah dibayar,434775.0
55989,1734483831936681347,7618086307029486344,17/03/2026 13:11:04,1,0,IDR,Sudah dibayar,254124.5
68335,1734483831936943491,7618086307029486344,17/03/2026 13:06:28,1,0,IDR,Sudah dibayar,227977.65
49298,1730706107471922775,7618086307029486344,17/03/2026 13:05:20,1,0,IDR,Sudah dibayar,460249.5
28143,1734650508941493635,7618086307029486344,17/03/2026 13:04:21,1,0,IDR,Sudah dibayar,309655.0
02316,1730174772819756631,7618086307029486344,17/03/2026 12:46:48,1,0,IDR,Sudah dibayar,427125.0
71303,1734483831936943491,7618086307029486344,17/03/2026 12:45:15,1,0,IDR,Sudah dibayar,258714.5
07732,1730706106318751319,7618086307029486344,17/03/2026 12:21:28,1,0,IDR,Sudah dibayar,453564.25
87568,1731622765730104919,7494054609567125126,17/03/2026 12:00:22,1,0,IDR,Sudah dibayar,443803.7
87568,1731622713472747095,7494054609567125126,17/03/2026 12:00:22,1,0,IDR,Sudah dibayar,443802.0
87568,1730868728727832151,7494054609567125126,17/03/2026 12:00:22,1,0,IDR,Sudah dibayar,443803.7
87568,1730868728727635543,7494054609567125126,17/03/2026 12:00:22,1,0,IDR,Sudah dibayar,443802.85
87568,1729677746703469143,7494054609567125126,17/03/2026 12:00:22,1,0,IDR,Sudah dibayar,378081.7
85579,1734483831936943491,7618017343180507911,17/03/2026 10:41:19,1,0,IDR,Sudah dibayar,256079.5
69013,1734650508941493635,7618017343180507911,17/03/2026 10:38:00,1,0,IDR,Sudah dibayar,255229.5
40994,1730706107471988311,7605320979937545490,17/03/2026 10:33:39,1,0,IDR,Sudah dibayar,453051.7
70457,1734483831936943491,7618017343180507911,17/03/2026 10:25:47,1,0,IDR,Sudah dibayar,254124.5
30011,1731079464715191683,7618017343180507911,17/03/2026 10:21:44,1,0,IDR,Sudah dibayar,374646.0
23966,1734650508941493635,7618017343180507911,17/03/2026 10:12:20,1,0,IDR,Sudah dibayar,255229.5
36456,1730651001345705559,7494054609567125126,17/03/2026 09:35:25,1,0,IDR,Sudah dibayar,500225.0
54303,1734650508941559171,7618017343180507911,17/03/2026 09:26:47,1,0,IDR,Sudah dibayar,255229.5
49576,1731927306072000087,7615575155061918994,17/03/2026 09:13:50,1,0,IDR,Sudah dibayar,521135.0
97969,1731927306072000087,7618017343180507911,17/03/2026 09:10:52,1,0,IDR,Sudah dibayar,406300.0
47044,1731927306072065623,7618017343180507911,17/03/2026 08:54:29,1,0,IDR,Sudah dibayar,418523.85
01172,1734483831936419203,7618017343180507911,17/03/2026 08:49:43,1,0,IDR,Sudah dibayar,286208.6
62969,1734483831936419203,7618017343180507911,17/03/2026 08:44:21,1,0,IDR,Sudah dibayar,313539.5
18722,1734483831936419203,7494054609567125126,17/03/2026 08:41:49,1,0,IDR,Sudah dibayar,343221.5
14630,1731401493348451927,7618017343180507911,17/03/2026 08:32:56,1,0,IDR,Sudah dibayar,426275.0
19644,1734483831936943491,7618017343180507911,17/03/2026 08:23:54,1,0,IDR,Sudah dibayar,256079.5
08837,1734483831936419203,7618017343180507911,17/03/2026 08:02:59,1,0,IDR,Sudah dibayar,255898.44999999998
33866,1729562551000794499,7618017343180507911,17/03/2026 08:02:07,1,0,IDR,Sudah dibayar,215187.69999999998
24284,1731401493348124247,7618017343180507911,17/03/2026 08:00:45,1,0,IDR,Sudah dibayar,416331.7
96070,1734650508941493635,7618017343180507911,17/03/2026 07:52:49,1,0,IDR,Sudah dibayar,241162.0
33132,1734483831936681347,7617952850044652295,17/03/2026 06:01:35,1,0,IDR,Sudah dibayar,222088.0
69699,1731079464715978115,7617952850044652295,17/03/2026 05:59:16,1,0,IDR,Sudah dibayar,429679.25
68163,1731298756262135171,7494054609567125126,17/03/2026 05:50:07,1,0,IDR,Sudah dibayar,192347.35
27634,1734650508941493635,7617952850044652295,17/03/2026 05:45:55,1,0,IDR,Sudah dibayar,255229.5
64097,1730706088343012951,7617952850044652295,17/03/2026 05:38:57,1,0,IDR,Sudah dibayar,463930.0
16443,1734650508941493635,7617952850044652295,17/03/2026 05:34:38,1,0,IDR,Sudah dibayar,221356.15
06319,1731177925754455547,7617952850044652295,17/03/2026 05:17:17,1,0,IDR,Sudah dibayar,127744.8
17488,1734483831937205635,7617952850044652295,17/03/2026 05:12:22,1,0,IDR,Sudah dibayar,257890.0
99981,1734483831936484739,7617952850044652295,17/03/2026 05:07:40,1,0,IDR,Sudah dibayar,255229.5
27255,1734483831936943491,7617952850044652295,17/03/2026 05:02:47,1,0,IDR,Sudah dibayar,256079.5
25319,1730706107471922775,7617952850044652295,17/03/2026 04:54:02,1,0,IDR,Sudah dibayar,447661.0
45626,1734650508941493635,7617952850044652295,17/03/2026 04:52:53,1,0,IDR,Sudah dibayar,259564.5
26176,1734650508941493635,7617952850044652295,17/03/2026 04:36:47,1,0,IDR,Sudah dibayar,256079.5
39522,1734483831936943491,7617952850044652295,17/03/2026 04:35:55,1,0,IDR,Sudah dibayar,241003.05
20322,1731308725957985667,7617952850044652295,17/03/2026 04:35:11,1,0,IDR,Sudah dibayar,461125.0
51183,1734650508941493635,7617952850044652295,17/03/2026 04:12:06,1,0,IDR,Sudah dibayar,256267.35
51183,1734483831936681347,7617952850044652295,17/03/2026 04:12:06,1,0,IDR,Sudah dibayar,256266.5
93238,1734650508941493635,7617952850044652295,17/03/2026 04:08:39,1,0,IDR,Sudah dibayar,254124.5
02817,1734483831936681347,7617952850044652295,17/03/2026 04:07:01,1,0,IDR,Sudah dibayar,273275.0
66821,1731079464715322755,7617952850044652295,17/03/2026 03:54:19,1,0,IDR,Sudah dibayar,436547.25
17777,1734483831936943491,7617952850044652295,17/03/2026 03:53:52,1,0,IDR,Sudah dibayar,286084.5
50803,1734650508941493635,7617952850044652295,17/03/2026 03:50:28,1,0,IDR,Sudah dibayar,247631.35
12340,1734650508941493635,7617952850044652295,17/03/2026 03:49:46,1,0,IDR,Sudah dibayar,255229.5
87972,1734650508941493635,7617952850044652295,17/03/2026 03:47:03,1,0,IDR,Sudah dibayar,233013.05
93599,1730706088342750807,7609906961273883911,17/03/2026 01:59:00,1,0,IDR,Sudah dibayar,495934.2
70899,1731418659331540355,7617842403554773778,16/03/2026 23:15:03,1,0,IDR,Sudah dibayar,135985.55
33902,1734650508941362563,7617842403554773778,16/03/2026 23:13:48,1,0,IDR,Sudah dibayar,299880.0
82723,1729677758276143703,7617842403554773778,16/03/2026 23:05:37,1,0,IDR,Sudah dibayar,202134.25
87542,1731079464716043651,7617842403554773778,16/03/2026 23:02:52,1,0,IDR,Sudah dibayar,430537.75
68889,1731079464714667395,7617842403554773778,16/03/2026 22:55:35,1,0,IDR,Sudah dibayar,426275.0
44559,1730174772503152215,7617842403554773778,16/03/2026 22:48:37,1,0,IDR,Sudah dibayar,416182.95
77673,1734650508941428099,7617842403554773778,16/03/2026 22:31:05,1,0,IDR,Sudah dibayar,231955.65
31954,1729677734993037911,7617842403554773778,16/03/2026 22:10:04,1,0,IDR,Sudah dibayar,356320.0
79158,1734650508941428099,7617842403554773778,16/03/2026 22:03:06,1,0,IDR,Sudah dibayar,244176.94999999998
98453,1729677761805257303,7617842403554773778,16/03/2026 22:00:36,1,0,IDR,Sudah dibayar,281532.75
02457,1731079464714798467,7617842403554773778,16/03/2026 21:52:41,1,0,IDR,Sudah dibayar,427533.0
98519,1730806636781012567,7617842403554773778,16/03/2026 21:51:24,1,0,IDR,Sudah dibayar,328746.0
64574,1730806636780947031,7617842403554773778,16/03/2026 21:45:35,1,0,IDR,Sudah dibayar,324076.1
80669,1730706107471988311,7617842403554773778,16/03/2026 21:43:25,1,0,IDR,Sudah dibayar,421311.0
55577,1730706107471922775,7617842403554773778,16/03/2026 21:40:06,1,0,IDR,Sudah dibayar,460275.0
06922,1730868728727832151,7617667323580156690,16/03/2026 21:36:28,1,0,IDR,Sudah dibayar,460929.5
65898,1730706107471988311,7617842403554773778,16/03/2026 21:31:13,1,0,IDR,Sudah dibayar,460275.0
33985,1731079464714732931,7617842403554773778,16/03/2026 21:28:41,1,0,IDR,Sudah dibayar,426275.0
97844,1731927306072131159,7617842403554773778,16/03/2026 21:05:25,1,0,IDR,Sudah dibayar,426275.0
91462,1731622713472550487,7617842403554773778,16/03/2026 21:04:24,1,0,IDR,Sudah dibayar,498100.0
22364,1734650508941428099,7617842403554773778,16/03/2026 20:56:31,1,0,IDR,Sudah dibayar,300078.89999999997
90318,1731599579957528151,7494054609567125126,16/03/2026 20:31:30,1,0,IDR,Sudah dibayar,286586.0
38165,1734650508941428099,7617842403554773778,16/03/2026 20:28:52,1,0,IDR,Sudah dibayar,245973.0
08817,1734650508941428099,7617842403554773778,16/03/2026 20:27:02,1,0,IDR,Sudah dibayar,242004.35
41173,1730806636781274711,7617762995544623880,16/03/2026 17:54:42,1,0,IDR,Sudah dibayar,327046.0
87585,1730121322704962947,7617762995544623880,16/03/2026 17:43:14,1,0,IDR,Sudah dibayar,308029.8
42658,1731927306071934551,7609298936339254535,16/03/2026 17:29:14,1,0,IDR,Sudah dibayar,466194.39999999997
51244,1729722361243272858,7494054609567125126,16/03/2026 17:15:39,2,0,IDR,Sudah dibayar,100640.0
79898,1730174772502955607,7617762995544623880,16/03/2026 17:08:59,1,0,IDR,Sudah dibayar,400775.0
82346,1734650508941559171,7617762995544623880,16/03/2026 16:54:16,1,0,IDR,Sudah dibayar,260975.5
92280,1729677743140997719,7617762995544623880,16/03/2026 16:44:46,1,0,IDR,Sudah dibayar,378811.0
43924,1731308725958182275,7617762995544623880,16/03/2026 16:38:03,1,0,IDR,Sudah dibayar,460275.0
92193,1729677743140801111,7617762995544623880,16/03/2026 16:35:26,1,0,IDR,Sudah dibayar,417775.0
92978,1731308725958116739,7617762995544623880,16/03/2026 16:14:01,1,0,IDR,Sudah dibayar,450899.5
74841,1729677758327130711,7617762995544623880,16/03/2026 16:05:45,1,0,IDR,Sudah dibayar,287366.3
69817,1729677761804929623,7617762995544623880,16/03/2026 16:02:10,1,0,IDR,Sudah dibayar,277880.3
97673,1730651001345508951,7617762995544623880,16/03/2026 16:01:11,1,0,IDR,Sudah dibayar,494275.0
69551,1731418659333113219,7617762995544623880,16/03/2026 16:01:11,1,0,IDR,Sudah dibayar,128689.15
97952,1731418673452582275,7617762995544623880,16/03/2026 15:54:19,1,0,IDR,Sudah dibayar,135985.55
92392,1731079464715322755,7617762995544623880,16/03/2026 15:53:23,1,0,IDR,Sudah dibayar,429524.55
62012,1730174772819887703,7617762995544623880,16/03/2026 15:50:49,1,0,IDR,Sudah dibayar,427125.0
62514,1734381975993222202,7494054609567125126,16/03/2026 15:46:39,1,0,IDR,Sudah dibayar,20824.149999999998
44038,1731927306072000087,7617762995544623880,16/03/2026 15:40:17,1,0,IDR,Sudah dibayar,400877.0
04577,1734650508941559171,7617719198173350663,16/03/2026 15:01:25,1,0,IDR,Sudah dibayar,245123.0
65452,1734483831937205635,7617719198173350663,16/03/2026 14:59:39,1,0,IDR,Sudah dibayar,238675.75
54257,1730706088342685271,7617719198173350663,16/03/2026 14:55:27,1,0,IDR,Sudah dibayar,461125.0
46468,1731927306072000087,7617719198173350663,16/03/2026 14:51:33,1,0,IDR,Sudah dibayar,426275.0
37557,1731079464715322755,7617719198173350663,16/03/2026 14:50:47,1,0,IDR,Sudah dibayar,442556.75
97885,1730706088342881879,7617719198173350663,16/03/2026 14:47:05,1,0,IDR,Sudah dibayar,458150.0
08195,1731079464714601859,7617719198173350663,16/03/2026 14:39:32,1,0,IDR,Sudah dibayar,448566.25
74173,1731079464715978115,7617719198173350663,16/03/2026 14:28:38,1,0,IDR,Sudah dibayar,414375.0
98892,1730121730617935235,7617719198173350663,16/03/2026 14:24:22,1,0,IDR,Sudah dibayar,293041.75
05479,1731079464714536323,7617719198173350663,16/03/2026 14:18:13,1,0,IDR,Sudah dibayar,419806.5
83119,1730706088342881879,7494054609567125126,16/03/2026 14:13:02,1,0,IDR,Sudah dibayar,514148.85
09535,1731308725958182275,7617719198173350663,16/03/2026 13:57:19,1,0,IDR,Sudah dibayar,464877.75
79917,1729677742105135703,7617719198173350663,16/03/2026 13:08:16,1,0,IDR,Sudah dibayar,364962.8
61692,1731079464714601859,7617719198173350663,16/03/2026 12:59:19,1,0,IDR,Sudah dibayar,419325.39999999997
50598,1731016355289269416,7617667323580156690,16/03/2026 12:17:11,1,0,IDR,Sudah dibayar,18028.5
50587,1729677746703534679,7617528966513593106,16/03/2026 12:07:34,1,0,IDR,Sudah dibayar,444125.0
80768,1730706088343144023,7617667323580156690,16/03/2026 12:00:21,1,0,IDR,Sudah dibayar,423691.0
42621,1731418659333113219,7617667323580156690,16/03/2026 11:46:12,1,0,IDR,Sudah dibayar,131931.9
76542,1731308689765139843,7617667323580156690,16/03/2026 11:41:33,1,0,IDR,Sudah dibayar,446913.0
22703,1730174743203972695,7617667323580156690,16/03/2026 11:31:58,1,0,IDR,Sudah dibayar,437934.45
06239,1730174772819887703,7617667323580156690,16/03/2026 11:24:47,1,0,IDR,Sudah dibayar,336287.2
42000,1731418659331999107,7617667323580156690,16/03/2026 11:18:04,1,0,IDR,Sudah dibayar,132690.1
30817,1734483831936943491,7617667323580156690,16/03/2026 11:05:39,1,0,IDR,Sudah dibayar,245123.0
86062,1731308725958116739,7617667323580156690,16/03/2026 11:05:19,1,0,IDR,Sudah dibayar,424014.0
98935,1731079464715584899,7617667323580156690,16/03/2026 11:04:02,1,0,IDR,Sudah dibayar,413024.35
70141,1729677734993037911,7617667323580156690,16/03/2026 11:01:52,1,0,IDR,Sudah dibayar,306550.8
81119,1731622765730235991,7617390839886695175,16/03/2026 10:57:19,1,0,IDR,Sudah dibayar,499110.64999999997
37447,1729562551000794499,7617667323580156690,16/03/2026 10:46:18,1,0,IDR,Sudah dibayar,206562.75
03884,1734483831936746883,7617667323580156690,16/03/2026 10:42:56,1,0,IDR,Sudah dibayar,245973.0
70415,1730706107471922775,7617667323580156690,16/03/2026 10:39:27,1,0,IDR,Sudah dibayar,460275.0
12392,1729677736926874199,7617667323580156690,16/03/2026 10:35:36,1,0,IDR,Sudah dibayar,368951.0
59174,1729561361792927319,7617667323580156690,16/03/2026 10:17:17,1,0,IDR,Sudah dibayar,366626.25
55803,1731308725958051203,7617667323580156690,16/03/2026 10:15:03,1,0,IDR,Sudah dibayar,441183.14999999997
69695,1731079464714601859,7617667323580156690,16/03/2026 10:07:41,1,0,IDR,Sudah dibayar,410465.0
28929,1731308689765401987,7617667323580156690,16/03/2026 10:02:41,1,0,IDR,Sudah dibayar,446581.5
20635,1730706106318620247,7614425264508521223,16/03/2026 09:55:34,2,0,IDR,Sudah dibayar,865284.7
20635,1730706088342816343,7614425264508521223,16/03/2026 09:55:34,2,0,IDR,Sudah dibayar,865284.7
03955,1731927306072131159,7617667323580156690,16/03/2026 09:54:46,1,0,IDR,Sudah dibayar,426275.0
84875,1731308689765139843,7617667323580156690,16/03/2026 09:05:30,1,0,IDR,Sudah dibayar,464019.25
75975,1734483831937205635,7617299137797229330,16/03/2026 08:41:21,1,0,IDR,Sudah dibayar,290555.5
79707,1731079464715191683,7617590032292137746,16/03/2026 07:02:02,1,0,IDR,Sudah dibayar,447707.75
67907,1734650508941559171,7617590032292137746,16/03/2026 06:34:32,1,0,IDR,Sudah dibayar,245973.0
07345,1734650508941559171,7617590032292137746,16/03/2026 06:10:41,1,0,IDR,Sudah dibayar,252858.0
49880,1734483831936681347,7617590032292137746,16/03/2026 05:44:57,1,0,IDR,Sudah dibayar,273780.75
82050,1731079464715978115,7617590032292137746,16/03/2026 05:19:57,1,0,IDR,Sudah dibayar,408935.0
89183,1731308725957985667,7617590032292137746,16/03/2026 05:18:23,1,0,IDR,Sudah dibayar,444465.0
92506,1731308725958182275,7617590032292137746,16/03/2026 05:14:58,1,0,IDR,Sudah dibayar,425649.39999999997
66728,1731308689765139843,7617590032292137746,16/03/2026 05:13:03,1,0,IDR,Sudah dibayar,433442.2
66728,1731079464716043651,7617590032292137746,16/03/2026 05:13:03,1,0,IDR,Sudah dibayar,406906.05
50954,1731308725958051203,7617590032292137746,16/03/2026 05:00:02,1,0,IDR,Sudah dibayar,434182.55
09272,1731079464715912579,7617590032292137746,16/03/2026 04:42:25,1,0,IDR,Sudah dibayar,400265.0
49312,1731308689765401987,7617590032292137746,16/03/2026 04:39:10,1,0,IDR,Sudah dibayar,440496.35
16411,1731308689765467523,7617590032292137746,16/03/2026 04:18:31,1,0,IDR,Sudah dibayar,441183.14999999997
43135,1734650508941559171,7617590032292137746,16/03/2026 04:15:13,1,0,IDR,Sudah dibayar,245123.0
91555,1731079464716109187,7617590032292137746,16/03/2026 04:09:35,1,0,IDR,Sudah dibayar,409881.89999999997
19984,1730706106318751319,7617528966513593106,16/03/2026 02:57:53,1,0,IDR,Sudah dibayar,454701.55
27103,1731622765729908311,7617528966513593106,16/03/2026 02:52:38,1,0,IDR,Sudah dibayar,421067.05
67185,1731308725958182275,7617528966513593106,16/03/2026 02:43:30,1,0,IDR,Sudah dibayar,464877.75
83445,1729677758327327319,7617528966513593106,16/03/2026 01:31:38,1,0,IDR,Sudah dibayar,286516.3
34463,1731927306072000087,7617528966513593106,16/03/2026 01:00:06,1,0,IDR,Sudah dibayar,408991.1
89214,1729677755464452695,7617528966513593106,16/03/2026 00:57:17,1,0,IDR,Sudah dibayar,287366.3
08730,1730706106318685783,7617528966513593106,16/03/2026 00:56:38,1,0,IDR,Sudah dibayar,444550.0
23854,1734650508941559171,7617528966513593106,16/03/2026 00:44:43,1,0,IDR,Sudah dibayar,236798.1
49607,1731079464715453827,7617528966513593106,16/03/2026 00:38:59,1,0,IDR,Sudah dibayar,408935.0
88012,1730174743203907159,7617528966513593106,16/03/2026 00:37:10,1,0,IDR,Sudah dibayar,511275.0
76656,1731079464714667395,7617528966513593106,16/03/2026 00:35:17,1,0,IDR,Sudah dibayar,413711.14999999997
66024,1730706088342881879,7603317560594943250,15/03/2026 22:46:15,1,0,IDR,Sudah dibayar,490841.0
79390,1729547498196863146,7609598626318404370,15/03/2026 19:20:10,1,0,IDR,Sudah dibayar,169089.65
44855,1730706088343078487,7616715108269509906,15/03/2026 18:32:33,1,0,IDR,Sudah dibayar,503625.0
67268,1730706088342685271,7616600693171833608,15/03/2026 18:24:51,1,0,IDR,Sudah dibayar,496527.5
66455,1730706088342947415,7592751379437997319,15/03/2026 18:24:46,1,0,IDR,Sudah dibayar,413292.95
61913,1729677743140997719,7605131813144612104,15/03/2026 18:13:15,1,0,IDR,Sudah dibayar,419900.0
67434,1730121322705028483,7617390839886695175,15/03/2026 17:53:15,1,0,IDR,Sudah dibayar,291169.2
80074,1729677743140801111,7617390839886695175,15/03/2026 17:42:51,1,0,IDR,Sudah dibayar,339494.25
17753,1731927306071803479,7617390839886695175,15/03/2026 17:42:14,1,0,IDR,Sudah dibayar,451775.0
40584,1731418659331999107,7617390839886695175,15/03/2026 17:30:53,1,0,IDR,Sudah dibayar,134639.15
06733,1730806636781012567,7617390839886695175,15/03/2026 17:23:56,1,0,IDR,Sudah dibayar,328746.0
89730,1734650508941362563,7617390839886695175,15/03/2026 17:00:54,1,0,IDR,Sudah dibayar,245123.0
59954,1731308725958182275,7617390839886695175,15/03/2026 16:58:26,1,0,IDR,Sudah dibayar,453665.39999999997
55341,1730174743203841623,7617390839886695175,15/03/2026 16:50:47,1,0,IDR,Sudah dibayar,426275.0
41665,1730868728727832151,7617390839886695175,15/03/2026 16:35:42,1,0,IDR,Sudah dibayar,460275.0
45301,1734483831936681347,7617390839886695175,15/03/2026 16:28:42,1,0,IDR,Sudah dibayar,233398.1
99728,1731308725958182275,7617390839886695175,15/03/2026 16:26:27,1,0,IDR,Sudah dibayar,460275.0
72691,1729677743140801111,7617390839886695175,15/03/2026 16:24:18,1,0,IDR,Sudah dibayar,375836.0
45788,1734483831936550275,7617390839886695175,15/03/2026 16:23:04,1,0,IDR,Sudah dibayar,238405.44999999998
86038,1731927306071737943,7617390839886695175,15/03/2026 16:20:17,1,0,IDR,Sudah dibayar,417004.89999999997
32406,1731622765730170455,7617390839886695175,15/03/2026 16:00:20,1,0,IDR,Sudah dibayar,423691.0
28366,1734439118025623127,7617390839886695175,15/03/2026 15:56:14,1,0,IDR,Sudah dibayar,436900.0
14357,1729562551000794499,7617390839886695175,15/03/2026 15:48:57,1,0,IDR,Sudah dibayar,192952.55
80761,1730121322703193475,7617390839886695175,15/03/2026 15:42:56,1,0,IDR,Sudah dibayar,276012.0
35591,1729677758276143703,7617390839886695175,15/03/2026 15:35:19,1,0,IDR,Sudah dibayar,344656.3
84669,1731308689765205379,7617390839886695175,15/03/2026 15:28:22,1,0,IDR,Sudah dibayar,450802.6
24300,1729677743141194327,7617390839886695175,15/03/2026 15:26:56,1,0,IDR,Sudah dibayar,378811.0
15976,1731622713472943703,7617390839886695175,15/03/2026 15:26:06,1,0,IDR,Sudah dibayar,462825.0
94097,1731079464714667395,7617299137797229330,15/03/2026 15:08:38,1,0,IDR,Sudah dibayar,412131.0
20035,1731308725958051203,7617299137797229330,15/03/2026 15:00:30,1,0,IDR,Sudah dibayar,464877.75
98710,1731996015553709443,7617299137797229330,15/03/2026 14:55:04,1,0,IDR,Sudah dibayar,454319.89999999997
39739,1729677736926808663,7617299137797229330,15/03/2026 14:50:31,1,0,IDR,Sudah dibayar,393108.85
17662,1734650508941362563,7617299137797229330,15/03/2026 14:33:55,1,0,IDR,Sudah dibayar,245123.0
39797,1734650508941297027,7617299137797229330,15/03/2026 14:32:59,1,0,IDR,Sudah dibayar,245123.0
20221,1730706106318620247,7610183252741197064,15/03/2026 14:22:40,1,0,IDR,Sudah dibayar,522116.75
94019,1731308725957985667,7617299137797229330,15/03/2026 14:22:38,1,0,IDR,Sudah dibayar,471325.0
66880,1731079464716109187,7617299137797229330,15/03/2026 14:04:55,1,0,IDR,Sudah dibayar,430537.75
28676,1731079464716109187,7617299137797229330,15/03/2026 13:54:25,1,0,IDR,Sudah dibayar,457316.14999999997
95065,1734439101179922007,7611118000237858066,15/03/2026 13:38:42,1,0,IDR,Sudah dibayar,436832.0
96261,1731308725957985667,7617299137797229330,15/03/2026 13:35:48,1,0,IDR,Sudah dibayar,464877.75
13062,1731308725958116739,7617299137797229330,15/03/2026 13:30:44,1,0,IDR,Sudah dibayar,423691.0
39559,1731308689765467523,7617299137797229330,15/03/2026 13:27:48,1,0,IDR,Sudah dibayar,418833.25
14857,1734650508941362563,7617299137797229330,15/03/2026 13:24:17,1,0,IDR,Sudah dibayar,245123.0
08302,1734650508941362563,7617299137797229330,15/03/2026 12:59:53,1,0,IDR,Sudah dibayar,245123.0
67913,1731298756262135171,7617299137797229330,15/03/2026 12:58:12,1,0,IDR,Sudah dibayar,182965.05
75736,1731079464714929539,7617299137797229330,15/03/2026 12:56:43,1,0,IDR,Sudah dibayar,429679.25
31040,1734650508941362563,7617299137797229330,15/03/2026 12:42:12,1,0,IDR,Sudah dibayar,232960.35
26897,1734650508941559171,7617299137797229330,15/03/2026 12:41:30,1,0,IDR,Sudah dibayar,245123.0
29404,1734483831937205635,7617299137797229330,15/03/2026 12:40:30,1,0,IDR,Sudah dibayar,238675.75
62949,1734650508941362563,7617299137797229330,15/03/2026 12:23:32,1,0,IDR,Sudah dibayar,239162.8
94396,1729677743859862103,7494054609567125126,15/03/2026 12:01:57,1,0,IDR,Sudah dibayar,261533.1
59151,1734650508941362563,7617299137797229330,15/03/2026 11:32:03,1,0,IDR,Sudah dibayar,225663.1
87950,1734650508941493635,7617299137797229330,15/03/2026 11:27:07,1,0,IDR,Sudah dibayar,237303.0
83639,1731079464714732931,7617299137797229330,15/03/2026 11:25:08,1,0,IDR,Sudah dibayar,400265.0
24847,1734650508941362563,7617299137797229330,15/03/2026 11:22:45,1,0,IDR,Sudah dibayar,245973.0
39470,1734650508941362563,7617299137797229330,15/03/2026 11:16:04,1,0,IDR,Sudah dibayar,245973.0
00281,1734650508941362563,7617299137797229330,15/03/2026 10:59:08,1,0,IDR,Sudah dibayar,233988.0
18295,1734650508941362563,7617299137797229330,15/03/2026 10:54:18,1,0,IDR,Sudah dibayar,280313.0
51439,1734483831937205635,7617299137797229330,15/03/2026 10:49:13,1,0,IDR,Sudah dibayar,225663.1
75251,1734650508941362563,7617299137797229330,15/03/2026 10:40:26,1,0,IDR,Sudah dibayar,243253.0
75766,1734650508941559171,7617299137797229330,15/03/2026 10:36:58,1,0,IDR,Sudah dibayar,245475.75
48711,1731308689765467523,7617299137797229330,15/03/2026 10:31:54,1,0,IDR,Sudah dibayar,402038.1
55157,1734650508941362563,7617299137797229330,15/03/2026 10:26:50,1,0,IDR,Sudah dibayar,237825.75
05477,1731308725958051203,7617299137797229330,15/03/2026 10:26:32,1,0,IDR,Sudah dibayar,436772.5
46942,1734483831937205635,7617299137797229330,15/03/2026 09:45:46,1,0,IDR,Sudah dibayar,239853.0
26507,1734483831937205635,7617299137797229330,15/03/2026 09:37:43,1,0,IDR,Sudah dibayar,245973.0
87595,1734483831936419203,7617299137797229330,15/03/2026 09:30:20,1,0,IDR,Sudah dibayar,291448.0
71494,1731079464715519363,7617299137797229330,15/03/2026 09:28:26,1,0,IDR,Sudah dibayar,382109.85
76497,1731308689765205379,7617299137797229330,15/03/2026 09:24:37,1,0,IDR,Sudah dibayar,479034.5
68338,1731079464714732931,7617299137797229330,15/03/2026 09:18:32,1,0,IDR,Sudah dibayar,422042.0
74417,1734483831936419203,7617299137797229330,15/03/2026 09:15:08,1,0,IDR,Sudah dibayar,238675.75
91862,1733814149077042775,7616927397556538120,15/03/2026 09:13:13,1,0,IDR,Sudah dibayar,426275.0
50731,1734483831936943491,7617223378931370770,15/03/2026 07:42:05,1,0,IDR,Sudah dibayar,245947.5
40785,1731308725957985667,7617223378931370770,15/03/2026 07:20:27,1,0,IDR,Sudah dibayar,482880.75
62573,1734483831936681347,7617223378931370770,15/03/2026 07:15:36,1,0,IDR,Sudah dibayar,253708.0
38722,1734483831936681347,7617223378931370770,15/03/2026 07:12:53,1,0,IDR,Sudah dibayar,240205.75
17414,1731308725957920131,7617223378931370770,15/03/2026 06:37:57,1,0,IDR,Sudah dibayar,452712.55
52219,1734483831936419203,7617223378931370770,15/03/2026 06:14:02,1,0,IDR,Sudah dibayar,245123.0
75221,1734483831936943491,7617223378931370770,15/03/2026 06:09:39,1,0,IDR,Sudah dibayar,237825.75
89034,1734483831936943491,7617223378931370770,15/03/2026 06:06:28,1,0,IDR,Sudah dibayar,241225.75
35338,1731308725957985667,7617223378931370770,15/03/2026 06:02:48,1,0,IDR,Sudah dibayar,460555.5
68152,1734650508941297027,7617223378931370770,15/03/2026 05:51:03,1,0,IDR,Sudah dibayar,237825.75
67673,1731418659332064643,7617223378931370770,15/03/2026 05:43:23,1,0,IDR,Sudah dibayar,135985.55
09015,1729677743140932183,7494054609567125126,15/03/2026 05:42:00,1,0,IDR,Sudah dibayar,444125.0
60956,1734483831936681347,7617223378931370770,15/03/2026 05:39:32,1,0,IDR,Sudah dibayar,274007.7
52508,1734650508941493635,7617223378931370770,15/03/2026 05:38:19,1,0,IDR,Sudah dibayar,245973.0
41952,1734650508941559171,7617223378931370770,15/03/2026 05:37:30,1,0,IDR,Sudah dibayar,235773.0
51875,1734483831936157059,7617223378931370770,15/03/2026 05:34:24,1,0,IDR,Sudah dibayar,249403.6
74260,1734483831936943491,7617223378931370770,15/03/2026 05:24:37,1,0,IDR,Sudah dibayar,244103.0
75250,1734650508941362563,7617223378931370770,15/03/2026 05:23:11,1,0,IDR,Sudah dibayar,245097.5
91232,1734483831936419203,7617223378931370770,15/03/2026 05:18:20,1,0,IDR,Sudah dibayar,291448.0
98793,1734650508941493635,7617223378931370770,15/03/2026 05:17:34,1,0,IDR,Sudah dibayar,245123.0
86911,1734650508941493635,7617223378931370770,15/03/2026 05:14:32,1,0,IDR,Sudah dibayar,245123.0
18777,1734483831936943491,7617223378931370770,15/03/2026 05:13:26,1,0,IDR,Sudah dibayar,280313.0
16033,1734650508941362563,7617223378931370770,15/03/2026 05:10:11,1,0,IDR,Sudah dibayar,245070.3
01938,1730121322703521155,7494054609567125126,15/03/2026 05:04:57,1,0,IDR,Sudah dibayar,342627.35
46488,1731308725958182275,7617223378931370770,15/03/2026 05:04:28,1,0,IDR,Sudah dibayar,441183.14999999997
87672,1734650508941362563,7617223378931370770,15/03/2026 05:03:03,1,0,IDR,Sudah dibayar,245123.0
35939,1731308689765467523,7617223378931370770,15/03/2026 04:39:31,1,0,IDR,Sudah dibayar,402107.8
63780,1734650508941428099,7617223378931370770,15/03/2026 04:35:13,1,0,IDR,Sudah dibayar,263993.0
78982,1734483831936681347,7617223378931370770,15/03/2026 04:29:35,1,0,IDR,Sudah dibayar,282710.0
29663,1730706088342816343,7609906961273883911,15/03/2026 04:22:45,1,0,IDR,Sudah dibayar,481482.5
63121,1731927306072065623,7615575155061918994,15/03/2026 03:54:49,1,0,IDR,Sudah dibayar,435030.0
07746,1731927306071869015,7609298936339254535,15/03/2026 03:20:08,1,0,IDR,Sudah dibayar,467075.0
79661,1734650508941559171,7494054609567125126,15/03/2026 02:25:14,1,0,IDR,Sudah dibayar,293275.5
79661,1734483831937205635,7494054609567125126,15/03/2026 02:25:14,1,0,IDR,Sudah dibayar,293275.5
80411,1730651001345705559,7616600693171833608,15/03/2026 00:17:14,1,0,IDR,Sudah dibayar,408649.39999999997
80411,1730651001345508951,7616600693171833608,15/03/2026 00:17:14,1,0,IDR,Sudah dibayar,408649.39999999997
80411,1729677761805388375,7616600693171833608,15/03/2026 00:17:14,1,0,IDR,Sudah dibayar,278743.05
80411,1729677759600233047,7616556417281051410,15/03/2026 00:17:14,1,0,IDR,Sudah dibayar,278743.05
23387,1730651001345705559,7617026124438080274,15/03/2026 00:06:06,1,0,IDR,Sudah dibayar,398192.7
23387,1730651001345508951,7617026124438080274,15/03/2026 00:06:06,1,0,IDR,Sudah dibayar,398193.55
23387,1729677761805388375,7617026124438080274,15/03/2026 00:06:06,1,0,IDR,Sudah dibayar,271610.7
41874,1731927306072196695,7494054609567125126,14/03/2026 22:23:31,1,0,IDR,Sudah dibayar,488325.0
78544,1730706088342947415,7616695808443828999,14/03/2026 18:04:16,1,0,IDR,Sudah dibayar,462442.5
78544,1730706088342750807,7616695808443828999,14/03/2026 18:04:16,1,0,IDR,Sudah dibayar,462442.5
45214,1730706107471988311,7617026124438080274,14/03/2026 17:18:27,1,0,IDR,Sudah dibayar,420546.0
51317,1729677758276012631,7617026124438080274,14/03/2026 17:09:53,1,0,IDR,Sudah dibayar,294633.8
71677,1731622713472943703,7617026124438080274,14/03/2026 17:08:32,1,0,IDR,Sudah dibayar,460275.0
51166,1731927306072131159,7615972524102290695,14/03/2026 17:03:57,1,0,IDR,Sudah dibayar,467653.0
85954,1729677742104939095,7617026124438080274,14/03/2026 16:56:08,1,0,IDR,Sudah dibayar,377961.0
14725,1731308689765467523,7617026124438080274,14/03/2026 16:52:58,1,0,IDR,Sudah dibayar,494066.75
66074,1731079464716043651,7617026124438080274,14/03/2026 16:48:28,1,0,IDR,Sudah dibayar,450283.25
01605,1730706088342685271,7617026124438080274,14/03/2026 16:44:36,1,0,IDR,Sudah dibayar,457300.0
41646,1730706106318620247,7617026124438080274,14/03/2026 16:34:11,1,0,IDR,Sudah dibayar,461125.0
84407,1730806636781078103,7617026124438080274,14/03/2026 16:20:52,1,0,IDR,Sudah dibayar,319209.0
23607,1730706106318751319,7617026124438080274,14/03/2026 16:17:52,1,0,IDR,Sudah dibayar,461975.0
18530,1730706107471922775,7617026124438080274,14/03/2026 16:09:59,1,0,IDR,Sudah dibayar,460275.0
45996,1731622765730170455,7617026124438080274,14/03/2026 15:59:22,1,0,IDR,Sudah dibayar,457300.0
21969,1731996015553774979,7617026124438080274,14/03/2026 15:42:33,1,0,IDR,Sudah dibayar,456544.35
37485,1731308725957985667,7616997272374741778,14/03/2026 15:16:48,1,0,IDR,Sudah dibayar,449983.2
66927,1731079464714536323,7616997272374741778,14/03/2026 15:03:52,1,0,IDR,Sudah dibayar,427057.85
16435,1730174772819953239,7616997272374741778,14/03/2026 14:53:24,1,0,IDR,Sudah dibayar,419465.64999999997
08467,1731308689765205379,7616997272374741778,14/03/2026 14:34:07,1,0,IDR,Sudah dibayar,454758.5
26172,1731308689765533059,7616997272374741778,14/03/2026 14:31:50,1,0,IDR,Sudah dibayar,460275.0
98177,1730706088342816343,7615307182589872903,14/03/2026 14:25:25,1,0,IDR,Sudah dibayar,522829.05
99675,1729677734993103447,7616997272374741778,14/03/2026 14:24:46,1,0,IDR,Sudah dibayar,285158.0
11667,1731927306072065623,7616465064572341000,14/03/2026 14:24:19,1,0,IDR,Sudah dibayar,502434.14999999997
10671,1734439081841034839,7616997272374741778,14/03/2026 14:22:07,1,0,IDR,Sudah dibayar,435625.0
67957,1730706088342881879,7616997272374741778,14/03/2026 13:45:14,1,0,IDR,Sudah dibayar,460800.3
60504,1730706106318751319,7616976538559580946,14/03/2026 13:13:39,1,0,IDR,Sudah dibayar,451219.95
68187,1730174743204038231,7616976538559580946,14/03/2026 13:04:11,1,0,IDR,Sudah dibayar,418001.95
05754,1731927306072000087,7616976538559580946,14/03/2026 12:55:37,1,0,IDR,Sudah dibayar,426275.0
09861,1731308689765270915,7616927397556538120,14/03/2026 12:40:26,1,0,IDR,Sudah dibayar,446480.35
00069,1731927306072196695,7616976538559580946,14/03/2026 12:38:35,1,0,IDR,Sudah dibayar,406300.0
53269,1729677742105201239,7616976538559580946,14/03/2026 12:26:37,1,0,IDR,Sudah dibayar,377961.0
88546,1734439081841165911,7616976538559580946,14/03/2026 12:25:57,1,0,IDR,Sudah dibayar,434775.0
83904,1730706088342947415,7494054609567125126,14/03/2026 12:20:27,1,0,IDR,Sudah dibayar,461125.0
29259,1730706106318751319,7616927397556538120,14/03/2026 12:18:43,1,0,IDR,Sudah dibayar,466914.35
31625,1731308689765401987,7616927397556538120,14/03/2026 12:03:53,1,0,IDR,Sudah dibayar,458809.6
56304,1731308689765401987,7616927397556538120,14/03/2026 11:31:01,1,0,IDR,Sudah dibayar,462817.35
36859,1729677743140866647,7616927397556538120,14/03/2026 11:12:59,1,0,IDR,Sudah dibayar,368148.6
63190,1730706088343012951,7616927397556538120,14/03/2026 10:59:27,1,0,IDR,Sudah dibayar,521427.39999999997
61825,1733254788722623875,7616927397556538120,14/03/2026 10:24:25,1,0,IDR,Sudah dibayar,437665.0
92984,1731308725957920131,7616927397556538120,14/03/2026 10:19:22,1,0,IDR,Sudah dibayar,440496.35
80125,1731308725958116739,7616927397556538120,14/03/2026 10:06:20,1,0,IDR,Sudah dibayar,433840.0
98431,1731927306071803479,7609907208024804626,14/03/2026 10:05:15,1,0,IDR,Sudah dibayar,494249.5
75702,1734439081841165911,7616927397556538120,14/03/2026 10:04:39,1,0,IDR,Sudah dibayar,417503.0
87270,1734439081841165911,7616927397556538120,14/03/2026 10:00:36,1,0,IDR,Sudah dibayar,453900.0
99721,1731079464715257219,7616927397556538120,14/03/2026 09:58:30,1,0,IDR,Sudah dibayar,430537.75
69212,1731298803851036035,7616927397556538120,14/03/2026 09:53:38,1,0,IDR,Sudah dibayar,188443.3
07632,1731927306072000087,7616927397556538120,14/03/2026 09:48:03,1,0,IDR,Sudah dibayar,458575.0
15523,1734439081841231447,7616927397556538120,14/03/2026 09:42:28,1,0,IDR,Sudah dibayar,421821.0
69226,1731308725957985667,7616927397556538120,14/03/2026 09:22:16,1,0,IDR,Sudah dibayar,467453.25
19672,1731079464715650435,7616742431308712712,14/03/2026 06:17:38,1,0,IDR,Sudah dibayar,438651.0
71637,1731996015553643907,7616841627474299656,14/03/2026 05:46:55,1,0,IDR,Sudah dibayar,464852.25
33552,1730706088342947415,7616841627474299656,14/03/2026 05:20:40,1,0,IDR,Sudah dibayar,455411.3
52379,1729677759600298583,7616556417281051410,14/03/2026 05:08:26,1,0,IDR,Sudah dibayar,272392.7
52379,1729677742105135703,7616600693171833608,14/03/2026 05:08:26,1,0,IDR,Sudah dibayar,359273.75
52379,1729677742104939095,7616600693171833608,14/03/2026 05:08:26,1,0,IDR,Sudah dibayar,359272.89999999997
52379,1729677742104676951,7616600693171833608,14/03/2026 05:08:26,1,0,IDR,Sudah dibayar,359272.89999999997
99146,1731079464715388291,7616841627474299656,14/03/2026 04:53:05,1,0,IDR,Sudah dibayar,408935.0
92807,1730121730617673091,7616841627474299656,14/03/2026 04:38:48,1,0,IDR,Sudah dibayar,282421.0
81350,1731079464714732931,7616841627474299656,14/03/2026 04:31:15,1,0,IDR,Sudah dibayar,413711.14999999997
01187,1731079464715453827,7616841627474299656,14/03/2026 04:24:24,1,0,IDR,Sudah dibayar,409785.0
30113,1731996015553643907,7616841627474299656,14/03/2026 04:18:59,1,0,IDR,Sudah dibayar,460275.0
59844,1730174743204169303,7616841627474299656,14/03/2026 04:17:30,1,0,IDR,Sudah dibayar,426275.0
83886,1731308725958116739,7616841627474299656,14/03/2026 04:11:35,1,0,IDR,Sudah dibayar,434200.39999999997
91509,1730706088343078487,7609971048460716807,14/03/2026 04:08:14,1,0,IDR,Sudah dibayar,461125.0
57282,1731308725958182275,7616841627474299656,14/03/2026 03:50:41,1,0,IDR,Sudah dibayar,424261.35
17855,1731927306072196695,7600847303582223634,14/03/2026 03:47:22,1,0,IDR,Sudah dibayar,495125.0
21974,1730706088342881879,7616556417281051410,14/03/2026 02:52:04,1,0,IDR,Sudah dibayar,460207.0
19109,1729562551000794499,7615070657008782087,14/03/2026 01:45:33,1,0,IDR,Sudah dibayar,231313.9
20507,1729677742105004631,7616600693171833608,14/03/2026 01:10:36,1,0,IDR,Sudah dibayar,359403.8
62652,1731308689765401987,7616742431308712712,14/03/2026 00:04:17,1,0,IDR,Sudah dibayar,440496.35
22998,1730174743203841623,7616742431308712712,13/03/2026 23:06:55,1,0,IDR,Sudah dibayar,426275.0
19017,1730651001345443415,7616742431308712712,13/03/2026 22:50:07,1,0,IDR,Sudah dibayar,426275.0
93836,1730706088343012951,7494054609567125126,13/03/2026 22:30:11,1,0,IDR,Sudah dibayar,460275.0
10823,1731079464716043651,7616742431308712712,13/03/2026 22:18:43,1,0,IDR,Sudah dibayar,430537.75
03763,1731308725957985667,7616742431308712712,13/03/2026 22:08:45,1,0,IDR,Sudah dibayar,464877.75
79440,1729677743859862103,7616742431308712712,13/03/2026 21:55:02,1,0,IDR,Sudah dibayar,261533.1
89521,1731996015553512835,7616742431308712712,13/03/2026 21:47:56,1,0,IDR,Sudah dibayar,478493.89999999997
10848,1731418659331540355,7616742431308712712,13/03/2026 21:47:13,1,0,IDR,Sudah dibayar,131073.4
11299,1730706106318685783,7616742431308712712,13/03/2026 21:22:19,1,0,IDR,Sudah dibayar,460275.0
39126,1731016355289269416,7616695808443828999,13/03/2026 20:57:58,1,0,IDR,Sudah dibayar,17850.0
39545,1730706088342947415,7616695808443828999,13/03/2026 20:50:22,1,0,IDR,Sudah dibayar,460275.0
76487,1731079464715191683,7616695808443828999,13/03/2026 20:48:58,1,0,IDR,Sudah dibayar,421328.0
38096,1730706088342816343,7494054609567125126,13/03/2026 20:41:42,1,0,IDR,Sudah dibayar,488631.0
60481,1730706106318685783,7616695808443828999,13/03/2026 20:40:25,1,0,IDR,Sudah dibayar,460275.0
62308,1730121322703652227,7616695808443828999,13/03/2026 20:35:36,1,0,IDR,Sudah dibayar,280735.45
53013,1734439101179725399,7616695808443828999,13/03/2026 20:23:14,1,0,IDR,Sudah dibayar,434775.0
37233,1731079464714601859,7616695808443828999,13/03/2026 20:07:33,1,0,IDR,Sudah dibayar,423645.95
11754,1731927306072131159,7613260770947681042,13/03/2026 20:05:42,1,0,IDR,Sudah dibayar,387389.2
29202,1730868728727832151,7616695808443828999,13/03/2026 20:00:30,1,0,IDR,Sudah dibayar,452702.35
32255,1731308725958051203,7616695808443828999,13/03/2026 19:49:27,1,0,IDR,Sudah dibayar,464877.75
03736,1731079464715388291,7616695808443828999,13/03/2026 19:35:48,1,0,IDR,Sudah dibayar,429679.25
23675,1729561361792927319,7616695808443828999,13/03/2026 19:32:12,1,0,IDR,Sudah dibayar,377111.0
59445,1731996015553774979,7616695808443828999,13/03/2026 19:24:07,1,0,IDR,Sudah dibayar,461125.0
02766,1730706088343078487,7616695808443828999,13/03/2026 19:15:38,1,0,IDR,Sudah dibayar,546125.0
41025,1730868728727832151,7616695808443828999,13/03/2026 19:07:52,1,0,IDR,Sudah dibayar,460275.0
52999,1729725175196125783,7616695808443828999,13/03/2026 19:07:37,1,0,IDR,Sudah dibayar,602565.0
56130,1731622713472878167,7616695808443828999,13/03/2026 19:03:04,1,0,IDR,Sudah dibayar,460275.0
75742,1731622713472878167,7616695808443828999,13/03/2026 18:45:06,1,0,IDR,Sudah dibayar,453872.8
61598,1729677743859796567,7616695808443828999,13/03/2026 18:38:20,1,0,IDR,Sudah dibayar,261329.1
94514,1731079464714470787,7616695808443828999,13/03/2026 18:34:29,1,0,IDR,Sudah dibayar,375615.0
60003,1730706088342685271,7616695808443828999,13/03/2026 18:30:26,1,0,IDR,Sudah dibayar,460275.0
22240,1731308725958116739,7616695808443828999,13/03/2026 18:25:01,1,0,IDR,Sudah dibayar,441183.14999999997
96006,1731079464714536323,7616649216837815048,13/03/2026 18:09:55,1,0,IDR,Sudah dibayar,408935.0
60123,1731927306072196695,7616600693171833608,13/03/2026 18:02:55,1,0,IDR,Sudah dibayar,421680.75
60123,1731927306072131159,7616600693171833608,13/03/2026 18:02:55,1,0,IDR,Sudah dibayar,421680.75
60123,1731927306072065623,7616600693171833608,13/03/2026 18:02:55,1,0,IDR,Sudah dibayar,421680.75
60123,1731927306071869015,7616600693171833608,13/03/2026 18:02:55,1,0,IDR,Sudah dibayar,421680.75
22530,1734439101179659863,7616649216837815048,13/03/2026 17:54:13,1,0,IDR,Sudah dibayar,434775.0
57973,1731996015553643907,7616649216837815048,13/03/2026 17:48:11,1,0,IDR,Sudah dibayar,454455.89999999997
75330,1730651001345574487,7616649216837815048,13/03/2026 17:28:45,1,0,IDR,Sudah dibayar,425425.0
98812,1731927306072196695,7616649216837815048,13/03/2026 16:54:20,1,0,IDR,Sudah dibayar,403781.45
25989,1730706088343012951,7610757016801364744,13/03/2026 16:51:08,1,0,IDR,Sudah dibayar,462609.1
52184,1731927306072000087,7616649216837815048,13/03/2026 16:10:25,1,0,IDR,Sudah dibayar,426275.0
03808,1731927306071803479,7616649216837815048,13/03/2026 16:04:25,1,0,IDR,Sudah dibayar,426275.0
82411,1729677743141128791,7616649216837815048,13/03/2026 15:22:09,1,0,IDR,Sudah dibayar,377961.0
10952,1730706088343078487,7616600693171833608,13/03/2026 14:56:33,1,0,IDR,Sudah dibayar,446556.0
18624,1731927306072000087,7616600693171833608,13/03/2026 14:53:14,1,0,IDR,Sudah dibayar,494275.0
28654,1734439101179463255,7616600693171833608,13/03/2026 14:52:24,1,0,IDR,Sudah dibayar,434775.0
60467,1730174743203645015,7616600693171833608,13/03/2026 14:48:10,1,0,IDR,Sudah dibayar,426275.0
60697,1730706107471922775,7616600693171833608,13/03/2026 14:34:27,1,0,IDR,Sudah dibayar,463627.39999999997
40264,1731622713472878167,7616600693171833608,13/03/2026 14:33:31,1,0,IDR,Sudah dibayar,460275.0
10984,1731418659333506435,7616600693171833608,13/03/2026 14:32:12,1,0,IDR,Sudah dibayar,143368.65
89942,1730706088342947415,7616600693171833608,13/03/2026 14:05:56,1,0,IDR,Sudah dibayar,460275.0
56296,1730706088342881879,7616600693171833608,13/03/2026 13:49:54,1,0,IDR,Sudah dibayar,545275.0
53635,1730174772502890071,7616600693171833608,13/03/2026 13:20:03,1,0,IDR,Sudah dibayar,421768.3
82467,1730706106318751319,7616600693171833608,13/03/2026 13:18:34,1,0,IDR,Sudah dibayar,460275.0
07747,1730706088342816343,7616600693171833608,13/03/2026 13:16:44,1,0,IDR,Sudah dibayar,460275.0
57461,1730706106318685783,7616600693171833608,13/03/2026 13:16:24,1,0,IDR,Sudah dibayar,473025.0
84485,1729677742968769111,7616600693171833608,13/03/2026 13:01:08,1,0,IDR,Sudah dibayar,301442.3
79487,1730706088342816343,7616600693171833608,13/03/2026 12:53:38,1,0,IDR,Sudah dibayar,447406.0
40479,1730806636781078103,7616600693171833608,13/03/2026 12:53:14,1,0,IDR,Sudah dibayar,328746.0
20517,1729725175196256855,7616600693171833608,13/03/2026 12:25:02,1,0,IDR,Sudah dibayar,596190.0
58332,1729677734993234519,7616600693171833608,13/03/2026 12:10:04,1,0,IDR,Sudah dibayar,348978.55
04169,1730868728727766615,7616600693171833608,13/03/2026 12:09:34,1,0,IDR,Sudah dibayar,454122.7
90501,1731016355289269416,7616556417281051410,13/03/2026 11:49:38,1,0,IDR,Sudah dibayar,17925.649999999998
28472,1730174772503283287,7616556417281051410,13/03/2026 11:42:56,1,0,IDR,Sudah dibayar,420274.0
52145,1729677740302764631,7616556417281051410,13/03/2026 11:28:32,1,0,IDR,Sudah dibayar,244228.8
37111,1730706107471988311,7616556417281051410,13/03/2026 11:27:05,1,0,IDR,Sudah dibayar,458150.0
08800,1731927306071869015,7616556417281051410,13/03/2026 11:24:37,1,0,IDR,Sudah dibayar,392411.0
79254,1730174772820149847,7616556417281051410,13/03/2026 11:22:28,1,0,IDR,Sudah dibayar,413576.0
75704,1730174743204103767,7616556417281051410,13/03/2026 11:22:01,1,0,IDR,Sudah dibayar,428092.3
71957,1730174772502955607,7616556417281051410,13/03/2026 11:05:59,1,0,IDR,Sudah dibayar,392411.0
88154,1730651001345902167,7616556417281051410,13/03/2026 11:04:57,1,0,IDR,Sudah dibayar,426249.5
78973,1731927306071672407,7494054609567125126,13/03/2026 10:50:28,1,0,IDR,Sudah dibayar,427722.55
78973,1731622765730170455,7494054609567125126,13/03/2026 10:50:28,1,0,IDR,Sudah dibayar,456332.7
78973,1730706106318685783,7494054609567125126,13/03/2026 10:50:28,1,0,IDR,Sudah dibayar,456331.85
78973,1730706088342750807,7494054609567125126,13/03/2026 10:50:28,1,0,IDR,Sudah dibayar,456331.85
78973,1729677746703338071,7494054609567125126,13/03/2026 10:50:28,1,0,IDR,Sudah dibayar,384806.05
15300,1729677761805126231,7616556417281051410,13/03/2026 10:00:41,1,0,IDR,Sudah dibayar,297651.3
94626,1731401465609291351,7616556417281051410,13/03/2026 09:59:31,1,0,IDR,Sudah dibayar,388841.0
91796,1730706088342685271,7616556417281051410,13/03/2026 09:58:09,1,0,IDR,Sudah dibayar,457835.5
44366,1730706088343012951,7616556417281051410,13/03/2026 09:55:12,1,0,IDR,Sudah dibayar,512125.0
20560,1730706107471922775,7616556417281051410,13/03/2026 09:49:56,1,0,IDR,Sudah dibayar,458150.0
12968,1730706088343078487,7616556417281051410,13/03/2026 09:49:19,1,0,IDR,Sudah dibayar,461125.0
32684,1730706088342816343,7515354673247702278,13/03/2026 09:41:03,1,0,IDR,Sudah dibayar,489175.0
48025,1730174772503021143,7616556417281051410,13/03/2026 09:24:09,1,0,IDR,Sudah dibayar,412853.5
11997,1731622765729842775,7616556417281051410,13/03/2026 09:21:13,1,0,IDR,Sudah dibayar,460275.0
85917,1730174743203972695,7494054609567125126,13/03/2026 08:56:25,1,0,IDR,Sudah dibayar,492575.0
93919,1731927306072000087,7615575155061918994,13/03/2026 08:38:36,1,0,IDR,Sudah dibayar,496012.39999999997
54243,1730868728727832151,7605320502902639890,13/03/2026 07:56:24,1,0,IDR,Sudah dibayar,456505.25
56645,1734439101179725399,7616465064572341000,13/03/2026 05:53:35,1,0,IDR,Sudah dibayar,434775.0
27210,1731927306072065623,7616465064572341000,13/03/2026 05:47:38,1,0,IDR,Sudah dibayar,426221.45
12724,1730706088343012951,7616465064572341000,13/03/2026 05:27:46,1,0,IDR,Sudah dibayar,460275.0
48887,1729677755464321623,7616465064572341000,13/03/2026 05:25:14,1,0,IDR,Sudah dibayar,284816.3
72923,1731927306071934551,7616465064572341000,13/03/2026 05:09:15,1,0,IDR,Sudah dibayar,398225.0
47079,1731927306072065623,7616465064572341000,13/03/2026 04:49:17,1,0,IDR,Sudah dibayar,427125.0
61648,1729677740302699095,7616465064572341000,13/03/2026 04:28:05,1,0,IDR,Sudah dibayar,307666.0
46180,1731927306072000087,7616465064572341000,13/03/2026 04:11:19,1,0,IDR,Sudah dibayar,415225.0
57501,1730706088342685271,7616465064572341000,13/03/2026 03:59:38,1,0,IDR,Sudah dibayar,461125.0
32424,1730706106318685783,7615050027060235527,13/03/2026 02:21:19,1,0,IDR,Sudah dibayar,480260.2
80181,1730706107472119383,7494054609567125126,13/03/2026 00:55:19,1,0,IDR,Sudah dibayar,464525.0
62906,1730706088342816343,7592751379437997319,13/03/2026 00:39:38,1,0,IDR,Sudah dibayar,512006.0
55435,1730174772503152215,7611999445282065682,13/03/2026 00:34:18,1,0,IDR,Sudah dibayar,464117.0
08721,1731927306071869015,7616373548124834567,13/03/2026 00:18:55,1,0,IDR,Sudah dibayar,444975.0
81754,1729677759600167511,7616373548124834567,13/03/2026 00:01:29,1,0,IDR,Sudah dibayar,284093.8
61161,1730174743203907159,7616373548124834567,12/03/2026 23:35:59,1,0,IDR,Sudah dibayar,425147.89999999997
26316,1730706088342816343,7616373548124834567,12/03/2026 23:21:06,1,0,IDR,Sudah dibayar,460275.0
64240,1729677755464321623,7614534240998313234,12/03/2026 23:13:47,1,0,IDR,Sudah dibayar,299098.0
83023,1729677755464518231,7616326470352407304,12/03/2026 22:24:43,1,0,IDR,Sudah dibayar,306275.39999999997
53932,1730706107471988311,7616373548124834567,12/03/2026 22:20:08,1,0,IDR,Sudah dibayar,459063.75
96120,1734439101179659863,7616373548124834567,12/03/2026 22:10:45,1,0,IDR,Sudah dibayar,434775.0
83071,1730174772819756631,7615951389072952082,12/03/2026 21:56:46,1,0,IDR,Sudah dibayar,427125.0
99651,1730793833131378263,7616373548124834567,12/03/2026 21:50:33,1,0,IDR,Sudah dibayar,304369.7
87490,1731418659331540355,7616373548124834567,12/03/2026 21:48:58,1,0,IDR,Sudah dibayar,150399.85
83696,1733871790680147044,7494054609567125126,12/03/2026 21:47:20,1,0,IDR,Sudah dibayar,111968.8
83696,1733871790680081508,7494054609567125126,12/03/2026 21:47:20,2,0,IDR,Sudah dibayar,223937.6
83696,1733871790680015972,7494054609567125126,12/03/2026 21:47:20,1,0,IDR,Sudah dibayar,111968.8
37015,1731927306072000087,7616326470352407304,12/03/2026 21:16:52,1,0,IDR,Sudah dibayar,438940.0
46187,1729677742104742487,7616326470352407304,12/03/2026 21:06:39,1,0,IDR,Sudah dibayar,377961.0
46142,1731927306072065623,7616326470352407304,12/03/2026 21:00:30,1,0,IDR,Sudah dibayar,426275.0
06839,1730706088342685271,7616326470352407304,12/03/2026 20:52:32,1,0,IDR,Sudah dibayar,455537.1
09170,1731622765730104919,7616326470352407304,12/03/2026 20:52:16,1,0,IDR,Sudah dibayar,497777.0
76914,1730706106318554711,7616326470352407304,12/03/2026 20:45:36,1,0,IDR,Sudah dibayar,426275.0
82087,1730706088342947415,7616326470352407304,12/03/2026 20:42:57,1,0,IDR,Sudah dibayar,456614.05
54116,1730706088342947415,7616326470352407304,12/03/2026 20:31:33,1,0,IDR,Sudah dibayar,460275.0
26148,1729725175196125783,7616326470352407304,12/03/2026 20:25:02,1,0,IDR,Sudah dibayar,596139.0
41154,1730706088342685271,7592751379437997319,12/03/2026 20:20:02,1,0,IDR,Sudah dibayar,493399.5
09317,1731927306071869015,7587851179850353938,12/03/2026 20:19:59,1,0,IDR,Sudah dibayar,426275.0
97978,1730706088342947415,7616326470352407304,12/03/2026 20:07:08,1,0,IDR,Sudah dibayar,494275.0
87869,1734439101179659863,7616326470352407304,12/03/2026 19:58:54,1,0,IDR,Sudah dibayar,435625.0
60838,1731622713472616023,7616326470352407304,12/03/2026 19:51:52,1,0,IDR,Sudah dibayar,460275.0
71601,1731927306071869015,7616326470352407304,12/03/2026 19:43:46,1,0,IDR,Sudah dibayar,392168.75
70672,1730706107471922775,7616326470352407304,12/03/2026 19:24:14,1,0,IDR,Sudah dibayar,458150.0
23827,1730174772503152215,7606433524207357191,12/03/2026 19:23:30,1,0,IDR,Sudah dibayar,468705.3
14712,1730706106318620247,7616326470352407304,12/03/2026 19:15:38,1,0,IDR,Sudah dibayar,408018.7
42277,1731927306072065623,7616326470352407304,12/03/2026 19:05:55,1,0,IDR,Sudah dibayar,426275.0
97056,1730706088342947415,7601604246714256647,12/03/2026 19:04:35,1,0,IDR,Sudah dibayar,528062.5
67597,1731927306072000087,7616326470352407304,12/03/2026 19:03:47,1,0,IDR,Sudah dibayar,427125.0
55104,1731927306072000087,7612761715675106578,12/03/2026 19:02:43,1,0,IDR,Sudah dibayar,468438.39999999997
64908,1734439101179659863,7616326470352407304,12/03/2026 18:59:10,1,0,IDR,Sudah dibayar,432650.0
75525,1729677746703338071,7616326470352407304,12/03/2026 18:55:59,1,0,IDR,Sudah dibayar,345960.2
56815,1731927306072131159,7616326470352407304,12/03/2026 18:35:22,1,0,IDR,Sudah dibayar,427125.0
12525,1731927306072000087,7616326470352407304,12/03/2026 18:35:21,1,0,IDR,Sudah dibayar,435174.5
23909,1734439101179790935,7494054609567125126,12/03/2026 18:20:05,1,0,IDR,Sudah dibayar,502775.0
01089,1731927306071672407,7616281645364038418,12/03/2026 18:14:11,1,0,IDR,Sudah dibayar,421059.39999999997
42508,1729677740302830167,7616281645364038418,12/03/2026 18:00:02,1,0,IDR,Sudah dibayar,301070.0
89309,1731927306072000087,7600847303582223634,12/03/2026 17:46:59,1,0,IDR,Sudah dibayar,494410.14999999997
09363,1730706107471988311,7616281645364038418,12/03/2026 17:31:31,1,0,IDR,Sudah dibayar,457300.0
00469,1729725175196322391,7616281645364038418,12/03/2026 17:30:47,1,0,IDR,Sudah dibayar,579190.0
21283,1731622713472943703,7616281645364038418,12/03/2026 17:05:15,1,0,IDR,Sudah dibayar,460275.0
04276,1731927306072065623,7616281645364038418,12/03/2026 16:46:14,1,0,IDR,Sudah dibayar,424513.8
00951,1730706106318685783,7613357737572863240,12/03/2026 16:37:33,1,0,IDR,Sudah dibayar,499917.3
12982,1731927306071934551,7616281645364038418,12/03/2026 16:37:01,1,0,IDR,Sudah dibayar,413950.0
74952,1729677742968769111,7616281645364038418,12/03/2026 16:23:51,1,0,IDR,Sudah dibayar,240142.0
09368,1729677758276012631,7616281645364038418,12/03/2026 16:15:05,1,0,IDR,Sudah dibayar,277902.39999999997
36468,1734439118025557591,7616281645364038418,12/03/2026 16:11:14,1,0,IDR,Sudah dibayar,431800.0
36430,1730706107472053847,7616181330434329352,12/03/2026 16:09:27,1,0,IDR,Sudah dibayar,461125.0
39874,1729677755464518231,7614784661096615175,12/03/2026 15:56:56,1,0,IDR,Sudah dibayar,346035.0
30340,1731418659331933571,7616281645364038418,12/03/2026 15:28:45,1,0,IDR,Sudah dibayar,135985.55
29458,1730651001345508951,7616251063821273863,12/03/2026 14:56:31,1,0,IDR,Sudah dibayar,413576.0
85422,1730706106318685783,7616251063821273863,12/03/2026 14:22:05,1,0,IDR,Sudah dibayar,460275.0
77429,1730706107471922775,7613123764238961415,12/03/2026 14:09:43,1,0,IDR,Sudah dibayar,569925.0
92626,1731927306071934551,7616251063821273863,12/03/2026 14:05:26,1,0,IDR,Sudah dibayar,392275.0
41643,1731927306072065623,7616251063821273863,12/03/2026 14:02:17,1,0,IDR,Sudah dibayar,444125.0
85921,1733814228964378199,7616251063821273863,12/03/2026 13:54:52,1,0,IDR,Sudah dibayar,426275.0
72807,1729677761805322839,7616229581590399762,12/03/2026 13:15:20,1,0,IDR,Sudah dibayar,286516.3
58037,1731622713472747095,7616229581590399762,12/03/2026 13:02:05,1,0,IDR,Sudah dibayar,470475.0
00798,1729677758327065175,7616229581590399762,12/03/2026 12:58:59,1,0,IDR,Sudah dibayar,275381.3
55643,1729677758276012631,7616229581590399762,12/03/2026 12:28:26,1,0,IDR,Sudah dibayar,286516.3
23914,1730806636781143639,7615998240647072530,12/03/2026 12:22:01,1,0,IDR,Sudah dibayar,312490.6
56609,1734439101179659863,7616181330434329352,12/03/2026 11:45:56,1,0,IDR,Sudah dibayar,447509.7
31839,1730706107471988311,7616181330434329352,12/03/2026 11:36:29,1,0,IDR,Sudah dibayar,495652.0
71998,1730706107471922775,7616181330434329352,12/03/2026 11:33:27,1,0,IDR,Sudah dibayar,460275.0
17856,1730706106318751319,7616181330434329352,12/03/2026 11:18:59,1,0,IDR,Sudah dibayar,463768.5
88883,1731927306072000087,7615575155061918994,12/03/2026 11:00:41,1,0,IDR,Sudah dibayar,494275.0
55747,1729768205592921687,7494054609567125126,12/03/2026 10:55:39,1,0,IDR,Sudah dibayar,333669.2
12017,1729677758276078167,7614326373764516615,12/03/2026 10:34:00,1,0,IDR,Sudah dibayar,304895.0
92127,1730174743203972695,7616181330434329352,12/03/2026 10:23:52,1,0,IDR,Sudah dibayar,413542.0
56534,1730174743203710551,7616181330434329352,12/03/2026 10:18:10,1,0,IDR,Sudah dibayar,391664.7
59421,1731927306072065623,7616181330434329352,12/03/2026 10:04:33,1,0,IDR,Sudah dibayar,426275.0
90442,1731927306071934551,7616181330434329352,12/03/2026 09:42:07,1,0,IDR,Sudah dibayar,426275.0
20194,1731927306072065623,7615575155061918994,12/03/2026 07:33:21,1,0,IDR,Sudah dibayar,484449.0
58260,1730706107471922775,7616093124209003282,12/03/2026 05:40:13,1,0,IDR,Sudah dibayar,449225.0
91280,1731927306072000087,7616093124209003282,12/03/2026 04:58:12,1,0,IDR,Sudah dibayar,426275.0
46435,1731622713472681559,7605130785363889426,12/03/2026 04:57:49,1,0,IDR,Sudah dibayar,474754.75
47695,1730706107471988311,7616093124209003282,12/03/2026 04:57:36,1,0,IDR,Sudah dibayar,457300.0
07215,1729677734992972375,7616093124209003282,12/03/2026 04:56:05,1,0,IDR,Sudah dibayar,381990.0
18317,1730706106318685783,7616093124209003282,12/03/2026 04:24:53,1,0,IDR,Sudah dibayar,450925.0
64410,1730174772819822167,7616093124209003282,12/03/2026 04:13:32,1,0,IDR,Sudah dibayar,427125.0
08422,1730174743203841623,7615213418093660946,12/03/2026 04:11:18,1,0,IDR,Sudah dibayar,410249.1
89344,1730706088342816343,7616093124209003282,12/03/2026 04:07:16,1,0,IDR,Sudah dibayar,460275.0
63504,1731927306072196695,7494054609567125126,12/03/2026 04:02:19,1,0,IDR,Sudah dibayar,402183.45
63504,1730706088343078487,7494054609567125126,12/03/2026 04:02:19,1,0,IDR,Sudah dibayar,429085.95
63504,1730174743203776087,7494054609567125126,12/03/2026 04:02:19,1,0,IDR,Sudah dibayar,402183.45
28593,1730651001345574487,7616093124209003282,12/03/2026 03:51:30,1,0,IDR,Sudah dibayar,416075.0
07592,1730868728727897687,7616044690723916551,12/03/2026 02:24:18,1,0,IDR,Sudah dibayar,460275.0
32660,1733706003728205261,7494054609567125126,12/03/2026 02:17:04,1,0,IDR,Sudah dibayar,129125.2
63493,1730174743203841623,7616044690723916551,12/03/2026 01:57:39,1,0,IDR,Sudah dibayar,426275.0
96313,1729677759600429655,7616044690723916551,12/03/2026 01:36:37,1,0,IDR,Sudah dibayar,271175.5
23511,1730174743204038231,7616044690723916551,12/03/2026 01:16:46,1,0,IDR,Sudah dibayar,423300.0
60987,1729677740302699095,7616044690723916551,12/03/2026 01:07:34,1,0,IDR,Sudah dibayar,307666.0
49648,1731927306072000087,7616044690723916551,12/03/2026 00:46:32,1,0,IDR,Sudah dibayar,417940.75
02487,1730793833131574871,7615998240647072530,11/03/2026 23:36:21,1,0,IDR,Sudah dibayar,297840.0
59811,1730706088342750807,7615998240647072530,11/03/2026 23:23:16,1,0,IDR,Sudah dibayar,423691.0
72035,1731927306072000087,7615998240647072530,11/03/2026 23:18:11,1,0,IDR,Sudah dibayar,427074.0
94989,1730706088343012951,7615998240647072530,11/03/2026 23:16:52,1,0,IDR,Sudah dibayar,460275.0
69811,1730651001345574487,7615998240647072530,11/03/2026 22:40:07,1,0,IDR,Sudah dibayar,412224.5
48108,1730706107472119383,7615998240647072530,11/03/2026 22:32:54,1,0,IDR,Sudah dibayar,461125.0
00429,1729677758327130711,7494054609567125126,11/03/2026 22:29:49,1,0,IDR,Sudah dibayar,281707.0
36222,1730651001345705559,7615998240647072530,11/03/2026 22:03:52,1,0,IDR,Sudah dibayar,415378.85
49140,1730174743203776087,7615998240647072530,11/03/2026 22:00:31,1,0,IDR,Sudah dibayar,426275.0
40096,1730706106318751319,7615722234162367240,11/03/2026 21:58:47,1,0,IDR,Sudah dibayar,544643.45
61703,1730706107471922775,7615998240647072530,11/03/2026 21:45:23,1,0,IDR,Sudah dibayar,461125.0
39316,1729677759600364119,7615998240647072530,11/03/2026 21:39:57,1,0,IDR,Sudah dibayar,279582.0
15489,1730706106318685783,7615998240647072530,11/03/2026 21:26:52,1,0,IDR,Sudah dibayar,460275.0
15387,1729677743140932183,7615951389072952082,11/03/2026 20:41:35,1,0,IDR,Sudah dibayar,460275.0
80007,1731308689765270915,7615951389072952082,11/03/2026 20:27:03,1,0,IDR,Sudah dibayar,458150.0
61104,1730706107471922775,7494054609567125126,11/03/2026 20:14:33,1,0,IDR,Sudah dibayar,448511.0
89437,1730121322703521155,7615951389072952082,11/03/2026 20:13:38,1,0,IDR,Sudah dibayar,211582.0
33033,1731927306071803479,7615626812496055048,11/03/2026 19:53:32,1,0,IDR,Sudah dibayar,426977.95
32393,1729677743140866647,7615951389072952082,11/03/2026 19:39:20,1,0,IDR,Sudah dibayar,294389.85
86503,1731622713472681559,7615872236915149586,11/03/2026 19:14:29,1,0,IDR,Sudah dibayar,468775.0
88794,1731927306071934551,7615951389072952082,11/03/2026 19:09:12,1,0,IDR,Sudah dibayar,422042.0
49271,1729677755464518231,7615951389072952082,11/03/2026 19:07:21,1,0,IDR,Sudah dibayar,281095.0
15010,1729677761805126231,7615951389072952082,11/03/2026 18:53:17,1,0,IDR,Sudah dibayar,279582.0
71141,1730706088342750807,7615951389072952082,11/03/2026 18:32:05,1,0,IDR,Sudah dibayar,461125.0
96185,1730651001345574487,7615951389072952082,11/03/2026 18:30:27,1,0,IDR,Sudah dibayar,392411.0
36969,1730174772819822167,7615951389072952082,11/03/2026 18:20:50,1,0,IDR,Sudah dibayar,421487.8
94796,1730868728727832151,7615951389072952082,11/03/2026 18:16:50,1,0,IDR,Sudah dibayar,460275.0
46428,1730706106318620247,7615915828651461384,11/03/2026 17:38:18,1,0,IDR,Sudah dibayar,455702.0
93543,1730706106318751319,7609374889253883154,11/03/2026 17:23:19,1,0,IDR,Sudah dibayar,485775.0
50579,1730706088343012951,7615915828651461384,11/03/2026 17:21:41,1,0,IDR,Sudah dibayar,460275.0
46953,1730174772503152215,7615915828651461384,11/03/2026 16:55:08,1,0,IDR,Sudah dibayar,412125.89999999997
77336,1730174743203841623,7615915828651461384,11/03/2026 16:52:23,1,0,IDR,Sudah dibayar,511232.5
02303,1729677755464649303,7615915828651461384,11/03/2026 16:42:01,1,0,IDR,Sudah dibayar,275389.8
44703,1729677742104808023,7615915828651461384,11/03/2026 16:32:50,1,0,IDR,Sudah dibayar,375275.0
68671,1731622713472616023,7603208044323474184,11/03/2026 16:28:46,1,0,IDR,Sudah dibayar,459212.5
68671,1730706088343012951,7603208044323474184,11/03/2026 16:28:46,1,0,IDR,Sudah dibayar,459212.5
45932,1730174772503217751,7615915828651461384,11/03/2026 16:07:12,1,0,IDR,Sudah dibayar,351781.0
73417,1729677755464518231,7615872236915149586,11/03/2026 14:55:02,1,0,IDR,Sudah dibayar,279922.0
90840,1730706088342750807,7615872236915149586,11/03/2026 14:48:38,1,0,IDR,Sudah dibayar,448511.0
87292,1730706088342947415,7615872236915149586,11/03/2026 14:47:28,1,0,IDR,Sudah dibayar,452761.0
69237,1729677743140997719,7608585066863693074,11/03/2026 14:13:40,1,0,IDR,Sudah dibayar,442906.95
01194,1730706088342881879,7615872236915149586,11/03/2026 14:01:36,1,0,IDR,Sudah dibayar,442969.0
77815,1730174772503152215,7615872236915149586,11/03/2026 13:59:33,1,0,IDR,Sudah dibayar,419781.0
57601,1730174772819887703,7615872236915149586,11/03/2026 13:41:56,1,0,IDR,Sudah dibayar,419781.0
69840,1729725175195994711,7593989597873408775,11/03/2026 13:37:14,1,0,IDR,Sudah dibayar,559111.2999999999
99698,1730706088342881879,7615872236915149586,11/03/2026 13:35:59,1,0,IDR,Sudah dibayar,438184.35
99698,1729677746703534679,7615872236915149586,11/03/2026 13:35:59,1,0,IDR,Sudah dibayar,369502.64999999997
07973,1730136911405942147,7615872236915149586,11/03/2026 13:00:38,1,0,IDR,Sudah dibayar,389716.5
76935,1730174743203841623,7615860625343777554,11/03/2026 12:42:17,1,0,IDR,Sudah dibayar,413185.85
70426,1730706088343012951,7615860625343777554,11/03/2026 12:27:27,1,0,IDR,Sudah dibayar,447661.0
74793,1730706088342881879,7615817474617527048,11/03/2026 12:06:53,1,0,IDR,Sudah dibayar,447661.0
80049,1730706088342750807,7615817474617527048,11/03/2026 11:59:54,1,0,IDR,Sudah dibayar,412086.8
03208,1730174743203907159,7615817474617527048,11/03/2026 11:48:04,1,0,IDR,Sudah dibayar,420631.0
54143,1731622713472747095,7615817474617527048,11/03/2026 11:30:59,1,0,IDR,Sudah dibayar,447661.0
46477,1729852765738076330,7494054609567125126,11/03/2026 11:30:47,1,0,IDR,Sudah dibayar,170565.25
72207,1729677759600560727,7615817474617527048,11/03/2026 10:53:12,1,0,IDR,Sudah dibayar,279582.0
95008,1729677734993103447,7615817474617527048,11/03/2026 10:53:00,1,0,IDR,Sudah dibayar,300152.0
21187,1730706106318685783,7609374889253883154,11/03/2026 10:47:12,1,0,IDR,Sudah dibayar,534199.5
34607,1729677734993103447,7615817474617527048,11/03/2026 10:38:48,1,0,IDR,Sudah dibayar,300152.0
24991,1731401493348320855,7606429151507041554,11/03/2026 10:20:30,1,0,IDR,Sudah dibayar,349519.14999999997
58792,1730706088342750807,7615673355258628871,11/03/2026 10:18:09,1,0,IDR,Sudah dibayar,448511.0
94538,1731927306072262231,7615817474617527048,11/03/2026 10:10:58,1,0,IDR,Sudah dibayar,387061.95
62356,1731622713472812631,7615817474617527048,11/03/2026 09:54:17,1,0,IDR,Sudah dibayar,444686.0
09496,1731622713472747095,7610298023435963656,11/03/2026 09:47:59,1,0,IDR,Sudah dibayar,444686.0
40530,1731298803850839427,7494054609567125126,11/03/2026 09:38:45,1,0,IDR,Sudah dibayar,190444.19999999998
46784,1731927306072131159,7615626812496055048,11/03/2026 06:40:15,1,0,IDR,Sudah dibayar,414981.05
81475,1730174743203776087,7615722234162367240,11/03/2026 06:08:41,1,0,IDR,Sudah dibayar,515100.0
27866,1730706088343078487,7494054609567125126,11/03/2026 06:06:04,1,0,IDR,Sudah dibayar,496382.14999999997
95716,1731927306072000087,7615722234162367240,11/03/2026 05:50:18,1,0,IDR,Sudah dibayar,415613.45
89416,1729677743140997719,7615722234162367240,11/03/2026 05:29:07,1,0,IDR,Sudah dibayar,369680.3
45970,1730174743204103767,7615722234162367240,11/03/2026 05:03:48,1,0,IDR,Sudah dibayar,420631.0
88104,1730706088342816343,7615722234162367240,11/03/2026 04:59:38,1,0,IDR,Sudah dibayar,436168.14999999997
94198,1730174743203972695,7615722234162367240,11/03/2026 04:57:36,1,0,IDR,Sudah dibayar,410405.5
51013,1730706088342816343,7615722234162367240,11/03/2026 04:56:57,1,0,IDR,Sudah dibayar,412086.8
60645,1731622713472681559,7615722234162367240,11/03/2026 04:56:22,1,0,IDR,Sudah dibayar,412086.8
81369,1731927306071869015,7615722234162367240,11/03/2026 04:51:32,1,0,IDR,Sudah dibayar,424031.0
73396,1730706088342881879,7615722234162367240,11/03/2026 04:38:51,1,0,IDR,Sudah dibayar,412086.8
49785,1731622713472747095,7615722234162367240,11/03/2026 04:27:28,1,0,IDR,Sudah dibayar,447661.0
17394,1730706106318751319,7494054609567125126,11/03/2026 04:15:52,1,0,IDR,Sudah dibayar,479771.45
81367,1730174743203710551,7615722234162367240,11/03/2026 04:15:19,1,0,IDR,Sudah dibayar,420605.5
59552,1730706088342816343,7615722234162367240,11/03/2026 04:14:38,1,0,IDR,Sudah dibayar,448511.0
80978,1731985653340407383,7494054609567125126,11/03/2026 04:11:47,1,0,IDR,Sudah dibayar,463930.0
10492,1730806636781012567,7615722234162367240,11/03/2026 04:10:51,1,0,IDR,Sudah dibayar,241944.0
40269,1730138502597019011,7615722234162367240,11/03/2026 03:27:30,1,0,IDR,Sudah dibayar,272765.0
91139,1730174772503348823,7615722234162367240,11/03/2026 03:22:23,1,0,IDR,Sudah dibayar,407276.64999999997
38496,1731401493348320855,7606033203224251666,11/03/2026 03:08:42,1,0,IDR,Sudah dibayar,382364.0
51493,1730706107471922775,7615673355258628871,11/03/2026 03:01:59,1,0,IDR,Sudah dibayar,502775.0
61831,1729677758276012631,7615673355258628871,11/03/2026 02:50:35,1,0,IDR,Sudah dibayar,282388.7
07231,1730706088343012951,7615673355258628871,11/03/2026 02:37:20,1,0,IDR,Sudah dibayar,434486.85
50521,1730174743204103767,7615673355258628871,11/03/2026 02:32:04,1,0,IDR,Sudah dibayar,420631.0
26949,1731927306072000087,7615673355258628871,11/03/2026 01:59:05,1,0,IDR,Sudah dibayar,415613.45
68893,1730868728727897687,7615673355258628871,11/03/2026 01:39:41,1,0,IDR,Sudah dibayar,444092.7
11248,1729677759600036439,7615673355258628871,11/03/2026 01:37:30,1,0,IDR,Sudah dibayar,223068.9
15642,1729677742105004631,7615673355258628871,11/03/2026 01:35:21,1,0,IDR,Sudah dibayar,355353.55
48027,1730706088343012951,7615673355258628871,11/03/2026 00:59:58,1,0,IDR,Sudah dibayar,447661.0
90118,1731927306072131159,7494054609567125126,11/03/2026 00:50:48,1,0,IDR,Sudah dibayar,485419.7
28564,1730706088343144023,7615673355258628871,11/03/2026 00:43:26,1,0,IDR,Sudah dibayar,448511.0
96094,1730706088342881879,7615673355258628871,11/03/2026 00:41:46,1,0,IDR,Sudah dibayar,447661.0
04100,1731927306072065623,7615673355258628871,11/03/2026 00:37:20,1,0,IDR,Sudah dibayar,408705.5
27233,1731622713472878167,7615673355258628871,11/03/2026 00:34:17,1,0,IDR,Sudah dibayar,426411.0
26758,1730706088343012951,7615673355258628871,11/03/2026 00:23:04,1,0,IDR,Sudah dibayar,447661.0
85563,1729677759600167511,7605434994855004946,11/03/2026 00:14:13,1,0,IDR,Sudah dibayar,222289.44999999998
85563,1729677759600101975,7605434994855004946,11/03/2026 00:14:13,1,0,IDR,Sudah dibayar,222290.3
85563,1729677758276143703,7614425264508521223,11/03/2026 00:14:13,1,0,IDR,Sudah dibayar,222096.5
85563,1729677755464452695,7614425264508521223,11/03/2026 00:14:13,1,0,IDR,Sudah dibayar,222094.8
85563,1729677755464387159,7614425264508521223,11/03/2026 00:14:13,1,0,IDR,Sudah dibayar,222095.65
85563,1729677755464256087,7614425264508521223,11/03/2026 00:14:13,1,0,IDR,Sudah dibayar,222095.65
86375,1731927306071934551,7615626812496055048,10/03/2026 23:36:55,1,0,IDR,Sudah dibayar,429131.0
80610,1731927306072065623,7615626812496055048,10/03/2026 23:33:13,1,0,IDR,Sudah dibayar,407276.64999999997
41220,1730706107471922775,7615626812496055048,10/03/2026 23:25:00,1,0,IDR,Sudah dibayar,458787.5
41220,1730706088342816343,7615626812496055048,10/03/2026 23:25:00,1,0,IDR,Sudah dibayar,458787.5
85594,1730706088342750807,7615626812496055048,10/03/2026 23:22:15,1,0,IDR,Sudah dibayar,447661.0
69080,1729677743140801111,7615626812496055048,10/03/2026 23:15:19,1,0,IDR,Sudah dibayar,452625.0
43892,1730651001345705559,7615119496202472200,10/03/2026 23:07:26,1,0,IDR,Sudah dibayar,482562.0
99183,1729677746703469143,7615626812496055048,10/03/2026 23:03:40,1,0,IDR,Sudah dibayar,376125.0
50557,1729677736927005271,7615626812496055048,10/03/2026 22:44:44,1,0,IDR,Sudah dibayar,398871.0
99230,1731622765730301527,7615626812496055048,10/03/2026 22:41:43,1,0,IDR,Sudah dibayar,448511.0
36500,1730706088343078487,7615626812496055048,10/03/2026 22:30:09,1,0,IDR,Sudah dibayar,412086.8
38428,1729677761805388375,7615626812496055048,10/03/2026 22:11:36,1,0,IDR,Sudah dibayar,282132.0
17059,1730706088342816343,7615626812496055048,10/03/2026 21:41:07,1,0,IDR,Sudah dibayar,437461.0
29385,1731927306072196695,7615626812496055048,10/03/2026 21:36:15,1,0,IDR,Sudah dibayar,411859.85
79803,1730706106318620247,7615626812496055048,10/03/2026 21:31:35,1,0,IDR,Sudah dibayar,440861.0
07843,1730174743203907159,7615626812496055048,10/03/2026 21:20:50,1,0,IDR,Sudah dibayar,420605.5
54485,1729677759600429655,7615626812496055048,10/03/2026 21:19:20,1,0,IDR,Sudah dibayar,279582.0
03740,1730706088342881879,7615626812496055048,10/03/2026 21:10:09,1,0,IDR,Sudah dibayar,447661.0
26374,1730706088342947415,7615591364352953096,10/03/2026 20:56:29,1,0,IDR,Sudah dibayar,447661.0
03713,1730706107471922775,7615591364352953096,10/03/2026 20:52:50,1,0,IDR,Sudah dibayar,436611.0
18176,1730174772820084311,7615591364352953096,10/03/2026 20:52:22,1,0,IDR,Sudah dibayar,419781.0
96490,1729677746703469143,7615591364352953096,10/03/2026 20:43:55,1,0,IDR,Sudah dibayar,391000.0
61167,1730174772503086679,7611131724982602514,10/03/2026 20:31:22,1,0,IDR,Sudah dibayar,489362.0
06975,1730706088342947415,7615591364352953096,10/03/2026 19:34:56,1,0,IDR,Sudah dibayar,434320.25
82757,1730174743203710551,7615591364352953096,10/03/2026 19:33:56,1,0,IDR,Sudah dibayar,419781.0
49271,1731927306071803479,7615591364352953096,10/03/2026 19:22:26,1,0,IDR,Sudah dibayar,417630.5
95292,1731927306072065623,7615591364352953096,10/03/2026 19:05:53,1,0,IDR,Sudah dibayar,418990.5
91822,1730706088342947415,7615591364352953096,10/03/2026 19:03:48,1,0,IDR,Sudah dibayar,442735.25
07333,1730706088342881879,7615591364352953096,10/03/2026 18:56:37,1,0,IDR,Sudah dibayar,447661.0
63762,1734439118025557591,7610757016801364744,10/03/2026 18:21:26,1,0,IDR,Sudah dibayar,466225.0
31932,1732293973126120935,7615536335805434631,10/03/2026 18:19:41,1,0,IDR,Sudah dibayar,153765.0
48056,1730706088342947415,7615536335805434631,10/03/2026 18:13:18,1,0,IDR,Sudah dibayar,448511.0
71321,1731622765730039383,7615536335805434631,10/03/2026 17:58:38,1,0,IDR,Sudah dibayar,461261.0
56907,1730706088342881879,7615536335805434631,10/03/2026 17:50:19,1,0,IDR,Sudah dibayar,434320.25
49347,1731927306072131159,7615536335805434631,10/03/2026 17:45:52,1,0,IDR,Sudah dibayar,410431.0
72356,1731401493348255319,7615536335805434631,10/03/2026 17:42:36,1,0,IDR,Sudah dibayar,340996.2
82887,1731927306071869015,7615536335805434631,10/03/2026 17:35:40,1,0,IDR,Sudah dibayar,419781.0
59614,1730706088342750807,7615536335805434631,10/03/2026 17:34:44,1,0,IDR,Sudah dibayar,437823.95
94930,1730706088342750807,7615536335805434631,10/03/2026 17:22:17,1,0,IDR,Sudah dibayar,438136.75
10236,1730706088342816343,7615536335805434631,10/03/2026 17:09:16,1,0,IDR,Sudah dibayar,442307.7
39740,1730706088342947415,7615536335805434631,10/03/2026 17:07:37,1,0,IDR,Sudah dibayar,447661.0
56181,1731927306071869015,7615536335805434631,10/03/2026 16:47:58,1,0,IDR,Sudah dibayar,438999.5
95338,1730706106318620247,7615536335805434631,10/03/2026 16:34:47,1,0,IDR,Sudah dibayar,445927.85
01223,1730706107471922775,7615536335805434631,10/03/2026 16:32:54,1,0,IDR,Sudah dibayar,447168.0
33154,1730174772503217751,7615536335805434631,10/03/2026 16:27:32,1,0,IDR,Sudah dibayar,419288.0
79565,1729677743140866647,7615536335805434631,10/03/2026 16:06:00,1,0,IDR,Sudah dibayar,294967.0
92900,1730706088342750807,7587515312812133640,10/03/2026 15:02:42,1,0,IDR,Sudah dibayar,528275.0
95667,1730706106318620247,7615488629737671431,10/03/2026 14:58:18,1,0,IDR,Sudah dibayar,461125.0
07835,1729561361792927319,7615488629737671431,10/03/2026 14:58:10,1,0,IDR,Sudah dibayar,380800.0
32255,1730706088342881879,7615488629737671431,10/03/2026 14:43:38,1,0,IDR,Sudah dibayar,416715.05
67887,1731927306072065623,7615488629737671431,10/03/2026 14:24:37,1,0,IDR,Sudah dibayar,419781.0
92163,1731927306072065623,7615488629737671431,10/03/2026 14:19:10,1,0,IDR,Sudah dibayar,426275.0
03568,1731301084519826652,7494054609567125126,10/03/2026 14:13:46,1,0,IDR,Sudah dibayar,31995.7
46992,1729677759600101975,7615488629737671431,10/03/2026 13:48:25,1,0,IDR,Sudah dibayar,279582.0
99273,1730174743204038231,7615488629737671431,10/03/2026 13:34:45,1,0,IDR,Sudah dibayar,427125.0
94047,1731622713472812631,7615488629737671431,10/03/2026 13:09:37,1,0,IDR,Sudah dibayar,435170.25
55010,1729677743140801111,7615488629737671431,10/03/2026 12:57:20,1,0,IDR,Sudah dibayar,363829.75
34307,1731927306072131159,7615488629737671431,10/03/2026 12:39:21,1,0,IDR,Sudah dibayar,419781.0
53485,1730706088343012951,7615488629737671431,10/03/2026 12:38:10,1,0,IDR,Sudah dibayar,447661.0
51291,1729677761804995159,7615488629737671431,10/03/2026 12:31:09,1,0,IDR,Sudah dibayar,284100.6
46770,1731927306072131159,7615488629737671431,10/03/2026 12:28:57,1,0,IDR,Sudah dibayar,386777.2
86227,1730706106318751319,7615442095263845127,10/03/2026 12:26:52,1,0,IDR,Sudah dibayar,444109.7
63609,1729677743140866647,7615488629737671431,10/03/2026 12:25:57,1,0,IDR,Sudah dibayar,375275.0
91842,1729677734993168983,7615488629737671431,10/03/2026 12:20:52,1,0,IDR,Sudah dibayar,300152.0
63730,1731927306072065623,7591462508284660999,10/03/2026 12:19:41,1,0,IDR,Sudah dibayar,420631.0
59092,1730706088342816343,7615442095263845127,10/03/2026 11:58:07,1,0,IDR,Sudah dibayar,448511.0
99477,1729677758326999639,7615260365677103879,10/03/2026 11:54:49,1,0,IDR,Sudah dibayar,239231.65
14547,1730706106318751319,7615442095263845127,10/03/2026 11:45:49,1,0,IDR,Sudah dibayar,447661.0
91854,1731927306071869015,7615442095263845127,10/03/2026 11:27:51,1,0,IDR,Sudah dibayar,386437.2
48104,1731927306071934551,7609298936339254535,10/03/2026 11:24:22,1,0,IDR,Sudah dibayar,416604.55
72521,1730706088342685271,7613490917894343954,10/03/2026 11:23:01,1,0,IDR,Sudah dibayar,441371.0
57711,1729561361792927319,7615442095263845127,10/03/2026 11:20:35,1,0,IDR,Sudah dibayar,378811.0
05085,1730706088342685271,7615442095263845127,10/03/2026 11:17:13,1,0,IDR,Sudah dibayar,412086.8
92559,1731622713472812631,7615442095263845127,10/03/2026 11:14:19,1,0,IDR,Sudah dibayar,448511.0
46050,1731927306072131159,7609298936339254535,10/03/2026 11:12:40,1,0,IDR,Sudah dibayar,420631.0
42200,1730174743203776087,7615442095263845127,10/03/2026 10:57:23,1,0,IDR,Sudah dibayar,419781.0
97028,1731927306072065623,7615442095263845127,10/03/2026 10:55:58,1,0,IDR,Sudah dibayar,419781.0
50589,1731927306072000087,7615442095263845127,10/03/2026 10:51:10,1,0,IDR,Sudah dibayar,437860.5
15586,1730174743204103767,7494054609567125126,10/03/2026 10:50:57,1,0,IDR,Sudah dibayar,415613.45
90652,1730706088343012951,7615442095263845127,10/03/2026 10:44:16,1,0,IDR,Sudah dibayar,448511.0
79061,1730793833131509335,7615442095263845127,10/03/2026 10:10:49,1,0,IDR,Sudah dibayar,332435.0
63440,1731622713472812631,7615442095263845127,10/03/2026 10:07:44,1,0,IDR,Sudah dibayar,437410.0
41241,1730706106318751319,7615442095263845127,10/03/2026 10:04:55,1,0,IDR,Sudah dibayar,447661.0
12363,1729677758326868567,7615442095263845127,10/03/2026 10:04:14,1,0,IDR,Sudah dibayar,286516.3
31728,1730651001345771095,7615442095263845127,10/03/2026 09:07:35,1,0,IDR,Sudah dibayar,420631.0
64389,1731985620630734423,7615119496202472200,10/03/2026 08:04:16,1,0,IDR,Sudah dibayar,442170.0
17337,1730706088342816343,7615350888256899848,10/03/2026 07:35:56,1,0,IDR,Sudah dibayar,477275.0
43418,1730706106318685783,7494054609567125126,10/03/2026 06:06:08,1,0,IDR,Sudah dibayar,481525.0
70486,1730706106318751319,7615350888256899848,10/03/2026 05:45:00,1,0,IDR,Sudah dibayar,481525.0
36931,1729677746703534679,7615350888256899848,10/03/2026 05:40:53,1,0,IDR,Sudah dibayar,430525.0
98001,1730853483547034773,7494054609567125126,10/03/2026 05:34:14,1,0,IDR,Sudah dibayar,112892.75
13074,1731418659331540355,7615350888256899848,10/03/2026 05:14:17,1,0,IDR,Sudah dibayar,131831.6
30301,1729677758276078167,7615350888256899848,10/03/2026 05:10:41,1,0,IDR,Sudah dibayar,286473.8
99242,1730706088342947415,7615350888256899848,10/03/2026 04:59:33,1,0,IDR,Sudah dibayar,447661.0
24524,1729677742105070167,7615350888256899848,10/03/2026 04:54:38,1,0,IDR,Sudah dibayar,377961.0
44518,1731967978191029635,7615350888256899848,10/03/2026 04:51:26,1,0,IDR,Sudah dibayar,477597.14999999997
15192,1731927306072196695,7615260365677103879,10/03/2026 04:45:29,1,0,IDR,Sudah dibayar,415548.0
21573,1730174772502890071,7615070657008782087,10/03/2026 04:29:14,1,0,IDR,Sudah dibayar,414698.0
93295,1730706088343144023,7615350888256899848,10/03/2026 04:15:17,1,0,IDR,Sudah dibayar,447661.0
11941,1730174743203972695,7615350888256899848,10/03/2026 04:13:15,1,0,IDR,Sudah dibayar,447525.0
56795,1731927306072065623,7615350888256899848,10/03/2026 04:10:36,1,0,IDR,Sudah dibayar,419681.55
32581,1730174772503021143,7612455290323160327,10/03/2026 04:00:59,1,0,IDR,Sudah dibayar,426275.0
68192,1730706088342947415,7615350888256899848,10/03/2026 03:52:02,1,0,IDR,Sudah dibayar,447661.0
58841,1729561361793189463,7615307182589872903,10/03/2026 03:37:36,1,0,IDR,Sudah dibayar,377961.0
20618,1729677758275947095,7615307182589872903,10/03/2026 02:53:29,1,0,IDR,Sudah dibayar,286516.3
56885,1730706107472119383,7615307182589872903,10/03/2026 02:43:03,1,0,IDR,Sudah dibayar,445867.5
08511,1731927306071672407,7615307182589872903,10/03/2026 02:24:53,1,0,IDR,Sudah dibayar,419024.5
08931,1731401493348320855,7615307182589872903,10/03/2026 02:22:20,1,0,IDR,Sudah dibayar,338851.64999999997
52887,1730706088343144023,7615307182589872903,10/03/2026 02:11:18,1,0,IDR,Sudah dibayar,412086.8
91223,1731927306072065623,7615307182589872903,10/03/2026 02:09:00,1,0,IDR,Sudah dibayar,419781.0
79507,1731418659332064643,7615307182589872903,10/03/2026 02:00:03,1,0,IDR,Sudah dibayar,132646.75
62343,1730706088342816343,7615307182589872903,10/03/2026 01:20:20,1,0,IDR,Sudah dibayar,412086.8
91612,1734439118025623127,7615307182589872903,10/03/2026 01:13:59,1,0,IDR,Sudah dibayar,426751.0
90422,1730706107471988311,7615307182589872903,10/03/2026 01:06:57,1,0,IDR,Sudah dibayar,441705.05
10186,1731985620630734423,7615307182589872903,10/03/2026 01:02:31,1,0,IDR,Sudah dibayar,443088.0
66053,1731927306072065623,7615307182589872903,10/03/2026 00:59:54,1,0,IDR,Sudah dibayar,419781.0
06189,1730706088342947415,7615307182589872903,10/03/2026 00:57:09,1,0,IDR,Sudah dibayar,448511.0
13386,1730706088342750807,7615260365677103879,10/03/2026 00:24:32,1,0,IDR,Sudah dibayar,445536.0
69275,1731927306071869015,7614425264508521223,10/03/2026 00:06:22,1,0,IDR,Sudah dibayar,395029.0
14282,1729677761805322839,7494054609567125126,09/03/2026 22:48:39,1,0,IDR,Sudah dibayar,340000.0
67244,1730651001345771095,7615260365677103879,09/03/2026 22:16:52,1,0,IDR,Sudah dibayar,419679.0
34894,1730706088343144023,7592751379437997319,09/03/2026 22:14:16,1,0,IDR,Sudah dibayar,480614.64999999997
51865,1731927306071934551,7615260365677103879,09/03/2026 22:00:19,1,0,IDR,Sudah dibayar,471546.0
75911,1729677743140997719,7494054609567125126,09/03/2026 21:57:51,1,0,IDR,Sudah dibayar,365041.0
46989,1731927306072065623,7615260365677103879,09/03/2026 21:47:30,1,0,IDR,Sudah dibayar,405348.0
32028,1731418659331999107,7615260365677103879,09/03/2026 21:45:42,1,0,IDR,Sudah dibayar,135985.55
01093,1730174743204038231,7615260365677103879,09/03/2026 21:35:32,1,0,IDR,Sudah dibayar,408705.5
81345,1730706107471922775,7610183252741197064,09/03/2026 21:33:10,1,0,IDR,Sudah dibayar,447661.0
25308,1731927306072196695,7615213418093660946,09/03/2026 21:11:41,1,0,IDR,Sudah dibayar,420631.0
51467,1729725175196125783,7615213418093660946,09/03/2026 21:11:18,1,0,IDR,Sudah dibayar,611811.2999999999
04111,1730706106318751319,7615213418093660946,09/03/2026 20:59:24,1,0,IDR,Sudah dibayar,481525.0
29248,1731927306072131159,7615213418093660946,09/03/2026 20:57:12,1,0,IDR,Sudah dibayar,419781.0
93427,1730706106318554711,7615213418093660946,09/03/2026 20:38:22,1,0,IDR,Sudah dibayar,459986.0
68196,1730651001345836631,7615213418093660946,09/03/2026 20:36:09,1,0,IDR,Sudah dibayar,419781.0
60936,1731927306072131159,7615213418093660946,09/03/2026 20:21:29,1,0,IDR,Sudah dibayar,417656.0
30621,1731927306071869015,7615213418093660946,09/03/2026 20:20:43,1,0,IDR,Sudah dibayar,408126.64999999997
54619,1729706772144883287,7615213418093660946,09/03/2026 20:08:07,1,0,IDR,Sudah dibayar,559111.2999999999
04286,1731927306072196695,7615166793472707336,09/03/2026 20:00:02,1,0,IDR,Sudah dibayar,467381.0
40440,1731927306072000087,7615213418093660946,09/03/2026 19:58:13,1,0,IDR,Sudah dibayar,428951.64999999997
27114,1734439118025754199,7615213418093660946,09/03/2026 19:53:50,1,0,IDR,Sudah dibayar,418287.55
17598,1729677758275881559,7615213418093660946,09/03/2026 19:46:21,1,0,IDR,Sudah dibayar,348546.75
96895,1731622765730170455,7494054609567125126,09/03/2026 19:44:12,1,0,IDR,Sudah dibayar,448511.0
73989,1730706088343012951,7615213418093660946,09/03/2026 19:39:08,1,0,IDR,Sudah dibayar,444686.0
64787,1731927306072000087,7615213418093660946,09/03/2026 19:32:52,1,0,IDR,Sudah dibayar,408126.64999999997
77282,1731927306072065623,7615213418093660946,09/03/2026 19:31:47,1,0,IDR,Sudah dibayar,419781.0
89520,1730706088342816343,7615213418093660946,09/03/2026 19:30:56,1,0,IDR,Sudah dibayar,444686.0
89542,1729677746703403607,7615213418093660946,09/03/2026 19:21:38,1,0,IDR,Sudah dibayar,372472.55
31002,1730868728727897687,7615213418093660946,09/03/2026 19:18:51,1,0,IDR,Sudah dibayar,447661.0
66193,1730706106318554711,7615213418093660946,09/03/2026 19:15:30,1,0,IDR,Sudah dibayar,447661.0
95940,1730651001345574487,7615213418093660946,09/03/2026 19:12:05,1,0,IDR,Sudah dibayar,419781.0
12698,1730706088343078487,7615213418093660946,09/03/2026 18:51:14,1,0,IDR,Sudah dibayar,403192.39999999997
49983,1729677742968769111,7615213418093660946,09/03/2026 18:49:37,1,0,IDR,Sudah dibayar,315401.0
22649,1730706088342947415,7615213418093660946,09/03/2026 18:49:08,1,0,IDR,Sudah dibayar,448511.0
66139,1729677755464583767,7615213418093660946,09/03/2026 18:45:52,1,0,IDR,Sudah dibayar,305386.3
20637,1730651001345705559,7615166793472707336,09/03/2026 18:44:08,1,0,IDR,Sudah dibayar,385781.0
67699,1729725175196191319,7615213418093660946,09/03/2026 18:30:21,1,0,IDR,Sudah dibayar,559111.2999999999
19465,1731401465609487959,7615213418093660946,09/03/2026 18:20:02,1,0,IDR,Sudah dibayar,418755.05
19226,1734439101179594327,7611999445282065682,09/03/2026 18:15:18,1,0,IDR,Sudah dibayar,502775.0
17558,1731622713472943703,7614061831522421522,09/03/2026 17:55:49,1,0,IDR,Sudah dibayar,481100.0
48582,1731927306072065623,7615197378580187911,09/03/2026 17:37:51,1,0,IDR,Sudah dibayar,405756.0
28956,1729725175196518999,7615197378580187911,09/03/2026 17:30:15,1,0,IDR,Sudah dibayar,542427.5
08199,1729503971825715349,7494054609567125126,09/03/2026 17:08:55,1,0,IDR,Sudah dibayar,158516.5
29803,1730651001345443415,7615166793472707336,09/03/2026 16:45:14,1,0,IDR,Sudah dibayar,418104.8
38697,1730651001345508951,7615166793472707336,09/03/2026 16:41:09,1,0,IDR,Sudah dibayar,410431.0
89665,1732260610428798025,7494054609567125126,09/03/2026 16:32:10,1,0,IDR,Sudah dibayar,13322.9
13269,1729677743141194327,7615166793472707336,09/03/2026 15:28:50,1,0,IDR,Sudah dibayar,385611.0
52671,1731927306072131159,7610896814522911496,09/03/2026 15:28:06,1,0,IDR,Sudah dibayar,448247.5
10122,1731622765730235991,7615119496202472200,09/03/2026 15:15:17,1,0,IDR,Sudah dibayar,443394.0
90738,1729677758275947095,7614978478764542738,09/03/2026 15:14:59,1,0,IDR,Sudah dibayar,313054.14999999997
89094,1729561361937434199,7494054609567125126,09/03/2026 14:29:25,1,0,IDR,Sudah dibayar,386993.95
86985,1730706088342816343,7609440914808884498,09/03/2026 14:27:51,1,0,IDR,Sudah dibayar,472124.0
62059,1729677755464518231,7615119496202472200,09/03/2026 14:25:13,1,0,IDR,Sudah dibayar,286516.3
52971,1731418659331933571,7615119496202472200,09/03/2026 14:15:33,1,0,IDR,Sudah dibayar,134639.15
31301,1731016355289269416,7614326373764516615,09/03/2026 14:09:59,1,0,IDR,Sudah dibayar,18020.0
87875,1729677746703469143,7615119496202472200,09/03/2026 14:00:33,1,0,IDR,Sudah dibayar,365041.0
03226,1729677759600364119,7615119496202472200,09/03/2026 13:58:20,1,0,IDR,Sudah dibayar,217216.65
37328,1731927306071934551,7494054609567125126,09/03/2026 13:46:57,1,0,IDR,Sudah dibayar,407517.2
78548,1730174743203907159,7615119496202472200,09/03/2026 13:37:02,1,0,IDR,Sudah dibayar,370004.14999999997
39931,1729706772144948823,7494054609567125126,09/03/2026 13:28:18,1,0,IDR,Sudah dibayar,619964.5
61437,1730651001345574487,7615119496202472200,09/03/2026 13:14:25,1,0,IDR,Sudah dibayar,414698.0
98463,1729677743859862103,7615119496202472200,09/03/2026 13:08:49,1,0,IDR,Sudah dibayar,257433.55
18700,1730174772502890071,7615119496202472200,09/03/2026 13:06:59,1,0,IDR,Sudah dibayar,403196.64999999997
93757,1731401465609619031,7606033203224251666,09/03/2026 13:02:20,1,0,IDR,Sudah dibayar,385526.0
58519,1729561361792927319,7599168168468253959,09/03/2026 12:48:08,1,0,IDR,Sudah dibayar,397375.0
92453,1730174772503021143,7615119496202472200,09/03/2026 12:46:25,1,0,IDR,Sudah dibayar,414698.0
87657,1729677761805257303,7615070657008782087,09/03/2026 12:28:46,1,0,IDR,Sudah dibayar,277902.39999999997
77659,1730174743203710551,7615070657008782087,09/03/2026 12:05:29,1,0,IDR,Sudah dibayar,411723.0
52699,1730651001345508951,7614425264508521223,09/03/2026 12:02:49,2,0,IDR,Sudah dibayar,790694.65
52699,1729677742105201239,7614425264508521223,09/03/2026 12:02:49,1,0,IDR,Sudah dibayar,355680.8
52699,1729677742105135703,7614425264508521223,09/03/2026 12:02:49,1,0,IDR,Sudah dibayar,355680.8
81815,1731622713473009239,7615070657008782087,09/03/2026 12:01:55,1,0,IDR,Sudah dibayar,410516.85
50662,1730706106318620247,7615070657008782087,09/03/2026 11:59:39,1,0,IDR,Sudah dibayar,400101.8
82752,1730121730617738627,7615070657008782087,09/03/2026 11:43:27,1,0,IDR,Sudah dibayar,379027.75
57357,1730806636781209175,7601985587653905682,09/03/2026 11:40:27,1,0,IDR,Sudah dibayar,297075.0
85283,1730174743203972695,7615070657008782087,09/03/2026 11:33:45,1,0,IDR,Sudah dibayar,415548.0
69536,1730706088342881879,7615070657008782087,09/03/2026 11:29:23,1,0,IDR,Sudah dibayar,506410.45
19224,1730806636781078103,7611356441324833543,09/03/2026 11:26:47,1,0,IDR,Sudah dibayar,279476.6
01321,1731927306071803479,7609907208024804626,09/03/2026 11:13:23,1,0,IDR,Sudah dibayar,419781.0
22138,1731079464714732931,7615070657008782087,09/03/2026 10:56:21,1,0,IDR,Sudah dibayar,415474.05
29610,1730174772819691095,7615070657008782087,09/03/2026 10:35:29,1,0,IDR,Sudah dibayar,414698.0
22687,1730174772819756631,7602166482587503880,09/03/2026 10:19:32,1,0,IDR,Sudah dibayar,419781.0
79628,1731927306071934551,7595548829437824274,09/03/2026 10:16:23,1,0,IDR,Sudah dibayar,420631.0
86793,1729677743140932183,7615070657008782087,09/03/2026 10:10:07,1,0,IDR,Sudah dibayar,298625.39999999997
98154,1731401493348320855,7615070657008782087,09/03/2026 09:51:28,1,0,IDR,Sudah dibayar,335014.75
10601,1730174772503152215,7494054609567125126,09/03/2026 09:45:13,1,0,IDR,Sudah dibayar,420631.0
97296,1730706106318620247,7615070657008782087,09/03/2026 09:35:08,1,0,IDR,Sudah dibayar,431188.0
41574,1730706088343012951,7615070657008782087,09/03/2026 09:19:16,1,0,IDR,Sudah dibayar,442238.0
05017,1729677747184437847,7610403712481217800,09/03/2026 08:50:01,1,0,IDR,Sudah dibayar,391892.5
06859,1731927306072065623,7604565689063476498,09/03/2026 06:36:53,1,0,IDR,Sudah dibayar,467007.0
53323,1730793833131443799,7614978478764542738,09/03/2026 06:14:07,1,0,IDR,Sudah dibayar,332384.0
86865,1731927306072196695,7614978478764542738,09/03/2026 05:54:13,1,0,IDR,Sudah dibayar,414698.0
87892,1733814149077042775,7614978478764542738,09/03/2026 05:45:03,1,0,IDR,Sudah dibayar,414698.0
76997,1729706772144752215,7614978478764542738,09/03/2026 05:25:26,1,0,IDR,Sudah dibayar,536698.5
71911,1730174772819953239,7614978478764542738,09/03/2026 05:23:25,1,0,IDR,Sudah dibayar,414698.0
53434,1730706088342947415,7614978478764542738,09/03/2026 05:03:33,1,0,IDR,Sudah dibayar,423799.8
17215,1731927306072000087,7614978478764542738,09/03/2026 05:00:10,1,0,IDR,Sudah dibayar,480802.5
33889,1729677743140932183,7614745066636856071,09/03/2026 04:59:09,1,0,IDR,Sudah dibayar,416075.0
85864,1729677743140932183,7614978478764542738,09/03/2026 04:50:07,1,0,IDR,Sudah dibayar,413894.75
66068,1730706107471922775,7614978478764542738,09/03/2026 04:48:03,1,0,IDR,Sudah dibayar,436815.0
79343,1729677755464518231,7614978478764542738,09/03/2026 04:46:59,1,0,IDR,Sudah dibayar,277372.0
21017,1729706772145014359,7614978478764542738,09/03/2026 04:45:04,1,0,IDR,Sudah dibayar,552329.15
47254,1731622713473009239,7614978478764542738,09/03/2026 04:44:00,1,0,IDR,Sudah dibayar,377489.25
74125,1730706088342947415,7614978478764542738,09/03/2026 04:17:21,1,0,IDR,Sudah dibayar,449299.8
41245,1730174772819822167,7614978478764542738,09/03/2026 04:11:17,1,0,IDR,Sudah dibayar,413280.2
77931,1730706088342881879,7614978478764542738,09/03/2026 03:55:33,1,0,IDR,Sudah dibayar,436815.0
13304,1731927306071737943,7614978478764542738,09/03/2026 03:39:34,1,0,IDR,Sudah dibayar,414698.0
55559,1729677758276143703,7614978478764542738,09/03/2026 03:38:51,1,0,IDR,Sudah dibayar,276164.14999999997
31912,1734439101179397719,7614978478764542738,09/03/2026 03:37:13,1,0,IDR,Sudah dibayar,498525.0
36684,1731927306072065623,7614978478764542738,09/03/2026 03:35:23,1,0,IDR,Sudah dibayar,401324.95
69945,1731927306072065623,7614978478764542738,09/03/2026 03:33:51,1,0,IDR,Sudah dibayar,415548.0
32366,1730174743203841623,7614978478764542738,09/03/2026 03:32:37,1,0,IDR,Sudah dibayar,412573.0
72396,1730706088342750807,7614978478764542738,09/03/2026 03:31:50,1,0,IDR,Sudah dibayar,436815.0
58960,1731927306072000087,7614978478764542738,09/03/2026 03:29:21,1,0,IDR,Sudah dibayar,414698.0
72805,1730174772503152215,7614929799177620242,09/03/2026 02:55:32,1,0,IDR,Sudah dibayar,414698.0
87936,1731927306072065623,7614929799177620242,09/03/2026 02:54:21,1,0,IDR,Sudah dibayar,397698.0
19531,1731927306072196695,7614929799177620242,09/03/2026 02:42:56,1,0,IDR,Sudah dibayar,414698.0
90894,1730868728727766615,7614929799177620242,09/03/2026 02:42:34,1,0,IDR,Sudah dibayar,457386.7
90894,1729677743140801111,7614929799177620242,09/03/2026 02:42:34,1,0,IDR,Sudah dibayar,422475.5
90478,1729677734993300055,7614326373764516615,09/03/2026 02:14:17,1,0,IDR,Sudah dibayar,313650.0
40089,1729677743140801111,7614929799177620242,09/03/2026 01:58:51,1,0,IDR,Sudah dibayar,363957.25
56574,1730706106318685783,7599142073886936328,09/03/2026 01:57:16,1,0,IDR,Sudah dibayar,508540.55
34222,1729677734993168983,7614929799177620242,09/03/2026 01:52:53,1,0,IDR,Sudah dibayar,332350.0
40688,1731418659331540355,7614929799177620242,09/03/2026 00:41:51,1,0,IDR,Sudah dibayar,132690.1
64184,1730174743203841623,7614832785395584263,09/03/2026 00:39:50,1,0,IDR,Sudah dibayar,458575.0
71978,1730706107471922775,7614929799177620242,09/03/2026 00:21:35,1,0,IDR,Sudah dibayar,433840.0
01945,1730174743203907159,7494054609567125126,08/03/2026 21:32:37,1,0,IDR,Sudah dibayar,470611.0
38587,1731927306071803479,7494054609567125126,08/03/2026 20:52:01,1,0,IDR,Sudah dibayar,467031.64999999997
32337,1730651001345836631,7614842857040136981,08/03/2026 20:40:17,1,0,IDR,Sudah dibayar,468719.75
76304,1730706107472053847,7603025547601448200,08/03/2026 19:59:22,1,0,IDR,Sudah dibayar,496383.0
05572,1730706106318685783,7614842857040136981,08/03/2026 19:38:42,1,0,IDR,Sudah dibayar,436815.0
87185,1729677755464452695,7614842857040136981,08/03/2026 19:21:03,1,0,IDR,Sudah dibayar,279582.0
98935,1730706107471988311,7614842857040136981,08/03/2026 19:20:43,1,0,IDR,Sudah dibayar,436815.0
93144,1730706107471922775,7611591492776626962,08/03/2026 19:19:36,1,0,IDR,Sudah dibayar,512125.0
69999,1730706106318685783,7614842857040136981,08/03/2026 18:57:40,1,0,IDR,Sudah dibayar,436815.0
47506,1730706106318685783,7614842857040136981,08/03/2026 18:51:42,1,0,IDR,Sudah dibayar,392611.6
83483,1730706088342816343,7614842857040136981,08/03/2026 18:51:32,1,0,IDR,Sudah dibayar,437597.0
01890,1730174743203579479,7614842857040136981,08/03/2026 18:45:33,1,0,IDR,Sudah dibayar,446845.0
53998,1730706107471922775,7614842857040136981,08/03/2026 18:41:38,1,0,IDR,Sudah dibayar,436815.0
31319,1732072010571482696,7614792207366638356,08/03/2026 17:19:30,1,0,IDR,Sudah dibayar,45186.85
50913,1730706106318751319,7614792207366638356,08/03/2026 17:17:46,1,0,IDR,Sudah dibayar,491045.0
86698,1729677743859862103,7614792207366638356,08/03/2026 17:13:37,1,0,IDR,Sudah dibayar,254163.6
99366,1731927306071803479,7614792207366638356,08/03/2026 16:48:01,1,0,IDR,Sudah dibayar,460445.0
75302,1730868728727832151,7614792207366638356,08/03/2026 16:41:00,1,0,IDR,Sudah dibayar,438311.0
46068,1731927306072262231,7614745066636856071,08/03/2026 16:32:47,1,0,IDR,Sudah dibayar,408126.64999999997
15525,1731985620630734423,7614792207366638356,08/03/2026 16:31:15,1,0,IDR,Sudah dibayar,448511.0
22368,1730706088342947415,7592751379437997319,08/03/2026 16:23:03,1,0,IDR,Sudah dibayar,447635.5
14674,1731927306072065623,7614792207366638356,08/03/2026 16:21:18,1,0,IDR,Sudah dibayar,455481.0
75105,1731927306072262231,7609907208024804626,08/03/2026 16:18:14,1,0,IDR,Sudah dibayar,413986.55
40149,1730651001345640023,7614792207366638356,08/03/2026 16:08:28,1,0,IDR,Sudah dibayar,407276.64999999997
56358,1729677758327196247,7592751379437997319,08/03/2026 16:07:59,1,0,IDR,Sudah dibayar,359384.25
71911,1730651001345508951,7614792207366638356,08/03/2026 15:59:45,1,0,IDR,Sudah dibayar,400820.05
40221,1730706088342816343,7614792207366638356,08/03/2026 15:54:13,1,0,IDR,Sudah dibayar,447661.0
26285,1734439118025557591,7614792207366638356,08/03/2026 15:42:05,1,0,IDR,Sudah dibayar,426751.0
89069,1730706107471988311,7614792207366638356,08/03/2026 15:38:27,1,0,IDR,Sudah dibayar,447661.0
37756,1730706088342750807,7614792207366638356,08/03/2026 15:34:09,1,0,IDR,Sudah dibayar,434320.25
16843,1733814097185506903,7614792207366638356,08/03/2026 15:25:06,1,0,IDR,Sudah dibayar,448511.0
38540,1730174772819822167,7614792207366638356,08/03/2026 15:18:38,1,0,IDR,Sudah dibayar,420631.0
69994,1731622713472550487,7494054609567125126,08/03/2026 15:05:35,1,0,IDR,Sudah dibayar,447661.0
65530,1731622713472878167,7494054609567125126,08/03/2026 15:04:59,1,0,IDR,Sudah dibayar,447610.0
61170,1730706106318751319,7614745066636856071,08/03/2026 14:54:58,1,0,IDR,Sudah dibayar,447661.0
91154,1730706088342750807,7614745066636856071,08/03/2026 14:45:25,1,0,IDR,Sudah dibayar,447661.0
80940,1730706107471922775,7614782053497703189,08/03/2026 14:42:21,1,0,IDR,Sudah dibayar,541161.0
55742,1730174772502955607,7614782053497703189,08/03/2026 14:41:03,1,0,IDR,Sudah dibayar,420631.0
90022,1730806636780947031,7614782053497703189,08/03/2026 14:38:11,1,0,IDR,Sudah dibayar,268261.7
22439,1730174772503217751,7614782053497703189,08/03/2026 14:33:27,1,0,IDR,Sudah dibayar,416806.0
85382,1731927306072196695,7614745066636856071,08/03/2026 14:29:21,1,0,IDR,Sudah dibayar,424796.0
39740,1729677743140997719,7494054609567125126,08/03/2026 14:26:12,1,0,IDR,Sudah dibayar,384761.0
94542,1730651001345771095,7494054609567125126,08/03/2026 14:11:21,1,0,IDR,Sudah dibayar,406606.0
95990,1730706106318620247,7614745066636856071,08/03/2026 14:05:18,1,0,IDR,Sudah dibayar,429811.0
02537,1730174743203972695,7614745066636856071,08/03/2026 13:55:06,1,0,IDR,Sudah dibayar,419781.0
96130,1730706088342881879,7614745066636856071,08/03/2026 13:28:42,1,0,IDR,Sudah dibayar,448511.0
54253,1731401465609619031,7601599412686572807,08/03/2026 13:07:07,1,0,IDR,Sudah dibayar,482375.0
11217,1731418659332064643,7614745066636856071,08/03/2026 13:04:20,1,0,IDR,Sudah dibayar,139923.6
04691,1730706106318685783,7614698394522733319,08/03/2026 10:33:51,1,0,IDR,Sudah dibayar,436815.0
96067,1730706107471988311,7614425264508521223,08/03/2026 10:19:35,1,0,IDR,Sudah dibayar,501075.0
30770,1729677746703403607,7494054609567125126,08/03/2026 06:53:58,1,0,IDR,Sudah dibayar,444945.25
95995,1729677758327130711,7614609528568367879,08/03/2026 06:20:54,1,0,IDR,Sudah dibayar,302493.75
46966,1730706088342685271,7614609528568367879,08/03/2026 05:00:51,1,0,IDR,Sudah dibayar,368815.0
26772,1729677755464452695,7614609528568367879,08/03/2026 05:00:40,1,0,IDR,Sudah dibayar,271847.0
95733,1731927306072065623,7614609528568367879,08/03/2026 04:40:43,1,0,IDR,Sudah dibayar,469625.0
82666,1730706088342816343,7614609528568367879,08/03/2026 04:20:04,1,0,IDR,Sudah dibayar,423799.8
88625,1730706088342881879,7614609528568367879,08/03/2026 04:11:12,1,0,IDR,Sudah dibayar,436815.0
44140,1730706088342947415,7614609528568367879,08/03/2026 04:04:04,1,0,IDR,Sudah dibayar,420824.8
56840,1733814102157788759,7614609528568367879,08/03/2026 03:47:41,1,0,IDR,Sudah dibayar,437639.5
04374,1731622765730301527,7614609528568367879,08/03/2026 03:40:51,1,0,IDR,Sudah dibayar,415565.0
02983,1730706088342881879,7613447947119905544,08/03/2026 03:24:35,1,0,IDR,Sudah dibayar,498100.0
12763,1731418659332064643,7614561491434015495,08/03/2026 02:34:37,1,0,IDR,Sudah dibayar,132690.1
15943,1730706107471922775,7614561491434015495,08/03/2026 02:13:40,1,0,IDR,Sudah dibayar,402815.0
04388,1731927306072196695,7600847303582223634,08/03/2026 02:01:18,1,0,IDR,Sudah dibayar,455401.1
44621,1730706106318751319,7614561491434015495,08/03/2026 01:17:19,1,0,IDR,Sudah dibayar,428545.35
53230,1730706107471922775,7614561491434015495,08/03/2026 00:57:21,1,0,IDR,Sudah dibayar,436815.0
85247,1730706107472053847,7614561491434015495,08/03/2026 00:33:18,1,0,IDR,Sudah dibayar,428044.7
25355,1731927306071869015,7614513165699615496,07/03/2026 21:31:00,1,0,IDR,Sudah dibayar,467075.0
27172,1730651001345508951,7494054609567125126,07/03/2026 20:24:27,1,0,IDR,Sudah dibayar,469625.0
90271,1729677758276078167,7607910530862337288,07/03/2026 19:17:45,1,0,IDR,Sudah dibayar,235807.0
01002,1731418659331933571,7612290468797369095,07/03/2026 18:21:00,1,0,IDR,Sudah dibayar,140986.1
01685,1729677761805322839,7614425264508521223,07/03/2026 17:39:35,1,0,IDR,Sudah dibayar,331393.75
17296,1729677743140932183,7614425264508521223,07/03/2026 17:20:51,1,0,IDR,Sudah dibayar,408340.0
64564,1729725175196322391,7614425264508521223,07/03/2026 15:54:46,1,0,IDR,Sudah dibayar,676591.5
49456,1730706088342947415,7614425264508521223,07/03/2026 15:53:17,1,0,IDR,Sudah dibayar,475427.1
35948,1730706088342881879,7614378640372992775,07/03/2026 15:00:56,1,0,IDR,Sudah dibayar,481049.0
12179,1731927306072131159,7614378640372992775,07/03/2026 14:56:28,1,0,IDR,Sudah dibayar,407277.5
76714,1730706088342947415,7614378640372992775,07/03/2026 14:47:46,1,0,IDR,Sudah dibayar,448511.0
09429,1730706088342947415,7494054609567125126,07/03/2026 14:43:19,1,0,IDR,Sudah dibayar,447661.0
06382,1730706106318685783,7599142073886936328,07/03/2026 14:38:58,1,0,IDR,Sudah dibayar,447661.0
80433,1730174772819560023,7602166482587503880,07/03/2026 14:34:58,1,0,IDR,Sudah dibayar,420605.5
10721,1730174772503021143,7614378640372992775,07/03/2026 14:30:57,1,0,IDR,Sudah dibayar,403581.7
16826,1731927306072000087,7614378640372992775,07/03/2026 14:23:42,1,0,IDR,Sudah dibayar,416806.0
49580,1734439118025688663,7614378640372992775,07/03/2026 14:12:06,1,0,IDR,Sudah dibayar,415701.0
49770,1731927306072196695,7494054609567125126,07/03/2026 14:00:47,1,0,IDR,Sudah dibayar,420631.0
35942,1731927306071869015,7614048219068124423,07/03/2026 13:56:02,1,0,IDR,Sudah dibayar,421906.0
51879,1729677758275947095,7494054609567125126,07/03/2026 13:53:43,1,0,IDR,Sudah dibayar,286516.3
61715,1731927306071869015,7614378640372992775,07/03/2026 13:50:59,1,0,IDR,Sudah dibayar,408731.0
88731,1730174743203972695,7614378640372992775,07/03/2026 13:46:00,1,0,IDR,Sudah dibayar,432446.0
22525,1730706088342816343,7614378640372992775,07/03/2026 13:27:11,1,0,IDR,Sudah dibayar,447635.5
20461,1730706088342750807,7614378640372992775,07/03/2026 13:25:40,1,0,IDR,Sudah dibayar,436611.0
76762,1731927306071934551,7614378640372992775,07/03/2026 13:00:50,1,0,IDR,Sudah dibayar,458858.05
87642,1730174743203841623,7614378640372992775,07/03/2026 12:34:19,1,0,IDR,Sudah dibayar,420631.0
70729,1730706088342947415,7592751379437997319,07/03/2026 12:05:40,1,0,IDR,Sudah dibayar,474725.0
93812,1730706088343012951,7494054609567125126,07/03/2026 11:32:20,1,0,IDR,Sudah dibayar,535925.0
85002,1730706088342750807,7592751379437997319,07/03/2026 10:48:15,1,0,IDR,Sudah dibayar,511826.64999999997
72114,1730174772503217751,7599608216993025288,07/03/2026 10:26:34,1,0,IDR,Sudah dibayar,468775.0
21237,1730706106318751319,7614326373764516615,07/03/2026 10:25:49,1,0,IDR,Sudah dibayar,432961.95
67019,1730706088342947415,7614326373764516615,07/03/2026 09:56:34,1,0,IDR,Sudah dibayar,502715.5
69180,1730706106318554711,7614326373764516615,07/03/2026 09:47:12,1,0,IDR,Sudah dibayar,462795.25
02546,1731401493348255319,7606429151507041554,07/03/2026 07:51:50,1,0,IDR,Sudah dibayar,374152.14999999997
73185,1730706107471988311,7609374889253883154,07/03/2026 06:40:44,1,0,IDR,Sudah dibayar,528275.0
76117,1729677742105266775,7614238130183670546,07/03/2026 06:00:20,1,0,IDR,Sudah dibayar,400826.0
97975,1730706088342947415,7614238130183670546,07/03/2026 05:47:08,1,0,IDR,Sudah dibayar,451105.2
74063,1732026520651924562,7614238130183670546,07/03/2026 05:19:02,1,0,IDR,Sudah dibayar,73027.75
51307,1731927306072131159,7614238130183670546,07/03/2026 05:11:29,1,0,IDR,Sudah dibayar,371008.0
52265,1731622765730170455,7614238130183670546,07/03/2026 05:02:55,1,0,IDR,Sudah dibayar,474776.0
50977,1730706088342947415,7614238130183670546,07/03/2026 04:41:06,1,0,IDR,Sudah dibayar,437665.0
62417,1734439101179594327,7614238130183670546,07/03/2026 04:33:31,1,0,IDR,Sudah dibayar,452591.0
61892,1729677755464518231,7609440172182146312,07/03/2026 04:24:46,1,0,IDR,Sudah dibayar,297626.64999999997
28881,1729677743140801111,7614238130183670546,07/03/2026 04:10:18,1,0,IDR,Sudah dibayar,414715.0
83044,1731079464714667395,7614238130183670546,07/03/2026 04:09:50,1,0,IDR,Sudah dibayar,410706.39999999997
46708,1730706106318554711,7614238130183670546,07/03/2026 04:02:36,1,0,IDR,Sudah dibayar,437665.0
32887,1731308725958116739,7614238130183670546,07/03/2026 03:52:00,1,0,IDR,Sudah dibayar,421396.0
90601,1730651001345640023,7494054609567125126,07/03/2026 01:05:33,1,0,IDR,Sudah dibayar,457725.0
05682,1730706107471922775,7494054609567125126,06/03/2026 23:57:48,1,0,IDR,Sudah dibayar,461720.0
05682,1730706106318751319,7494054609567125126,06/03/2026 23:57:48,1,0,IDR,Sudah dibayar,461720.0
05682,1730706106318685783,7494054609567125126,06/03/2026 23:57:48,1,0,IDR,Sudah dibayar,461720.0
05682,1730706106318620247,7494054609567125126,06/03/2026 23:57:48,1,0,IDR,Sudah dibayar,461720.0
05682,1730706106318554711,7494054609567125126,06/03/2026 23:57:48,1,0,IDR,Sudah dibayar,461720.0
40434,1730706107472053847,7494054609567125126,06/03/2026 23:55:57,1,0,IDR,Sudah dibayar,461720.0
40434,1730706107471988311,7494054609567125126,06/03/2026 23:55:57,1,0,IDR,Sudah dibayar,461720.0
40434,1730706107471922775,7494054609567125126,06/03/2026 23:55:57,1,0,IDR,Sudah dibayar,461720.0
40434,1730706106318751319,7494054609567125126,06/03/2026 23:55:57,1,0,IDR,Sudah dibayar,461720.0
40434,1730706106318685783,7494054609567125126,06/03/2026 23:55:57,1,0,IDR,Sudah dibayar,461720.0
35329,1731927306072065623,7614146064774056711,06/03/2026 23:53:20,1,0,IDR,Sudah dibayar,448630.0
93341,1731622713472747095,7614146064774056711,06/03/2026 23:49:41,1,0,IDR,Sudah dibayar,463930.0
28588,1731622713473009239,7614146064774056711,06/03/2026 23:49:19,1,0,IDR,Sudah dibayar,431663.14999999997
94175,1732026520651662418,7614146064774056711,06/03/2026 23:46:11,1,0,IDR,Sudah dibayar,68957.95
10365,1730706088342881879,7494054609567125126,06/03/2026 23:26:44,1,0,IDR,Sudah dibayar,461730.2
10365,1730706088342816343,7494054609567125126,06/03/2026 23:26:44,1,0,IDR,Sudah dibayar,461729.35
10365,1730706088342750807,7494054609567125126,06/03/2026 23:26:44,1,0,IDR,Sudah dibayar,461730.2
10365,1730706088342685271,7494054609567125126,06/03/2026 23:26:44,1,0,IDR,Sudah dibayar,461729.35
10365,1730650983638926935,7494054609567125126,06/03/2026 23:26:44,1,0,IDR,Sudah dibayar,432780.89999999997
46353,1734439101179528791,7614146064774056711,06/03/2026 23:26:28,1,0,IDR,Sudah dibayar,439280.0
43133,1730174743203907159,7494054609567125126,06/03/2026 23:24:09,1,0,IDR,Sudah dibayar,433046.95
26948,1731308689765205379,7614146064774056711,06/03/2026 22:43:38,1,0,IDR,Sudah dibayar,522784.0
94976,1731308725957920131,7614146064774056711,06/03/2026 22:40:38,1,0,IDR,Sudah dibayar,467584.14999999997
37845,1730706088342816343,7494054609567125126,06/03/2026 22:36:13,1,0,IDR,Sudah dibayar,461822.85
37845,1730174772819887703,7494054609567125126,06/03/2026 22:36:13,1,0,IDR,Sudah dibayar,432869.3
37845,1730174772502824535,7494054609567125126,06/03/2026 22:36:13,1,0,IDR,Sudah dibayar,432869.3
37845,1729677746703403607,7494054609567125126,06/03/2026 22:36:13,1,0,IDR,Sudah dibayar,389436.85
37845,1729677740302961239,7494054609567125126,06/03/2026 22:36:13,1,0,IDR,Sudah dibayar,317051.7
17269,1731622713472812631,7494054609567125126,06/03/2026 22:31:48,1,0,IDR,Sudah dibayar,461739.55
17269,1730706088343012951,7494054609567125126,06/03/2026 22:31:48,1,0,IDR,Sudah dibayar,461740.39999999997
17269,1730706088342816343,7494054609567125126,06/03/2026 22:31:48,1,0,IDR,Sudah dibayar,461739.55
17269,1730651001345574487,7494054609567125126,06/03/2026 22:31:48,1,0,IDR,Sudah dibayar,432790.25
17269,1730651001345508951,7494054609567125126,06/03/2026 22:31:48,1,0,IDR,Sudah dibayar,432790.25
08509,1731308725957985667,7614146064774056711,06/03/2026 21:58:54,1,0,IDR,Sudah dibayar,468569.3
78711,1731927306072131159,7614146064774056711,06/03/2026 21:45:57,1,0,IDR,Sudah dibayar,435030.0
55769,1730121322703717763,7614146064774056711,06/03/2026 21:30:29,1,0,IDR,Sudah dibayar,300020.25
45246,1730706088342816343,7614146064774056711,06/03/2026 21:24:31,1,0,IDR,Sudah dibayar,463930.0
23107,1730706088342881879,7614146064774056711,06/03/2026 21:22:47,1,0,IDR,Sudah dibayar,463930.0
99956,1731985620630734423,7614146064774056711,06/03/2026 21:19:18,1,0,IDR,Sudah dibayar,463930.0
63319,1731927306072131159,7614100814558153479,06/03/2026 21:00:17,1,0,IDR,Sudah dibayar,432414.55
35700,1730706107471922775,7614100814558153479,06/03/2026 20:55:11,1,0,IDR,Sudah dibayar,464780.0
51881,1731079477655340419,7614100814558153479,06/03/2026 20:47:14,1,0,IDR,Sudah dibayar,423179.3
02142,1734439101179528791,7614100814558153479,06/03/2026 20:38:25,1,0,IDR,Sudah dibayar,442255.0
99569,1731418673451468163,7614100814558153479,06/03/2026 20:18:27,1,0,IDR,Sudah dibayar,144224.6
37240,1730706088342816343,7614100814558153479,06/03/2026 19:31:57,1,0,IDR,Sudah dibayar,463930.0
85909,1731079464715060611,7614100814558153479,06/03/2026 19:22:09,1,0,IDR,Sudah dibayar,423262.6
45424,1731622765730301527,7614100814558153479,06/03/2026 19:15:27,1,0,IDR,Sudah dibayar,461613.75
45424,1730706088342947415,7614100814558153479,06/03/2026 19:15:27,1,0,IDR,Sudah dibayar,461613.75
45424,1730174772819822167,7614100814558153479,06/03/2026 19:15:27,1,0,IDR,Sudah dibayar,432672.95
45424,1730174772503152215,7614100814558153479,06/03/2026 19:15:27,1,0,IDR,Sudah dibayar,432672.95
45424,1729677759600233047,7614100814558153479,06/03/2026 19:15:27,1,0,IDR,Sudah dibayar,295129.35
49672,1729677734993365591,7614100814558153479,06/03/2026 19:13:08,1,0,IDR,Sudah dibayar,318847.75
99664,1731622713472812631,7494054609567125126,06/03/2026 19:12:36,2,0,IDR,Sudah dibayar,924885.0
36560,1730706088343012951,7494054609567125126,06/03/2026 19:10:26,1,0,IDR,Sudah dibayar,461606.95
36560,1730706088342816343,7494054609567125126,06/03/2026 19:10:26,1,0,IDR,Sudah dibayar,461607.8
36560,1730651001345640023,7494054609567125126,06/03/2026 19:10:26,1,0,IDR,Sudah dibayar,432666.14999999997
36560,1730651001345508951,7494054609567125126,06/03/2026 19:10:26,1,0,IDR,Sudah dibayar,432666.14999999997
36560,1729677740302895703,7494054609567125126,06/03/2026 19:10:26,1,0,IDR,Sudah dibayar,316902.95
28912,1730706107471988311,7494054609567125126,06/03/2026 19:06:07,2,0,IDR,Sudah dibayar,861622.9
28912,1730706107471922775,7494054609567125126,06/03/2026 19:06:07,2,0,IDR,Sudah dibayar,861622.9
28912,1729677758275816023,7494054609567125126,06/03/2026 19:06:07,1,0,IDR,Sudah dibayar,275435.7
98709,1730706107471922775,7494054609567125126,06/03/2026 18:58:26,3,0,IDR,Sudah dibayar,1367332.0999999999
98709,1730706106318751319,7494054609567125126,06/03/2026 18:58:26,1,0,IDR,Sudah dibayar,455776.8
98709,1730706106318685783,7494054609567125126,06/03/2026 18:58:26,1,0,IDR,Sudah dibayar,455776.8
58869,1730174743203907159,7494054609567125126,06/03/2026 18:55:46,3,0,IDR,Sudah dibayar,1259575.05
58869,1730174743203710551,7494054609567125126,06/03/2026 18:55:46,2,0,IDR,Sudah dibayar,839716.7
60884,1731079464715912579,7614100814558153479,06/03/2026 18:48:54,1,0,IDR,Sudah dibayar,421903.45
50189,1730651001345574487,7614100814558153479,06/03/2026 18:48:51,1,0,IDR,Sudah dibayar,435030.0
38278,1730706088342881879,7614100814558153479,06/03/2026 18:46:58,1,0,IDR,Sudah dibayar,459876.35
50809,1731308689765467523,7614100814558153479,06/03/2026 18:45:40,1,0,IDR,Sudah dibayar,434690.0
12896,1730706088343012951,7614100814558153479,06/03/2026 18:41:38,1,0,IDR,Sudah dibayar,437665.0
36592,1730706088342947415,7612566419108023058,06/03/2026 18:40:46,1,0,IDR,Sudah dibayar,552075.0
80704,1729677740302830167,7614100814558153479,06/03/2026 18:31:32,1,0,IDR,Sudah dibayar,318801.0
51097,1729677761805126231,7614100814558153479,06/03/2026 18:26:59,1,0,IDR,Sudah dibayar,294707.75
56273,1731418673451468163,7614100814558153479,06/03/2026 18:26:57,1,0,IDR,Sudah dibayar,164007.5
05032,1730706088342947415,7614061831522421522,06/03/2026 18:16:16,1,0,IDR,Sudah dibayar,428162.0
47752,1730706088343012951,7614061831522421522,06/03/2026 18:08:44,1,0,IDR,Sudah dibayar,431913.89999999997
23200,1731308725958116739,7614061831522421522,06/03/2026 17:52:10,1,0,IDR,Sudah dibayar,472861.8
85446,1731308689765401987,7614061831522421522,06/03/2026 17:35:58,1,0,IDR,Sudah dibayar,522799.3
41231,1733832644722525645,7614061831522421522,06/03/2026 17:32:04,1,0,IDR,Sudah dibayar,102319.59999999999
47172,1731927306072131159,7614061831522421522,06/03/2026 17:30:45,1,0,IDR,Sudah dibayar,512125.0
94789,1731927306071869015,7600847303582223634,06/03/2026 17:14:48,1,0,IDR,Sudah dibayar,479536.0
80839,1729677755464583767,7614061831522421522,06/03/2026 17:12:57,1,0,IDR,Sudah dibayar,306595.0
03260,1731308725957985667,7614061831522421522,06/03/2026 16:41:19,1,0,IDR,Sudah dibayar,468569.3
63545,1731079464715847043,7614061831522421522,06/03/2026 16:37:41,1,0,IDR,Sudah dibayar,428194.3
77197,1731927306071869015,7614061831522421522,06/03/2026 16:35:18,1,0,IDR,Sudah dibayar,451129.0
93705,1730706106318751319,7614061831522421522,06/03/2026 16:23:04,1,0,IDR,Sudah dibayar,441459.39999999997
69061,1731639374272234883,7494054609567125126,06/03/2026 15:56:46,1,0,IDR,Sudah dibayar,506085.75
01606,1731622765730235991,7614013488281389842,06/03/2026 15:39:38,1,0,IDR,Sudah dibayar,453730.0
40177,1731079464714732931,7494054609567125126,06/03/2026 15:16:25,1,0,IDR,Sudah dibayar,434429.05
86974,1729706772144817751,7609298660454583560,06/03/2026 15:01:27,1,0,IDR,Sudah dibayar,664190.0
61613,1731622713472616023,7614013488281389842,06/03/2026 14:50:23,1,0,IDR,Sudah dibayar,463930.0
80339,1729438565128636586,7614013488281389842,06/03/2026 14:48:10,1,0,IDR,Sudah dibayar,161874.0
93280,1730706088342750807,7614013488281389842,06/03/2026 14:48:08,1,0,IDR,Sudah dibayar,464780.0
05773,1729677759600233047,7614013488281389842,06/03/2026 14:24:26,1,0,IDR,Sudah dibayar,332350.0
62388,1731079464714470787,7614013488281389842,06/03/2026 14:23:25,1,0,IDR,Sudah dibayar,469523.85
97759,1731927306072131159,7614013488281389842,06/03/2026 14:16:22,1,0,IDR,Sudah dibayar,468775.0
17234,1734450177787528579,7614013488281389842,06/03/2026 14:16:09,1,0,IDR,Sudah dibayar,1887000.0
45533,1731622765730301527,7494054609567125126,06/03/2026 14:05:15,1,0,IDR,Sudah dibayar,461990.3
45533,1730651001345640023,7494054609567125126,06/03/2026 14:05:15,1,0,IDR,Sudah dibayar,433024.85
45533,1730174772503152215,7494054609567125126,06/03/2026 14:05:15,1,0,IDR,Sudah dibayar,433024.85
23624,1729852765738010794,7494054609567125126,06/03/2026 13:48:15,1,0,IDR,Sudah dibayar,186980.44999999998
05735,1731927306072131159,7614013488281389842,06/03/2026 13:20:28,1,0,IDR,Sudah dibayar,469625.0
89281,1729677755464583767,7609440172182146312,06/03/2026 13:10:26,1,0,IDR,Sudah dibayar,332014.25
01239,1731308689765467523,7613029068609686280,06/03/2026 13:08:54,1,0,IDR,Sudah dibayar,480795.7
11371,1731622713472812631,7494054609567125126,06/03/2026 12:55:15,1,0,IDR,Sudah dibayar,442325.55
11371,1730706107471988311,7494054609567125126,06/03/2026 12:55:15,1,0,IDR,Sudah dibayar,442323.85
11371,1730706088342947415,7494054609567125126,06/03/2026 12:55:15,1,0,IDR,Sudah dibayar,442324.7
11371,1730174772819822167,7494054609567125126,06/03/2026 12:55:15,1,0,IDR,Sudah dibayar,407427.1
11371,1729677759600233047,7494054609567125126,06/03/2026 12:55:15,1,0,IDR,Sudah dibayar,285555.8
07954,1730706107471922775,7494054609567125126,06/03/2026 12:47:29,1,0,IDR,Sudah dibayar,462442.5
07954,1730706106318685783,7494054609567125126,06/03/2026 12:47:29,1,0,IDR,Sudah dibayar,462442.5
53906,1730706107471922775,7494054609567125126,06/03/2026 12:46:04,3,0,IDR,Sudah dibayar,1381590.0
82173,1731401493348320855,7494054609567125126,06/03/2026 12:36:50,1,0,IDR,Sudah dibayar,332781.8
82173,1730651001345836631,7494054609567125126,06/03/2026 12:36:50,1,0,IDR,Sudah dibayar,400941.6
82173,1730174772819953239,7494054609567125126,06/03/2026 12:36:50,1,0,IDR,Sudah dibayar,400941.6
82173,1730174772502824535,7494054609567125126,06/03/2026 12:36:50,1,0,IDR,Sudah dibayar,400942.45
82173,1730174743203710551,7494054609567125126,06/03/2026 12:36:50,1,0,IDR,Sudah dibayar,400942.45
84168,1730174772502758999,7601822363541409031,06/03/2026 12:19:08,1,0,IDR,Sudah dibayar,469625.0
60696,1729677755464649303,7494054609567125126,06/03/2026 12:18:06,1,0,IDR,Sudah dibayar,220065.0
84360,1729677761804995159,7603027420936949010,06/03/2026 12:10:52,1,0,IDR,Sudah dibayar,331032.5
63936,1732075606830188104,7613401505672350472,06/03/2026 12:01:24,1,0,IDR,Sudah dibayar,45264.2
88401,1731079464715978115,7613955144661420808,06/03/2026 11:57:52,1,0,IDR,Sudah dibayar,467925.0
78426,1729677743141063255,7613955144661420808,06/03/2026 11:54:17,1,0,IDR,Sudah dibayar,377961.0
61872,1731401465609619031,7606033025037634834,06/03/2026 11:47:50,1,0,IDR,Sudah dibayar,388388.8
47287,1731622713472878167,7613955144661420808,06/03/2026 11:25:00,1,0,IDR,Sudah dibayar,447661.0
88323,1730174743203841623,7613955144661420808,06/03/2026 10:53:50,1,0,IDR,Sudah dibayar,396907.5
86326,1730706107471988311,7613955144661420808,06/03/2026 10:30:32,1,0,IDR,Sudah dibayar,450211.0
26861,1731079464715388291,7613955144661420808,06/03/2026 10:21:04,1,0,IDR,Sudah dibayar,413024.35
46941,1731308725958116739,7613955144661420808,06/03/2026 10:04:25,1,0,IDR,Sudah dibayar,479515.6
17849,1731639374272234883,7613955144661420808,06/03/2026 10:03:00,1,0,IDR,Sudah dibayar,441131.3
98071,1729677755464518231,7613955144661420808,06/03/2026 09:45:56,1,0,IDR,Sudah dibayar,275059.14999999997
70205,1730706088342881879,7613955144661420808,06/03/2026 09:32:30,1,0,IDR,Sudah dibayar,438184.35
70205,1729677743140866647,7613955144661420808,06/03/2026 09:32:30,1,0,IDR,Sudah dibayar,369502.64999999997
95773,1730174772503086679,7494054609567125126,06/03/2026 09:30:36,1,0,IDR,Sudah dibayar,420223.85
95773,1729677746703403607,7494054609567125126,06/03/2026 09:30:36,1,0,IDR,Sudah dibayar,378060.45
95773,1729677740302699095,7494054609567125126,06/03/2026 09:30:36,1,0,IDR,Sudah dibayar,307789.25
50317,1731079477655471491,7613955144661420808,06/03/2026 09:17:47,1,0,IDR,Sudah dibayar,419084.0
86355,1729677758275816023,7613955144661420808,06/03/2026 09:14:46,1,0,IDR,Sudah dibayar,285741.1
86355,1729677740302895703,7613955144661420808,06/03/2026 09:14:46,1,0,IDR,Sudah dibayar,306826.2
91987,1730706088342947415,7494054609567125126,06/03/2026 09:13:07,1,0,IDR,Sudah dibayar,458043.75
91987,1730706088342881879,7494054609567125126,06/03/2026 09:13:07,1,0,IDR,Sudah dibayar,458043.75
91987,1730706088342816343,7494054609567125126,06/03/2026 09:13:07,1,0,IDR,Sudah dibayar,458043.75
91987,1730706088342685271,7494054609567125126,06/03/2026 09:13:07,1,0,IDR,Sudah dibayar,458043.75
82939,1729677761805060695,7605434994855004946,06/03/2026 09:10:54,1,0,IDR,Sudah dibayar,259560.25
01323,1729677734993037911,7611555733788461832,06/03/2026 09:10:41,1,0,IDR,Sudah dibayar,307581.85
19423,1730706088342947415,7613490917894343954,06/03/2026 08:24:47,1,0,IDR,Sudah dibayar,447552.2
18110,1730651001345574487,7608281959575472903,06/03/2026 08:23:13,1,0,IDR,Sudah dibayar,419395.1
64686,1730706088342816343,7592751379437997319,06/03/2026 08:02:11,1,0,IDR,Sudah dibayar,448511.0
06322,1732072010571482696,7613868050630806279,06/03/2026 05:52:28,1,0,IDR,Sudah dibayar,40095.35
92431,1730706088342750807,7494054609567125126,06/03/2026 05:50:30,1,0,IDR,Sudah dibayar,481981.45
87196,1730868728727701079,7613868050630806279,06/03/2026 05:37:47,1,0,IDR,Sudah dibayar,461703.85
94389,1730868728728028759,7494054609567125126,06/03/2026 05:37:18,1,0,IDR,Sudah dibayar,442878.89999999997
94389,1730706088342947415,7494054609567125126,06/03/2026 05:37:18,1,0,IDR,Sudah dibayar,442876.35
94389,1730174743204038231,7494054609567125126,06/03/2026 05:37:18,1,0,IDR,Sudah dibayar,415111.95
94389,1729677742105070167,7494054609567125126,06/03/2026 05:37:18,1,0,IDR,Sudah dibayar,373461.1
26162,1730706088342750807,7613868050630806279,06/03/2026 05:36:56,1,0,IDR,Sudah dibayar,467950.5
46933,1731927306071934551,7494054609567125126,06/03/2026 05:30:21,1,0,IDR,Sudah dibayar,412201.55
46933,1729677758327196247,7494054609567125126,06/03/2026 05:30:21,1,0,IDR,Sudah dibayar,281165.55
46933,1729677758326999639,7494054609567125126,06/03/2026 05:30:21,1,0,IDR,Sudah dibayar,281166.39999999997
46933,1729677758275816023,7494054609567125126,06/03/2026 05:30:21,1,0,IDR,Sudah dibayar,281166.39999999997
71804,1731079464714667395,7613868050630806279,06/03/2026 05:29:36,1,0,IDR,Sudah dibayar,448325.7
16753,1730651001345771095,7613868050630806279,06/03/2026 05:28:54,1,0,IDR,Sudah dibayar,463896.0
82551,1731079464716174723,7613868050630806279,06/03/2026 05:08:37,1,0,IDR,Sudah dibayar,448901.14999999997
48150,1731308725958051203,7613868050630806279,06/03/2026 04:56:53,1,0,IDR,Sudah dibayar,479524.1
84329,1730706088342750807,7613868050630806279,06/03/2026 04:52:40,1,0,IDR,Sudah dibayar,464681.39999999997
97776,1731639374272497027,7613868050630806279,06/03/2026 04:47:52,1,0,IDR,Sudah dibayar,480382.6
27346,1730706088342750807,7494054609567125126,06/03/2026 04:03:26,1,0,IDR,Sudah dibayar,449845.5
27346,1730651001345836631,7494054609567125126,06/03/2026 04:03:26,1,0,IDR,Sudah dibayar,421643.35
27346,1730651001345771095,7494054609567125126,06/03/2026 04:03:26,2,0,IDR,Sudah dibayar,843284.15
53170,1730706088343078487,7494054609567125126,06/03/2026 04:01:01,1,0,IDR,Sudah dibayar,439763.64999999997
53170,1730174743203841623,7494054609567125126,06/03/2026 04:01:01,2,0,IDR,Sudah dibayar,824387.7999999999
53170,1729677743140997719,7494054609567125126,06/03/2026 04:01:01,1,0,IDR,Sudah dibayar,370835.45
53170,1729677740302699095,7494054609567125126,06/03/2026 04:01:01,1,0,IDR,Sudah dibayar,301908.1
62690,1731079464715322755,7613868050630806279,06/03/2026 03:45:05,1,0,IDR,Sudah dibayar,421203.05
80143,1729677743140932183,7613868050630806279,06/03/2026 03:39:40,1,0,IDR,Sudah dibayar,426326.0
48129,1731308725958051203,7613868050630806279,06/03/2026 03:24:54,1,0,IDR,Sudah dibayar,441183.14999999997
03310,1731622713472812631,7613821082890799879,06/03/2026 03:15:13,1,0,IDR,Sudah dibayar,471482.25
69541,1730121322704897411,7613821082890799879,06/03/2026 03:15:01,1,0,IDR,Sudah dibayar,276828.85
69541,1730121322704700803,7613821082890799879,06/03/2026 03:15:01,1,0,IDR,Sudah dibayar,276828.85
22148,1731927306071869015,7600847303582223634,06/03/2026 03:14:45,1,0,IDR,Sudah dibayar,478975.0
86184,1731622765730432599,7613821082890799879,06/03/2026 02:52:51,1,0,IDR,Sudah dibayar,438399.39999999997
59693,1730706088342750807,7613821082890799879,06/03/2026 02:42:23,1,0,IDR,Sudah dibayar,437665.0
38197,1730706088343012951,7613821082890799879,06/03/2026 02:13:22,1,0,IDR,Sudah dibayar,436815.0
84043,1729677755464518231,7494054609567125126,06/03/2026 01:46:07,1,0,IDR,Sudah dibayar,279582.0
76784,1731927306071869015,7613821082890799879,06/03/2026 01:32:44,1,0,IDR,Sudah dibayar,431929.2
18077,1729677743140997719,7494054609567125126,06/03/2026 01:17:26,1,0,IDR,Sudah dibayar,437410.0
90740,1731418659331999107,7613821082890799879,06/03/2026 00:58:47,1,0,IDR,Sudah dibayar,117885.65
76954,1731927306072065623,7613821082890799879,06/03/2026 00:43:40,1,0,IDR,Sudah dibayar,445740.0
27017,1731308725957985667,7613821082890799879,06/03/2026 00:26:17,1,0,IDR,Sudah dibayar,441183.14999999997
89818,1731927306072000087,7587851179850353938,06/03/2026 00:24:56,1,0,IDR,Sudah dibayar,469599.5
02560,1731079464714470787,7613774283896572690,06/03/2026 00:12:54,1,0,IDR,Sudah dibayar,409615.0
72824,1730174772503021143,7613774283896572690,05/03/2026 23:13:32,1,0,IDR,Sudah dibayar,435761.0
51261,1731927306071803479,7613774283896572690,05/03/2026 23:08:09,1,0,IDR,Sudah dibayar,460194.25
05072,1730136911404631427,7613774283896572690,05/03/2026 23:05:47,1,0,IDR,Sudah dibayar,397815.3
20925,1730706088342881879,7613774283896572690,05/03/2026 22:59:22,1,0,IDR,Sudah dibayar,474776.0
67638,1731308725958051203,7613774283896572690,05/03/2026 22:17:13,1,0,IDR,Sudah dibayar,427053.6
69206,1729438565128505514,7613727634211588882,05/03/2026 21:12:13,1,0,IDR,Sudah dibayar,139960.15
58100,1731418659331868035,7613727634211588882,05/03/2026 20:47:31,1,0,IDR,Sudah dibayar,142233.9
95525,1730121322703521155,7613727634211588882,05/03/2026 20:38:14,1,0,IDR,Sudah dibayar,306680.0
55088,1730121322704831875,7613727634211588882,05/03/2026 20:32:56,1,0,IDR,Sudah dibayar,309746.8
68511,1731927306072065623,7613727634211588882,05/03/2026 20:15:43,1,0,IDR,Sudah dibayar,472472.5
29083,1730121322705094019,7613727634211588882,05/03/2026 20:12:52,1,0,IDR,Sudah dibayar,264310.89999999997
48108,1730706088342750807,7613727634211588882,05/03/2026 20:11:54,1,0,IDR,Sudah dibayar,476402.89999999997
78021,1731079464715060611,7613727634211588882,05/03/2026 19:51:11,1,0,IDR,Sudah dibayar,403086.14999999997
88582,1731079477655405955,7494054609567125126,05/03/2026 19:50:11,1,0,IDR,Sudah dibayar,465049.45
01993,1729677743140997719,7613727634211588882,05/03/2026 19:48:32,1,0,IDR,Sudah dibayar,368730.0
73179,1731639374272300419,7613727634211588882,05/03/2026 19:47:41,1,0,IDR,Sudah dibayar,441183.14999999997
12694,1731298803850839427,7613727634211588882,05/03/2026 19:39:03,1,0,IDR,Sudah dibayar,216053.0
42198,1731079464714667395,7613727634211588882,05/03/2026 19:35:59,1,0,IDR,Sudah dibayar,448758.35
48360,1730418199019488420,7494054609567125126,05/03/2026 19:25:03,1,0,IDR,Sudah dibayar,103389.75
79455,1730706088342685271,7592751379437997319,05/03/2026 19:21:25,1,0,IDR,Sudah dibayar,449328.7
79455,1730651001345705559,7613447947119905544,05/03/2026 19:21:25,1,0,IDR,Sudah dibayar,421156.3
00420,1730706088343012951,7613727634211588882,05/03/2026 19:15:47,1,0,IDR,Sudah dibayar,491045.0
40833,1731967978191029635,7613727634211588882,05/03/2026 19:00:53,1,0,IDR,Sudah dibayar,531605.2999999999
74107,1731308689765401987,7613727634211588882,05/03/2026 19:00:09,1,0,IDR,Sudah dibayar,465914.75
99279,1731622713472878167,7613354856820722450,05/03/2026 18:37:50,1,0,IDR,Sudah dibayar,469851.1
45305,1731927306071934551,7613727634211588882,05/03/2026 18:27:16,1,0,IDR,Sudah dibayar,460445.0
21068,1729677759600364119,7609598626318404370,05/03/2026 18:13:30,1,0,IDR,Sudah dibayar,306595.0
45663,1729677746703469143,7613679705971657480,05/03/2026 17:56:00,1,0,IDR,Sudah dibayar,411863.25
94630,1729725175196191319,7613679705971657480,05/03/2026 17:50:26,1,0,IDR,Sudah dibayar,635715.0
33820,1729677736926874199,7613679705971657480,05/03/2026 17:23:22,1,0,IDR,Sudah dibayar,427785.45
71792,1730174772502955607,7613679705971657480,05/03/2026 17:22:50,1,0,IDR,Sudah dibayar,468775.0
55717,1731308725957854595,7613679705971657480,05/03/2026 16:49:18,1,0,IDR,Sudah dibayar,485622.0
38084,1729562551000794499,7613679705971657480,05/03/2026 16:26:10,1,0,IDR,Sudah dibayar,223967.35
51814,1729677758327130711,7613679705971657480,05/03/2026 16:03:52,1,0,IDR,Sudah dibayar,326791.0
53609,1730706106318620247,7613679705971657480,05/03/2026 15:58:24,1,0,IDR,Sudah dibayar,491045.0
81913,1731996015553643907,7613632357433625362,05/03/2026 14:00:29,1,0,IDR,Sudah dibayar,457804.05
96606,1730706088342947415,7613632357433625362,05/03/2026 13:57:32,1,0,IDR,Sudah dibayar,460275.0
23294,1730706088342947415,7613632357433625362,05/03/2026 13:56:31,1,0,IDR,Sudah dibayar,460249.5
11710,1730706088342947415,7613632357433625362,05/03/2026 13:55:04,1,0,IDR,Sudah dibayar,460139.0
05927,1730651001345705559,7613632357433625362,05/03/2026 13:53:23,1,0,IDR,Sudah dibayar,413576.0
03089,1733254788722820483,7613632357433625362,05/03/2026 13:52:14,1,0,IDR,Sudah dibayar,460190.0
84977,1730706106318685783,7613632357433625362,05/03/2026 13:43:20,1,0,IDR,Sudah dibayar,464525.0
87135,1730706088342816343,7613632357433625362,05/03/2026 13:34:38,1,0,IDR,Sudah dibayar,499800.0
34110,1731996015553578371,7613632357433625362,05/03/2026 13:24:32,1,0,IDR,Sudah dibayar,483017.6
70909,1731927306072065623,7613632357433625362,05/03/2026 13:08:25,1,0,IDR,Sudah dibayar,420631.0
81212,1730706107472119383,7613632357433625362,05/03/2026 13:07:12,1,0,IDR,Sudah dibayar,460275.0
82076,1730706107471922775,7613632357433625362,05/03/2026 13:06:37,1,0,IDR,Sudah dibayar,460275.0
03324,1730706107471922775,7613632357433625362,05/03/2026 13:05:57,1,0,IDR,Sudah dibayar,460275.0
30667,1730706106318751319,7613632357433625362,05/03/2026 13:01:49,1,0,IDR,Sudah dibayar,469625.0
18091,1731622713472812631,7613632357433625362,05/03/2026 13:01:07,1,0,IDR,Sudah dibayar,469625.0
54667,1730650983638926935,7613632357433625362,05/03/2026 13:00:01,1,0,IDR,Sudah dibayar,435625.0
12011,1729677759600364119,7494054609567125126,05/03/2026 12:58:40,1,0,IDR,Sudah dibayar,285793.8
12011,1729677758327196247,7494054609567125126,05/03/2026 12:58:40,1,0,IDR,Sudah dibayar,285793.8
10155,1730706088342881879,7494054609567125126,05/03/2026 12:57:24,2,0,IDR,Sudah dibayar,924164.2
10155,1729677759600036439,7494054609567125126,05/03/2026 12:57:24,1,0,IDR,Sudah dibayar,295428.55
69980,1729677758327196247,7494054609567125126,05/03/2026 12:48:36,1,0,IDR,Sudah dibayar,286841.85
69980,1729677758326999639,7494054609567125126,05/03/2026 12:48:36,1,0,IDR,Sudah dibayar,286841.0
69980,1729677734993037911,7494054609567125126,05/03/2026 12:48:36,1,0,IDR,Sudah dibayar,307937.14999999997
28540,1730706106318685783,7494054609567125126,05/03/2026 12:46:28,1,0,IDR,Sudah dibayar,456285.95
28540,1730706106318620247,7494054609567125126,05/03/2026 12:46:28,1,0,IDR,Sudah dibayar,456285.1
28540,1730706106318554711,7494054609567125126,05/03/2026 12:46:28,1,0,IDR,Sudah dibayar,456285.95
35846,1731308725958116739,7613632357433625362,05/03/2026 12:43:53,1,0,IDR,Sudah dibayar,444686.0
07322,1731079464714798467,7613632357433625362,05/03/2026 12:40:28,1,0,IDR,Sudah dibayar,420631.0
99297,1729562551000073603,7613632357433625362,05/03/2026 12:34:06,1,0,IDR,Sudah dibayar,211686.55
97371,1730121322704766339,7613632357433625362,05/03/2026 12:27:24,1,0,IDR,Sudah dibayar,279218.2
05055,1730706088342947415,7610532434949442834,05/03/2026 12:26:17,1,0,IDR,Sudah dibayar,447635.5
00560,1730706088342816343,7494054609567125126,05/03/2026 12:20:26,1,0,IDR,Sudah dibayar,462442.5
00560,1730706088342685271,7494054609567125126,05/03/2026 12:20:26,1,0,IDR,Sudah dibayar,462442.5
28080,1730706088343078487,7494054609567125126,05/03/2026 12:17:40,1,0,IDR,Sudah dibayar,447593.0
59825,1730136911403976067,7613632357433625362,05/03/2026 12:15:32,1,0,IDR,Sudah dibayar,369580.0
14094,1729725175196191319,7603296148811484423,05/03/2026 12:13:48,1,0,IDR,Sudah dibayar,553550.6
77376,1729677736927005271,7613632357433625362,05/03/2026 12:11:35,1,0,IDR,Sudah dibayar,518189.75
39997,1730706088342816343,7613632357433625362,05/03/2026 12:10:56,1,0,IDR,Sudah dibayar,447920.25
98717,1731622713472747095,7494054609567125126,05/03/2026 12:09:12,1,0,IDR,Sudah dibayar,452786.5
98717,1730868728727963223,7494054609567125126,05/03/2026 12:09:12,1,0,IDR,Sudah dibayar,452787.35
98717,1729677759600233047,7494054609567125126,05/03/2026 12:09:12,1,0,IDR,Sudah dibayar,291120.75
01215,1730121730617869699,7613506198935063316,05/03/2026 12:07:37,1,0,IDR,Sudah dibayar,335759.35
18451,1730706088342881879,7494054609567125126,05/03/2026 12:03:45,2,0,IDR,Sudah dibayar,916526.1
18451,1730706088342816343,7494054609567125126,05/03/2026 12:03:45,1,0,IDR,Sudah dibayar,458263.89999999997
29139,1730706088342816343,7494054609567125126,05/03/2026 12:00:00,1,0,IDR,Sudah dibayar,447661.0
82566,1730706088342685271,7613029068609686280,05/03/2026 11:46:04,1,0,IDR,Sudah dibayar,447563.25
79289,1731401493348255319,7606033203224251666,05/03/2026 11:44:25,1,0,IDR,Sudah dibayar,348669.14999999997
11711,1731229878964749699,7613582752142691079,05/03/2026 11:40:39,1,0,IDR,Sudah dibayar,203753.5
87332,1730706088342947415,7612851935313562386,05/03/2026 11:25:42,1,0,IDR,Sudah dibayar,438285.5
17787,1734439081841100375,7613582752142691079,05/03/2026 11:15:18,1,0,IDR,Sudah dibayar,427601.0
61616,1731016355289269416,7613582752142691079,05/03/2026 10:58:02,1,0,IDR,Sudah dibayar,15607.699999999999
32897,1731418659331999107,7613582752142691079,05/03/2026 10:57:08,1,0,IDR,Sudah dibayar,147691.75
95999,1731418659332064643,7613582752142691079,05/03/2026 10:38:39,1,0,IDR,Sudah dibayar,144049.5
78384,1731079464714667395,7613582752142691079,05/03/2026 10:37:47,1,0,IDR,Sudah dibayar,423979.14999999997
60512,1729562551000728963,7613582752142691079,05/03/2026 10:30:16,1,0,IDR,Sudah dibayar,209522.44999999998
96109,1729677761805257303,7613582752142691079,05/03/2026 10:24:17,1,0,IDR,Sudah dibayar,286006.3
05441,1730174743203972695,7613354856820722450,05/03/2026 10:23:55,1,0,IDR,Sudah dibayar,418763.55
76699,1730706088342881879,7494054609567125126,05/03/2026 10:23:11,1,0,IDR,Sudah dibayar,447661.0
57817,1731079464714601859,7613582752142691079,05/03/2026 10:18:48,1,0,IDR,Sudah dibayar,414535.64999999997
03690,1731308689765270915,7613582752142691079,05/03/2026 10:17:49,1,0,IDR,Sudah dibayar,433596.05
48746,1730706106318554711,7613357737572863240,05/03/2026 10:09:11,1,0,IDR,Sudah dibayar,422725.39999999997
73956,1730706088343012951,7613582752142691079,05/03/2026 10:07:35,1,0,IDR,Sudah dibayar,447661.0
27527,1730706106318685783,7613582752142691079,05/03/2026 10:05:30,1,0,IDR,Sudah dibayar,412086.8
44077,1730706088342750807,7613582752142691079,05/03/2026 09:59:33,1,0,IDR,Sudah dibayar,447661.0
46928,1730121322704897411,7613582752142691079,05/03/2026 09:39:56,1,0,IDR,Sudah dibayar,289452.2
95587,1729677759600036439,7613076036158950162,05/03/2026 09:38:47,1,0,IDR,Sudah dibayar,277353.3
61472,1729562551000794499,7613582752142691079,05/03/2026 09:05:23,1,0,IDR,Sudah dibayar,204706.35
51349,1730174743203972695,7613582752142691079,05/03/2026 09:01:01,1,0,IDR,Sudah dibayar,423249.85
51349,1729677759600429655,7613582752142691079,05/03/2026 09:01:01,1,0,IDR,Sudah dibayar,290187.45
04753,1729677746703534679,7609239960188718354,05/03/2026 05:51:36,1,0,IDR,Sudah dibayar,457725.85
40501,1730706106318751319,7494054609567125126,05/03/2026 05:48:33,2,0,IDR,Sudah dibayar,917712.7
40501,1730651001345705559,7494054609567125126,05/03/2026 05:48:33,1,0,IDR,Sudah dibayar,430235.14999999997
40501,1730651001345443415,7494054609567125126,05/03/2026 05:48:33,1,0,IDR,Sudah dibayar,430235.14999999997
26855,1730868728727963223,7605131426832469256,05/03/2026 04:24:33,1,0,IDR,Sudah dibayar,460955.0
79127,1731308725958116739,7613495566701431570,05/03/2026 03:36:05,1,0,IDR,Sudah dibayar,453330.5
91872,1731308725958051203,7613447947119905544,05/03/2026 03:06:55,1,0,IDR,Sudah dibayar,415565.0
64725,1730174772503283287,7494054609567125126,05/03/2026 03:05:17,1,0,IDR,Sudah dibayar,409275.0
64725,1730174772503217751,7494054609567125126,05/03/2026 03:05:17,1,0,IDR,Sudah dibayar,409275.0
64725,1730174772503021143,7494054609567125126,05/03/2026 03:05:17,1,0,IDR,Sudah dibayar,409275.0
64725,1730174743203907159,7494054609567125126,05/03/2026 03:05:17,2,0,IDR,Sudah dibayar,818550.0
77560,1730136540910224771,7613447947119905544,05/03/2026 03:01:22,1,0,IDR,Sudah dibayar,303222.2
20974,1731298756262528387,7613447947119905544,05/03/2026 02:07:54,1,0,IDR,Sudah dibayar,232271.85
57845,1731079464715715971,7613447947119905544,05/03/2026 02:01:27,1,0,IDR,Sudah dibayar,460436.5
64115,1731079464714601859,7613447947119905544,05/03/2026 01:50:51,1,0,IDR,Sudah dibayar,465049.45
45643,1730174743204169303,7613447947119905544,05/03/2026 01:23:43,1,0,IDR,Sudah dibayar,470347.5
84147,1730706107471988311,7605320979937545490,05/03/2026 01:01:01,1,0,IDR,Sudah dibayar,518160.0
03684,1730174743204038231,7613447947119905544,05/03/2026 00:29:21,1,0,IDR,Sudah dibayar,460445.0
03723,1731308689765336451,7613447947119905544,05/03/2026 00:26:24,1,0,IDR,Sudah dibayar,440496.35
86459,1730121322703586691,7613260770947681042,05/03/2026 00:15:57,1,0,IDR,Sudah dibayar,252641.25
79267,1731927306072131159,7591421977106091271,05/03/2026 00:09:39,1,0,IDR,Sudah dibayar,413831.0
24267,1731079464716109187,7613401505672350472,04/03/2026 23:52:54,1,0,IDR,Sudah dibayar,423952.8
23313,1731996015553643907,7612750468951575314,04/03/2026 23:46:18,1,0,IDR,Sudah dibayar,446174.35
87926,1730650983638926935,7613401505672350472,04/03/2026 23:41:39,1,0,IDR,Sudah dibayar,419781.0
84190,1730651001345705559,7613401505672350472,04/03/2026 23:41:10,1,0,IDR,Sudah dibayar,417656.0
54519,1731298756262528387,7613401505672350472,04/03/2026 23:33:19,1,0,IDR,Sudah dibayar,191294.19999999998
84844,1731599579957790295,7612337093313858322,04/03/2026 23:13:36,1,0,IDR,Sudah dibayar,324326.0
53181,1733814097185506903,7613401505672350472,04/03/2026 22:56:30,1,0,IDR,Sudah dibayar,442736.95
88367,1731079464716174723,7494054609567125126,04/03/2026 22:49:22,1,0,IDR,Sudah dibayar,419084.0
95534,1730706106318554711,7613357737572863240,04/03/2026 22:48:55,1,0,IDR,Sudah dibayar,447610.0
58884,1731308689765205379,7613401505672350472,04/03/2026 22:34:32,1,0,IDR,Sudah dibayar,457937.5
58884,1731308689765139843,7613401505672350472,04/03/2026 22:34:32,1,0,IDR,Sudah dibayar,457937.5
98170,1731308689765401987,7613401505672350472,04/03/2026 22:32:04,1,0,IDR,Sudah dibayar,478321.35
01177,1731308725957854595,7613401505672350472,04/03/2026 22:30:27,1,0,IDR,Sudah dibayar,431082.6
11752,1731308725958182275,7613401505672350472,04/03/2026 22:29:11,1,0,IDR,Sudah dibayar,447661.0
19037,1729562551000008067,7613354856820722450,04/03/2026 22:20:13,1,0,IDR,Sudah dibayar,189068.05
81608,1731927306071869015,7613401505672350472,04/03/2026 22:00:31,1,0,IDR,Sudah dibayar,408705.5
75201,1730706088342947415,7613354856820722450,04/03/2026 21:57:57,1,0,IDR,Sudah dibayar,431497.39999999997
07439,1731308725958116739,7613401505672350472,04/03/2026 21:46:01,1,0,IDR,Sudah dibayar,446482.05
85838,1730706088342685271,7613401505672350472,04/03/2026 21:44:31,1,0,IDR,Sudah dibayar,447661.0
70160,1730706106318685783,7613354856820722450,04/03/2026 21:06:45,1,0,IDR,Sudah dibayar,485724.0
61954,1729677758275947095,7613354856820722450,04/03/2026 20:26:27,1,0,IDR,Sudah dibayar,282743.14999999997
17259,1731079464714732931,7613354856820722450,04/03/2026 20:23:08,1,0,IDR,Sudah dibayar,423979.14999999997
91475,1729562551000204675,7613354856820722450,04/03/2026 20:02:56,1,0,IDR,Sudah dibayar,209590.44999999998
90117,1730706106318620247,7613354856820722450,04/03/2026 20:02:43,1,0,IDR,Sudah dibayar,443670.25
77674,1730706107471988311,7613354856820722450,04/03/2026 19:56:02,1,0,IDR,Sudah dibayar,447661.0
04592,1730651001345443415,7613354856820722450,04/03/2026 19:28:05,1,0,IDR,Sudah dibayar,461295.0
56692,1731308725958116739,7613354856820722450,04/03/2026 18:50:44,1,0,IDR,Sudah dibayar,495955.45
99256,1730706088342881879,7613310336234310407,04/03/2026 16:59:40,1,0,IDR,Sudah dibayar,472081.5
97333,1731622765730235991,7613310336234310407,04/03/2026 16:25:55,1,0,IDR,Sudah dibayar,488070.0
90152,1729562551000073603,7613310336234310407,04/03/2026 15:44:52,1,0,IDR,Sudah dibayar,230899.94999999998
69203,1730706088342947415,7613260770947681042,04/03/2026 14:32:57,1,0,IDR,Sudah dibayar,529125.0
41348,1731927306071934551,7602165822747905287,04/03/2026 13:57:21,1,0,IDR,Sudah dibayar,465528.0
39856,1734439081841034839,7611131724982602514,04/03/2026 12:52:04,1,0,IDR,Sudah dibayar,478765.89999999997
50133,1730706088343012951,7494054609567125126,04/03/2026 12:33:50,1,0,IDR,Sudah dibayar,458957.5
50133,1730651001345705559,7494054609567125126,04/03/2026 12:33:50,1,0,IDR,Sudah dibayar,430329.5
50133,1730651001345640023,7494054609567125126,04/03/2026 12:33:50,1,0,IDR,Sudah dibayar,430330.35
50133,1729677758326999639,7494054609567125126,04/03/2026 12:33:50,1,0,IDR,Sudah dibayar,294274.25
25565,1730706088342947415,7592751379437997319,04/03/2026 12:27:01,1,0,IDR,Sudah dibayar,484177.0
59187,1730706088343012951,7494054609567125126,04/03/2026 12:26:50,2,0,IDR,Sudah dibayar,907587.5
59187,1730706088342947415,7494054609567125126,04/03/2026 12:26:50,1,0,IDR,Sudah dibayar,453793.75
59187,1730706088342881879,7494054609567125126,04/03/2026 12:26:50,1,0,IDR,Sudah dibayar,453793.75
30748,1730706088342816343,7609781772813601543,04/03/2026 12:24:30,1,0,IDR,Sudah dibayar,503526.39999999997
60411,1730121322703521155,7613260770947681042,04/03/2026 12:09:54,1,0,IDR,Sudah dibayar,263771.14999999997
71099,1730121322703586691,7613260770947681042,04/03/2026 12:07:15,1,0,IDR,Sudah dibayar,263853.6
97688,1734450177787528579,7613214189599460104,04/03/2026 11:51:02,1,0,IDR,Sudah dibayar,1686825.0
30075,1730121322703586691,7613214189599460104,04/03/2026 11:36:15,1,0,IDR,Sudah dibayar,262480.0
77679,1731298803850708355,7613214189599460104,04/03/2026 11:35:00,1,0,IDR,Sudah dibayar,215186.85
78537,1730706088342685271,7587851179850353938,04/03/2026 11:28:37,1,0,IDR,Sudah dibayar,491139.35
09621,1730706107472119383,7494054609567125126,04/03/2026 11:23:36,1,0,IDR,Sudah dibayar,438213.25
09621,1730706107471988311,7494054609567125126,04/03/2026 11:23:36,1,0,IDR,Sudah dibayar,438213.25
09621,1730706088342881879,7494054609567125126,04/03/2026 11:23:36,1,0,IDR,Sudah dibayar,438212.39999999997
09621,1730174772503086679,7494054609567125126,04/03/2026 11:23:36,1,0,IDR,Sudah dibayar,410738.7
09621,1729677740302764631,7494054609567125126,04/03/2026 11:23:36,1,0,IDR,Sudah dibayar,300842.2
75197,1731622765730301527,7494054609567125126,04/03/2026 11:06:45,1,0,IDR,Sudah dibayar,434887.2
75197,1730706088342816343,7494054609567125126,04/03/2026 11:06:45,1,0,IDR,Sudah dibayar,434888.05
75197,1730174772819953239,7494054609567125126,04/03/2026 11:06:45,1,0,IDR,Sudah dibayar,403375.14999999997
75197,1729561361793123927,7494054609567125126,04/03/2026 11:06:45,1,0,IDR,Sudah dibayar,367434.6
51381,1731622765730104919,7494054609567125126,04/03/2026 10:43:13,1,0,IDR,Sudah dibayar,436576.14999999997
51381,1730706107471988311,7494054609567125126,04/03/2026 10:43:13,1,0,IDR,Sudah dibayar,436573.6
51381,1730706106318751319,7494054609567125126,04/03/2026 10:43:13,1,0,IDR,Sudah dibayar,436575.3
51381,1730174772503021143,7494054609567125126,04/03/2026 10:43:13,1,0,IDR,Sudah dibayar,409322.6
51381,1729677755464387159,7494054609567125126,04/03/2026 10:43:13,1,0,IDR,Sudah dibayar,279659.35
00085,1733254788722754947,7613214189599460104,04/03/2026 10:41:03,1,0,IDR,Sudah dibayar,441114.3
33580,1734439081841100375,7613214189599460104,04/03/2026 10:36:08,1,0,IDR,Sudah dibayar,441110.05
66909,1731079464714732931,7613214189599460104,04/03/2026 09:40:40,1,0,IDR,Sudah dibayar,439380.3
46438,1731308725958051203,7613214189599460104,04/03/2026 09:16:04,1,0,IDR,Sudah dibayar,457316.14999999997
11657,1729677734992841303,7613123764238961415,04/03/2026 07:15:56,1,0,IDR,Sudah dibayar,297597.75
22791,1731308725958051203,7613029068609686280,04/03/2026 07:00:33,1,0,IDR,Sudah dibayar,450101.35
15644,1731308689765336451,7613123764238961415,04/03/2026 06:01:40,1,0,IDR,Sudah dibayar,455557.5
79501,1731079464715453827,7613123764238961415,04/03/2026 05:28:52,1,0,IDR,Sudah dibayar,416222.89999999997
48284,1730706088342816343,7613123764238961415,04/03/2026 05:25:32,1,0,IDR,Sudah dibayar,453795.45
49758,1730706088342685271,7613123764238961415,04/03/2026 05:23:54,1,0,IDR,Sudah dibayar,463930.0
80372,1731927306072131159,7613123764238961415,04/03/2026 05:07:29,1,0,IDR,Sudah dibayar,468350.0
74856,1734439081841100375,7613123764238961415,04/03/2026 05:04:51,1,0,IDR,Sudah dibayar,443105.0
71295,1731401493348451927,7613123764238961415,04/03/2026 04:48:25,1,0,IDR,Sudah dibayar,361410.64999999997
40210,1730149100228150856,7612750468951575314,04/03/2026 04:30:34,1,0,IDR,Sudah dibayar,47726.65
02567,1731308725957985667,7613123764238961415,04/03/2026 04:20:56,1,0,IDR,Sudah dibayar,432476.6
64271,1731308689765336451,7613123764238961415,04/03/2026 04:20:25,1,0,IDR,Sudah dibayar,401482.2
68618,1731079464714732931,7613123764238961415,04/03/2026 04:13:42,1,0,IDR,Sudah dibayar,409615.0
16693,1730706106318751319,7494054609567125126,04/03/2026 04:05:02,1,0,IDR,Sudah dibayar,434680.64999999997
16693,1730706106318554711,7494054609567125126,04/03/2026 04:05:02,1,0,IDR,Sudah dibayar,434681.5
16693,1730174743203907159,7494054609567125126,04/03/2026 04:05:02,2,0,IDR,Sudah dibayar,814858.45
16693,1729677759600233047,7494054609567125126,04/03/2026 04:05:02,1,0,IDR,Sudah dibayar,277910.89999999997
23337,1733552688701474391,7613123764238961415,04/03/2026 03:58:19,1,0,IDR,Sudah dibayar,264010.0
89061,1731079464715519363,7613123764238961415,04/03/2026 03:57:08,1,0,IDR,Sudah dibayar,404875.39999999997
92745,1729677740302764631,7613123764238961415,04/03/2026 03:47:28,1,0,IDR,Sudah dibayar,297670.0
63159,1731308725957854595,7613123764238961415,04/03/2026 03:47:16,1,0,IDR,Sudah dibayar,434690.0
13143,1730706088343012951,7613123764238961415,04/03/2026 03:43:07,1,0,IDR,Sudah dibayar,450101.35
00823,1731079464715781507,7613123764238961415,04/03/2026 03:43:05,1,0,IDR,Sudah dibayar,400265.0
31187,1730706107471922775,7613123764238961415,04/03/2026 03:33:24,1,0,IDR,Sudah dibayar,435880.0
19438,1731298756261152131,7613123764238961415,04/03/2026 03:29:04,1,0,IDR,Sudah dibayar,194639.8
83585,1731927306072065623,7613076036158950162,04/03/2026 02:37:19,1,0,IDR,Sudah dibayar,442250.75
58978,1730706088342685271,7613076036158950162,04/03/2026 02:13:21,1,0,IDR,Sudah dibayar,464780.0
74819,1731622765730235991,7613076036158950162,04/03/2026 02:10:14,1,0,IDR,Sudah dibayar,463930.0
52089,1729613346712619308,7613076036158950162,04/03/2026 01:49:20,1,0,IDR,Sudah dibayar,68805.8
96758,1731079464716043651,7613076036158950162,04/03/2026 01:48:09,1,0,IDR,Sudah dibayar,439380.3
41793,1731308725958051203,7613076036158950162,04/03/2026 01:28:36,1,0,IDR,Sudah dibayar,466501.25
42986,1731927306071934551,7613076036158950162,04/03/2026 01:10:03,1,0,IDR,Sudah dibayar,423191.2
90683,1731418659332064643,7613076036158950162,04/03/2026 00:58:55,1,0,IDR,Sudah dibayar,144136.19999999998
46796,1729677755464518231,7613076036158950162,04/03/2026 00:33:56,1,0,IDR,Sudah dibayar,297852.75
52116,1730706088342816343,7613076036158950162,04/03/2026 00:15:36,1,0,IDR,Sudah dibayar,445547.89999999997
27733,1730706106318751319,7609592086307867911,04/03/2026 00:08:05,1,0,IDR,Sudah dibayar,486923.35
45365,1730174743203907159,7494054609567125126,04/03/2026 00:07:59,1,0,IDR,Sudah dibayar,407471.3
45365,1729677747184503383,7494054609567125126,04/03/2026 00:07:59,2,0,IDR,Sudah dibayar,733176.0
45365,1729677746703403607,7494054609567125126,04/03/2026 00:07:59,2,0,IDR,Sudah dibayar,733177.7
07669,1731308689765336451,7613029068609686280,04/03/2026 00:00:27,1,0,IDR,Sudah dibayar,473119.35
07225,1730706088342881879,7613029068609686280,03/03/2026 23:59:45,1,0,IDR,Sudah dibayar,552075.0
56718,1731298803850511747,7613029068609686280,03/03/2026 23:58:59,1,0,IDR,Sudah dibayar,178793.25
65992,1731308689765598595,7613029068609686280,03/03/2026 23:53:54,1,0,IDR,Sudah dibayar,452344.5
90027,1730174743203972695,7613029068609686280,03/03/2026 23:48:54,1,0,IDR,Sudah dibayar,435030.0
88594,1730868728727832151,7494054609567125126,03/03/2026 23:45:42,1,0,IDR,Sudah dibayar,434661.95
88594,1730651001345771095,7494054609567125126,03/03/2026 23:45:42,2,0,IDR,Sudah dibayar,814820.2
88594,1730651001345705559,7494054609567125126,03/03/2026 23:45:42,1,0,IDR,Sudah dibayar,407410.1
88594,1729561361792992855,7494054609567125126,03/03/2026 23:45:42,1,0,IDR,Sudah dibayar,366532.75
81727,1731418659332261251,7613029068609686280,03/03/2026 23:43:10,1,0,IDR,Sudah dibayar,133057.3
51709,1729677755464649303,7613029068609686280,03/03/2026 23:35:15,1,0,IDR,Sudah dibayar,281350.0
92515,1731079464715978115,7613029068609686280,03/03/2026 23:27:48,1,0,IDR,Sudah dibayar,420038.55
58677,1730706107471922775,7494054609567125126,03/03/2026 23:20:59,1,0,IDR,Sudah dibayar,434656.85
58677,1730706106318620247,7494054609567125126,03/03/2026 23:20:59,1,0,IDR,Sudah dibayar,434655.14999999997
58677,1730706088343012951,7494054609567125126,03/03/2026 23:20:59,1,0,IDR,Sudah dibayar,434656.0
58677,1729677743140801111,7494054609567125126,03/03/2026 23:20:59,2,0,IDR,Sudah dibayar,733057.0
90945,1731079464714536323,7613029068609686280,03/03/2026 23:12:40,1,0,IDR,Sudah dibayar,412751.5
96034,1731308725958116739,7613029068609686280,03/03/2026 23:05:23,1,0,IDR,Sudah dibayar,452486.45
27229,1731622765730235991,7494054609567125126,03/03/2026 23:04:56,1,0,IDR,Sudah dibayar,435501.75
27229,1731622765730170455,7494054609567125126,03/03/2026 23:04:56,1,0,IDR,Sudah dibayar,435498.35
27229,1730706088342881879,7494054609567125126,03/03/2026 23:04:56,1,0,IDR,Sudah dibayar,435500.05
27229,1730706088342750807,7494054609567125126,03/03/2026 23:04:56,1,0,IDR,Sudah dibayar,435499.2
27229,1729677742968834647,7494054609567125126,03/03/2026 23:04:56,1,0,IDR,Sudah dibayar,299429.5
32271,1731308725958182275,7613029068609686280,03/03/2026 23:04:24,1,0,IDR,Sudah dibayar,464877.75
97671,1731401493348451927,7613029068609686280,03/03/2026 23:00:43,1,0,IDR,Sudah dibayar,341642.2
30715,1729677758275816023,7613029068609686280,03/03/2026 22:58:20,1,0,IDR,Sudah dibayar,296868.45
84432,1731308725957985667,7613029068609686280,03/03/2026 22:53:36,1,0,IDR,Sudah dibayar,515014.14999999997
11294,1731308725958051203,7613029068609686280,03/03/2026 22:51:33,1,0,IDR,Sudah dibayar,436815.0
87252,1730121322703586691,7613029068609686280,03/03/2026 22:46:42,1,0,IDR,Sudah dibayar,277440.0
94018,1729677758326999639,7613029068609686280,03/03/2026 22:36:16,1,0,IDR,Sudah dibayar,283734.25
07897,1731308689765467523,7613029068609686280,03/03/2026 22:15:37,1,0,IDR,Sudah dibayar,451597.35
40445,1731079464714798467,7613029068609686280,03/03/2026 22:03:45,1,0,IDR,Sudah dibayar,421903.45
24604,1729677743140801111,7613029068609686280,03/03/2026 22:01:38,1,0,IDR,Sudah dibayar,391680.0
31333,1732614229417362819,7494054609567125126,03/03/2026 21:50:39,1,0,IDR,Sudah dibayar,485808.14999999997
64555,1730706088342947415,7494054609567125126,03/03/2026 21:45:31,1,0,IDR,Sudah dibayar,435943.75
64555,1730706088342881879,7494054609567125126,03/03/2026 21:45:31,1,0,IDR,Sudah dibayar,435943.75
64555,1730706088342750807,7494054609567125126,03/03/2026 21:45:31,1,0,IDR,Sudah dibayar,435943.75
64555,1730706088342685271,7494054609567125126,03/03/2026 21:45:31,1,0,IDR,Sudah dibayar,435943.75
66454,1731298756261873027,7613029068609686280,03/03/2026 21:45:11,1,0,IDR,Sudah dibayar,270330.6
98539,1730706088343012951,7494054609567125126,03/03/2026 21:43:31,1,0,IDR,Sudah dibayar,428421.25
98539,1730706088342881879,7494054609567125126,03/03/2026 21:43:31,1,0,IDR,Sudah dibayar,428421.25
98539,1730706088342816343,7494054609567125126,03/03/2026 21:43:31,1,0,IDR,Sudah dibayar,428421.25
98539,1730706088342750807,7494054609567125126,03/03/2026 21:43:31,1,0,IDR,Sudah dibayar,428421.25
02361,1729706772144883287,7612688560621243144,03/03/2026 21:40:40,1,0,IDR,Sudah dibayar,648057.85
10027,1730706088342947415,7494054609567125126,03/03/2026 21:40:05,1,0,IDR,Sudah dibayar,434724.0
10027,1730706088342750807,7494054609567125126,03/03/2026 21:40:05,1,0,IDR,Sudah dibayar,434724.85
10027,1730706088342685271,7494054609567125126,03/03/2026 21:40:05,1,0,IDR,Sudah dibayar,434724.0
10027,1729677758327130711,7494054609567125126,03/03/2026 21:40:05,1,0,IDR,Sudah dibayar,277937.25
10027,1729677734993037911,7494054609567125126,03/03/2026 21:40:05,1,0,IDR,Sudah dibayar,298378.89999999997
11689,1731308689765139843,7613029068609686280,03/03/2026 21:36:06,1,0,IDR,Sudah dibayar,467840.0
15797,1730706107471988311,7494054609567125126,03/03/2026 21:35:35,2,0,IDR,Sudah dibayar,863225.15
15797,1730706106318685783,7494054609567125126,03/03/2026 21:35:35,2,0,IDR,Sudah dibayar,863225.15
84309,1730706106318620247,7494054609567125126,03/03/2026 21:32:56,1,0,IDR,Sudah dibayar,421745.35
84309,1730174743203907159,7494054609567125126,03/03/2026 21:32:56,1,0,IDR,Sudah dibayar,395303.55
84309,1730174743203841623,7494054609567125126,03/03/2026 21:32:56,1,0,IDR,Sudah dibayar,395304.39999999997
84309,1729677759600364119,7494054609567125126,03/03/2026 21:32:56,1,0,IDR,Sudah dibayar,269640.39999999997
84309,1729677759600298583,7494054609567125126,03/03/2026 21:32:56,1,0,IDR,Sudah dibayar,269639.55
22287,1730706088342750807,7494054609567125126,03/03/2026 21:25:14,1,0,IDR,Sudah dibayar,548675.0
42743,1730706106318685783,7587851179850353938,03/03/2026 21:20:29,1,0,IDR,Sudah dibayar,467874.0
55795,1730174743203776087,7613029068609686280,03/03/2026 21:18:57,1,0,IDR,Sudah dibayar,421430.0
50185,1731622765730170455,7613029068609686280,03/03/2026 21:14:26,1,0,IDR,Sudah dibayar,414331.64999999997
46933,1730174743204103767,7494054609567125126,03/03/2026 21:13:59,1,0,IDR,Sudah dibayar,395205.8
46933,1730174743203841623,7494054609567125126,03/03/2026 21:13:59,3,0,IDR,Sudah dibayar,1185617.4
46933,1730174743203710551,7494054609567125126,03/03/2026 21:13:59,1,0,IDR,Sudah dibayar,395205.8
62539,1730136540908651907,7494054609567125126,03/03/2026 20:26:55,1,0,IDR,Sudah dibayar,307666.0
50318,1731079477655405955,7612147194753272594,03/03/2026 19:53:22,1,0,IDR,Sudah dibayar,419781.0
73621,1730706088342947415,7585753667329739527,03/03/2026 19:52:48,1,0,IDR,Sudah dibayar,412086.8
14513,1731308725958051203,7612851935313562386,03/03/2026 19:28:06,1,0,IDR,Sudah dibayar,447661.0
99210,1730136911404500355,7494054609567125126,03/03/2026 19:09:58,2,0,IDR,Sudah dibayar,735947.0
45992,1730706088342947415,7494054609567125126,03/03/2026 19:09:30,1,0,IDR,Sudah dibayar,447661.0
52939,1729677755464780375,7600124494044335368,03/03/2026 19:03:17,1,0,IDR,Sudah dibayar,263772.0
72964,1731927306072000087,7612796934382570258,03/03/2026 18:43:08,1,0,IDR,Sudah dibayar,419781.0
07920,1730706088343078487,7599167544607395079,03/03/2026 18:21:49,1,0,IDR,Sudah dibayar,431345.25
95362,1731401465609487959,7601599412686572807,03/03/2026 18:09:26,1,0,IDR,Sudah dibayar,397782.14999999997
64019,1731927306071869015,7612975408850684679,03/03/2026 18:03:03,1,0,IDR,Sudah dibayar,419781.0
82624,1731298756261873027,7612975408850684679,03/03/2026 18:00:53,1,0,IDR,Sudah dibayar,190889.6
82881,1729677743141063255,7611173492385614600,03/03/2026 17:39:06,1,0,IDR,Sudah dibayar,369992.25
08617,1731927306072131159,7494054609567125126,03/03/2026 17:37:15,1,0,IDR,Sudah dibayar,415613.45
23016,1731079464714667395,7612936415458560775,03/03/2026 17:17:47,1,0,IDR,Sudah dibayar,414998.89999999997
60140,1731079464714667395,7612936415458560775,03/03/2026 17:12:55,1,0,IDR,Sudah dibayar,410465.0
87605,1729677758327130711,7612936415458560775,03/03/2026 17:12:42,1,0,IDR,Sudah dibayar,277902.39999999997
92597,1730651001345705559,7612936415458560775,03/03/2026 17:09:07,2,0,IDR,Sudah dibayar,829941.7
92597,1730651001345508951,7612936415458560775,03/03/2026 17:09:07,1,0,IDR,Sudah dibayar,414970.85
92597,1729677758327065175,7612936415458560775,03/03/2026 17:09:07,1,0,IDR,Sudah dibayar,283054.25
29551,1730868728727766615,7612936415458560775,03/03/2026 16:55:19,1,0,IDR,Sudah dibayar,430162.05
82472,1731927306071934551,7608996764217330440,03/03/2026 16:54:12,1,0,IDR,Sudah dibayar,407276.64999999997
94741,1731622713472747095,7494054609567125126,03/03/2026 16:46:27,1,0,IDR,Sudah dibayar,429046.0
94741,1730868728728028759,7494054609567125126,03/03/2026 16:46:27,1,0,IDR,Sudah dibayar,429045.14999999997
94741,1729677759600167511,7494054609567125126,03/03/2026 16:46:27,1,0,IDR,Sudah dibayar,274306.89999999997
94741,1729677755464387159,7494054609567125126,03/03/2026 16:46:27,1,0,IDR,Sudah dibayar,274306.89999999997
94741,1729677747184503383,7494054609567125126,03/03/2026 16:46:27,1,0,IDR,Sudah dibayar,361798.25
59890,1730706106318751319,7605320979937545490,03/03/2026 16:14:55,1,0,IDR,Sudah dibayar,529975.0
84184,1731079464715257219,7612936415458560775,03/03/2026 15:42:44,1,0,IDR,Sudah dibayar,461667.3
61591,1729677755464583767,7612851935313562386,03/03/2026 15:23:40,1,0,IDR,Sudah dibayar,306595.0
87063,1729677743140801111,7612893609042463506,03/03/2026 14:20:16,1,0,IDR,Sudah dibayar,388110.0
79669,1730174743204038231,7612893609042463506,03/03/2026 14:10:59,1,0,IDR,Sudah dibayar,464839.5
77079,1730174743203972695,7494054609567125126,03/03/2026 14:03:44,1,0,IDR,Sudah dibayar,461295.0
02357,1733708467829114428,7494054609567125126,03/03/2026 13:44:43,1,0,IDR,Sudah dibayar,534735.0
16182,1729562551000008067,7612893609042463506,03/03/2026 13:11:57,1,0,IDR,Sudah dibayar,227277.25
61275,1730121322704242051,7612893609042463506,03/03/2026 12:59:53,1,0,IDR,Sudah dibayar,322524.0
00059,1731418673452582275,7612893609042463506,03/03/2026 12:59:27,1,0,IDR,Sudah dibayar,148271.44999999998
00059,1731418673451337091,7612893609042463506,03/03/2026 12:59:27,1,0,IDR,Sudah dibayar,148271.44999999998
00059,1731418659331933571,7612893609042463506,03/03/2026 12:59:27,1,0,IDR,Sudah dibayar,148271.44999999998
18001,1731418659331605891,7610431414589590290,03/03/2026 12:47:32,1,0,IDR,Sudah dibayar,147057.65
17840,1731298756261152131,7612851935313562386,03/03/2026 12:43:31,1,0,IDR,Sudah dibayar,208697.1
19383,1730136911406073219,7494054609567125126,03/03/2026 12:08:30,1,0,IDR,Sudah dibayar,385322.0
83291,1729725175196125783,7605434994855004946,03/03/2026 12:04:08,1,0,IDR,Sudah dibayar,506635.7
83291,1729677759600298583,7605434994855004946,03/03/2026 12:04:08,1,0,IDR,Sudah dibayar,259000.94999999998
83291,1729677734993234519,7605434994855004946,03/03/2026 12:04:08,1,0,IDR,Sudah dibayar,278049.45
70360,1731308725957920131,7612851935313562386,03/03/2026 11:44:50,1,0,IDR,Sudah dibayar,506944.25
93128,1730174772502955607,7494054609567125126,03/03/2026 11:22:02,1,0,IDR,Sudah dibayar,445799.5
63504,1731308689765270915,7612851935313562386,03/03/2026 11:20:37,1,0,IDR,Sudah dibayar,505325.0
18909,1731308689765467523,7612851935313562386,03/03/2026 11:17:21,1,0,IDR,Sudah dibayar,492575.0
91731,1731308725958182275,7612851935313562386,03/03/2026 11:05:58,1,0,IDR,Sudah dibayar,507802.75
31737,1731079464716043651,7612851935313562386,03/03/2026 10:30:41,1,0,IDR,Sudah dibayar,413711.14999999997
71637,1731308689765270915,7612851935313562386,03/03/2026 10:19:10,1,0,IDR,Sudah dibayar,436815.0
11277,1731308689765467523,7612851935313562386,03/03/2026 10:14:04,1,0,IDR,Sudah dibayar,441183.14999999997
73667,1731308689765205379,7612851935313562386,03/03/2026 10:08:32,1,0,IDR,Sudah dibayar,436985.0
53766,1730706106318751319,7612688560621243144,03/03/2026 09:03:12,1,0,IDR,Sudah dibayar,519775.0
95739,1730868728727701079,7612796934382570258,03/03/2026 08:52:58,1,0,IDR,Sudah dibayar,486625.0
05199,1729561361793189463,7612796934382570258,03/03/2026 08:09:51,1,0,IDR,Sudah dibayar,412521.14999999997
99884,1729677743140866647,7612750468951575314,03/03/2026 06:00:28,1,0,IDR,Sudah dibayar,411825.0
70155,1731927306071869015,7612750468951575314,03/03/2026 05:46:20,1,0,IDR,Sudah dibayar,468775.0
25029,1734439115162158679,7611966093221022983,03/03/2026 05:34:03,1,0,IDR,Sudah dibayar,497777.0
56053,1731298803850708355,7612750468951575314,03/03/2026 05:29:33,1,0,IDR,Sudah dibayar,199801.0
51226,1729562551000008067,7612750468951575314,03/03/2026 05:28:23,1,0,IDR,Sudah dibayar,218292.75
98862,1729561361792927319,7612750468951575314,03/03/2026 04:53:41,1,0,IDR,Sudah dibayar,417775.0
60773,1729677736927070807,7612750468951575314,03/03/2026 04:50:33,1,0,IDR,Sudah dibayar,411230.0
80894,1731622765730170455,7612290468797369095,03/03/2026 04:45:56,1,0,IDR,Sudah dibayar,528224.0
01725,1731229878964749699,7612750468951575314,03/03/2026 04:40:17,1,0,IDR,Sudah dibayar,233784.85
70827,1729562551000008067,7612750468951575314,03/03/2026 04:37:31,1,0,IDR,Sudah dibayar,217424.05
67234,1731996015553709443,7612750468951575314,03/03/2026 04:23:16,1,0,IDR,Sudah dibayar,545250.35
94928,1729677758275947095,7612750468951575314,03/03/2026 04:21:26,1,0,IDR,Sudah dibayar,290207.0
91491,1729562551000663427,7612750468951575314,03/03/2026 04:19:02,1,0,IDR,Sudah dibayar,239348.1
54359,1729562551000663427,7612750468951575314,03/03/2026 04:17:22,1,0,IDR,Sudah dibayar,268203.89999999997
59574,1730121322703390083,7612750468951575314,03/03/2026 04:14:20,1,0,IDR,Sudah dibayar,309746.8
30165,1731418659332261251,7612750468951575314,03/03/2026 04:08:27,1,0,IDR,Sudah dibayar,142577.3
42833,1730706088343078487,7612750468951575314,03/03/2026 04:08:18,1,0,IDR,Sudah dibayar,492337.0
65948,1731622765730170455,7612750468951575314,03/03/2026 04:05:00,1,0,IDR,Sudah dibayar,502775.0
42613,1731927306072262231,7494054609567125126,03/03/2026 04:04:01,1,0,IDR,Sudah dibayar,395203.25
42613,1731927306071737943,7494054609567125126,03/03/2026 04:04:01,1,0,IDR,Sudah dibayar,395204.1
42613,1730174772503086679,7494054609567125126,03/03/2026 04:04:01,1,0,IDR,Sudah dibayar,395204.1
42613,1729677742104873559,7494054609567125126,03/03/2026 04:04:01,1,0,IDR,Sudah dibayar,355550.75
95497,1730706088343078487,7494054609567125126,03/03/2026 04:00:53,1,0,IDR,Sudah dibayar,433576.5
95497,1730651001345771095,7494054609567125126,03/03/2026 04:00:53,1,0,IDR,Sudah dibayar,406394.35
95497,1730651001345705559,7494054609567125126,03/03/2026 04:00:53,1,0,IDR,Sudah dibayar,406392.64999999997
95497,1730174743203907159,7494054609567125126,03/03/2026 04:00:53,1,0,IDR,Sudah dibayar,406393.5
68249,1731079464714798467,7612750468951575314,03/03/2026 03:52:17,1,0,IDR,Sudah dibayar,431715.0
40919,1731079464714798467,7612750468951575314,03/03/2026 03:48:37,1,0,IDR,Sudah dibayar,409236.75
07968,1733832644722460109,7612750468951575314,03/03/2026 03:30:40,1,0,IDR,Sudah dibayar,50575.0
44733,1730706088342750807,7494054609567125126,03/03/2026 03:07:22,1,0,IDR,Sudah dibayar,434561.64999999997
44733,1730174772819887703,7494054609567125126,03/03/2026 03:07:22,1,0,IDR,Sudah dibayar,405166.95
44733,1729677746703469143,7494054609567125126,03/03/2026 03:07:22,1,0,IDR,Sudah dibayar,368043.2
44733,1729677746703403607,7494054609567125126,03/03/2026 03:07:22,1,0,IDR,Sudah dibayar,368043.2
33757,1731622713472878167,7494054609567125126,03/03/2026 03:05:07,1,0,IDR,Sudah dibayar,436556.6
33757,1730706107471922775,7494054609567125126,03/03/2026 03:05:07,1,0,IDR,Sudah dibayar,436557.45
33757,1730174772503283287,7494054609567125126,03/03/2026 03:05:07,1,0,IDR,Sudah dibayar,409303.89999999997
33757,1730174772503217751,7494054609567125126,03/03/2026 03:05:07,1,0,IDR,Sudah dibayar,409304.75
33757,1729677759600167511,7494054609567125126,03/03/2026 03:05:07,1,0,IDR,Sudah dibayar,279784.3
01564,1731308725957985667,7612736487175604999,03/03/2026 02:33:48,1,0,IDR,Sudah dibayar,430683.95
13840,1729562551000794499,7612736487175604999,03/03/2026 02:24:20,1,0,IDR,Sudah dibayar,226765.55
63309,1731308725957920131,7612736487175604999,03/03/2026 02:17:50,1,0,IDR,Sudah dibayar,411765.5
45893,1731308689765205379,7612688560621243144,03/03/2026 01:57:25,1,0,IDR,Sudah dibayar,431739.64999999997
85684,1731308689765401987,7612688560621243144,03/03/2026 01:45:55,1,0,IDR,Sudah dibayar,451227.6
84294,1731308725957920131,7612688560621243144,03/03/2026 01:43:06,1,0,IDR,Sudah dibayar,450970.05
22101,1731985620630734423,7592853620538821906,03/03/2026 01:25:02,1,0,IDR,Sudah dibayar,461805.0
58930,1731304172234507651,7612688560621243144,03/03/2026 01:19:59,1,0,IDR,Sudah dibayar,435079.3
62911,1731079464714601859,7612688560621243144,03/03/2026 01:12:06,1,0,IDR,Sudah dibayar,413711.14999999997
11131,1731079464714864003,7612688560621243144,03/03/2026 00:56:16,1,0,IDR,Sudah dibayar,405535.0
80880,1731298803850773891,7612688560621243144,03/03/2026 00:51:33,1,0,IDR,Sudah dibayar,218170.35
24901,1730136900376626563,7612688560621243144,03/03/2026 00:50:29,1,0,IDR,Sudah dibayar,360119.5
34575,1731622765730367063,7612688560621243144,03/03/2026 00:46:45,1,0,IDR,Sudah dibayar,446793.14999999997
55976,1731016355289269416,7612688560621243144,03/03/2026 00:45:00,1,0,IDR,Sudah dibayar,18028.5
77304,1731418659331802499,7612688560621243144,03/03/2026 00:36:15,2,2,IDR,Sudah dibayar,265722.75
00165,1731622713473074775,7612688560621243144,03/03/2026 00:34:17,1,0,IDR,Sudah dibayar,432197.8
16024,1729677758275816023,7612290468797369095,03/03/2026 00:33:01,1,0,IDR,Sudah dibayar,281010.0
80430,1731308725958051203,7612688560621243144,03/03/2026 00:30:28,1,0,IDR,Sudah dibayar,371339.5
40555,1731079464715191683,7612688560621243144,03/03/2026 00:30:05,1,0,IDR,Sudah dibayar,408935.0
52735,1729677755464452695,7611222502578146055,03/03/2026 00:18:48,1,0,IDR,Sudah dibayar,282087.8
23647,1731996015553906051,7612688560621243144,03/03/2026 00:17:45,1,0,IDR,Sudah dibayar,437631.0
56735,1731079464715519363,7612688560621243144,03/03/2026 00:14:47,1,0,IDR,Sudah dibayar,438600.0
61164,1729628808088421975,7611730079967546130,03/03/2026 00:03:05,1,0,IDR,Sudah dibayar,342524.5
13718,1730706088342881879,7611074361936956178,02/03/2026 23:31:34,1,0,IDR,Sudah dibayar,491045.0
12330,1731622713472747095,7612688560621243144,02/03/2026 23:20:08,1,0,IDR,Sudah dibayar,476255.0
00770,1731927306071934551,7609298936339254535,02/03/2026 22:57:47,1,0,IDR,Sudah dibayar,494275.0
32684,1734439081841165911,7610757016801364744,02/03/2026 20:55:37,1,0,IDR,Sudah dibayar,506838.0
97237,1731079464714667395,7612626988938840839,02/03/2026 20:35:23,1,0,IDR,Sudah dibayar,470458.0
93328,1732026520650744914,7612626988938840839,02/03/2026 20:13:04,1,0,IDR,Sudah dibayar,72223.65
28779,1730706107471988311,7612626988938840839,02/03/2026 20:12:30,1,0,IDR,Sudah dibayar,502668.75
15157,1730651001345771095,7609591137589792018,02/03/2026 19:42:07,1,0,IDR,Sudah dibayar,460088.0
05119,1730706088342881879,7612626988938840839,02/03/2026 19:41:58,1,0,IDR,Sudah dibayar,477275.0
95273,1731079464716109187,7612626988938840839,02/03/2026 19:15:10,1,0,IDR,Sudah dibayar,419781.0
25102,1730121322704897411,7612626988938840839,02/03/2026 19:13:36,1,0,IDR,Sudah dibayar,278819.55
75681,1731401465609487959,7612566419108023058,02/03/2026 17:42:09,1,0,IDR,Sudah dibayar,398871.0
83532,1730651001345574487,7612566419108023058,02/03/2026 17:38:47,1,0,IDR,Sudah dibayar,419781.0
96437,1729677742105004631,7612566419108023058,02/03/2026 17:31:28,1,0,IDR,Sudah dibayar,359211.7
25013,1731927306072131159,7612566419108023058,02/03/2026 17:18:27,1,0,IDR,Sudah dibayar,419781.0
79704,1730651001345443415,7612566419108023058,02/03/2026 17:09:10,1,0,IDR,Sudah dibayar,419084.0
66993,1731308689765336451,7612566419108023058,02/03/2026 17:04:39,1,0,IDR,Sudah dibayar,411445.05
58298,1730706088342881879,7612566419108023058,02/03/2026 17:00:04,1,0,IDR,Sudah dibayar,380958.1
05754,1731622765730301527,7514270298745670918,02/03/2026 16:58:14,1,0,IDR,Sudah dibayar,447661.0
88439,1730706107471988311,7612566419108023058,02/03/2026 16:51:08,1,0,IDR,Sudah dibayar,447661.0
73364,1730121730618000771,7494054609567125126,02/03/2026 16:44:33,1,0,IDR,Sudah dibayar,289452.2
73609,1730174772503348823,7601822363541409031,02/03/2026 16:35:13,1,0,IDR,Sudah dibayar,419781.0
92979,1730121322704831875,7612566419108023058,02/03/2026 16:34:54,1,0,IDR,Sudah dibayar,290118.6
61907,1730706088342750807,7612566419108023058,02/03/2026 16:34:54,1,0,IDR,Sudah dibayar,451268.39999999997
98760,1730706107471922775,7611591492776626962,02/03/2026 16:25:14,1,0,IDR,Sudah dibayar,448511.0
83842,1734439101179594327,7612566419108023058,02/03/2026 16:05:21,1,0,IDR,Sudah dibayar,414037.55
52710,1729677734993103447,7612566419108023058,02/03/2026 16:02:26,1,0,IDR,Sudah dibayar,321366.3
04435,1731622713472878167,7612566419108023058,02/03/2026 15:57:06,1,0,IDR,Sudah dibayar,449786.0
29590,1731927306072131159,7612566419108023058,02/03/2026 15:50:48,1,0,IDR,Sudah dibayar,416806.0
54474,1729677746703403607,7612566419108023058,02/03/2026 15:39:48,1,0,IDR,Sudah dibayar,378811.0
61510,1731016355289269416,7612566419108023058,02/03/2026 15:38:29,1,0,IDR,Sudah dibayar,15968.1
86061,1731927306072065623,7612566419108023058,02/03/2026 15:31:44,1,0,IDR,Sudah dibayar,419781.0
32397,1730706088343012951,7609239960188718354,02/03/2026 15:28:54,1,0,IDR,Sudah dibayar,448511.0
65550,1731308689765336451,7612566419108023058,02/03/2026 15:24:50,1,0,IDR,Sudah dibayar,451433.3
69001,1731927306072065623,7609441046908423431,02/03/2026 15:24:07,1,0,IDR,Sudah dibayar,373603.05
84015,1730174772503152215,7612566419108023058,02/03/2026 15:23:46,1,0,IDR,Sudah dibayar,410431.0
57446,1731079477655340419,7612566419108023058,02/03/2026 15:18:55,1,0,IDR,Sudah dibayar,412114.0
46628,1731308725958051203,7612518529602063112,02/03/2026 15:06:04,1,0,IDR,Sudah dibayar,447661.0
58223,1730706107471922775,7610183252741197064,02/03/2026 14:57:47,1,0,IDR,Sudah dibayar,447661.0
92157,1731079464714732931,7612541813900495623,02/03/2026 14:54:48,1,0,IDR,Sudah dibayar,417656.0
63441,1729677736926874199,7612541813900495623,02/03/2026 14:48:07,1,0,IDR,Sudah dibayar,387821.0
12308,1731401493348255319,7612195315558501127,02/03/2026 14:13:53,1,0,IDR,Sudah dibayar,410839.0
63507,1731622713473009239,7494054609567125126,02/03/2026 13:00:00,1,0,IDR,Sudah dibayar,404098.5
63507,1730706088342881879,7494054609567125126,02/03/2026 13:00:00,1,0,IDR,Sudah dibayar,434514.05
63507,1730706088342685271,7494054609567125126,02/03/2026 13:00:00,1,0,IDR,Sudah dibayar,434514.05
63507,1729677755464321623,7494054609567125126,02/03/2026 13:00:00,1,0,IDR,Sudah dibayar,277802.95
63507,1729677746703534679,7494054609567125126,02/03/2026 13:00:00,1,0,IDR,Sudah dibayar,366408.64999999997
70580,1730136911404696963,7612518529602063112,02/03/2026 12:55:35,1,0,IDR,Sudah dibayar,421785.3
69147,1731622765730235991,7515354673247702278,02/03/2026 12:42:15,1,0,IDR,Sudah dibayar,489557.5
69147,1730706088342816343,7515354673247702278,02/03/2026 12:42:15,1,0,IDR,Sudah dibayar,489557.5
89170,1734328393602991542,7494054609567125126,02/03/2026 12:10:52,1,0,IDR,Sudah dibayar,110525.5
89170,1734328392173454774,7494054609567125126,02/03/2026 12:10:52,1,0,IDR,Sudah dibayar,136229.5
96395,1729677755464321623,7494054609567125126,02/03/2026 12:10:01,1,0,IDR,Sudah dibayar,277982.3
96395,1729677743140932183,7494054609567125126,02/03/2026 12:10:01,2,0,IDR,Sudah dibayar,733287.35
96395,1729677742105070167,7494054609567125126,02/03/2026 12:10:01,1,0,IDR,Sudah dibayar,366643.25
96395,1729561361793189463,7494054609567125126,02/03/2026 12:10:01,1,0,IDR,Sudah dibayar,366644.1
19819,1730174772503217751,7494054609567125126,02/03/2026 12:05:54,1,0,IDR,Sudah dibayar,407609.0
19819,1729677759600429655,7494054609567125126,02/03/2026 12:05:54,1,0,IDR,Sudah dibayar,278033.3
19819,1729677755464714839,7494054609567125126,02/03/2026 12:05:54,2,0,IDR,Sudah dibayar,556066.6
19819,1729677742104742487,7494054609567125126,02/03/2026 12:05:54,1,0,IDR,Sudah dibayar,366712.1
75051,1730174772503152215,7494054609567125126,02/03/2026 12:03:31,2,0,IDR,Sudah dibayar,815170.4
75051,1729677758327196247,7494054609567125126,02/03/2026 12:03:31,2,0,IDR,Sudah dibayar,556033.45
75051,1729677758327130711,7494054609567125126,02/03/2026 12:03:31,1,0,IDR,Sudah dibayar,278017.14999999997
97419,1731622713472878167,7494054609567125126,02/03/2026 12:02:02,1,0,IDR,Sudah dibayar,434815.8
97419,1731622713472812631,7494054609567125126,02/03/2026 12:02:02,1,0,IDR,Sudah dibayar,434817.5
97419,1729677758327065175,7494054609567125126,02/03/2026 12:02:02,2,0,IDR,Sudah dibayar,555991.7999999999
97419,1729677758326999639,7494054609567125126,02/03/2026 12:02:02,1,0,IDR,Sudah dibayar,277995.89999999997
78096,1730706088342947415,7612471869739977479,02/03/2026 11:52:51,1,0,IDR,Sudah dibayar,496479.89999999997
84506,1730706088343078487,7612471869739977479,02/03/2026 11:50:07,1,0,IDR,Sudah dibayar,504084.0
37885,1730706088343144023,7494054609567125126,02/03/2026 11:13:46,1,0,IDR,Sudah dibayar,436685.8
37885,1730706088343078487,7494054609567125126,02/03/2026 11:13:46,1,0,IDR,Sudah dibayar,436686.64999999997
37885,1729677759600429655,7494054609567125126,02/03/2026 11:13:46,1,0,IDR,Sudah dibayar,279866.75
37885,1729677758326999639,7494054609567125126,02/03/2026 11:13:46,1,0,IDR,Sudah dibayar,279865.89999999997
37885,1729677758326934103,7494054609567125126,02/03/2026 11:13:46,1,0,IDR,Sudah dibayar,279865.89999999997
58443,1730706088342947415,7612471869739977479,02/03/2026 11:10:09,1,0,IDR,Sudah dibayar,505291.0
69341,1730706088342947415,7494054609567125126,02/03/2026 11:04:17,1,0,IDR,Sudah dibayar,436685.8
69341,1730706088342881879,7494054609567125126,02/03/2026 11:04:17,1,0,IDR,Sudah dibayar,436686.64999999997
69341,1729677759600167511,7494054609567125126,02/03/2026 11:04:17,1,0,IDR,Sudah dibayar,279866.75
69341,1729677759600101975,7494054609567125126,02/03/2026 11:04:17,1,0,IDR,Sudah dibayar,279865.89999999997
69341,1729677759600036439,7494054609567125126,02/03/2026 11:04:17,1,0,IDR,Sudah dibayar,279865.89999999997
90977,1731016355289269416,7612471869739977479,02/03/2026 11:03:56,1,0,IDR,Sudah dibayar,18028.5
28029,1730706088342816343,7494054609567125126,02/03/2026 11:02:00,2,0,IDR,Sudah dibayar,873438.75
28029,1729677746703469143,7494054609567125126,02/03/2026 11:02:00,2,0,IDR,Sudah dibayar,739096.25
01548,1730706088343012951,7612471869739977479,02/03/2026 10:28:57,1,0,IDR,Sudah dibayar,427040.0
56206,1731308725957854595,7612471869739977479,02/03/2026 10:19:53,1,0,IDR,Sudah dibayar,436815.0
89093,1734439101179856471,7612471869739977479,02/03/2026 09:48:53,1,0,IDR,Sudah dibayar,480675.0
92141,1729677740302699095,7611591492776626962,02/03/2026 09:06:51,1,0,IDR,Sudah dibayar,276666.5
41793,1734450177787594115,7611735747510455560,02/03/2026 08:57:00,1,0,IDR,Sudah dibayar,1685975.0
71485,1731996015553512835,7611131724982602514,02/03/2026 08:52:43,1,0,IDR,Sudah dibayar,541552.0
01403,1730706106318685783,7610183252741197064,02/03/2026 08:48:53,1,0,IDR,Sudah dibayar,526150.0
39860,1730174743203907159,7593616718090505480,02/03/2026 08:47:00,1,0,IDR,Sudah dibayar,452625.0
80146,1731996015553709443,7612349301452311304,02/03/2026 07:51:47,1,0,IDR,Sudah dibayar,463913.85
66557,1730174772503283287,7494054609567125126,02/03/2026 07:27:03,1,0,IDR,Sudah dibayar,407553.75
66557,1730174772503152215,7494054609567125126,02/03/2026 07:27:03,1,0,IDR,Sudah dibayar,407553.75
66557,1730174772503086679,7494054609567125126,02/03/2026 07:27:03,1,0,IDR,Sudah dibayar,407553.75
66557,1730174772502890071,7494054609567125126,02/03/2026 07:27:03,1,0,IDR,Sudah dibayar,407553.75
88253,1731622765730104919,7494054609567125126,02/03/2026 07:24:35,1,0,IDR,Sudah dibayar,437437.2
88253,1731622765729973847,7494054609567125126,02/03/2026 07:24:35,1,0,IDR,Sudah dibayar,437438.05
88253,1729677758276209239,7494054609567125126,02/03/2026 07:24:35,2,0,IDR,Sudah dibayar,560723.75
93821,1730706107472053847,7494054609567125126,02/03/2026 07:21:59,1,0,IDR,Sudah dibayar,437164.35
93821,1730706106318620247,7494054609567125126,02/03/2026 07:21:59,1,0,IDR,Sudah dibayar,437164.35
93821,1730174743203841623,7494054609567125126,02/03/2026 07:21:59,1,0,IDR,Sudah dibayar,409903.14999999997
93821,1730174743203776087,7494054609567125126,02/03/2026 07:21:59,1,0,IDR,Sudah dibayar,409903.14999999997
29323,1731401465609487959,7612387523813296904,02/03/2026 06:40:49,1,0,IDR,Sudah dibayar,426275.0
24352,1730174743204038231,7612387523813296904,02/03/2026 06:36:50,1,0,IDR,Sudah dibayar,494275.0
50194,1730706088342881879,7612387523813296904,02/03/2026 06:29:01,1,0,IDR,Sudah dibayar,528275.0
91587,1731622713472747095,7612387523813296904,02/03/2026 05:51:24,1,0,IDR,Sudah dibayar,462442.5
91587,1730706088342685271,7612387523813296904,02/03/2026 05:51:24,1,0,IDR,Sudah dibayar,462442.5
20486,1730706088342750807,7612387523813296904,02/03/2026 05:50:51,1,0,IDR,Sudah dibayar,525300.0
83651,1730174772503086679,7612387523813296904,02/03/2026 05:19:32,1,0,IDR,Sudah dibayar,451775.0
62237,1730706088343012951,7601077961323744519,02/03/2026 05:18:35,1,0,IDR,Sudah dibayar,475427.1
25086,1730174743204038231,7612387523813296904,02/03/2026 05:01:07,1,0,IDR,Sudah dibayar,431511.0
67793,1730651001345771095,7612387523813296904,02/03/2026 04:51:49,1,0,IDR,Sudah dibayar,451651.75
17521,1731079464714667395,7612387523813296904,02/03/2026 04:06:05,1,0,IDR,Sudah dibayar,410465.0
57326,1730706088342881879,7612349301452311304,02/03/2026 03:57:34,1,0,IDR,Sudah dibayar,486030.0
29072,1730706088342750807,7612349301452311304,02/03/2026 03:04:18,1,0,IDR,Sudah dibayar,446664.8
79201,1730174772503152215,7494054609567125126,02/03/2026 02:49:35,1,0,IDR,Sudah dibayar,407383.75
79201,1730174772503086679,7494054609567125126,02/03/2026 02:49:35,1,0,IDR,Sudah dibayar,407383.75
79201,1730174772503021143,7494054609567125126,02/03/2026 02:49:35,1,0,IDR,Sudah dibayar,407383.75
79201,1730174772502890071,7494054609567125126,02/03/2026 02:49:35,1,0,IDR,Sudah dibayar,407383.75
16137,1730706088342750807,7494054609567125126,02/03/2026 02:41:08,2,0,IDR,Sudah dibayar,880469.1
16137,1730706088342685271,7494054609567125126,02/03/2026 02:41:08,1,0,IDR,Sudah dibayar,440234.55
16137,1730651001345640023,7494054609567125126,02/03/2026 02:41:08,1,0,IDR,Sudah dibayar,412633.35
88501,1730651001345640023,7494054609567125126,02/03/2026 02:37:52,1,0,IDR,Sudah dibayar,407383.75
88501,1730651001345443415,7494054609567125126,02/03/2026 02:37:52,1,0,IDR,Sudah dibayar,407383.75
88501,1730650983638926935,7494054609567125126,02/03/2026 02:37:52,2,0,IDR,Sudah dibayar,814767.5
38066,1730706088342947415,7494054609567125126,02/03/2026 02:15:20,1,0,IDR,Sudah dibayar,434877.0
38066,1730706088342816343,7494054609567125126,02/03/2026 02:15:20,1,0,IDR,Sudah dibayar,434878.7
38066,1730706088342685271,7494054609567125126,02/03/2026 02:15:20,1,0,IDR,Sudah dibayar,434877.0
38066,1729677740302764631,7494054609567125126,02/03/2026 02:15:20,1,0,IDR,Sudah dibayar,298552.3
56840,1731927306072065623,7612349301452311304,02/03/2026 02:09:25,1,0,IDR,Sudah dibayar,435030.0
87585,1731308725958051203,7612349301452311304,02/03/2026 02:07:07,1,0,IDR,Sudah dibayar,506910.25
22749,1730706088342750807,7494054609567125126,02/03/2026 02:05:15,1,0,IDR,Sudah dibayar,434755.45
22749,1730706088342685271,7494054609567125126,02/03/2026 02:05:15,1,0,IDR,Sudah dibayar,434754.6
22749,1729725175196453463,7494054609567125126,02/03/2026 02:05:15,1,0,IDR,Sudah dibayar,543716.95
83157,1734450177787528579,7612349301452311304,02/03/2026 01:49:11,1,0,IDR,Sudah dibayar,1702975.0
87409,1729677759600429655,7611730079967546130,02/03/2026 01:00:26,1,0,IDR,Sudah dibayar,351968.0
71742,1731927306072065623,7612009135067974408,02/03/2026 00:18:37,1,0,IDR,Sudah dibayar,444368.1
30429,1731079464715388291,7612290468797369095,02/03/2026 00:11:42,1,0,IDR,Sudah dibayar,376458.2
86177,1730174743203907159,7612290468797369095,02/03/2026 00:05:59,1,0,IDR,Sudah dibayar,447525.0
35072,1730868728727570007,7612290468797369095,01/03/2026 23:59:27,1,0,IDR,Sudah dibayar,499800.0
92451,1730174772503152215,7612195315558501127,01/03/2026 23:55:03,1,0,IDR,Sudah dibayar,456212.0
14678,1734439081841034839,7612290468797369095,01/03/2026 23:44:11,1,0,IDR,Sudah dibayar,468784.35
39550,1731927306072000087,7612290468797369095,01/03/2026 23:23:21,1,0,IDR,Sudah dibayar,460142.39999999997
11681,1731927306072000087,7612290468797369095,01/03/2026 22:59:36,1,0,IDR,Sudah dibayar,467785.6
15465,1731622713472878167,7612290468797369095,01/03/2026 22:55:56,1,0,IDR,Sudah dibayar,502775.0
20950,1730121322704831875,7494054609567125126,01/03/2026 22:36:16,1,0,IDR,Sudah dibayar,282392.1
93994,1730706088342685271,7612290468797369095,01/03/2026 22:35:00,1,0,IDR,Sudah dibayar,447661.0
60874,1730706088342881879,7612290468797369095,01/03/2026 22:24:42,1,0,IDR,Sudah dibayar,447542.0
99997,1730121322703324547,7612290468797369095,01/03/2026 22:23:05,1,0,IDR,Sudah dibayar,286586.0
76552,1734439101179790935,7612290468797369095,01/03/2026 22:20:26,1,0,IDR,Sudah dibayar,396695.0
96878,1731996015553512835,7612290468797369095,01/03/2026 22:19:10,1,0,IDR,Sudah dibayar,443213.8
37538,1730174772503152215,7515354673247702278,01/03/2026 22:13:07,1,0,IDR,Sudah dibayar,420631.0
27192,1730706088342947415,7612290468797369095,01/03/2026 22:12:55,1,0,IDR,Sudah dibayar,445536.0
59313,1730706088342816343,7609239960188718354,01/03/2026 22:09:30,1,0,IDR,Sudah dibayar,432275.14999999997
39406,1731401465609422423,7612290468797369095,01/03/2026 22:09:28,1,0,IDR,Sudah dibayar,386993.95
03988,1731639374272628099,7612290468797369095,01/03/2026 22:05:47,1,0,IDR,Sudah dibayar,490632.75
50286,1731622765730039383,7515354673247702278,01/03/2026 22:03:45,1,0,IDR,Sudah dibayar,448511.0
46438,1731927306072000087,7612290468797369095,01/03/2026 21:57:42,1,0,IDR,Sudah dibayar,419781.0
24458,1730706088342816343,7612290468797369095,01/03/2026 21:54:55,1,0,IDR,Sudah dibayar,444686.0
69658,1729677758326999639,7612290468797369095,01/03/2026 21:54:47,1,0,IDR,Sudah dibayar,269567.3
07640,1734439081841034839,7611417677482478344,01/03/2026 21:48:00,1,0,IDR,Sudah dibayar,425943.5
09621,1730651001345705559,7612290468797369095,01/03/2026 21:41:41,1,0,IDR,Sudah dibayar,416806.0
65517,1731401493348320855,7606033203224251666,01/03/2026 21:38:19,1,0,IDR,Sudah dibayar,338205.64999999997
93163,1731079464714667395,7612290468797369095,01/03/2026 21:37:54,1,0,IDR,Sudah dibayar,412981.0
75349,1731927306072131159,7612290468797369095,01/03/2026 21:35:06,1,0,IDR,Sudah dibayar,414293.39999999997
66728,1729561361792992855,7612290468797369095,01/03/2026 21:30:47,1,0,IDR,Sudah dibayar,377961.0
49131,1734439101179725399,7612290468797369095,01/03/2026 21:22:23,1,0,IDR,Sudah dibayar,426751.0
54907,1730706088343078487,7494054609567125126,01/03/2026 21:14:32,1,0,IDR,Sudah dibayar,447661.0
53272,1734439101179397719,7599141457311583506,01/03/2026 21:13:20,1,0,IDR,Sudah dibayar,426751.0
95329,1730121322704307587,7612242992772041492,01/03/2026 20:57:03,1,0,IDR,Sudah dibayar,287436.0
65891,1730706088342947415,7587851179850353938,01/03/2026 20:51:09,1,0,IDR,Sudah dibayar,447661.0
29737,1731985653340407383,7612242992772041492,01/03/2026 20:49:53,1,0,IDR,Sudah dibayar,432195.25
45208,1730706088342947415,7612242992772041492,01/03/2026 20:46:16,1,0,IDR,Sudah dibayar,447661.0
54599,1734439081841034839,7612242992772041492,01/03/2026 20:33:25,1,0,IDR,Sudah dibayar,412709.0
45920,1729677743141128791,7605131813144612104,01/03/2026 20:25:26,1,0,IDR,Sudah dibayar,377068.5
50166,1729677755464518231,7612242992772041492,01/03/2026 20:23:18,1,0,IDR,Sudah dibayar,291701.3
15542,1730706107471922775,7612242992772041492,01/03/2026 20:18:29,1,0,IDR,Sudah dibayar,447661.0
61552,1731016355289269416,7612242992772041492,01/03/2026 20:13:39,1,0,IDR,Sudah dibayar,17850.0
67296,1730706106318685783,7612242992772041492,01/03/2026 19:42:18,1,0,IDR,Sudah dibayar,447661.0
74654,1731927306071803479,7612242992772041492,01/03/2026 19:22:42,1,0,IDR,Sudah dibayar,419781.0
97816,1731927306071869015,7612242992772041492,01/03/2026 19:21:14,1,0,IDR,Sudah dibayar,448655.5
66369,1731079464715978115,7612242992772041492,01/03/2026 19:20:28,1,0,IDR,Sudah dibayar,423274.5
00175,1731308725957920131,7612242992772041492,01/03/2026 19:18:32,1,0,IDR,Sudah dibayar,447814.0
64619,1729677743141063255,7611916140655168263,01/03/2026 19:10:06,1,0,IDR,Sudah dibayar,377961.0
82727,1730174772819822167,7610182379952524551,01/03/2026 19:09:44,1,0,IDR,Sudah dibayar,419781.0
88483,1731079464714601859,7612242992772041492,01/03/2026 19:06:22,1,0,IDR,Sudah dibayar,423979.14999999997
07205,1730706088342881879,7612242992772041492,01/03/2026 19:06:06,1,0,IDR,Sudah dibayar,447635.5
67398,1730706088342816343,7612242992772041492,01/03/2026 18:47:44,1,0,IDR,Sudah dibayar,433646.2
61418,1730706088342881879,7612242992772041492,01/03/2026 18:42:52,1,0,IDR,Sudah dibayar,481865.0
81429,1733814149077042775,7609298936339254535,01/03/2026 18:40:18,1,0,IDR,Sudah dibayar,420631.0
29790,1733814149077042775,7612242992772041492,01/03/2026 18:32:36,1,0,IDR,Sudah dibayar,409615.0
65752,1730174743204038231,7612242992772041492,01/03/2026 18:32:31,1,0,IDR,Sudah dibayar,407276.64999999997
34067,1729677759600298583,7517988062765370680,01/03/2026 18:09:21,1,0,IDR,Sudah dibayar,283747.0
73375,1733552718078969431,7494054609567125126,01/03/2026 17:48:07,1,0,IDR,Sudah dibayar,306680.0
46254,1730174743203972695,7612230467558886165,01/03/2026 17:41:40,1,0,IDR,Sudah dibayar,419781.0
49735,1730121730618066307,7494054609567125126,01/03/2026 17:40:13,1,0,IDR,Sudah dibayar,289452.2
56493,1731079464715322755,7612230467558886165,01/03/2026 17:39:01,1,0,IDR,Sudah dibayar,415377.14999999997
56493,1731079464715126147,7612230467558886165,01/03/2026 17:39:01,1,0,IDR,Sudah dibayar,415376.3
96710,1731985620630734423,7603027420936949010,01/03/2026 17:38:49,1,0,IDR,Sudah dibayar,439161.0
43301,1730868728727766615,7603432758953692423,01/03/2026 17:31:59,1,0,IDR,Sudah dibayar,496902.35
95924,1734450177787594115,7611735747510455560,01/03/2026 17:15:21,1,0,IDR,Sudah dibayar,1788825.0
20856,1730121322703652227,7612195315558501127,01/03/2026 17:08:51,1,0,IDR,Sudah dibayar,279650.0
02490,1731927306072065623,7612195315558501127,01/03/2026 17:06:28,1,0,IDR,Sudah dibayar,398565.0
59706,1731079464715257219,7612147194753272594,01/03/2026 17:05:03,1,0,IDR,Sudah dibayar,428107.6
49138,1730793833131443799,7610987252631390983,01/03/2026 17:04:26,1,0,IDR,Sudah dibayar,283243.8
34159,1731308725958247811,7612195315558501127,01/03/2026 17:00:59,1,0,IDR,Sudah dibayar,433321.5
16309,1730706088343012951,7612009135067974408,01/03/2026 16:54:33,1,0,IDR,Sudah dibayar,461266.95
54369,1731927306072065623,7609298936339254535,01/03/2026 16:50:38,1,0,IDR,Sudah dibayar,373877.6
52739,1731079464714667395,7612195315558501127,01/03/2026 16:46:56,1,0,IDR,Sudah dibayar,402502.2
32479,1730174772819822167,7603027420936949010,01/03/2026 16:45:13,1,0,IDR,Sudah dibayar,486992.2
07548,1731622765730235991,7612195315558501127,01/03/2026 16:36:59,1,0,IDR,Sudah dibayar,415123.0
68213,1730793833131509335,7612195315558501127,01/03/2026 16:27:30,1,0,IDR,Sudah dibayar,332435.0
78813,1730706088342816343,7592751379437997319,01/03/2026 16:13:33,1,0,IDR,Sudah dibayar,515185.0
28087,1731079464714601859,7612147194753272594,01/03/2026 14:39:17,1,0,IDR,Sudah dibayar,473462.75
65838,1730706088342685271,7494054609567125126,01/03/2026 14:14:26,1,0,IDR,Sudah dibayar,529125.0
71105,1734450177787331971,7612147194753272594,01/03/2026 14:08:39,1,0,IDR,Sudah dibayar,1683000.0
13844,1731622713473074775,7612147194753272594,01/03/2026 13:34:42,1,0,IDR,Sudah dibayar,548675.0
15839,1731927306071934551,7587851179850353938,01/03/2026 13:27:37,1,0,IDR,Sudah dibayar,424150.0
16849,1729706772144883287,7611084730745768722,01/03/2026 13:22:06,1,0,IDR,Sudah dibayar,631165.7999999999
42911,1731079464715388291,7612147194753272594,01/03/2026 13:17:59,1,0,IDR,Sudah dibayar,570473.25
65385,1731079464715519363,7612147194753272594,01/03/2026 12:58:53,1,0,IDR,Sudah dibayar,456224.75
57910,1730174772819691095,7611509062060034824,01/03/2026 12:22:27,1,0,IDR,Sudah dibayar,460461.14999999997
85052,1730706107471988311,7612147194753272594,01/03/2026 12:20:10,1,0,IDR,Sudah dibayar,433168.5
44764,1730706088342750807,7612147194753272594,01/03/2026 12:14:38,1,0,IDR,Sudah dibayar,428145.0
15129,1730121322705028483,7612147194753272594,01/03/2026 12:11:55,1,0,IDR,Sudah dibayar,278290.0
27555,1731308725957854595,7612147194753272594,01/03/2026 12:07:48,1,0,IDR,Sudah dibayar,427465.0
93109,1730706107471988311,7612100307895520008,01/03/2026 11:18:18,1,0,IDR,Sudah dibayar,498916.0
23688,1731308725957920131,7612100307895520008,01/03/2026 10:52:19,1,0,IDR,Sudah dibayar,492609.0
80980,1731927306072065623,7609298936339254535,01/03/2026 10:46:02,1,0,IDR,Sudah dibayar,463054.5
56371,1730121322703455619,7612100307895520008,01/03/2026 10:45:58,1,0,IDR,Sudah dibayar,309746.8
89051,1729677758276274775,7612100307895520008,01/03/2026 10:26:20,1,0,IDR,Sudah dibayar,307445.0
83901,1731622713472616023,7612100307895520008,01/03/2026 09:54:02,1,0,IDR,Sudah dibayar,516216.89999999997
44856,1730806648019125847,7612009135067974408,01/03/2026 05:58:49,1,0,IDR,Sudah dibayar,357255.0
91551,1731016355289203880,7612009135067974408,01/03/2026 05:37:13,1,0,IDR,Sudah dibayar,9010.0
73852,1730706088342816343,7612009135067974408,01/03/2026 05:19:27,1,0,IDR,Sudah dibayar,496299.7
42375,1729677740302961239,7494054609567125126,01/03/2026 04:34:41,1,0,IDR,Sudah dibayar,331109.0
04617,1730706088342816343,7612009135067974408,01/03/2026 04:30:40,1,0,IDR,Sudah dibayar,554540.0
04541,1730706107471922775,7612009135067974408,01/03/2026 04:13:40,1,0,IDR,Sudah dibayar,501075.0
42385,1734439081841034839,7612009135067974408,01/03/2026 04:09:37,1,0,IDR,Sudah dibayar,524305.5
80593,1731308725957854595,7612009135067974408,01/03/2026 04:04:33,1,0,IDR,Sudah dibayar,441183.14999999997
33490,1730174743203972695,7612009135067974408,01/03/2026 03:52:47,1,0,IDR,Sudah dibayar,432055.0
38811,1730706107471922775,7612009135067974408,01/03/2026 03:44:57,1,0,IDR,Sudah dibayar,423470.0
20090,1730174743203841623,7612009135067974408,01/03/2026 03:32:35,1,0,IDR,Sudah dibayar,467925.0
68259,1730706088343012951,7612009135067974408,01/03/2026 03:29:29,1,0,IDR,Sudah dibayar,441915.0
35644,1731308725957854595,7612009135067974408,01/03/2026 03:22:29,1,0,IDR,Sudah dibayar,429445.5
10477,1731308725957985667,7612009135067974408,01/03/2026 03:14:22,1,0,IDR,Sudah dibayar,423799.8
61615,1732072010571744840,7611962584530569991,01/03/2026 02:59:50,2,0,IDR,Sudah dibayar,66991.05
00267,1731927306072065623,7611962584530569991,01/03/2026 02:31:26,1,0,IDR,Sudah dibayar,444975.0
90773,1731308725957985667,7611962584530569991,01/03/2026 02:15:59,1,0,IDR,Sudah dibayar,476945.2
49306,1730174743204103767,7611962584530569991,01/03/2026 01:51:47,1,0,IDR,Sudah dibayar,512125.0
41044,1730706107471922775,7611962584530569991,01/03/2026 01:20:21,1,0,IDR,Sudah dibayar,481218.14999999997
25077,1730651001345508951,7611962584530569991,01/03/2026 01:14:36,1,0,IDR,Sudah dibayar,447151.0
59491,1730121730617935235,7611962584530569991,01/03/2026 00:55:17,1,0,IDR,Sudah dibayar,282446.5
50134,1729725175196256855,7611962584530569991,01/03/2026 00:22:39,1,0,IDR,Sudah dibayar,545496.0
06122,1729706772144948823,7611962584530569991,01/03/2026 00:17:16,1,0,IDR,Sudah dibayar,645490.0
49852,1731079464715715971,7611962584530569991,01/03/2026 00:16:34,1,0,IDR,Sudah dibayar,413024.35
86955,1731985653340407383,7611916140655168263,01/03/2026 00:15:36,1,0,IDR,Sudah dibayar,432052.45
86955,1730706107472119383,7611916140655168263,01/03/2026 00:15:36,1,0,IDR,Sudah dibayar,432053.3
45023,1730706088342750807,7611962584530569991,01/03/2026 00:14:38,1,0,IDR,Sudah dibayar,428281.0
73945,1730706088343012951,7611916140655168263,01/03/2026 00:02:24,1,0,IDR,Sudah dibayar,417896.55
57733,1730868728727897687,7611916140655168263,01/03/2026 00:01:05,1,0,IDR,Sudah dibayar,459465.8
